checkpoint,site,condition,records,target_accuracy,target_balanced_accuracy,source_accuracy,random_label_target_accuracy,alpha,pair_null_mean,pair_null_ci95_low,pair_null_ci95_high,pair_permutation_p,pair_permutation_samples
step-000000,layer_00_assistant,vision,400,0.2849999964237213,0.25,0.2849999964237213,0.2849999964237213,1.0,0.2849999964237213,0.2849999964237213,0.2849999964237213,1.0,2000
step-000000,layer_00_assistant,paired_counterfactual_image,400,0.2849999964237213,0.25,0.2849999964237213,0.2849999964237213,1.0,,,,,0
step-000000,layer_00_assistant,shuffled_image,400,0.2849999964237213,0.25,0.2849999964237213,0.2849999964237213,1.0,,,,,0
step-000000,layer_00_assistant,patch_permutation,400,0.2849999964237213,0.25,0.2849999964237213,0.2849999964237213,1.0,,,,,0
step-000000,layer_00_image_mean,vision,400,1.0,1.0,1.0,0.19499999284744263,1.0,0.25306374952197075,0.20749999582767487,0.29750001430511475,0.0004997501249375312,2000
step-000000,layer_00_image_mean,paired_counterfactual_image,400,0.0,0.0,1.0,0.29999998211860657,1.0,,,,,0
step-000000,layer_00_image_mean,shuffled_image,400,0.23749999701976776,0.23424719274044037,1.0,0.2775000035762787,1.0,,,,,0
step-000000,layer_00_image_mean,patch_permutation,400,1.0,1.0,1.0,0.19499999284744263,1.0,,,,,0
step-000000,layer_01_assistant,vision,400,0.5674999952316284,0.5622807145118713,0.5674999952316284,0.23749999701976776,1.0,0.2502537493929267,0.2150000035762787,0.2849999964237213,0.0004997501249375312,2000
step-000000,layer_01_assistant,paired_counterfactual_image,400,0.13750000298023224,0.14030611515045166,0.5674999952316284,0.23749999701976776,1.0,,,,,0
step-000000,layer_01_assistant,shuffled_image,400,0.2224999964237213,0.2210884392261505,0.5674999952316284,0.23749999701976776,1.0,,,,,0
step-000000,layer_01_assistant,patch_permutation,400,0.574999988079071,0.5621773600578308,0.574999988079071,0.23999999463558197,1.0,,,,,0
step-000000,layer_01_image_mean,vision,400,1.0,1.0,1.0,0.19499999284744263,1.0,0.2528199995458126,0.20499999821186066,0.30000001192092896,0.0004997501249375312,2000
step-000000,layer_01_image_mean,paired_counterfactual_image,400,0.0,0.0,1.0,0.3075000047683716,1.0,,,,,0
step-000000,layer_01_image_mean,shuffled_image,400,0.23749999701976776,0.23424719274044037,1.0,0.2849999964237213,1.0,,,,,0
step-000000,layer_01_image_mean,patch_permutation,400,1.0,1.0,1.0,0.19499999284744263,1.0,,,,,0
step-000000,layer_02_assistant,vision,400,0.7149999737739563,0.75,0.7149999737739563,0.35749998688697815,1.0,0.23871249956637622,0.20250000059604645,0.2775000035762787,0.0004997501249375312,2000
step-000000,layer_02_assistant,paired_counterfactual_image,400,0.09999999403953552,0.10642966628074646,0.7149999737739563,0.17749999463558197,1.0,,,,,0
step-000000,layer_02_assistant,shuffled_image,400,0.2175000011920929,0.22960858047008514,0.7149999737739563,0.2474999874830246,1.0,,,,,0
step-000000,layer_02_assistant,patch_permutation,400,0.7099999785423279,0.7447368502616882,0.7099999785423279,0.28999999165534973,1.0,,,,,0
step-000000,layer_02_image_mean,vision,400,1.0,1.0,1.0,0.20499999821186066,1.0,0.2528937493190169,0.20993749350309374,0.29750001430511475,0.0004997501249375312,2000
step-000000,layer_02_image_mean,paired_counterfactual_image,400,0.0,0.0,1.0,0.3075000047683716,1.0,,,,,0
step-000000,layer_02_image_mean,shuffled_image,400,0.23749999701976776,0.23424719274044037,1.0,0.29249998927116394,1.0,,,,,0
step-000000,layer_02_image_mean,patch_permutation,400,1.0,1.0,1.0,0.1599999964237213,1.0,,,,,0
step-000000,layer_03_assistant,vision,400,1.0,1.0,1.0,0.29499998688697815,1.0,0.2528174994662404,0.20749999582767487,0.30000001192092896,0.0004997501249375312,2000
step-000000,layer_03_assistant,paired_counterfactual_image,400,0.0,0.0,1.0,0.2199999988079071,1.0,,,,,0
step-000000,layer_03_assistant,shuffled_image,400,0.23749999701976776,0.23424719274044037,1.0,0.23499999940395355,1.0,,,,,0
step-000000,layer_03_assistant,patch_permutation,400,0.9774999618530273,0.9802631735801697,0.9774999618530273,0.32499998807907104,1.0,,,,,0
step-000000,layer_03_image_mean,vision,400,1.0,1.0,1.0,0.2750000059604645,1.0,0.2534487493634224,0.20749999582767487,0.30250000953674316,0.0004997501249375312,2000
step-000000,layer_03_image_mean,paired_counterfactual_image,400,0.0,0.0,1.0,0.2874999940395355,1.0,,,,,0
step-000000,layer_03_image_mean,shuffled_image,400,0.23749999701976776,0.23424719274044037,1.0,0.28999999165534973,1.0,,,,,0
step-000000,layer_03_image_mean,patch_permutation,400,1.0,1.0,1.0,0.26999998092651367,1.0,,,,,0
step-000000,layer_04_assistant,vision,400,1.0,1.0,1.0,0.2449999898672104,1.0,0.2530374995842576,0.20749999582767487,0.30000001192092896,0.0004997501249375312,2000
step-000000,layer_04_assistant,paired_counterfactual_image,400,0.0,0.0,1.0,0.2449999898672104,1.0,,,,,0
step-000000,layer_04_assistant,shuffled_image,400,0.23749999701976776,0.23424719274044037,1.0,0.2449999898672104,1.0,,,,,0
step-000000,layer_04_assistant,patch_permutation,400,1.0,1.0,1.0,0.26499998569488525,1.0,,,,,0
step-000000,layer_04_image_mean,vision,400,1.0,1.0,1.0,0.17000000178813934,1.0,0.25247624949365854,0.20749999582767487,0.29750001430511475,0.0004997501249375312,2000
step-000000,layer_04_image_mean,paired_counterfactual_image,400,0.0,0.0,1.0,0.25,1.0,,,,,0
step-000000,layer_04_image_mean,shuffled_image,400,0.23749999701976776,0.23424719274044037,1.0,0.26499998569488525,1.0,,,,,0
step-000000,layer_04_image_mean,patch_permutation,400,1.0,1.0,1.0,0.20999999344348907,1.0,,,,,0
step-000000,layer_05_assistant,vision,400,1.0,1.0,1.0,0.22999998927116394,1.0,0.2519074994251132,0.20749999582767487,0.29750001430511475,0.0004997501249375312,2000
step-000000,layer_05_assistant,paired_counterfactual_image,400,0.0,0.0,1.0,0.23749999701976776,1.0,,,,,0
step-000000,layer_05_assistant,shuffled_image,400,0.23749999701976776,0.23424719274044037,1.0,0.24249999225139618,1.0,,,,,0
step-000000,layer_05_assistant,patch_permutation,400,0.9975000023841858,0.9978070259094238,0.9975000023841858,0.3125,1.0,,,,,0
step-000000,layer_05_image_mean,vision,400,1.0,1.0,1.0,0.2474999874830246,1.0,0.25250874934345485,0.20999999344348907,0.29499998688697815,0.0004997501249375312,2000
step-000000,layer_05_image_mean,paired_counterfactual_image,400,0.0,0.0,1.0,0.2524999976158142,1.0,,,,,0
step-000000,layer_05_image_mean,shuffled_image,400,0.23749999701976776,0.23424719274044037,1.0,0.26499998569488525,1.0,,,,,0
step-000000,layer_05_image_mean,patch_permutation,400,1.0,1.0,1.0,0.22999998927116394,1.0,,,,,0
step-000000,layer_06_assistant,vision,400,0.8700000047683716,0.8760610818862915,0.8700000047683716,0.4274999797344208,1.0,0.25003374932706357,0.20749999582767487,0.29499998688697815,0.0004997501249375312,2000
step-000000,layer_06_assistant,paired_counterfactual_image,400,0.03749999776482582,0.03826530650258064,0.8700000047683716,0.17749999463558197,1.0,,,,,0
step-000000,layer_06_assistant,shuffled_image,400,0.22999998927116394,0.22849836945533752,0.8700000047683716,0.23499999940395355,1.0,,,,,0
step-000000,layer_06_assistant,patch_permutation,400,0.8299999833106995,0.826636016368866,0.8299999833106995,0.41999998688697815,1.0,,,,,0
step-000000,layer_06_image_mean,vision,400,1.0,1.0,1.0,0.16499999165534973,1.0,0.2530699994638562,0.20499999821186066,0.30000001192092896,0.0004997501249375312,2000
step-000000,layer_06_image_mean,paired_counterfactual_image,400,0.0,0.0,1.0,0.3024999797344208,1.0,,,,,0
step-000000,layer_06_image_mean,shuffled_image,400,0.23749999701976776,0.23424719274044037,1.0,0.27250000834465027,1.0,,,,,0
step-000000,layer_06_image_mean,patch_permutation,400,0.9774999618530273,0.975806474685669,0.9774999618530273,0.2224999964237213,1.0,,,,,0
step-000000,layer_07_assistant,vision,400,0.8449999690055847,0.8640350699424744,0.8449999690055847,0.4350000023841858,1.0,0.2458274994790554,0.20250000059604645,0.28999999165534973,0.0004997501249375312,2000
step-000000,layer_07_assistant,paired_counterfactual_image,400,0.05249999836087227,0.05526316165924072,0.8449999690055847,0.17749999463558197,1.0,,,,,0
step-000000,layer_07_assistant,shuffled_image,400,0.20999999344348907,0.21407175064086914,0.8449999690055847,0.1899999976158142,1.0,,,,,0
step-000000,layer_07_assistant,patch_permutation,400,0.6424999833106995,0.6390804052352905,0.6424999833106995,0.45249998569488525,1.0,,,,,0
step-000000,layer_07_image_mean,vision,400,0.8199999928474426,0.8064516186714172,0.8199999928474426,0.12999999523162842,1.0,0.2554024996459484,0.21250000596046448,0.2975625142455098,0.0004997501249375312,2000
step-000000,layer_07_image_mean,paired_counterfactual_image,400,0.05249999836087227,0.0535714291036129,0.8199999928474426,0.3375000059604645,1.0,,,,,0
step-000000,layer_07_image_mean,shuffled_image,400,0.2199999988079071,0.21350985765457153,0.8199999928474426,0.2800000011920929,1.0,,,,,0
step-000000,layer_07_image_mean,patch_permutation,400,0.7549999952316284,0.7538907527923584,0.7549999952316284,0.22499999403953552,1.0,,,,,0
step-000000,layer_08_assistant,vision,400,0.5374999642372131,0.5592105388641357,0.5374999642372131,0.4650000035762787,1.0,0.23813249948620796,0.20250000059604645,0.27250000834465027,0.0004997501249375312,2000
step-000000,layer_08_assistant,paired_counterfactual_image,400,0.1574999988079071,0.16861914098262787,0.5374999642372131,0.19249999523162842,1.0,,,,,0
step-000000,layer_08_assistant,shuffled_image,400,0.23749999701976776,0.24889643490314484,0.5374999642372131,0.23749999701976776,1.0,,,,,0
step-000000,layer_08_assistant,patch_permutation,400,0.7249999642372131,0.7352315187454224,0.7249999642372131,0.28999999165534973,1.0,,,,,0
step-000000,layer_08_image_mean,vision,400,0.7674999833106995,0.75,0.7674999833106995,0.12999999523162842,1.0,0.2547874993830919,0.21250000596046448,0.29750001430511475,0.0004997501249375312,2000
step-000000,layer_08_image_mean,paired_counterfactual_image,400,0.06499999761581421,0.06632652878761292,0.7674999833106995,0.3075000047683716,1.0,,,,,0
step-000000,layer_08_image_mean,shuffled_image,400,0.23749999701976776,0.23122985661029816,0.7674999833106995,0.2750000059604645,1.0,,,,,0
step-000000,layer_08_image_mean,patch_permutation,400,0.79749995470047,0.7951329946517944,0.79749995470047,0.29499998688697815,1.0,,,,,0
step-000000,layer_09_assistant,vision,400,0.5374999642372131,0.5688775777816772,0.5374999642372131,0.3125,1.0,0.23507499992847442,0.20250000059604645,0.26750001311302185,0.0004997501249375312,2000
step-000000,layer_09_assistant,paired_counterfactual_image,400,0.1550000011920929,0.1666666716337204,0.5374999642372131,0.21249999105930328,1.0,,,,,0
step-000000,layer_09_assistant,shuffled_image,400,0.23749999701976776,0.25330838561058044,0.5374999642372131,0.25,1.0,,,,,0
step-000000,layer_09_assistant,patch_permutation,400,0.6299999952316284,0.6577694416046143,0.6299999952316284,0.29249998927116394,1.0,,,,,0
step-000000,layer_09_image_mean,vision,400,0.9274999499320984,0.9220430254936218,0.9274999499320984,0.20499999821186066,1.0,0.2543149996250868,0.20999999344348907,0.30000001192092896,0.0004997501249375312,2000
step-000000,layer_09_image_mean,paired_counterfactual_image,400,0.017500000074505806,0.0178571417927742,0.9274999499320984,0.3075000047683716,1.0,,,,,0
step-000000,layer_09_image_mean,shuffled_image,400,0.23749999701976776,0.23314997553825378,0.9274999499320984,0.29249998927116394,1.0,,,,,0
step-000000,layer_09_image_mean,patch_permutation,400,0.9399999976158142,0.9379597902297974,0.9399999976158142,0.28999999165534973,1.0,,,,,0
step-000000,layer_10_assistant,vision,400,0.7774999737739563,0.8048245906829834,0.7774999737739563,0.3149999976158142,1.0,0.24335124941170216,0.20250000059604645,0.2874999940395355,0.0004997501249375312,2000
step-000000,layer_10_assistant,paired_counterfactual_image,400,0.07999999821186066,0.08267991244792938,0.7774999737739563,0.2175000011920929,1.0,,,,,0
step-000000,layer_10_assistant,shuffled_image,400,0.20749999582767487,0.21477888524532318,0.7774999737739563,0.2474999874830246,1.0,,,,,0
step-000000,layer_10_assistant,patch_permutation,400,0.5874999761581421,0.6128194332122803,0.5874999761581421,0.3400000035762787,1.0,,,,,0
step-000000,layer_10_image_mean,vision,400,0.8774999976158142,0.8682795763015747,0.8774999976158142,0.13750000298023224,1.0,0.254043749473989,0.20999999344348907,0.30250000953674316,0.0004997501249375312,2000
step-000000,layer_10_image_mean,paired_counterfactual_image,400,0.032499998807907104,0.03316326439380646,0.8774999976158142,0.3100000023841858,1.0,,,,,0
step-000000,layer_10_image_mean,shuffled_image,400,0.2224999964237213,0.2168837934732437,0.8774999976158142,0.26749998331069946,1.0,,,,,0
step-000000,layer_10_image_mean,patch_permutation,400,0.8424999713897705,0.8319098949432373,0.8424999713897705,0.2849999964237213,1.0,,,,,0
step-000000,layer_11_assistant,vision,400,0.7824999690055847,0.8002595901489258,0.7824999690055847,0.2449999898672104,1.0,0.24283999948948623,0.20250000059604645,0.2849999964237213,0.0004997501249375312,2000
step-000000,layer_11_assistant,paired_counterfactual_image,400,0.07750000059604645,0.0833333358168602,0.7824999690055847,0.23749999701976776,1.0,,,,,0
step-000000,layer_11_assistant,shuffled_image,400,0.22499999403953552,0.23125873506069183,0.7824999690055847,0.23499999940395355,1.0,,,,,0
step-000000,layer_11_assistant,patch_permutation,400,0.7400000095367432,0.7696802616119385,0.7400000095367432,0.2824999988079071,1.0,,,,,0
step-000000,layer_11_image_mean,vision,400,0.9274999499320984,0.9220430254936218,0.9274999499320984,0.2849999964237213,1.0,0.253376249499619,0.20749999582767487,0.30000001192092896,0.0004997501249375312,2000
step-000000,layer_11_image_mean,paired_counterfactual_image,400,0.017500000074505806,0.0178571417927742,0.9274999499320984,0.2849999964237213,1.0,,,,,0
step-000000,layer_11_image_mean,shuffled_image,400,0.23749999701976776,0.23314997553825378,0.9274999499320984,0.2849999964237213,1.0,,,,,0
step-000000,layer_11_image_mean,patch_permutation,400,0.8574999570846558,0.8474599123001099,0.8574999570846558,0.2849999964237213,1.0,,,,,0
step-000000,layer_12_assistant,vision,400,1.0,1.0,1.0,0.27250000834465027,1.0,0.25309249982982873,0.20999999344348907,0.2975625142455098,0.0004997501249375312,2000
step-000000,layer_12_assistant,paired_counterfactual_image,400,0.0,0.0,1.0,0.23749999701976776,1.0,,,,,0
step-000000,layer_12_assistant,shuffled_image,400,0.23749999701976776,0.23424719274044037,1.0,0.2524999976158142,1.0,,,,,0
step-000000,layer_12_assistant,patch_permutation,400,0.5799999833106995,0.6025229692459106,0.5799999833106995,0.4325000047683716,1.0,,,,,0
step-000000,layer_12_image_mean,vision,400,0.8199999928474426,0.8064516186714172,0.8199999928474426,0.2175000011920929,1.0,0.25467374935746195,0.2124375056475401,0.29750001430511475,0.0004997501249375312,2000
step-000000,layer_12_image_mean,paired_counterfactual_image,400,0.05249999836087227,0.0535714291036129,0.8199999928474426,0.3100000023841858,1.0,,,,,0
step-000000,layer_12_image_mean,shuffled_image,400,0.2199999988079071,0.21350985765457153,0.8199999928474426,0.26999998092651367,1.0,,,,,0
step-000000,layer_12_image_mean,patch_permutation,400,0.8050000071525574,0.7931262254714966,0.8050000071525574,0.2874999940395355,1.0,,,,,0
step-000000,layer_13_assistant,vision,400,0.6949999928474426,0.6851503849029541,0.6949999928474426,0.2449999898672104,1.0,0.2664262496829033,0.22499999403953552,0.3050000071525574,0.0004997501249375312,2000
step-000000,layer_13_assistant,paired_counterfactual_image,400,0.11499999463558197,0.10087719559669495,0.6949999928474426,0.2449999898672104,1.0,,,,,0
step-000000,layer_13_assistant,shuffled_image,400,0.25,0.23537501692771912,0.6949999928474426,0.2449999898672104,1.0,,,,,0
step-000000,layer_13_assistant,patch_permutation,400,0.7224999666213989,0.7370191216468811,0.7224999666213989,0.14249999821186066,1.0,,,,,0
step-000000,layer_13_image_mean,vision,400,0.7724999785423279,0.7564516067504883,0.7724999785423279,0.05249999836087227,1.0,0.25478624986857173,0.21493750363588335,0.29750001430511475,0.0004997501249375312,2000
step-000000,layer_13_image_mean,paired_counterfactual_image,400,0.07499999552965164,0.07653061300516129,0.7724999785423279,0.3075000047683716,1.0,,,,,0
step-000000,layer_13_image_mean,shuffled_image,400,0.22749999165534973,0.22076013684272766,0.7724999785423279,0.2449999898672104,1.0,,,,,0
step-000000,layer_13_image_mean,patch_permutation,400,0.6349999904632568,0.614862322807312,0.6349999904632568,0.29499998688697815,1.0,,,,,0
step-000000,layer_14_assistant,vision,400,0.5,0.47993773221969604,0.5,0.2449999898672104,1.0,0.27375124993920325,0.24500000476837158,0.3050000071525574,0.0004997501249375312,2000
step-000000,layer_14_assistant,paired_counterfactual_image,400,0.1899999976158142,0.1666666716337204,0.5,0.2449999898672104,1.0,,,,,0
step-000000,layer_14_assistant,shuffled_image,400,0.26999998092651367,0.2455291450023651,0.5,0.2449999898672104,1.0,,,,,0
step-000000,layer_14_assistant,patch_permutation,400,0.6524999737739563,0.6404805183410645,0.6524999737739563,0.2524999976158142,1.0,,,,,0
step-000000,layer_14_image_mean,vision,400,0.8199999928474426,0.8064516186714172,0.8199999928474426,0.20499999821186066,1.0,0.260189999692142,0.2175000011920929,0.3050000071525574,0.0004997501249375312,2000
step-000000,layer_14_image_mean,paired_counterfactual_image,400,0.07499999552965164,0.0679377019405365,0.8199999928474426,0.2750000059604645,1.0,,,,,0
step-000000,layer_14_image_mean,shuffled_image,400,0.22749999165534973,0.21543431282043457,0.8199999928474426,0.24249999225139618,1.0,,,,,0
step-000000,layer_14_image_mean,patch_permutation,400,0.5849999785423279,0.5617955923080444,0.5849999785423279,0.2874999940395355,1.0,,,,,0
step-000000,layer_15_assistant,vision,400,0.5224999785423279,0.5,0.5224999785423279,0.4624999761581421,1.0,0.2741812495812774,0.24500000476837158,0.3075000047683716,0.0004997501249375312,2000
step-000000,layer_15_assistant,paired_counterfactual_image,400,0.19749999046325684,0.1732456088066101,0.5224999785423279,0.17999999225139618,1.0,,,,,0
step-000000,layer_15_assistant,shuffled_image,400,0.2800000011920929,0.25526317954063416,0.5224999785423279,0.24249999225139618,1.0,,,,,0
step-000000,layer_15_assistant,patch_permutation,400,0.4399999976158142,0.44329893589019775,0.4399999976158142,0.26249998807907104,1.0,,,,,0
step-000000,layer_15_image_mean,vision,400,0.75,0.7327674031257629,0.75,0.38499999046325684,1.0,0.25521874955296514,0.2150000035762787,0.29499998688697815,0.0004997501249375312,2000
step-000000,layer_15_image_mean,paired_counterfactual_image,400,0.07999999821186066,0.08163265138864517,0.75,0.17749999463558197,1.0,,,,,0
step-000000,layer_15_image_mean,shuffled_image,400,0.2175000011920929,0.21039491891860962,0.75,0.22749999165534973,1.0,,,,,0
step-000000,layer_15_image_mean,patch_permutation,400,0.5674999952316284,0.5438882112503052,0.5674999952316284,0.29749998450279236,1.0,,,,,0
step-000000,layer_16_assistant,vision,400,0.2849999964237213,0.25,0.2849999964237213,0.2449999898672104,1.0,0.2849999964237213,0.2849999964237213,0.2849999964237213,1.0,2000
step-000000,layer_16_assistant,paired_counterfactual_image,400,0.2849999964237213,0.25,0.2849999964237213,0.2449999898672104,1.0,,,,,0
step-000000,layer_16_assistant,shuffled_image,400,0.2849999964237213,0.25,0.2849999964237213,0.2449999898672104,1.0,,,,,0
step-000000,layer_16_assistant,patch_permutation,400,0.4074999988079071,0.3811729848384857,0.4074999988079071,0.3125,1.0,,,,,0
step-000000,layer_16_image_mean,vision,400,0.75,0.7327674031257629,0.75,0.32249999046325684,1.0,0.2560512489452958,0.2150000035762787,0.29499998688697815,0.0004997501249375312,2000
step-000000,layer_16_image_mean,paired_counterfactual_image,400,0.07999999821186066,0.08163265138864517,0.75,0.19249999523162842,1.0,,,,,0
step-000000,layer_16_image_mean,shuffled_image,400,0.2175000011920929,0.21039491891860962,0.75,0.22999998927116394,1.0,,,,,0
step-000000,layer_16_image_mean,patch_permutation,400,0.5324999690055847,0.5099170804023743,0.5324999690055847,0.29749998450279236,1.0,,,,,0
step-000000,layer_17_assistant,vision,400,0.6424999833106995,0.6315789222717285,0.6424999833106995,0.2449999898672104,1.0,0.2679774993136525,0.23250000178813934,0.3050000071525574,0.0004997501249375312,2000
step-000000,layer_17_assistant,paired_counterfactual_image,400,0.13750000298023224,0.12061403691768646,0.6424999833106995,0.2449999898672104,1.0,,,,,0
step-000000,layer_17_assistant,shuffled_image,400,0.26499998569488525,0.24817487597465515,0.6424999833106995,0.2449999898672104,1.0,,,,,0
step-000000,layer_17_assistant,patch_permutation,400,0.5274999737739563,0.5215195417404175,0.5274999737739563,0.2874999940395355,1.0,,,,,0
step-000000,layer_17_image_mean,vision,400,0.8199999928474426,0.8064516186714172,0.8199999928474426,0.3174999952316284,1.0,0.2542487491220236,0.21250000596046448,0.30000001192092896,0.0004997501249375312,2000
step-000000,layer_17_image_mean,paired_counterfactual_image,400,0.05249999836087227,0.0535714291036129,0.8199999928474426,0.1899999976158142,1.0,,,,,0
step-000000,layer_17_image_mean,shuffled_image,400,0.2199999988079071,0.21350985765457153,0.8199999928474426,0.2474999874830246,1.0,,,,,0
step-000000,layer_17_image_mean,patch_permutation,400,0.7299999594688416,0.7125310301780701,0.7299999594688416,0.2849999964237213,1.0,,,,,0
step-000000,layer_18_assistant,vision,400,0.4099999964237213,0.3815789520740509,0.4099999964237213,0.19249999523162842,1.0,0.2794900001063943,0.2549999952316284,0.30250000953674316,0.0004997501249375312,2000
step-000000,layer_18_assistant,paired_counterfactual_image,400,0.2449999898672104,0.2149122804403305,0.4099999964237213,0.2574999928474426,1.0,,,,,0
step-000000,layer_18_assistant,shuffled_image,400,0.2824999988079071,0.2526315748691559,0.4099999964237213,0.25999999046325684,1.0,,,,,0
step-000000,layer_18_assistant,patch_permutation,400,0.3974999785423279,0.3792586326599121,0.3974999785423279,0.2800000011920929,1.0,,,,,0
step-000000,layer_18_image_mean,vision,400,0.8199999928474426,0.8064516186714172,0.8199999928474426,0.23749999701976776,1.0,0.2551674994006753,0.21250000596046448,0.30000001192092896,0.0004997501249375312,2000
step-000000,layer_18_image_mean,paired_counterfactual_image,400,0.05249999836087227,0.0535714291036129,0.8199999928474426,0.2224999964237213,1.0,,,,,0
step-000000,layer_18_image_mean,shuffled_image,400,0.2199999988079071,0.21350985765457153,0.8199999928474426,0.23999999463558197,1.0,,,,,0
step-000000,layer_18_image_mean,patch_permutation,400,0.7524999976158142,0.7360422611236572,0.7524999976158142,0.2574999928474426,1.0,,,,,0
step-000000,layer_19_assistant,vision,400,0.4099999964237213,0.3815789520740509,0.4099999964237213,0.3425000011920929,1.0,0.2791975000053644,0.25743749290704726,0.30250000953674316,0.0004997501249375312,2000
step-000000,layer_19_assistant,paired_counterfactual_image,400,0.2449999898672104,0.2149122804403305,0.4099999964237213,0.23250000178813934,1.0,,,,,0
step-000000,layer_19_assistant,shuffled_image,400,0.2824999988079071,0.2526315748691559,0.4099999964237213,0.2524999976158142,1.0,,,,,0
step-000000,layer_19_assistant,patch_permutation,400,0.35999998450279236,0.3386530876159668,0.35999998450279236,0.32999998331069946,1.0,,,,,0
step-000000,layer_19_image_mean,vision,400,0.8199999928474426,0.8064516186714172,0.8199999928474426,0.39249998331069946,1.0,0.2544474994018674,0.21250000596046448,0.2950624875724312,0.0004997501249375312,2000
step-000000,layer_19_image_mean,paired_counterfactual_image,400,0.05249999836087227,0.0535714291036129,0.8199999928474426,0.1850000023841858,1.0,,,,,0
step-000000,layer_19_image_mean,shuffled_image,400,0.2199999988079071,0.21350985765457153,0.8199999928474426,0.26499998569488525,1.0,,,,,0
step-000000,layer_19_image_mean,patch_permutation,400,0.7450000047683716,0.7276763319969177,0.7450000047683716,0.27250000834465027,1.0,,,,,0
step-000000,layer_20_assistant,vision,400,0.38499999046325684,0.3695529103279114,0.38499999046325684,0.32499998807907104,1.0,0.2711437496393919,0.23749999701976776,0.3050000071525574,0.0004997501249375312,2000
step-000000,layer_20_assistant,paired_counterfactual_image,400,0.23749999701976776,0.2149122804403305,0.38499999046325684,0.2149999886751175,1.0,,,,,0
step-000000,layer_20_assistant,shuffled_image,400,0.26749998331069946,0.24732597172260284,0.38499999046325684,0.22749999165534973,1.0,,,,,0
step-000000,layer_20_assistant,patch_permutation,400,0.36249998211860657,0.36043161153793335,0.36249998211860657,0.2775000035762787,1.0,,,,,0
step-000000,layer_20_image_mean,vision,400,0.8199999928474426,0.8064516186714172,0.8199999928474426,0.4099999964237213,1.0,0.2556849995180964,0.21250000596046448,0.2975625142455098,0.0004997501249375312,2000
step-000000,layer_20_image_mean,paired_counterfactual_image,400,0.05249999836087227,0.0535714291036129,0.8199999928474426,0.19999998807907104,1.0,,,,,0
step-000000,layer_20_image_mean,shuffled_image,400,0.2199999988079071,0.21350985765457153,0.8199999928474426,0.26499998569488525,1.0,,,,,0
step-000000,layer_20_image_mean,patch_permutation,400,0.7299999594688416,0.7135367393493652,0.7299999594688416,0.2824999988079071,1.0,,,,,0
step-000000,layer_21_assistant,vision,400,0.23749999701976776,0.25,0.23749999701976776,0.2449999898672104,1.0,0.25150749921798704,0.2199999988079071,0.2849999964237213,0.8115942028985508,2000
step-000000,layer_21_assistant,paired_counterfactual_image,400,0.2549999952316284,0.24780702590942383,0.23749999701976776,0.23749999701976776,1.0,,,,,0
step-000000,layer_21_assistant,shuffled_image,400,0.22499999403953552,0.22280701994895935,0.23749999701976776,0.23499999940395355,1.0,,,,,0
step-000000,layer_21_assistant,patch_permutation,400,0.35499998927116394,0.34389227628707886,0.35499998927116394,0.3024999797344208,1.0,,,,,0
step-000000,layer_21_image_mean,vision,400,0.8774999976158142,0.8682795763015747,0.8774999976158142,0.20499999821186066,1.0,0.2545299993678927,0.20999999344348907,0.2975625142455098,0.0004997501249375312,2000
step-000000,layer_21_image_mean,paired_counterfactual_image,400,0.032499998807907104,0.03316326439380646,0.8774999976158142,0.22999998927116394,1.0,,,,,0
step-000000,layer_21_image_mean,shuffled_image,400,0.2224999964237213,0.2168837934732437,0.8774999976158142,0.24249999225139618,1.0,,,,,0
step-000000,layer_21_image_mean,patch_permutation,400,0.7049999833106995,0.6957272291183472,0.7049999833106995,0.2849999964237213,1.0,,,,,0
step-000000,layer_22_assistant,vision,400,0.45499998331069946,0.44078946113586426,0.45499998331069946,0.3075000047683716,1.0,0.2679574993029237,0.23250000178813934,0.30250000953674316,0.0004997501249375312,2000
step-000000,layer_22_assistant,paired_counterfactual_image,400,0.20749999582767487,0.18815790116786957,0.45499998331069946,0.2175000011920929,1.0,,,,,0
step-000000,layer_22_assistant,shuffled_image,400,0.2524999976158142,0.23464912176132202,0.45499998331069946,0.23250000178813934,1.0,,,,,0
step-000000,layer_22_assistant,patch_permutation,400,0.4375,0.4205334782600403,0.4375,0.2524999976158142,1.0,,,,,0
step-000000,layer_22_image_mean,vision,400,0.8199999928474426,0.8064516186714172,0.8199999928474426,0.3449999988079071,1.0,0.2541937497332692,0.20999999344348907,0.29750001430511475,0.0004997501249375312,2000
step-000000,layer_22_image_mean,paired_counterfactual_image,400,0.05249999836087227,0.0535714291036129,0.8199999928474426,0.19499999284744263,1.0,,,,,0
step-000000,layer_22_image_mean,shuffled_image,400,0.2199999988079071,0.21350985765457153,0.8199999928474426,0.26249998807907104,1.0,,,,,0
step-000000,layer_22_image_mean,patch_permutation,400,0.7099999785423279,0.7000566124916077,0.7099999785423279,0.28999999165534973,1.0,,,,,0
step-000000,layer_23_assistant,vision,400,0.3799999952316284,0.375,0.3799999952316284,0.3075000047683716,1.0,0.26470999940484763,0.22750000655651093,0.30250000953674316,0.0004997501249375312,2000
step-000000,layer_23_assistant,paired_counterfactual_image,400,0.22749999165534973,0.20921052992343903,0.3799999952316284,0.2175000011920929,1.0,,,,,0
step-000000,layer_23_assistant,shuffled_image,400,0.23250000178813934,0.21885964274406433,0.3799999952316284,0.23250000178813934,1.0,,,,,0
step-000000,layer_23_assistant,patch_permutation,400,0.4675000011920929,0.4507160782814026,0.4675000011920929,0.25999999046325684,1.0,,,,,0
step-000000,layer_23_image_mean,vision,400,1.0,1.0,1.0,0.1899999976158142,1.0,0.25368499936163424,0.20749999582767487,0.30000001192092896,0.0004997501249375312,2000
step-000000,layer_23_image_mean,paired_counterfactual_image,400,0.0,0.0,1.0,0.24249999225139618,1.0,,,,,0
step-000000,layer_23_image_mean,shuffled_image,400,0.23749999701976776,0.23424719274044037,1.0,0.23499999940395355,1.0,,,,,0
step-000000,layer_23_image_mean,patch_permutation,400,0.7249999642372131,0.7161856889724731,0.7249999642372131,0.3050000071525574,1.0,,,,,0
step-000000,layer_24_assistant,vision,400,0.4325000047683716,0.4285714328289032,0.4325000047683716,0.3075000047683716,1.0,0.2568237491697073,0.2199999988079071,0.29499998688697815,0.0004997501249375312,2000
step-000000,layer_24_assistant,paired_counterfactual_image,400,0.1850000023841858,0.17807018756866455,0.4325000047683716,0.23250000178813934,1.0,,,,,0
step-000000,layer_24_assistant,shuffled_image,400,0.2149999886751175,0.20912997424602509,0.4325000047683716,0.23250000178813934,1.0,,,,,0
step-000000,layer_24_assistant,patch_permutation,400,0.3974999785423279,0.3898317217826843,0.3974999785423279,0.2474999874830246,1.0,,,,,0
step-000000,layer_24_image_mean,vision,400,1.0,1.0,1.0,0.1899999976158142,1.0,0.2525287491604686,0.20749999582767487,0.29750001430511475,0.0004997501249375312,2000
step-000000,layer_24_image_mean,paired_counterfactual_image,400,0.0,0.0,1.0,0.23499999940395355,1.0,,,,,0
step-000000,layer_24_image_mean,shuffled_image,400,0.23749999701976776,0.23424719274044037,1.0,0.22749999165534973,1.0,,,,,0
step-000000,layer_24_image_mean,patch_permutation,400,0.6474999785423279,0.6478778123855591,0.6474999785423279,0.3050000071525574,1.0,,,,,0
step-000000,projector_center_mean,vision,400,1.0,1.0,1.0,0.2449999898672104,1.0,0.25301874966919424,0.20993749350309374,0.30000001192092896,0.0004997501249375312,2000
step-000000,projector_center_mean,paired_counterfactual_image,400,0.0,0.0,1.0,0.26999998092651367,1.0,,,,,0
step-000000,projector_center_mean,shuffled_image,400,0.23749999701976776,0.23424719274044037,1.0,0.29249998927116394,1.0,,,,,0
step-000000,projector_center_mean,patch_permutation,400,0.9524999856948853,0.9583333134651184,0.9524999856948853,0.2574999928474426,1.0,,,,,0
step-000000,projector_global_mean,vision,400,1.0,1.0,1.0,0.19499999284744263,1.0,0.253253749422729,0.20743749588727953,0.29750001430511475,0.0004997501249375312,2000
step-000000,projector_global_mean,paired_counterfactual_image,400,0.0,0.0,1.0,0.3075000047683716,1.0,,,,,0
step-000000,projector_global_mean,shuffled_image,400,0.23749999701976776,0.23424719274044037,1.0,0.2849999964237213,1.0,,,,,0
step-000000,projector_global_mean,patch_permutation,400,1.0,1.0,1.0,0.19499999284744263,1.0,,,,,0
step-000000,projector_spatial_2x2,vision,400,1.0,1.0,1.0,0.19499999284744263,1.0,0.2526312496215105,0.20999999344348907,0.29750001430511475,0.0004997501249375312,2000
step-000000,projector_spatial_2x2,paired_counterfactual_image,400,0.0,0.0,1.0,0.2824999988079071,1.0,,,,,0
step-000000,projector_spatial_2x2,shuffled_image,400,0.23749999701976776,0.23424719274044037,1.0,0.2824999988079071,1.0,,,,,0
step-000000,projector_spatial_2x2,patch_permutation,400,1.0,1.0,1.0,0.1850000023841858,1.0,,,,,0
step-000000,tower_center_mean,vision,400,1.0,1.0,1.0,0.17749999463558197,1.0,0.2532087494805455,0.20999999344348907,0.2975625142455098,0.0004997501249375312,2000
step-000000,tower_center_mean,paired_counterfactual_image,400,0.0,0.0,1.0,0.2824999988079071,1.0,,,,,0
step-000000,tower_center_mean,shuffled_image,400,0.23749999701976776,0.23424719274044037,1.0,0.2874999940395355,1.0,,,,,0
step-000000,tower_center_mean,patch_permutation,400,0.887499988079071,0.9001045227050781,0.887499988079071,0.29249998927116394,1.0,,,,,0
step-000000,tower_global_mean,vision,400,1.0,1.0,1.0,0.2224999964237213,1.0,0.25279999984800816,0.20999999344348907,0.30000001192092896,0.0004997501249375312,2000
step-000000,tower_global_mean,paired_counterfactual_image,400,0.0,0.0,1.0,0.23250000178813934,1.0,,,,,0
step-000000,tower_global_mean,shuffled_image,400,0.23749999701976776,0.23424719274044037,1.0,0.25,1.0,,,,,0
step-000000,tower_global_mean,patch_permutation,400,1.0,1.0,1.0,0.2224999964237213,1.0,,,,,0
step-000000,tower_spatial_2x2,vision,400,1.0,1.0,1.0,0.29499998688697815,1.0,0.25322374946624043,0.20999999344348907,0.30000001192092896,0.0004997501249375312,2000
step-000000,tower_spatial_2x2,paired_counterfactual_image,400,0.0,0.0,1.0,0.2149999886751175,1.0,,,,,0
step-000000,tower_spatial_2x2,shuffled_image,400,0.23749999701976776,0.23424719274044037,1.0,0.25,1.0,,,,,0
step-000000,tower_spatial_2x2,patch_permutation,400,0.9599999785423279,0.9639219045639038,0.9599999785423279,0.29749998450279236,1.0,,,,,0
step-001500,layer_00_assistant,vision,400,0.2849999964237213,0.25,0.2849999964237213,0.2849999964237213,1.0,0.2849999964237213,0.2849999964237213,0.2849999964237213,1.0,2000
step-001500,layer_00_assistant,paired_counterfactual_image,400,0.2849999964237213,0.25,0.2849999964237213,0.2849999964237213,1.0,,,,,0
step-001500,layer_00_assistant,shuffled_image,400,0.2849999964237213,0.25,0.2849999964237213,0.2849999964237213,1.0,,,,,0
step-001500,layer_00_assistant,patch_permutation,400,0.2849999964237213,0.25,0.2849999964237213,0.2849999964237213,1.0,,,,,0
step-001500,layer_00_image_mean,vision,400,0.8075000047683716,0.8035714626312256,0.8075000047683716,0.4449999928474426,1.0,0.2507237493991852,0.20999999344348907,0.29249998927116394,0.0004997501249375312,2000
step-001500,layer_00_image_mean,paired_counterfactual_image,400,0.0625,0.06618562340736389,0.8075000047683716,0.19999998807907104,1.0,,,,,0
step-001500,layer_00_image_mean,shuffled_image,400,0.26749998331069946,0.26735013723373413,0.8075000047683716,0.25999999046325684,1.0,,,,,0
step-001500,layer_00_image_mean,patch_permutation,400,0.8075000047683716,0.8035714626312256,0.8075000047683716,0.4449999928474426,1.0,,,,,0
step-001500,layer_01_assistant,vision,400,0.2849999964237213,0.25,0.2849999964237213,0.2849999964237213,1.0,0.2849999964237213,0.2849999964237213,0.2849999964237213,1.0,2000
step-001500,layer_01_assistant,paired_counterfactual_image,400,0.2849999964237213,0.25,0.2849999964237213,0.2849999964237213,1.0,,,,,0
step-001500,layer_01_assistant,shuffled_image,400,0.2849999964237213,0.25,0.2849999964237213,0.2849999964237213,1.0,,,,,0
step-001500,layer_01_assistant,patch_permutation,400,0.3100000023841858,0.2877193093299866,0.3100000023841858,0.29999998211860657,1.0,,,,,0
step-001500,layer_01_image_mean,vision,400,0.8075000047683716,0.8035714626312256,0.8075000047683716,0.512499988079071,1.0,0.25078749914467335,0.20749999582767487,0.29249998927116394,0.0004997501249375312,2000
step-001500,layer_01_image_mean,paired_counterfactual_image,400,0.0625,0.06618562340736389,0.8075000047683716,0.17499999701976776,1.0,,,,,0
step-001500,layer_01_image_mean,shuffled_image,400,0.26749998331069946,0.26735013723373413,0.8075000047683716,0.2750000059604645,1.0,,,,,0
step-001500,layer_01_image_mean,patch_permutation,400,0.8075000047683716,0.8035714626312256,0.8075000047683716,0.512499988079071,1.0,,,,,0
step-001500,layer_02_assistant,vision,400,0.5374999642372131,0.5619694590568542,0.5374999642372131,0.2849999964237213,1.0,0.24207499950379133,0.20499999821186066,0.2775000035762787,0.0004997501249375312,2000
step-001500,layer_02_assistant,paired_counterfactual_image,400,0.1599999964237213,0.16477397084236145,0.5374999642372131,0.2849999964237213,1.0,,,,,0
step-001500,layer_02_assistant,shuffled_image,400,0.2449999898672104,0.254452109336853,0.5374999642372131,0.2849999964237213,1.0,,,,,0
step-001500,layer_02_assistant,patch_permutation,400,0.492499977350235,0.5149971842765808,0.492499977350235,0.2849999964237213,1.0,,,,,0
step-001500,layer_02_image_mean,vision,400,0.8075000047683716,0.8035714626312256,0.8075000047683716,0.512499988079071,1.0,0.25027249942719937,0.20749999582767487,0.29249998927116394,0.0004997501249375312,2000
step-001500,layer_02_image_mean,paired_counterfactual_image,400,0.0625,0.06618562340736389,0.8075000047683716,0.17499999701976776,1.0,,,,,0
step-001500,layer_02_image_mean,shuffled_image,400,0.26749998331069946,0.26735013723373413,0.8075000047683716,0.2750000059604645,1.0,,,,,0
step-001500,layer_02_image_mean,patch_permutation,400,0.8075000047683716,0.8035714626312256,0.8075000047683716,0.512499988079071,1.0,,,,,0
step-001500,layer_03_assistant,vision,400,0.23250000178813934,0.25,0.23250000178813934,0.2849999964237213,1.0,0.23250000178813934,0.23250000178813934,0.23250000178813934,1.0,2000
step-001500,layer_03_assistant,paired_counterfactual_image,400,0.23250000178813934,0.25,0.23250000178813934,0.2849999964237213,1.0,,,,,0
step-001500,layer_03_assistant,shuffled_image,400,0.23250000178813934,0.25,0.23250000178813934,0.2849999964237213,1.0,,,,,0
step-001500,layer_03_assistant,patch_permutation,400,0.23250000178813934,0.25,0.23250000178813934,0.2849999964237213,1.0,,,,,0
step-001500,layer_03_image_mean,vision,400,0.8075000047683716,0.8035714626312256,0.8075000047683716,0.512499988079071,1.0,0.2507412495017052,0.20999999344348907,0.29249998927116394,0.0004997501249375312,2000
step-001500,layer_03_image_mean,paired_counterfactual_image,400,0.0625,0.06618562340736389,0.8075000047683716,0.17499999701976776,1.0,,,,,0
step-001500,layer_03_image_mean,shuffled_image,400,0.26749998331069946,0.26735013723373413,0.8075000047683716,0.2750000059604645,1.0,,,,,0
step-001500,layer_03_image_mean,patch_permutation,400,0.8075000047683716,0.8035714626312256,0.8075000047683716,0.512499988079071,1.0,,,,,0
step-001500,layer_04_assistant,vision,400,0.23250000178813934,0.25,0.23250000178813934,0.2849999964237213,1.0,0.23250000178813934,0.23250000178813934,0.23250000178813934,1.0,2000
step-001500,layer_04_assistant,paired_counterfactual_image,400,0.23250000178813934,0.25,0.23250000178813934,0.2849999964237213,1.0,,,,,0
step-001500,layer_04_assistant,shuffled_image,400,0.23250000178813934,0.25,0.23250000178813934,0.2849999964237213,1.0,,,,,0
step-001500,layer_04_assistant,patch_permutation,400,0.23250000178813934,0.25,0.23250000178813934,0.2849999964237213,1.0,,,,,0
step-001500,layer_04_image_mean,vision,400,0.8075000047683716,0.8035714626312256,0.8075000047683716,0.4599999785423279,1.0,0.25141749942302705,0.20749999582767487,0.292562489211559,0.0004997501249375312,2000
step-001500,layer_04_image_mean,paired_counterfactual_image,400,0.0625,0.06618562340736389,0.8075000047683716,0.19249999523162842,1.0,,,,,0
step-001500,layer_04_image_mean,shuffled_image,400,0.26749998331069946,0.26735013723373413,0.8075000047683716,0.2874999940395355,1.0,,,,,0
step-001500,layer_04_image_mean,patch_permutation,400,0.8075000047683716,0.8035714626312256,0.8075000047683716,0.4599999785423279,1.0,,,,,0
step-001500,layer_05_assistant,vision,400,0.23250000178813934,0.25,0.23250000178813934,0.2849999964237213,1.0,0.23250000178813934,0.23250000178813934,0.23250000178813934,1.0,2000
step-001500,layer_05_assistant,paired_counterfactual_image,400,0.23250000178813934,0.25,0.23250000178813934,0.2849999964237213,1.0,,,,,0
step-001500,layer_05_assistant,shuffled_image,400,0.23250000178813934,0.25,0.23250000178813934,0.2849999964237213,1.0,,,,,0
step-001500,layer_05_assistant,patch_permutation,400,0.23250000178813934,0.25,0.23250000178813934,0.2849999964237213,1.0,,,,,0
step-001500,layer_05_image_mean,vision,400,0.8075000047683716,0.8035714626312256,0.8075000047683716,0.512499988079071,1.0,0.2509112494066358,0.20749999582767487,0.29249998927116394,0.0004997501249375312,2000
step-001500,layer_05_image_mean,paired_counterfactual_image,400,0.0625,0.06618562340736389,0.8075000047683716,0.17499999701976776,1.0,,,,,0
step-001500,layer_05_image_mean,shuffled_image,400,0.26749998331069946,0.26735013723373413,0.8075000047683716,0.2750000059604645,1.0,,,,,0
step-001500,layer_05_image_mean,patch_permutation,400,0.8075000047683716,0.8035714626312256,0.8075000047683716,0.512499988079071,1.0,,,,,0
step-001500,layer_06_assistant,vision,400,0.35999998450279236,0.3821965754032135,0.35999998450279236,0.2849999964237213,1.0,0.23303125,0.20999999344348907,0.2549999952316284,0.0004997501249375312,2000
step-001500,layer_06_assistant,paired_counterfactual_image,400,0.20250000059604645,0.2177419364452362,0.35999998450279236,0.2849999964237213,1.0,,,,,0
step-001500,layer_06_assistant,shuffled_image,400,0.23250000178813934,0.2491118311882019,0.35999998450279236,0.2849999964237213,1.0,,,,,0
step-001500,layer_06_assistant,patch_permutation,400,0.5399999618530273,0.5655359625816345,0.5399999618530273,0.2199999988079071,1.0,,,,,0
step-001500,layer_06_image_mean,vision,400,0.8075000047683716,0.8035714626312256,0.8075000047683716,0.512499988079071,1.0,0.25121499944478276,0.20749999582767487,0.29750001430511475,0.0004997501249375312,2000
step-001500,layer_06_image_mean,paired_counterfactual_image,400,0.0625,0.06618562340736389,0.8075000047683716,0.17499999701976776,1.0,,,,,0
step-001500,layer_06_image_mean,shuffled_image,400,0.26749998331069946,0.26735013723373413,0.8075000047683716,0.2750000059604645,1.0,,,,,0
step-001500,layer_06_image_mean,patch_permutation,400,0.8075000047683716,0.8035714626312256,0.8075000047683716,0.512499988079071,1.0,,,,,0
step-001500,layer_07_assistant,vision,400,0.4699999988079071,0.5,0.4699999988079071,0.23250000178813934,1.0,0.23364250002801418,0.20250000059604645,0.26499998569488525,0.0004997501249375312,2000
step-001500,layer_07_assistant,paired_counterfactual_image,400,0.17249999940395355,0.1854838728904724,0.4699999988079071,0.23250000178813934,1.0,,,,,0
step-001500,layer_07_assistant,shuffled_image,400,0.23999999463558197,0.256819486618042,0.4699999988079071,0.23250000178813934,1.0,,,,,0
step-001500,layer_07_assistant,patch_permutation,400,0.5199999809265137,0.5460257530212402,0.5199999809265137,0.22749999165534973,1.0,,,,,0
step-001500,layer_07_image_mean,vision,400,0.8075000047683716,0.8035714626312256,0.8075000047683716,0.4449999928474426,1.0,0.2508324994444847,0.20999999344348907,0.29499998688697815,0.0004997501249375312,2000
step-001500,layer_07_image_mean,paired_counterfactual_image,400,0.0625,0.06618562340736389,0.8075000047683716,0.19999998807907104,1.0,,,,,0
step-001500,layer_07_image_mean,shuffled_image,400,0.26749998331069946,0.26735013723373413,0.8075000047683716,0.25999999046325684,1.0,,,,,0
step-001500,layer_07_image_mean,patch_permutation,400,0.8075000047683716,0.8035714626312256,0.8075000047683716,0.3725000023841858,1.0,,,,,0
step-001500,layer_08_assistant,vision,400,0.23250000178813934,0.25,0.23250000178813934,0.0,1.0,0.23250000178813934,0.23250000178813934,0.23250000178813934,1.0,2000
step-001500,layer_08_assistant,paired_counterfactual_image,400,0.23250000178813934,0.25,0.23250000178813934,0.28999999165534973,1.0,,,,,0
step-001500,layer_08_assistant,shuffled_image,400,0.23250000178813934,0.25,0.23250000178813934,0.23749999701976776,1.0,,,,,0
step-001500,layer_08_assistant,patch_permutation,400,0.23250000178813934,0.25,0.23250000178813934,0.26749998331069946,1.0,,,,,0
step-001500,layer_08_image_mean,vision,400,0.8075000047683716,0.8035714626312256,0.8075000047683716,0.512499988079071,1.0,0.25120624945312736,0.20749999582767487,0.29499998688697815,0.0004997501249375312,2000
step-001500,layer_08_image_mean,paired_counterfactual_image,400,0.0625,0.06618562340736389,0.8075000047683716,0.17499999701976776,1.0,,,,,0
step-001500,layer_08_image_mean,shuffled_image,400,0.26749998331069946,0.26735013723373413,0.8075000047683716,0.2750000059604645,1.0,,,,,0
step-001500,layer_08_image_mean,patch_permutation,400,0.8075000047683716,0.8035714626312256,0.8075000047683716,0.5,1.0,,,,,0
step-001500,layer_09_assistant,vision,400,0.35999998450279236,0.3817204236984253,0.35999998450279236,0.0,1.0,0.23652124962955715,0.20499999821186066,0.26499998569488525,0.0004997501249375312,2000
step-001500,layer_09_assistant,paired_counterfactual_image,400,0.1850000023841858,0.19547255337238312,0.35999998450279236,0.2849999964237213,1.0,,,,,0
step-001500,layer_09_assistant,shuffled_image,400,0.23749999701976776,0.25158461928367615,0.35999998450279236,0.24249999225139618,1.0,,,,,0
step-001500,layer_09_assistant,patch_permutation,400,0.2874999940395355,0.3054840564727783,0.2874999940395355,0.27250000834465027,1.0,,,,,0
step-001500,layer_09_image_mean,vision,400,0.8075000047683716,0.8035714626312256,0.8075000047683716,0.4449999928474426,1.0,0.25175624917447564,0.20749999582767487,0.29499998688697815,0.0004997501249375312,2000
step-001500,layer_09_image_mean,paired_counterfactual_image,400,0.0625,0.06618562340736389,0.8075000047683716,0.19499999284744263,1.0,,,,,0
step-001500,layer_09_image_mean,shuffled_image,400,0.26749998331069946,0.26735013723373413,0.8075000047683716,0.26249998807907104,1.0,,,,,0
step-001500,layer_09_image_mean,patch_permutation,400,0.8075000047683716,0.8035714626312256,0.8075000047683716,0.3974999785423279,1.0,,,,,0
step-001500,layer_10_assistant,vision,400,0.23250000178813934,0.25,0.23250000178813934,0.3100000023841858,1.0,0.23250000178813934,0.23250000178813934,0.23250000178813934,1.0,2000
step-001500,layer_10_assistant,paired_counterfactual_image,400,0.23250000178813934,0.25,0.23250000178813934,0.2224999964237213,1.0,,,,,0
step-001500,layer_10_assistant,shuffled_image,400,0.23250000178813934,0.25,0.23250000178813934,0.26499998569488525,1.0,,,,,0
step-001500,layer_10_assistant,patch_permutation,400,0.23499999940395355,0.25255101919174194,0.23499999940395355,0.3474999964237213,1.0,,,,,0
step-001500,layer_10_image_mean,vision,400,0.8075000047683716,0.8035714626312256,0.8075000047683716,0.35249999165534973,1.0,0.25167374954372645,0.20999999344348907,0.29499998688697815,0.0004997501249375312,2000
step-001500,layer_10_image_mean,paired_counterfactual_image,400,0.0625,0.06618562340736389,0.8075000047683716,0.2175000011920929,1.0,,,,,0
step-001500,layer_10_image_mean,shuffled_image,400,0.26749998331069946,0.26735013723373413,0.8075000047683716,0.24249999225139618,1.0,,,,,0
step-001500,layer_10_image_mean,patch_permutation,400,0.8100000023841858,0.8064805269241333,0.8100000023841858,0.35249999165534973,1.0,,,,,0
step-001500,layer_11_assistant,vision,400,0.5299999713897705,0.5,0.5299999713897705,0.23250000178813934,1.0,0.27630374986678363,0.24250000715255737,0.3075000047683716,0.0004997501249375312,2000
step-001500,layer_11_assistant,paired_counterfactual_image,400,0.19499999284744263,0.17105263471603394,0.5299999713897705,0.23250000178813934,1.0,,,,,0
step-001500,layer_11_assistant,shuffled_image,400,0.25999999046325684,0.23344074189662933,0.5299999713897705,0.23250000178813934,1.0,,,,,0
step-001500,layer_11_assistant,patch_permutation,400,0.4699999988079071,0.4398496150970459,0.4699999988079071,0.3474999964237213,1.0,,,,,0
step-001500,layer_11_image_mean,vision,400,0.8700000047683716,0.8673469424247742,0.8700000047683716,0.5,1.0,0.2513199995011091,0.20749999582767487,0.29750001430511475,0.0004997501249375312,2000
step-001500,layer_11_image_mean,paired_counterfactual_image,400,0.03999999910593033,0.04250141605734825,0.8700000047683716,0.17000000178813934,1.0,,,,,0
step-001500,layer_11_image_mean,shuffled_image,400,0.2549999952316284,0.2538699805736542,0.8700000047683716,0.25,1.0,,,,,0
step-001500,layer_11_image_mean,patch_permutation,400,0.8574999570846558,0.855307936668396,0.8574999570846558,0.4124999940395355,1.0,,,,,0
step-001500,layer_12_assistant,vision,400,0.7899999618530273,0.8157894611358643,0.7899999618530273,0.23250000178813934,1.0,0.24194874978065492,0.20250000059604645,0.2849999964237213,0.0004997501249375312,2000
step-001500,layer_12_assistant,paired_counterfactual_image,400,0.07499999552965164,0.08064515888690948,0.7899999618530273,0.23250000178813934,1.0,,,,,0
step-001500,layer_12_assistant,shuffled_image,400,0.22999998927116394,0.23806723952293396,0.7899999618530273,0.23250000178813934,1.0,,,,,0
step-001500,layer_12_assistant,patch_permutation,400,0.44749999046325684,0.455760657787323,0.44749999046325684,0.3024999797344208,1.0,,,,,0
step-001500,layer_12_image_mean,vision,400,0.8700000047683716,0.8673469424247742,0.8700000047683716,0.4449999928474426,1.0,0.25054749958217143,0.20749999582767487,0.29499998688697815,0.0004997501249375312,2000
step-001500,layer_12_image_mean,paired_counterfactual_image,400,0.03999999910593033,0.04250141605734825,0.8700000047683716,0.19499999284744263,1.0,,,,,0
step-001500,layer_12_image_mean,shuffled_image,400,0.2549999952316284,0.2538699805736542,0.8700000047683716,0.26249998807907104,1.0,,,,,0
step-001500,layer_12_image_mean,patch_permutation,400,0.8174999952316284,0.8212943077087402,0.8174999952316284,0.32749998569488525,1.0,,,,,0
step-001500,layer_13_assistant,vision,400,0.7149999737739563,0.75,0.7149999737739563,0.5724999904632568,1.0,0.23764499967545272,0.19750000536441803,0.2775000035762787,0.0004997501249375312,2000
step-001500,layer_13_assistant,paired_counterfactual_image,400,0.10749999433755875,0.11559139937162399,0.7149999737739563,0.16749998927116394,1.0,,,,,0
step-001500,layer_13_assistant,shuffled_image,400,0.21249999105930328,0.22519229352474213,0.7149999737739563,0.24249999225139618,1.0,,,,,0
step-001500,layer_13_assistant,patch_permutation,400,0.26499998569488525,0.2823995351791382,0.26499998569488525,0.3349999785423279,1.0,,,,,0
step-001500,layer_13_image_mean,vision,400,0.8700000047683716,0.8673469424247742,0.8700000047683716,0.512499988079071,1.0,0.2508287495523691,0.20749999582767487,0.29750001430511475,0.0004997501249375312,2000
step-001500,layer_13_image_mean,paired_counterfactual_image,400,0.03999999910593033,0.04250141605734825,0.8700000047683716,0.17499999701976776,1.0,,,,,0
step-001500,layer_13_image_mean,shuffled_image,400,0.2549999952316284,0.2538699805736542,0.8700000047683716,0.2750000059604645,1.0,,,,,0
step-001500,layer_13_image_mean,patch_permutation,400,0.7949999570846558,0.8090762495994568,0.7949999570846558,0.4350000023841858,1.0,,,,,0
step-001500,layer_14_assistant,vision,400,0.23250000178813934,0.25,0.23250000178813934,0.3125,1.0,0.23250000178813934,0.23250000178813934,0.23250000178813934,1.0,2000
step-001500,layer_14_assistant,paired_counterfactual_image,400,0.23250000178813934,0.25,0.23250000178813934,0.22749999165534973,1.0,,,,,0
step-001500,layer_14_assistant,shuffled_image,400,0.23250000178813934,0.25,0.23250000178813934,0.2524999976158142,1.0,,,,,0
step-001500,layer_14_assistant,patch_permutation,400,0.23250000178813934,0.25,0.23250000178813934,0.33249998092651367,1.0,,,,,0
step-001500,layer_14_image_mean,vision,400,0.8700000047683716,0.8673469424247742,0.8700000047683716,0.4449999928474426,1.0,0.25070249918848275,0.20749999582767487,0.29750001430511475,0.0004997501249375312,2000
step-001500,layer_14_image_mean,paired_counterfactual_image,400,0.03999999910593033,0.04250141605734825,0.8700000047683716,0.19999998807907104,1.0,,,,,0
step-001500,layer_14_image_mean,shuffled_image,400,0.2549999952316284,0.2538699805736542,0.8700000047683716,0.25999999046325684,1.0,,,,,0
step-001500,layer_14_image_mean,patch_permutation,400,0.8349999785423279,0.842373788356781,0.8349999785423279,0.429999977350235,1.0,,,,,0
step-001500,layer_15_assistant,vision,400,0.23250000178813934,0.25,0.23250000178813934,0.2849999964237213,1.0,0.23250000178813934,0.23250000178813934,0.23250000178813934,1.0,2000
step-001500,layer_15_assistant,paired_counterfactual_image,400,0.23250000178813934,0.25,0.23250000178813934,0.2849999964237213,1.0,,,,,0
step-001500,layer_15_assistant,shuffled_image,400,0.23250000178813934,0.25,0.23250000178813934,0.2849999964237213,1.0,,,,,0
step-001500,layer_15_assistant,patch_permutation,400,0.26249998807907104,0.27433502674102783,0.26249998807907104,0.27250000834465027,1.0,,,,,0
step-001500,layer_15_image_mean,vision,400,0.8700000047683716,0.8673469424247742,0.8700000047683716,0.512499988079071,1.0,0.25127374947071074,0.20749999582767487,0.29499998688697815,0.0004997501249375312,2000
step-001500,layer_15_image_mean,paired_counterfactual_image,400,0.03999999910593033,0.04250141605734825,0.8700000047683716,0.17499999701976776,1.0,,,,,0
step-001500,layer_15_image_mean,shuffled_image,400,0.2549999952316284,0.2538699805736542,0.8700000047683716,0.2750000059604645,1.0,,,,,0
step-001500,layer_15_image_mean,patch_permutation,400,0.8324999809265137,0.843403160572052,0.8324999809265137,0.38499999046325684,1.0,,,,,0
step-001500,layer_16_assistant,vision,400,0.23250000178813934,0.25,0.23250000178813934,0.23749999701976776,1.0,0.23250000178813934,0.23250000178813934,0.23250000178813934,1.0,2000
step-001500,layer_16_assistant,paired_counterfactual_image,400,0.23250000178813934,0.25,0.23250000178813934,0.23749999701976776,1.0,,,,,0
step-001500,layer_16_assistant,shuffled_image,400,0.23250000178813934,0.25,0.23250000178813934,0.2199999988079071,1.0,,,,,0
step-001500,layer_16_assistant,patch_permutation,400,0.2449999898672104,0.2525466978549957,0.2449999898672104,0.27250000834465027,1.0,,,,,0
step-001500,layer_16_image_mean,vision,400,0.8700000047683716,0.8673469424247742,0.8700000047683716,0.3649999797344208,1.0,0.2520287492647767,0.20999999344348907,0.29499998688697815,0.0004997501249375312,2000
step-001500,layer_16_image_mean,paired_counterfactual_image,400,0.03999999910593033,0.04250141605734825,0.8700000047683716,0.2224999964237213,1.0,,,,,0
step-001500,layer_16_image_mean,shuffled_image,400,0.2549999952316284,0.2538699805736542,0.8700000047683716,0.26749998331069946,1.0,,,,,0
step-001500,layer_16_image_mean,patch_permutation,400,0.79749995470047,0.8116272687911987,0.79749995470047,0.3499999940395355,1.0,,,,,0
step-001500,layer_17_assistant,vision,400,0.23250000178813934,0.25,0.23250000178813934,0.2849999964237213,1.0,0.23250000178813934,0.23250000178813934,0.23250000178813934,1.0,2000
step-001500,layer_17_assistant,paired_counterfactual_image,400,0.23250000178813934,0.25,0.23250000178813934,0.2849999964237213,1.0,,,,,0
step-001500,layer_17_assistant,shuffled_image,400,0.23250000178813934,0.25,0.23250000178813934,0.2849999964237213,1.0,,,,,0
step-001500,layer_17_assistant,patch_permutation,400,0.2849999964237213,0.27495092153549194,0.2849999964237213,0.2474999874830246,1.0,,,,,0
step-001500,layer_17_image_mean,vision,400,0.8700000047683716,0.8673469424247742,0.8700000047683716,0.512499988079071,1.0,0.25113249917328356,0.20749999582767487,0.29499998688697815,0.0004997501249375312,2000
step-001500,layer_17_image_mean,paired_counterfactual_image,400,0.03999999910593033,0.04250141605734825,0.8700000047683716,0.17499999701976776,1.0,,,,,0
step-001500,layer_17_image_mean,shuffled_image,400,0.2549999952316284,0.2538699805736542,0.8700000047683716,0.2750000059604645,1.0,,,,,0
step-001500,layer_17_image_mean,patch_permutation,400,0.8199999928474426,0.8320801854133606,0.8199999928474426,0.4074999988079071,1.0,,,,,0
step-001500,layer_18_assistant,vision,400,0.23250000178813934,0.25,0.23250000178813934,0.2849999964237213,1.0,0.23250000178813934,0.23250000178813934,0.23250000178813934,1.0,2000
step-001500,layer_18_assistant,paired_counterfactual_image,400,0.23250000178813934,0.25,0.23250000178813934,0.2849999964237213,1.0,,,,,0
step-001500,layer_18_assistant,shuffled_image,400,0.23250000178813934,0.25,0.23250000178813934,0.2849999964237213,1.0,,,,,0
step-001500,layer_18_assistant,patch_permutation,400,0.2874999940395355,0.30011752247810364,0.2874999940395355,0.2750000059604645,1.0,,,,,0
step-001500,layer_18_image_mean,vision,400,0.8700000047683716,0.8673469424247742,0.8700000047683716,0.512499988079071,1.0,0.25177374931424856,0.20749999582767487,0.29750001430511475,0.0004997501249375312,2000
step-001500,layer_18_image_mean,paired_counterfactual_image,400,0.03999999910593033,0.04250141605734825,0.8700000047683716,0.17499999701976776,1.0,,,,,0
step-001500,layer_18_image_mean,shuffled_image,400,0.2549999952316284,0.2538699805736542,0.8700000047683716,0.2750000059604645,1.0,,,,,0
step-001500,layer_18_image_mean,patch_permutation,400,0.8224999904632568,0.8349893093109131,0.8224999904632568,0.41749998927116394,1.0,,,,,0
step-001500,layer_19_assistant,vision,400,0.23250000178813934,0.25,0.23250000178813934,0.2849999964237213,1.0,0.23250000178813934,0.23250000178813934,0.23250000178813934,1.0,2000
step-001500,layer_19_assistant,paired_counterfactual_image,400,0.23250000178813934,0.25,0.23250000178813934,0.2849999964237213,1.0,,,,,0
step-001500,layer_19_assistant,shuffled_image,400,0.23250000178813934,0.25,0.23250000178813934,0.2849999964237213,1.0,,,,,0
step-001500,layer_19_assistant,patch_permutation,400,0.23250000178813934,0.25,0.23250000178813934,0.2549999952316284,1.0,,,,,0
step-001500,layer_19_image_mean,vision,400,0.8700000047683716,0.8673469424247742,0.8700000047683716,0.512499988079071,1.0,0.2509487497061491,0.20749999582767487,0.29499998688697815,0.0004997501249375312,2000
step-001500,layer_19_image_mean,paired_counterfactual_image,400,0.03999999910593033,0.04250141605734825,0.8700000047683716,0.17499999701976776,1.0,,,,,0
step-001500,layer_19_image_mean,shuffled_image,400,0.2549999952316284,0.2538699805736542,0.8700000047683716,0.2750000059604645,1.0,,,,,0
step-001500,layer_19_image_mean,patch_permutation,400,0.8025000095367432,0.8167293071746826,0.8025000095367432,0.48499998450279236,1.0,,,,,0
step-001500,layer_20_assistant,vision,400,0.23250000178813934,0.25,0.23250000178813934,0.2849999964237213,1.0,0.23250000178813934,0.23250000178813934,0.23250000178813934,1.0,2000
step-001500,layer_20_assistant,paired_counterfactual_image,400,0.23250000178813934,0.25,0.23250000178813934,0.2849999964237213,1.0,,,,,0
step-001500,layer_20_assistant,shuffled_image,400,0.23250000178813934,0.25,0.23250000178813934,0.2849999964237213,1.0,,,,,0
step-001500,layer_20_assistant,patch_permutation,400,0.23250000178813934,0.25,0.23250000178813934,0.2849999964237213,1.0,,,,,0
step-001500,layer_20_image_mean,vision,400,0.8700000047683716,0.8673469424247742,0.8700000047683716,0.28999999165534973,1.0,0.2513774995058775,0.20999999344348907,0.29499998688697815,0.0004997501249375312,2000
step-001500,layer_20_image_mean,paired_counterfactual_image,400,0.03999999910593033,0.04250141605734825,0.8700000047683716,0.24249999225139618,1.0,,,,,0
step-001500,layer_20_image_mean,shuffled_image,400,0.2549999952316284,0.2538699805736542,0.8700000047683716,0.2474999874830246,1.0,,,,,0
step-001500,layer_20_image_mean,patch_permutation,400,0.8075000047683716,0.821115255355835,0.8075000047683716,0.3449999988079071,1.0,,,,,0
step-001500,layer_21_assistant,vision,400,0.23250000178813934,0.25,0.23250000178813934,0.2849999964237213,1.0,0.23250000178813934,0.23250000178813934,0.23250000178813934,1.0,2000
step-001500,layer_21_assistant,paired_counterfactual_image,400,0.23250000178813934,0.25,0.23250000178813934,0.2849999964237213,1.0,,,,,0
step-001500,layer_21_assistant,shuffled_image,400,0.23250000178813934,0.25,0.23250000178813934,0.2849999964237213,1.0,,,,,0
step-001500,layer_21_assistant,patch_permutation,400,0.23250000178813934,0.25,0.23250000178813934,0.2849999964237213,1.0,,,,,0
step-001500,layer_21_image_mean,vision,400,0.8700000047683716,0.8673469424247742,0.8700000047683716,0.512499988079071,1.0,0.25150124945491553,0.20749999582767487,0.29499998688697815,0.0004997501249375312,2000
step-001500,layer_21_image_mean,paired_counterfactual_image,400,0.03999999910593033,0.04250141605734825,0.8700000047683716,0.1899999976158142,1.0,,,,,0
step-001500,layer_21_image_mean,shuffled_image,400,0.2549999952316284,0.2538699805736542,0.8700000047683716,0.26749998331069946,1.0,,,,,0
step-001500,layer_21_image_mean,patch_permutation,400,0.8424999713897705,0.8521751165390015,0.8424999713897705,0.4699999988079071,1.0,,,,,0
step-001500,layer_22_assistant,vision,400,0.23250000178813934,0.25,0.23250000178813934,0.2849999964237213,1.0,0.23250000178813934,0.23250000178813934,0.23250000178813934,1.0,2000
step-001500,layer_22_assistant,paired_counterfactual_image,400,0.23250000178813934,0.25,0.23250000178813934,0.2849999964237213,1.0,,,,,0
step-001500,layer_22_assistant,shuffled_image,400,0.23250000178813934,0.25,0.23250000178813934,0.2849999964237213,1.0,,,,,0
step-001500,layer_22_assistant,patch_permutation,400,0.23250000178813934,0.25,0.23250000178813934,0.2849999964237213,1.0,,,,,0
step-001500,layer_22_image_mean,vision,400,0.8700000047683716,0.8673469424247742,0.8700000047683716,0.512499988079071,1.0,0.2507737495675683,0.20749999582767487,0.29750001430511475,0.0004997501249375312,2000
step-001500,layer_22_image_mean,paired_counterfactual_image,400,0.03999999910593033,0.04250141605734825,0.8700000047683716,0.17499999701976776,1.0,,,,,0
step-001500,layer_22_image_mean,shuffled_image,400,0.2549999952316284,0.2538699805736542,0.8700000047683716,0.2750000059604645,1.0,,,,,0
step-001500,layer_22_image_mean,patch_permutation,400,0.7899999618530273,0.8046902418136597,0.7899999618530273,0.375,1.0,,,,,0
step-001500,layer_23_assistant,vision,400,0.23250000178813934,0.25,0.23250000178813934,0.2849999964237213,1.0,0.23250000178813934,0.23250000178813934,0.23250000178813934,1.0,2000
step-001500,layer_23_assistant,paired_counterfactual_image,400,0.23250000178813934,0.25,0.23250000178813934,0.2849999964237213,1.0,,,,,0
step-001500,layer_23_assistant,shuffled_image,400,0.23250000178813934,0.25,0.23250000178813934,0.2849999964237213,1.0,,,,,0
step-001500,layer_23_assistant,patch_permutation,400,0.23250000178813934,0.25,0.23250000178813934,0.2849999964237213,1.0,,,,,0
step-001500,layer_23_image_mean,vision,400,0.8700000047683716,0.8673469424247742,0.8700000047683716,0.36249998211860657,1.0,0.2515962492376566,0.20499999821186066,0.29750001430511475,0.0004997501249375312,2000
step-001500,layer_23_image_mean,paired_counterfactual_image,400,0.03999999910593033,0.04250141605734825,0.8700000047683716,0.2149999886751175,1.0,,,,,0
step-001500,layer_23_image_mean,shuffled_image,400,0.2549999952316284,0.2538699805736542,0.8700000047683716,0.26749998331069946,1.0,,,,,0
step-001500,layer_23_image_mean,patch_permutation,400,0.7949999570846558,0.8058539032936096,0.7949999570846558,0.28999999165534973,1.0,,,,,0
step-001500,layer_24_assistant,vision,400,0.23250000178813934,0.25,0.23250000178813934,0.2849999964237213,1.0,0.23250000178813934,0.23250000178813934,0.23250000178813934,1.0,2000
step-001500,layer_24_assistant,paired_counterfactual_image,400,0.23250000178813934,0.25,0.23250000178813934,0.2849999964237213,1.0,,,,,0
step-001500,layer_24_assistant,shuffled_image,400,0.23250000178813934,0.25,0.23250000178813934,0.2849999964237213,1.0,,,,,0
step-001500,layer_24_assistant,patch_permutation,400,0.23250000178813934,0.25,0.23250000178813934,0.2849999964237213,1.0,,,,,0
step-001500,layer_24_image_mean,vision,400,0.8574999570846558,0.875,0.8574999570846558,0.38749998807907104,1.0,0.24569749940931798,0.20250000059604645,0.28999999165534973,0.0004997501249375312,2000
step-001500,layer_24_image_mean,paired_counterfactual_image,400,0.05249999836087227,0.05645161122083664,0.8574999570846558,0.2449999898672104,1.0,,,,,0
step-001500,layer_24_image_mean,shuffled_image,400,0.23499999940395355,0.23849168419837952,0.8574999570846558,0.3050000071525574,1.0,,,,,0
step-001500,layer_24_image_mean,patch_permutation,400,0.7899999618530273,0.8157894611358643,0.7899999618530273,0.41999998688697815,1.0,,,,,0
step-001500,projector_center_mean,vision,400,0.9325000047683716,0.9407894611358643,0.9325000047683716,0.44999998807907104,1.0,0.25011249937862157,0.20499999821186066,0.29750001430511475,0.0004997501249375312,2000
step-001500,projector_center_mean,paired_counterfactual_image,400,0.02499999850988388,0.02551020309329033,0.9325000047683716,0.2175000011920929,1.0,,,,,0
step-001500,projector_center_mean,shuffled_image,400,0.2224999964237213,0.22252145409584045,0.9325000047683716,0.25999999046325684,1.0,,,,,0
step-001500,projector_center_mean,patch_permutation,400,0.3425000011920929,0.34766554832458496,0.3425000011920929,0.23749999701976776,1.0,,,,,0
step-001500,projector_global_mean,vision,400,0.8075000047683716,0.8035714626312256,0.8075000047683716,0.3700000047683716,1.0,0.2514799996390939,0.20999999344348907,0.29499998688697815,0.0004997501249375312,2000
step-001500,projector_global_mean,paired_counterfactual_image,400,0.0625,0.06618562340736389,0.8075000047683716,0.2149999886751175,1.0,,,,,0
step-001500,projector_global_mean,shuffled_image,400,0.26749998331069946,0.26735013723373413,0.8075000047683716,0.24249999225139618,1.0,,,,,0
step-001500,projector_global_mean,patch_permutation,400,0.8075000047683716,0.8035714626312256,0.8075000047683716,0.3700000047683716,1.0,,,,,0
step-001500,projector_spatial_2x2,vision,400,1.0,1.0,1.0,0.4025000035762787,1.0,0.25319124979525803,0.20999999344348907,0.29750001430511475,0.0004997501249375312,2000
step-001500,projector_spatial_2x2,paired_counterfactual_image,400,0.0,0.0,1.0,0.2175000011920929,1.0,,,,,0
step-001500,projector_spatial_2x2,shuffled_image,400,0.23749999701976776,0.23424719274044037,1.0,0.29749998450279236,1.0,,,,,0
step-001500,projector_spatial_2x2,patch_permutation,400,0.33249998092651367,0.3172086477279663,0.33249998092651367,0.2524999976158142,1.0,,,,,0
step-001500,tower_center_mean,vision,400,1.0,1.0,1.0,0.3199999928474426,1.0,0.25313124947994947,0.20999999344348907,0.30000001192092896,0.0004997501249375312,2000
step-001500,tower_center_mean,paired_counterfactual_image,400,0.0,0.0,1.0,0.2199999988079071,1.0,,,,,0
step-001500,tower_center_mean,shuffled_image,400,0.23749999701976776,0.23424719274044037,1.0,0.2549999952316284,1.0,,,,,0
step-001500,tower_center_mean,patch_permutation,400,0.887499988079071,0.9001045227050781,0.887499988079071,0.3024999797344208,1.0,,,,,0
step-001500,tower_global_mean,vision,400,1.0,1.0,1.0,0.29999998211860657,1.0,0.2531849995404482,0.20749999582767487,0.29750001430511475,0.0004997501249375312,2000
step-001500,tower_global_mean,paired_counterfactual_image,400,0.0,0.0,1.0,0.2149999886751175,1.0,,,,,0
step-001500,tower_global_mean,shuffled_image,400,0.23749999701976776,0.23424719274044037,1.0,0.22499999403953552,1.0,,,,,0
step-001500,tower_global_mean,patch_permutation,400,1.0,1.0,1.0,0.29999998211860657,1.0,,,,,0
step-001500,tower_spatial_2x2,vision,400,1.0,1.0,1.0,0.29999998211860657,1.0,0.2536224995777011,0.20999999344348907,0.29750001430511475,0.0004997501249375312,2000
step-001500,tower_spatial_2x2,paired_counterfactual_image,400,0.0,0.0,1.0,0.2175000011920929,1.0,,,,,0
step-001500,tower_spatial_2x2,shuffled_image,400,0.23749999701976776,0.23424719274044037,1.0,0.23499999940395355,1.0,,,,,0
step-001500,tower_spatial_2x2,patch_permutation,400,0.9599999785423279,0.9639219045639038,0.9599999785423279,0.2750000059604645,1.0,,,,,0
step-002000,layer_00_assistant,vision,400,0.2849999964237213,0.25,0.2849999964237213,0.2849999964237213,1.0,0.2849999964237213,0.2849999964237213,0.2849999964237213,1.0,2000
step-002000,layer_00_assistant,paired_counterfactual_image,400,0.2849999964237213,0.25,0.2849999964237213,0.2849999964237213,1.0,,,,,0
step-002000,layer_00_assistant,shuffled_image,400,0.2849999964237213,0.25,0.2849999964237213,0.2849999964237213,1.0,,,,,0
step-002000,layer_00_assistant,patch_permutation,400,0.2849999964237213,0.25,0.2849999964237213,0.2849999964237213,1.0,,,,,0
step-002000,layer_00_image_mean,vision,400,0.9325000047683716,0.9311224222183228,0.9325000047683716,0.23250000178813934,1.0,0.2523462495356798,0.20749999582767487,0.30000001192092896,0.0004997501249375312,2000
step-002000,layer_00_image_mean,paired_counterfactual_image,400,0.017500000074505806,0.018817204982042313,0.9325000047683716,0.23250000178813934,1.0,,,,,0
step-002000,layer_00_image_mean,shuffled_image,400,0.23999999463558197,0.23775827884674072,0.9325000047683716,0.23250000178813934,1.0,,,,,0
step-002000,layer_00_image_mean,patch_permutation,400,0.9325000047683716,0.9311224222183228,0.9325000047683716,0.23250000178813934,1.0,,,,,0
step-002000,layer_01_assistant,vision,400,0.23250000178813934,0.25,0.23250000178813934,0.23250000178813934,1.0,0.23250000178813934,0.23250000178813934,0.23250000178813934,1.0,2000
step-002000,layer_01_assistant,paired_counterfactual_image,400,0.23250000178813934,0.25,0.23250000178813934,0.23250000178813934,1.0,,,,,0
step-002000,layer_01_assistant,shuffled_image,400,0.23250000178813934,0.25,0.23250000178813934,0.23250000178813934,1.0,,,,,0
step-002000,layer_01_assistant,patch_permutation,400,0.29249998927116394,0.31039899587631226,0.29249998927116394,0.23250000178813934,1.0,,,,,0
step-002000,layer_01_image_mean,vision,400,0.9325000047683716,0.9311224222183228,0.9325000047683716,0.23250000178813934,1.0,0.25206374982744456,0.20999999344348907,0.30000001192092896,0.0004997501249375312,2000
step-002000,layer_01_image_mean,paired_counterfactual_image,400,0.017500000074505806,0.018817204982042313,0.9325000047683716,0.23250000178813934,1.0,,,,,0
step-002000,layer_01_image_mean,shuffled_image,400,0.23999999463558197,0.23775827884674072,0.9325000047683716,0.23250000178813934,1.0,,,,,0
step-002000,layer_01_image_mean,patch_permutation,400,0.9325000047683716,0.9311224222183228,0.9325000047683716,0.23250000178813934,1.0,,,,,0
step-002000,layer_02_assistant,vision,400,0.23250000178813934,0.25,0.23250000178813934,0.2449999898672104,1.0,0.23250000178813934,0.23250000178813934,0.23250000178813934,1.0,2000
step-002000,layer_02_assistant,paired_counterfactual_image,400,0.23250000178813934,0.25,0.23250000178813934,0.2449999898672104,1.0,,,,,0
step-002000,layer_02_assistant,shuffled_image,400,0.23250000178813934,0.25,0.23250000178813934,0.2449999898672104,1.0,,,,,0
step-002000,layer_02_assistant,patch_permutation,400,0.3425000011920929,0.3657089173793793,0.3425000011920929,0.2199999988079071,1.0,,,,,0
step-002000,layer_02_image_mean,vision,400,0.9325000047683716,0.9311224222183228,0.9325000047683716,0.23250000178813934,1.0,0.2525324993357062,0.20749999582767487,0.29750001430511475,0.0004997501249375312,2000
step-002000,layer_02_image_mean,paired_counterfactual_image,400,0.017500000074505806,0.018817204982042313,0.9325000047683716,0.23250000178813934,1.0,,,,,0
step-002000,layer_02_image_mean,shuffled_image,400,0.23999999463558197,0.23775827884674072,0.9325000047683716,0.23250000178813934,1.0,,,,,0
step-002000,layer_02_image_mean,patch_permutation,400,0.9325000047683716,0.9311224222183228,0.9325000047683716,0.23250000178813934,1.0,,,,,0
step-002000,layer_03_assistant,vision,400,0.23250000178813934,0.25,0.23250000178813934,0.2449999898672104,1.0,0.23250000178813934,0.23250000178813934,0.23250000178813934,1.0,2000
step-002000,layer_03_assistant,paired_counterfactual_image,400,0.23250000178813934,0.25,0.23250000178813934,0.2449999898672104,1.0,,,,,0
step-002000,layer_03_assistant,shuffled_image,400,0.23250000178813934,0.25,0.23250000178813934,0.2449999898672104,1.0,,,,,0
step-002000,layer_03_assistant,patch_permutation,400,0.23250000178813934,0.25,0.23250000178813934,0.2449999898672104,1.0,,,,,0
step-002000,layer_03_image_mean,vision,400,0.9325000047683716,0.9311224222183228,0.9325000047683716,0.23250000178813934,1.0,0.251879999384284,0.20999999344348907,0.30000001192092896,0.0004997501249375312,2000
step-002000,layer_03_image_mean,paired_counterfactual_image,400,0.017500000074505806,0.018817204982042313,0.9325000047683716,0.23250000178813934,1.0,,,,,0
step-002000,layer_03_image_mean,shuffled_image,400,0.23999999463558197,0.23775827884674072,0.9325000047683716,0.23250000178813934,1.0,,,,,0
step-002000,layer_03_image_mean,patch_permutation,400,0.9325000047683716,0.9311224222183228,0.9325000047683716,0.23250000178813934,1.0,,,,,0
step-002000,layer_04_assistant,vision,400,0.23250000178813934,0.25,0.23250000178813934,0.23749999701976776,1.0,0.23250000178813934,0.23250000178813934,0.23250000178813934,1.0,2000
step-002000,layer_04_assistant,paired_counterfactual_image,400,0.23250000178813934,0.25,0.23250000178813934,0.2449999898672104,1.0,,,,,0
step-002000,layer_04_assistant,shuffled_image,400,0.23250000178813934,0.25,0.23250000178813934,0.25,1.0,,,,,0
step-002000,layer_04_assistant,patch_permutation,400,0.23250000178813934,0.25,0.23250000178813934,0.25999999046325684,1.0,,,,,0
step-002000,layer_04_image_mean,vision,400,0.9325000047683716,0.9311224222183228,0.9325000047683716,0.23250000178813934,1.0,0.25281874937564136,0.20999999344348907,0.29750001430511475,0.0004997501249375312,2000
step-002000,layer_04_image_mean,paired_counterfactual_image,400,0.017500000074505806,0.018817204982042313,0.9325000047683716,0.23250000178813934,1.0,,,,,0
step-002000,layer_04_image_mean,shuffled_image,400,0.23999999463558197,0.23775827884674072,0.9325000047683716,0.23250000178813934,1.0,,,,,0
step-002000,layer_04_image_mean,patch_permutation,400,0.9325000047683716,0.9311224222183228,0.9325000047683716,0.23250000178813934,1.0,,,,,0
step-002000,layer_05_assistant,vision,400,0.23250000178813934,0.25,0.23250000178813934,0.2849999964237213,1.0,0.23250000178813934,0.23250000178813934,0.23250000178813934,1.0,2000
step-002000,layer_05_assistant,paired_counterfactual_image,400,0.23250000178813934,0.25,0.23250000178813934,0.2849999964237213,1.0,,,,,0
step-002000,layer_05_assistant,shuffled_image,400,0.23250000178813934,0.25,0.23250000178813934,0.2849999964237213,1.0,,,,,0
step-002000,layer_05_assistant,patch_permutation,400,0.23250000178813934,0.25,0.23250000178813934,0.2849999964237213,1.0,,,,,0
step-002000,layer_05_image_mean,vision,400,0.9325000047683716,0.9311224222183228,0.9325000047683716,0.23250000178813934,1.0,0.25250874945521357,0.20499999821186066,0.29750001430511475,0.0004997501249375312,2000
step-002000,layer_05_image_mean,paired_counterfactual_image,400,0.017500000074505806,0.018817204982042313,0.9325000047683716,0.23250000178813934,1.0,,,,,0
step-002000,layer_05_image_mean,shuffled_image,400,0.23999999463558197,0.23775827884674072,0.9325000047683716,0.23250000178813934,1.0,,,,,0
step-002000,layer_05_image_mean,patch_permutation,400,0.9325000047683716,0.9311224222183228,0.9325000047683716,0.23250000178813934,1.0,,,,,0
step-002000,layer_06_assistant,vision,400,0.23250000178813934,0.25,0.23250000178813934,0.12999999523162842,1.0,0.23250000178813934,0.23250000178813934,0.23250000178813934,1.0,2000
step-002000,layer_06_assistant,paired_counterfactual_image,400,0.23250000178813934,0.25,0.23250000178813934,0.32999998331069946,1.0,,,,,0
step-002000,layer_06_assistant,shuffled_image,400,0.23250000178813934,0.25,0.23250000178813934,0.2849999964237213,1.0,,,,,0
step-002000,layer_06_assistant,patch_permutation,400,0.23499999940395355,0.2526315748691559,0.23499999940395355,0.2800000011920929,1.0,,,,,0
step-002000,layer_06_image_mean,vision,400,0.9325000047683716,0.9311224222183228,0.9325000047683716,0.23250000178813934,1.0,0.2521624993905425,0.20749999582767487,0.29750001430511475,0.0004997501249375312,2000
step-002000,layer_06_image_mean,paired_counterfactual_image,400,0.017500000074505806,0.018817204982042313,0.9325000047683716,0.23250000178813934,1.0,,,,,0
step-002000,layer_06_image_mean,shuffled_image,400,0.23999999463558197,0.23775827884674072,0.9325000047683716,0.23250000178813934,1.0,,,,,0
step-002000,layer_06_image_mean,patch_permutation,400,0.9325000047683716,0.9311224222183228,0.9325000047683716,0.23250000178813934,1.0,,,,,0
step-002000,layer_07_assistant,vision,400,0.23250000178813934,0.25,0.23250000178813934,0.2849999964237213,1.0,0.23250000178813934,0.23250000178813934,0.23250000178813934,1.0,2000
step-002000,layer_07_assistant,paired_counterfactual_image,400,0.23250000178813934,0.25,0.23250000178813934,0.2849999964237213,1.0,,,,,0
step-002000,layer_07_assistant,shuffled_image,400,0.23250000178813934,0.25,0.23250000178813934,0.2849999964237213,1.0,,,,,0
step-002000,layer_07_assistant,patch_permutation,400,0.33249998092651367,0.35173073410987854,0.33249998092651367,0.28999999165534973,1.0,,,,,0
step-002000,layer_07_image_mean,vision,400,0.9325000047683716,0.9311224222183228,0.9325000047683716,0.23250000178813934,1.0,0.25153874948620797,0.20749999582767487,0.29750001430511475,0.0004997501249375312,2000
step-002000,layer_07_image_mean,paired_counterfactual_image,400,0.017500000074505806,0.018817204982042313,0.9325000047683716,0.23250000178813934,1.0,,,,,0
step-002000,layer_07_image_mean,shuffled_image,400,0.23999999463558197,0.23775827884674072,0.9325000047683716,0.23250000178813934,1.0,,,,,0
step-002000,layer_07_image_mean,patch_permutation,400,0.9325000047683716,0.9311224222183228,0.9325000047683716,0.23250000178813934,1.0,,,,,0
step-002000,layer_08_assistant,vision,400,0.23250000178813934,0.25,0.23250000178813934,0.23749999701976776,1.0,0.23250000178813934,0.23250000178813934,0.23250000178813934,1.0,2000
step-002000,layer_08_assistant,paired_counterfactual_image,400,0.23250000178813934,0.25,0.23250000178813934,0.23749999701976776,1.0,,,,,0
step-002000,layer_08_assistant,shuffled_image,400,0.23250000178813934,0.25,0.23250000178813934,0.2199999988079071,1.0,,,,,0
step-002000,layer_08_assistant,patch_permutation,400,0.23250000178813934,0.25,0.23250000178813934,0.2750000059604645,1.0,,,,,0
step-002000,layer_08_image_mean,vision,400,0.9325000047683716,0.9311224222183228,0.9325000047683716,0.23250000178813934,1.0,0.2514499992877245,0.20749999582767487,0.29750001430511475,0.0004997501249375312,2000
step-002000,layer_08_image_mean,paired_counterfactual_image,400,0.017500000074505806,0.018817204982042313,0.9325000047683716,0.23250000178813934,1.0,,,,,0
step-002000,layer_08_image_mean,shuffled_image,400,0.23999999463558197,0.23775827884674072,0.9325000047683716,0.23250000178813934,1.0,,,,,0
step-002000,layer_08_image_mean,patch_permutation,400,0.9325000047683716,0.9311224222183228,0.9325000047683716,0.23250000178813934,1.0,,,,,0
step-002000,layer_09_assistant,vision,400,0.4699999988079071,0.5,0.4699999988079071,0.2849999964237213,1.0,0.2351637497469783,0.20250000059604645,0.26750001311302185,0.0004997501249375312,2000
step-002000,layer_09_assistant,paired_counterfactual_image,400,0.17999999225139618,0.19281268119812012,0.4699999988079071,0.2849999964237213,1.0,,,,,0
step-002000,layer_09_assistant,shuffled_image,400,0.23250000178813934,0.24847197532653809,0.4699999988079071,0.2849999964237213,1.0,,,,,0
step-002000,layer_09_assistant,patch_permutation,400,0.26749998331069946,0.2858843505382538,0.26749998331069946,0.23999999463558197,1.0,,,,,0
step-002000,layer_09_image_mean,vision,400,0.9325000047683716,0.9311224222183228,0.9325000047683716,0.23250000178813934,1.0,0.2522837492004037,0.20749999582767487,0.29750001430511475,0.0004997501249375312,2000
step-002000,layer_09_image_mean,paired_counterfactual_image,400,0.017500000074505806,0.018817204982042313,0.9325000047683716,0.23250000178813934,1.0,,,,,0
step-002000,layer_09_image_mean,shuffled_image,400,0.23999999463558197,0.23775827884674072,0.9325000047683716,0.23250000178813934,1.0,,,,,0
step-002000,layer_09_image_mean,patch_permutation,400,0.9325000047683716,0.9311224222183228,0.9325000047683716,0.23250000178813934,1.0,,,,,0
step-002000,layer_10_assistant,vision,400,0.5224999785423279,0.50895094871521,0.5224999785423279,0.26999998092651367,1.0,0.24881124917417766,0.2150000035762787,0.2824999988079071,0.0004997501249375312,2000
step-002000,layer_10_assistant,paired_counterfactual_image,400,0.14249999821186066,0.15000000596046448,0.5224999785423279,0.2849999964237213,1.0,,,,,0
step-002000,layer_10_assistant,shuffled_image,400,0.26499998569488525,0.26546722650527954,0.5224999785423279,0.27250000834465027,1.0,,,,,0
step-002000,layer_10_assistant,patch_permutation,400,0.4675000011920929,0.4507697820663452,0.4675000011920929,0.2524999976158142,1.0,,,,,0
step-002000,layer_10_image_mean,vision,400,0.9325000047683716,0.9311224222183228,0.9325000047683716,0.23250000178813934,1.0,0.2518174997866154,0.20749999582767487,0.29499998688697815,0.0004997501249375312,2000
step-002000,layer_10_image_mean,paired_counterfactual_image,400,0.017500000074505806,0.018817204982042313,0.9325000047683716,0.23250000178813934,1.0,,,,,0
step-002000,layer_10_image_mean,shuffled_image,400,0.23999999463558197,0.23775827884674072,0.9325000047683716,0.23250000178813934,1.0,,,,,0
step-002000,layer_10_image_mean,patch_permutation,400,0.9325000047683716,0.9311224222183228,0.9325000047683716,0.23250000178813934,1.0,,,,,0
step-002000,layer_11_assistant,vision,400,0.29999998211860657,0.31377550959587097,0.29999998211860657,0.17499999701976776,1.0,0.23793250051140785,0.2224999964237213,0.2549999952316284,0.0004997501249375312,2000
step-002000,layer_11_assistant,paired_counterfactual_image,400,0.2149999886751175,0.22631579637527466,0.29999998211860657,0.28999999165534973,1.0,,,,,0
step-002000,layer_11_assistant,shuffled_image,400,0.22499999403953552,0.23651987314224243,0.29999998211860657,0.23749999701976776,1.0,,,,,0
step-002000,layer_11_assistant,patch_permutation,400,0.41499999165534973,0.4302363097667694,0.41499999165534973,0.22749999165534973,1.0,,,,,0
step-002000,layer_11_image_mean,vision,400,0.9325000047683716,0.9311224222183228,0.9325000047683716,0.23250000178813934,1.0,0.2513312495276332,0.20749999582767487,0.29750001430511475,0.0004997501249375312,2000
step-002000,layer_11_image_mean,paired_counterfactual_image,400,0.017500000074505806,0.018817204982042313,0.9325000047683716,0.23250000178813934,1.0,,,,,0
step-002000,layer_11_image_mean,shuffled_image,400,0.23999999463558197,0.23775827884674072,0.9325000047683716,0.23250000178813934,1.0,,,,,0
step-002000,layer_11_image_mean,patch_permutation,400,0.9325000047683716,0.9311224222183228,0.9325000047683716,0.23250000178813934,1.0,,,,,0
step-002000,layer_12_assistant,vision,400,0.48249998688697815,0.5,0.48249998688697815,0.2849999964237213,1.0,0.24026249980926515,0.20999999344348907,0.27000001072883606,0.0004997501249375312,2000
step-002000,layer_12_assistant,paired_counterfactual_image,400,0.14749999344348907,0.15526317059993744,0.48249998688697815,0.2849999964237213,1.0,,,,,0
step-002000,layer_12_assistant,shuffled_image,400,0.19499999284744263,0.2040547877550125,0.48249998688697815,0.2849999964237213,1.0,,,,,0
step-002000,layer_12_assistant,patch_permutation,400,0.4025000035762787,0.4162728190422058,0.4025000035762787,0.2549999952316284,1.0,,,,,0
step-002000,layer_12_image_mean,vision,400,0.9325000047683716,0.9311224222183228,0.9325000047683716,0.23250000178813934,1.0,0.25140499955415724,0.20749999582767487,0.30000001192092896,0.0004997501249375312,2000
step-002000,layer_12_image_mean,paired_counterfactual_image,400,0.017500000074505806,0.018817204982042313,0.9325000047683716,0.23250000178813934,1.0,,,,,0
step-002000,layer_12_image_mean,shuffled_image,400,0.23999999463558197,0.23775827884674072,0.9325000047683716,0.23250000178813934,1.0,,,,,0
step-002000,layer_12_image_mean,patch_permutation,400,0.9325000047683716,0.9311224222183228,0.9325000047683716,0.23250000178813934,1.0,,,,,0
step-002000,layer_13_assistant,vision,400,0.48249998688697815,0.5,0.48249998688697815,0.2849999964237213,1.0,0.24051999977231026,0.20999999344348907,0.27250000834465027,0.0004997501249375312,2000
step-002000,layer_13_assistant,paired_counterfactual_image,400,0.14749999344348907,0.15526317059993744,0.48249998688697815,0.2849999964237213,1.0,,,,,0
step-002000,layer_13_assistant,shuffled_image,400,0.19499999284744263,0.2040547877550125,0.48249998688697815,0.2849999964237213,1.0,,,,,0
step-002000,layer_13_assistant,patch_permutation,400,0.6074999570846558,0.6246029734611511,0.6074999570846558,0.2849999964237213,1.0,,,,,0
step-002000,layer_13_image_mean,vision,400,0.9325000047683716,0.9311224222183228,0.9325000047683716,0.23250000178813934,1.0,0.25177999936789275,0.20749999582767487,0.29750001430511475,0.0004997501249375312,2000
step-002000,layer_13_image_mean,paired_counterfactual_image,400,0.017500000074505806,0.018817204982042313,0.9325000047683716,0.23250000178813934,1.0,,,,,0
step-002000,layer_13_image_mean,shuffled_image,400,0.23999999463558197,0.23775827884674072,0.9325000047683716,0.23250000178813934,1.0,,,,,0
step-002000,layer_13_image_mean,patch_permutation,400,0.9325000047683716,0.9311224222183228,0.9325000047683716,0.23250000178813934,1.0,,,,,0
step-002000,layer_14_assistant,vision,400,0.6049999594688416,0.6317204236984253,0.6049999594688416,0.2849999964237213,1.0,0.23948749977350234,0.20250000059604645,0.2775000035762787,0.0004997501249375312,2000
step-002000,layer_14_assistant,paired_counterfactual_image,400,0.11249999701976776,0.1184210553765297,0.6049999594688416,0.2849999964237213,1.0,,,,,0
step-002000,layer_14_assistant,shuffled_image,400,0.20250000059604645,0.21279841661453247,0.6049999594688416,0.2849999964237213,1.0,,,,,0
step-002000,layer_14_assistant,patch_permutation,400,0.4449999928474426,0.46873751282691956,0.4449999928474426,0.3199999928474426,1.0,,,,,0
step-002000,layer_14_image_mean,vision,400,0.9325000047683716,0.9311224222183228,0.9325000047683716,0.23250000178813934,1.0,0.25216374958306553,0.20999999344348907,0.30000001192092896,0.0004997501249375312,2000
step-002000,layer_14_image_mean,paired_counterfactual_image,400,0.017500000074505806,0.018817204982042313,0.9325000047683716,0.23250000178813934,1.0,,,,,0
step-002000,layer_14_image_mean,shuffled_image,400,0.23999999463558197,0.23775827884674072,0.9325000047683716,0.23250000178813934,1.0,,,,,0
step-002000,layer_14_image_mean,patch_permutation,400,0.9325000047683716,0.9311224222183228,0.9325000047683716,0.23250000178813934,1.0,,,,,0
step-002000,layer_15_assistant,vision,400,0.35999998450279236,0.3817204236984253,0.35999998450279236,0.0,1.0,0.23698875003308056,0.21250000596046448,0.25999999046325684,0.0004997501249375312,2000
step-002000,layer_15_assistant,paired_counterfactual_image,400,0.20250000059604645,0.21315790712833405,0.35999998450279236,0.3349999785423279,1.0,,,,,0
step-002000,layer_15_assistant,shuffled_image,400,0.2449999898672104,0.25874364376068115,0.35999998450279236,0.26999998092651367,1.0,,,,,0
step-002000,layer_15_assistant,patch_permutation,400,0.4325000047683716,0.45626336336135864,0.4325000047683716,0.11999999731779099,1.0,,,,,0
step-002000,layer_15_image_mean,vision,400,0.9325000047683716,0.9311224222183228,0.9325000047683716,0.23250000178813934,1.0,0.25206374961137773,0.20749999582767487,0.30000001192092896,0.0004997501249375312,2000
step-002000,layer_15_image_mean,paired_counterfactual_image,400,0.017500000074505806,0.018817204982042313,0.9325000047683716,0.23250000178813934,1.0,,,,,0
step-002000,layer_15_image_mean,shuffled_image,400,0.23999999463558197,0.23775827884674072,0.9325000047683716,0.23250000178813934,1.0,,,,,0
step-002000,layer_15_image_mean,patch_permutation,400,0.9325000047683716,0.9311224222183228,0.9325000047683716,0.23250000178813934,1.0,,,,,0
step-002000,layer_16_assistant,vision,400,0.35999998450279236,0.3817204236984253,0.35999998450279236,0.2849999964237213,1.0,0.23683250033855438,0.2150000035762787,0.25756249278783766,0.0004997501249375312,2000
step-002000,layer_16_assistant,paired_counterfactual_image,400,0.20250000059604645,0.21315790712833405,0.35999998450279236,0.26499998569488525,1.0,,,,,0
step-002000,layer_16_assistant,shuffled_image,400,0.2449999898672104,0.25874364376068115,0.35999998450279236,0.2874999940395355,1.0,,,,,0
step-002000,layer_16_assistant,patch_permutation,400,0.32749998569488525,0.34920769929885864,0.32749998569488525,0.17000000178813934,1.0,,,,,0
step-002000,layer_16_image_mean,vision,400,0.9325000047683716,0.9311224222183228,0.9325000047683716,0.23250000178813934,1.0,0.2522274992913008,0.20749999582767487,0.29750001430511475,0.0004997501249375312,2000
step-002000,layer_16_image_mean,paired_counterfactual_image,400,0.017500000074505806,0.018817204982042313,0.9325000047683716,0.23250000178813934,1.0,,,,,0
step-002000,layer_16_image_mean,shuffled_image,400,0.23999999463558197,0.23775827884674072,0.9325000047683716,0.23250000178813934,1.0,,,,,0
step-002000,layer_16_image_mean,patch_permutation,400,0.9350000023841858,0.9336735010147095,0.9350000023841858,0.23250000178813934,1.0,,,,,0
step-002000,layer_17_assistant,vision,400,0.23749999701976776,0.25,0.23749999701976776,0.1824999898672104,1.0,0.23749999701976776,0.23749999701976776,0.23749999701976776,1.0,2000
step-002000,layer_17_assistant,paired_counterfactual_image,400,0.23749999701976776,0.25,0.23749999701976776,0.26999998092651367,1.0,,,,,0
step-002000,layer_17_assistant,shuffled_image,400,0.23749999701976776,0.25,0.23749999701976776,0.25,1.0,,,,,0
step-002000,layer_17_assistant,patch_permutation,400,0.35249999165534973,0.3750707507133484,0.35249999165534973,0.17000000178813934,1.0,,,,,0
step-002000,layer_17_image_mean,vision,400,0.9325000047683716,0.9311224222183228,0.9325000047683716,0.23250000178813934,1.0,0.25210124926269056,0.20749999582767487,0.2950624875724312,0.0004997501249375312,2000
step-002000,layer_17_image_mean,paired_counterfactual_image,400,0.017500000074505806,0.018817204982042313,0.9325000047683716,0.23250000178813934,1.0,,,,,0
step-002000,layer_17_image_mean,shuffled_image,400,0.23999999463558197,0.23775827884674072,0.9325000047683716,0.23250000178813934,1.0,,,,,0
step-002000,layer_17_image_mean,patch_permutation,400,0.9325000047683716,0.9311224222183228,0.9325000047683716,0.23250000178813934,1.0,,,,,0
step-002000,layer_18_assistant,vision,400,0.23749999701976776,0.25,0.23749999701976776,0.06749999523162842,1.0,0.23749999701976776,0.23749999701976776,0.23749999701976776,1.0,2000
step-002000,layer_18_assistant,paired_counterfactual_image,400,0.23749999701976776,0.25,0.23749999701976776,0.3100000023841858,1.0,,,,,0
step-002000,layer_18_assistant,shuffled_image,400,0.23749999701976776,0.25,0.23749999701976776,0.2849999964237213,1.0,,,,,0
step-002000,layer_18_assistant,patch_permutation,400,0.3474999964237213,0.3691284656524658,0.3474999964237213,0.1274999976158142,1.0,,,,,0
step-002000,layer_18_image_mean,vision,400,0.9325000047683716,0.9311224222183228,0.9325000047683716,0.23250000178813934,1.0,0.25124374947696926,0.20749999582767487,0.29499998688697815,0.0004997501249375312,2000
step-002000,layer_18_image_mean,paired_counterfactual_image,400,0.017500000074505806,0.018817204982042313,0.9325000047683716,0.23250000178813934,1.0,,,,,0
step-002000,layer_18_image_mean,shuffled_image,400,0.23999999463558197,0.23775827884674072,0.9325000047683716,0.23250000178813934,1.0,,,,,0
step-002000,layer_18_image_mean,patch_permutation,400,0.9325000047683716,0.9311224222183228,0.9325000047683716,0.23250000178813934,1.0,,,,,0
step-002000,layer_19_assistant,vision,400,0.23749999701976776,0.25,0.23749999701976776,0.12999999523162842,1.0,0.23749999701976776,0.23749999701976776,0.23749999701976776,1.0,2000
step-002000,layer_19_assistant,paired_counterfactual_image,400,0.23749999701976776,0.25,0.23749999701976776,0.29499998688697815,1.0,,,,,0
step-002000,layer_19_assistant,shuffled_image,400,0.23749999701976776,0.25,0.23749999701976776,0.2750000059604645,1.0,,,,,0
step-002000,layer_19_assistant,patch_permutation,400,0.3174999952316284,0.33624789118766785,0.3174999952316284,0.1899999976158142,1.0,,,,,0
step-002000,layer_19_image_mean,vision,400,0.9325000047683716,0.9311224222183228,0.9325000047683716,0.23250000178813934,1.0,0.25260374940931796,0.20749999582767487,0.29499998688697815,0.0004997501249375312,2000
step-002000,layer_19_image_mean,paired_counterfactual_image,400,0.017500000074505806,0.018817204982042313,0.9325000047683716,0.23250000178813934,1.0,,,,,0
step-002000,layer_19_image_mean,shuffled_image,400,0.23999999463558197,0.23775827884674072,0.9325000047683716,0.23250000178813934,1.0,,,,,0
step-002000,layer_19_image_mean,patch_permutation,400,0.9399999976158142,0.9387755393981934,0.9399999976158142,0.23250000178813934,1.0,,,,,0
step-002000,layer_20_assistant,vision,400,0.23749999701976776,0.25,0.23749999701976776,0.2849999964237213,1.0,0.23749999701976776,0.23749999701976776,0.23749999701976776,1.0,2000
step-002000,layer_20_assistant,paired_counterfactual_image,400,0.23749999701976776,0.25,0.23749999701976776,0.2849999964237213,1.0,,,,,0
step-002000,layer_20_assistant,shuffled_image,400,0.23749999701976776,0.25,0.23749999701976776,0.2849999964237213,1.0,,,,,0
step-002000,layer_20_assistant,patch_permutation,400,0.3649999797344208,0.38691169023513794,0.3649999797344208,0.2474999874830246,1.0,,,,,0
step-002000,layer_20_image_mean,vision,400,0.9325000047683716,0.9311224222183228,0.9325000047683716,0.23250000178813934,1.0,0.25195874950289726,0.20749999582767487,0.30000001192092896,0.0004997501249375312,2000
step-002000,layer_20_image_mean,paired_counterfactual_image,400,0.017500000074505806,0.018817204982042313,0.9325000047683716,0.23250000178813934,1.0,,,,,0
step-002000,layer_20_image_mean,shuffled_image,400,0.23999999463558197,0.23775827884674072,0.9325000047683716,0.23250000178813934,1.0,,,,,0
step-002000,layer_20_image_mean,patch_permutation,400,0.9399999976158142,0.9387755393981934,0.9399999976158142,0.23250000178813934,1.0,,,,,0
step-002000,layer_21_assistant,vision,400,0.23749999701976776,0.25,0.23749999701976776,0.06749999523162842,1.0,0.23749999701976776,0.23749999701976776,0.23749999701976776,1.0,2000
step-002000,layer_21_assistant,paired_counterfactual_image,400,0.23749999701976776,0.25,0.23749999701976776,0.3100000023841858,1.0,,,,,0
step-002000,layer_21_assistant,shuffled_image,400,0.23749999701976776,0.25,0.23749999701976776,0.2849999964237213,1.0,,,,,0
step-002000,layer_21_assistant,patch_permutation,400,0.3075000047683716,0.32543861865997314,0.3075000047683716,0.21249999105930328,1.0,,,,,0
step-002000,layer_21_image_mean,vision,400,0.9325000047683716,0.9311224222183228,0.9325000047683716,0.23250000178813934,1.0,0.25189374934881925,0.20749999582767487,0.29750001430511475,0.0004997501249375312,2000
step-002000,layer_21_image_mean,paired_counterfactual_image,400,0.017500000074505806,0.018817204982042313,0.9325000047683716,0.23250000178813934,1.0,,,,,0
step-002000,layer_21_image_mean,shuffled_image,400,0.23999999463558197,0.23775827884674072,0.9325000047683716,0.23250000178813934,1.0,,,,,0
step-002000,layer_21_image_mean,patch_permutation,400,0.9325000047683716,0.9311224222183228,0.9325000047683716,0.23250000178813934,1.0,,,,,0
step-002000,layer_22_assistant,vision,400,0.23749999701976776,0.25,0.23749999701976776,0.2849999964237213,1.0,0.23749999701976776,0.23749999701976776,0.23749999701976776,1.0,2000
step-002000,layer_22_assistant,paired_counterfactual_image,400,0.23749999701976776,0.25,0.23749999701976776,0.2849999964237213,1.0,,,,,0
step-002000,layer_22_assistant,shuffled_image,400,0.23749999701976776,0.25,0.23749999701976776,0.2849999964237213,1.0,,,,,0
step-002000,layer_22_assistant,patch_permutation,400,0.3024999797344208,0.3200056552886963,0.3024999797344208,0.2549999952316284,1.0,,,,,0
step-002000,layer_22_image_mean,vision,400,0.9325000047683716,0.9311224222183228,0.9325000047683716,0.23250000178813934,1.0,0.25157749976217747,0.20749999582767487,0.29750001430511475,0.0004997501249375312,2000
step-002000,layer_22_image_mean,paired_counterfactual_image,400,0.017500000074505806,0.018817204982042313,0.9325000047683716,0.23250000178813934,1.0,,,,,0
step-002000,layer_22_image_mean,shuffled_image,400,0.23999999463558197,0.23775827884674072,0.9325000047683716,0.23250000178813934,1.0,,,,,0
step-002000,layer_22_image_mean,patch_permutation,400,0.9325000047683716,0.9311224222183228,0.9325000047683716,0.23250000178813934,1.0,,,,,0
step-002000,layer_23_assistant,vision,400,0.23749999701976776,0.25,0.23749999701976776,0.2849999964237213,1.0,0.23749999701976776,0.23749999701976776,0.23749999701976776,1.0,2000
step-002000,layer_23_assistant,paired_counterfactual_image,400,0.23749999701976776,0.25,0.23749999701976776,0.2849999964237213,1.0,,,,,0
step-002000,layer_23_assistant,shuffled_image,400,0.23749999701976776,0.25,0.23749999701976776,0.2849999964237213,1.0,,,,,0
step-002000,layer_23_assistant,patch_permutation,400,0.3199999928474426,0.3388228714466095,0.3199999928474426,0.26749998331069946,1.0,,,,,0
step-002000,layer_23_image_mean,vision,400,0.9325000047683716,0.9311224222183228,0.9325000047683716,0.23250000178813934,1.0,0.2512649990916252,0.20999999344348907,0.29499998688697815,0.0004997501249375312,2000
step-002000,layer_23_image_mean,paired_counterfactual_image,400,0.017500000074505806,0.018817204982042313,0.9325000047683716,0.23250000178813934,1.0,,,,,0
step-002000,layer_23_image_mean,shuffled_image,400,0.23999999463558197,0.23775827884674072,0.9325000047683716,0.23250000178813934,1.0,,,,,0
step-002000,layer_23_image_mean,patch_permutation,400,0.9325000047683716,0.9311224222183228,0.9325000047683716,0.23250000178813934,1.0,,,,,0
step-002000,layer_24_assistant,vision,400,0.23749999701976776,0.25,0.23749999701976776,0.2849999964237213,1.0,0.23749999701976776,0.23749999701976776,0.23749999701976776,1.0,2000
step-002000,layer_24_assistant,paired_counterfactual_image,400,0.23749999701976776,0.25,0.23749999701976776,0.2849999964237213,1.0,,,,,0
step-002000,layer_24_assistant,shuffled_image,400,0.23749999701976776,0.25,0.23749999701976776,0.2849999964237213,1.0,,,,,0
step-002000,layer_24_assistant,patch_permutation,400,0.3649999797344208,0.3875495195388794,0.3649999797344208,0.29499998688697815,1.0,,,,,0
step-002000,layer_24_image_mean,vision,400,1.0,1.0,1.0,0.23250000178813934,1.0,0.2530799994766712,0.20999999344348907,0.29750001430511475,0.0004997501249375312,2000
step-002000,layer_24_image_mean,paired_counterfactual_image,400,0.0,0.0,1.0,0.2574999928474426,1.0,,,,,0
step-002000,layer_24_image_mean,shuffled_image,400,0.23749999701976776,0.23424719274044037,1.0,0.22999998927116394,1.0,,,,,0
step-002000,layer_24_image_mean,patch_permutation,400,0.9649999737739563,0.9682241678237915,0.9649999737739563,0.23250000178813934,1.0,,,,,0
step-002000,projector_center_mean,vision,400,1.0,1.0,1.0,0.35999998450279236,1.0,0.25275249932706356,0.20749999582767487,0.30000001192092896,0.0004997501249375312,2000
step-002000,projector_center_mean,paired_counterfactual_image,400,0.0,0.0,1.0,0.1824999898672104,1.0,,,,,0
step-002000,projector_center_mean,shuffled_image,400,0.23749999701976776,0.23424719274044037,1.0,0.2474999874830246,1.0,,,,,0
step-002000,projector_center_mean,patch_permutation,400,0.3024999797344208,0.3101867735385895,0.3024999797344208,0.2574999928474426,1.0,,,,,0
step-002000,projector_global_mean,vision,400,0.9325000047683716,0.9311224222183228,0.9325000047683716,0.23250000178813934,1.0,0.2519487495869398,0.20749999582767487,0.29750001430511475,0.0004997501249375312,2000
step-002000,projector_global_mean,paired_counterfactual_image,400,0.017500000074505806,0.018817204982042313,0.9325000047683716,0.23250000178813934,1.0,,,,,0
step-002000,projector_global_mean,shuffled_image,400,0.23999999463558197,0.23775827884674072,0.9325000047683716,0.23250000178813934,1.0,,,,,0
step-002000,projector_global_mean,patch_permutation,400,0.9325000047683716,0.9311224222183228,0.9325000047683716,0.23250000178813934,1.0,,,,,0
step-002000,projector_spatial_2x2,vision,400,0.8399999737739563,0.8279569745063782,0.8399999737739563,0.42499998211860657,1.0,0.26079124958068134,0.2199999988079071,0.3050000071525574,0.0004997501249375312,2000
step-002000,projector_spatial_2x2,paired_counterfactual_image,400,0.07499999552965164,0.06578947603702545,0.8399999737739563,0.17499999701976776,1.0,,,,,0
step-002000,projector_spatial_2x2,shuffled_image,400,0.2524999976158142,0.2404724359512329,0.8399999737739563,0.26749998331069946,1.0,,,,,0
step-002000,projector_spatial_2x2,patch_permutation,400,0.28999999165534973,0.2684210538864136,0.28999999165534973,0.23250000178813934,1.0,,,,,0
step-002000,tower_center_mean,vision,400,1.0,1.0,1.0,0.35249999165534973,1.0,0.2523449994251132,0.20749999582767487,0.30000001192092896,0.0004997501249375312,2000
step-002000,tower_center_mean,paired_counterfactual_image,400,0.0,0.0,1.0,0.2149999886751175,1.0,,,,,0
step-002000,tower_center_mean,shuffled_image,400,0.23749999701976776,0.23424719274044037,1.0,0.26749998331069946,1.0,,,,,0
step-002000,tower_center_mean,patch_permutation,400,0.887499988079071,0.9001045227050781,0.887499988079071,0.25,1.0,,,,,0
step-002000,tower_global_mean,vision,400,1.0,1.0,1.0,0.4899999797344208,1.0,0.25249499952048066,0.20749999582767487,0.29750001430511475,0.0004997501249375312,2000
step-002000,tower_global_mean,paired_counterfactual_image,400,0.0,0.0,1.0,0.17749999463558197,1.0,,,,,0
step-002000,tower_global_mean,shuffled_image,400,0.23749999701976776,0.23424719274044037,1.0,0.25999999046325684,1.0,,,,,0
step-002000,tower_global_mean,patch_permutation,400,1.0,1.0,1.0,0.4899999797344208,1.0,,,,,0
step-002000,tower_spatial_2x2,vision,400,1.0,1.0,1.0,0.4274999797344208,1.0,0.25225124941766264,0.20999999344348907,0.29750001430511475,0.0004997501249375312,2000
step-002000,tower_spatial_2x2,paired_counterfactual_image,400,0.0,0.0,1.0,0.19249999523162842,1.0,,,,,0
step-002000,tower_spatial_2x2,shuffled_image,400,0.23749999701976776,0.23424719274044037,1.0,0.26249998807907104,1.0,,,,,0
step-002000,tower_spatial_2x2,patch_permutation,400,0.9599999785423279,0.9639219045639038,0.9599999785423279,0.3499999940395355,1.0,,,,,0
