/run/media/ezra/13D010B6FDBC1A06/1CatVLLM/.venv-1cat/lib/python3.12/site-packages/torch/cuda/__init__.py:1007: UserWarning: Can't initialize NVML
  raw_cnt = _raw_device_count_nvml()
Loading weights:   0%|          | 0/290 [00:00<?, ?it/s]Loading weights:  12%|█▏        | 34/290 [00:00<00:00, 313.22it/s]Loading weights:  23%|██▎       | 66/290 [00:00<00:00, 283.81it/s]Loading weights:  33%|███▎      | 95/290 [00:00<00:00, 279.97it/s]Loading weights:  43%|████▎     | 124/290 [00:00<00:00, 238.48it/s]Loading weights:  51%|█████▏    | 149/290 [00:00<00:00, 229.04it/s]Loading weights: 100%|██████████| 290/290 [00:00<00:00, 413.29it/s]
/run/media/ezra/13D010B6FDBC1A06/1CatVLLM/.venv-1cat/lib/python3.12/site-packages/torch/cuda/__init__.py:1007: UserWarning: Can't initialize NVML
  raw_cnt = _raw_device_count_nvml()
[step-000000] preference/vision 16/2400
[step-000000] preference/vision 32/2400
[step-000000] preference/vision 48/2400
[step-000000] preference/vision 64/2400
[step-000000] preference/vision 80/2400
[step-000000] preference/vision 96/2400
[step-000000] preference/vision 112/2400
[step-000000] preference/vision 128/2400
[step-000000] preference/vision 144/2400
[step-000000] preference/vision 160/2400
[step-000000] preference/vision 176/2400
[step-000000] preference/vision 192/2400
[step-000000] preference/vision 208/2400
[step-000000] preference/vision 224/2400
[step-000000] preference/vision 240/2400
[step-000000] preference/vision 256/2400
[step-000000] preference/vision 272/2400
[step-000000] preference/vision 288/2400
[step-000000] preference/vision 304/2400
[step-000000] preference/vision 320/2400
[step-000000] preference/vision 336/2400
[step-000000] preference/vision 352/2400
[step-000000] preference/vision 368/2400
[step-000000] preference/vision 384/2400
[step-000000] preference/vision 400/2400
[step-000000] preference/vision 416/2400
[step-000000] preference/vision 432/2400
[step-000000] preference/vision 448/2400
[step-000000] preference/vision 464/2400
[step-000000] preference/vision 480/2400
[step-000000] preference/vision 496/2400
[step-000000] preference/vision 512/2400
[step-000000] preference/vision 528/2400
[step-000000] preference/vision 544/2400
[step-000000] preference/vision 560/2400
[step-000000] preference/vision 576/2400
[step-000000] preference/vision 592/2400
[step-000000] preference/vision 608/2400
[step-000000] preference/vision 624/2400
[step-000000] preference/vision 640/2400
[step-000000] preference/vision 656/2400
[step-000000] preference/vision 672/2400
[step-000000] preference/vision 688/2400
[step-000000] preference/vision 704/2400
[step-000000] preference/vision 720/2400
[step-000000] preference/vision 736/2400
[step-000000] preference/vision 752/2400
[step-000000] preference/vision 768/2400
[step-000000] preference/vision 784/2400
[step-000000] preference/vision 800/2400
[step-000000] preference/vision 816/2400
[step-000000] preference/vision 832/2400
[step-000000] preference/vision 848/2400
[step-000000] preference/vision 864/2400
[step-000000] preference/vision 880/2400
[step-000000] preference/vision 896/2400
[step-000000] preference/vision 912/2400
[step-000000] preference/vision 928/2400
[step-000000] preference/vision 944/2400
[step-000000] preference/vision 960/2400
[step-000000] preference/vision 976/2400
[step-000000] preference/vision 992/2400
[step-000000] preference/vision 1008/2400
[step-000000] preference/vision 1024/2400
[step-000000] preference/vision 1040/2400
[step-000000] preference/vision 1056/2400
[step-000000] preference/vision 1072/2400
[step-000000] preference/vision 1088/2400
[step-000000] preference/vision 1104/2400
[step-000000] preference/vision 1120/2400
[step-000000] preference/vision 1136/2400
[step-000000] preference/vision 1152/2400
[step-000000] preference/vision 1168/2400
[step-000000] preference/vision 1184/2400
[step-000000] preference/vision 1200/2400
[step-000000] preference/vision 1216/2400
[step-000000] preference/vision 1232/2400
[step-000000] preference/vision 1248/2400
[step-000000] preference/vision 1264/2400
[step-000000] preference/vision 1280/2400
[step-000000] preference/vision 1296/2400
[step-000000] preference/vision 1312/2400
[step-000000] preference/vision 1328/2400
[step-000000] preference/vision 1344/2400
[step-000000] preference/vision 1360/2400
[step-000000] preference/vision 1376/2400
[step-000000] preference/vision 1392/2400
[step-000000] preference/vision 1408/2400
[step-000000] preference/vision 1424/2400
[step-000000] preference/vision 1440/2400
[step-000000] preference/vision 1456/2400
[step-000000] preference/vision 1472/2400
[step-000000] preference/vision 1488/2400
[step-000000] preference/vision 1504/2400
[step-000000] preference/vision 1520/2400
[step-000000] preference/vision 1536/2400
[step-000000] preference/vision 1552/2400
[step-000000] preference/vision 1568/2400
[step-000000] preference/vision 1584/2400
[step-000000] preference/vision 1600/2400
[step-000000] preference/vision 1616/2400
[step-000000] preference/vision 1632/2400
[step-000000] preference/vision 1648/2400
[step-000000] preference/vision 1664/2400
[step-000000] preference/vision 1680/2400
[step-000000] preference/vision 1696/2400
[step-000000] preference/vision 1712/2400
[step-000000] preference/vision 1728/2400
[step-000000] preference/vision 1744/2400
[step-000000] preference/vision 1760/2400
[step-000000] preference/vision 1776/2400
[step-000000] preference/vision 1792/2400
[step-000000] preference/vision 1808/2400
[step-000000] preference/vision 1824/2400
[step-000000] preference/vision 1840/2400
[step-000000] preference/vision 1856/2400
[step-000000] preference/vision 1872/2400
[step-000000] preference/vision 1888/2400
[step-000000] preference/vision 1904/2400
[step-000000] preference/vision 1920/2400
[step-000000] preference/vision 1936/2400
[step-000000] preference/vision 1952/2400
[step-000000] preference/vision 1968/2400
[step-000000] preference/vision 1984/2400
[step-000000] preference/vision 2000/2400
[step-000000] preference/vision 2016/2400
[step-000000] preference/vision 2032/2400
[step-000000] preference/vision 2048/2400
[step-000000] preference/vision 2064/2400
[step-000000] preference/vision 2080/2400
[step-000000] preference/vision 2096/2400
[step-000000] preference/vision 2112/2400
[step-000000] preference/vision 2128/2400
[step-000000] preference/vision 2144/2400
[step-000000] preference/vision 2160/2400
[step-000000] preference/vision 2176/2400
[step-000000] preference/vision 2192/2400
[step-000000] preference/vision 2208/2400
[step-000000] preference/vision 2224/2400
[step-000000] preference/vision 2240/2400
[step-000000] preference/vision 2256/2400
[step-000000] preference/vision 2272/2400
[step-000000] preference/vision 2288/2400
[step-000000] preference/vision 2304/2400
[step-000000] preference/vision 2320/2400
[step-000000] preference/vision 2336/2400
[step-000000] preference/vision 2352/2400
[step-000000] preference/vision 2368/2400
[step-000000] preference/vision 2384/2400
[step-000000] preference/vision 2400/2400
[step-000000] preference/blind 16/2400
[step-000000] preference/blind 32/2400
[step-000000] preference/blind 48/2400
[step-000000] preference/blind 64/2400
[step-000000] preference/blind 80/2400
[step-000000] preference/blind 96/2400
[step-000000] preference/blind 112/2400
[step-000000] preference/blind 128/2400
[step-000000] preference/blind 144/2400
[step-000000] preference/blind 160/2400
[step-000000] preference/blind 176/2400
[step-000000] preference/blind 192/2400
[step-000000] preference/blind 208/2400
[step-000000] preference/blind 224/2400
[step-000000] preference/blind 240/2400
[step-000000] preference/blind 256/2400
[step-000000] preference/blind 272/2400
[step-000000] preference/blind 288/2400
[step-000000] preference/blind 304/2400
[step-000000] preference/blind 320/2400
[step-000000] preference/blind 336/2400
[step-000000] preference/blind 352/2400
[step-000000] preference/blind 368/2400
[step-000000] preference/blind 384/2400
[step-000000] preference/blind 400/2400
[step-000000] preference/blind 416/2400
[step-000000] preference/blind 432/2400
[step-000000] preference/blind 448/2400
[step-000000] preference/blind 464/2400
[step-000000] preference/blind 480/2400
[step-000000] preference/blind 496/2400
[step-000000] preference/blind 512/2400
[step-000000] preference/blind 528/2400
[step-000000] preference/blind 544/2400
[step-000000] preference/blind 560/2400
[step-000000] preference/blind 576/2400
[step-000000] preference/blind 592/2400
[step-000000] preference/blind 608/2400
[step-000000] preference/blind 624/2400
[step-000000] preference/blind 640/2400
[step-000000] preference/blind 656/2400
[step-000000] preference/blind 672/2400
[step-000000] preference/blind 688/2400
[step-000000] preference/blind 704/2400
[step-000000] preference/blind 720/2400
[step-000000] preference/blind 736/2400
[step-000000] preference/blind 752/2400
[step-000000] preference/blind 768/2400
[step-000000] preference/blind 784/2400
[step-000000] preference/blind 800/2400
[step-000000] preference/blind 816/2400
[step-000000] preference/blind 832/2400
[step-000000] preference/blind 848/2400
[step-000000] preference/blind 864/2400
[step-000000] preference/blind 880/2400
[step-000000] preference/blind 896/2400
[step-000000] preference/blind 912/2400
[step-000000] preference/blind 928/2400
[step-000000] preference/blind 944/2400
[step-000000] preference/blind 960/2400
[step-000000] preference/blind 976/2400
[step-000000] preference/blind 992/2400
[step-000000] preference/blind 1008/2400
[step-000000] preference/blind 1024/2400
[step-000000] preference/blind 1040/2400
[step-000000] preference/blind 1056/2400
[step-000000] preference/blind 1072/2400
[step-000000] preference/blind 1088/2400
[step-000000] preference/blind 1104/2400
[step-000000] preference/blind 1120/2400
[step-000000] preference/blind 1136/2400
[step-000000] preference/blind 1152/2400
[step-000000] preference/blind 1168/2400
[step-000000] preference/blind 1184/2400
[step-000000] preference/blind 1200/2400
[step-000000] preference/blind 1216/2400
[step-000000] preference/blind 1232/2400
[step-000000] preference/blind 1248/2400
[step-000000] preference/blind 1264/2400
[step-000000] preference/blind 1280/2400
[step-000000] preference/blind 1296/2400
[step-000000] preference/blind 1312/2400
[step-000000] preference/blind 1328/2400
[step-000000] preference/blind 1344/2400
[step-000000] preference/blind 1360/2400
[step-000000] preference/blind 1376/2400
[step-000000] preference/blind 1392/2400
[step-000000] preference/blind 1408/2400
[step-000000] preference/blind 1424/2400
[step-000000] preference/blind 1440/2400
[step-000000] preference/blind 1456/2400
[step-000000] preference/blind 1472/2400
[step-000000] preference/blind 1488/2400
[step-000000] preference/blind 1504/2400
[step-000000] preference/blind 1520/2400
[step-000000] preference/blind 1536/2400
[step-000000] preference/blind 1552/2400
[step-000000] preference/blind 1568/2400
[step-000000] preference/blind 1584/2400
[step-000000] preference/blind 1600/2400
[step-000000] preference/blind 1616/2400
[step-000000] preference/blind 1632/2400
[step-000000] preference/blind 1648/2400
[step-000000] preference/blind 1664/2400
[step-000000] preference/blind 1680/2400
[step-000000] preference/blind 1696/2400
[step-000000] preference/blind 1712/2400
[step-000000] preference/blind 1728/2400
[step-000000] preference/blind 1744/2400
[step-000000] preference/blind 1760/2400
[step-000000] preference/blind 1776/2400
[step-000000] preference/blind 1792/2400
[step-000000] preference/blind 1808/2400
[step-000000] preference/blind 1824/2400
[step-000000] preference/blind 1840/2400
[step-000000] preference/blind 1856/2400
[step-000000] preference/blind 1872/2400
[step-000000] preference/blind 1888/2400
[step-000000] preference/blind 1904/2400
[step-000000] preference/blind 1920/2400
[step-000000] preference/blind 1936/2400
[step-000000] preference/blind 1952/2400
[step-000000] preference/blind 1968/2400
[step-000000] preference/blind 1984/2400
[step-000000] preference/blind 2000/2400
[step-000000] preference/blind 2016/2400
[step-000000] preference/blind 2032/2400
[step-000000] preference/blind 2048/2400
[step-000000] preference/blind 2064/2400
[step-000000] preference/blind 2080/2400
[step-000000] preference/blind 2096/2400
[step-000000] preference/blind 2112/2400
[step-000000] preference/blind 2128/2400
[step-000000] preference/blind 2144/2400
[step-000000] preference/blind 2160/2400
[step-000000] preference/blind 2176/2400
[step-000000] preference/blind 2192/2400
[step-000000] preference/blind 2208/2400
[step-000000] preference/blind 2224/2400
[step-000000] preference/blind 2240/2400
[step-000000] preference/blind 2256/2400
[step-000000] preference/blind 2272/2400
[step-000000] preference/blind 2288/2400
[step-000000] preference/blind 2304/2400
[step-000000] preference/blind 2320/2400
[step-000000] preference/blind 2336/2400
[step-000000] preference/blind 2352/2400
[step-000000] preference/blind 2368/2400
[step-000000] preference/blind 2384/2400
[step-000000] preference/blind 2400/2400
[step-000000] preference/blank 16/2400
[step-000000] preference/blank 32/2400
[step-000000] preference/blank 48/2400
[step-000000] preference/blank 64/2400
[step-000000] preference/blank 80/2400
[step-000000] preference/blank 96/2400
[step-000000] preference/blank 112/2400
[step-000000] preference/blank 128/2400
[step-000000] preference/blank 144/2400
[step-000000] preference/blank 160/2400
[step-000000] preference/blank 176/2400
[step-000000] preference/blank 192/2400
[step-000000] preference/blank 208/2400
[step-000000] preference/blank 224/2400
[step-000000] preference/blank 240/2400
[step-000000] preference/blank 256/2400
[step-000000] preference/blank 272/2400
[step-000000] preference/blank 288/2400
[step-000000] preference/blank 304/2400
[step-000000] preference/blank 320/2400
[step-000000] preference/blank 336/2400
[step-000000] preference/blank 352/2400
[step-000000] preference/blank 368/2400
[step-000000] preference/blank 384/2400
[step-000000] preference/blank 400/2400
[step-000000] preference/blank 416/2400
[step-000000] preference/blank 432/2400
[step-000000] preference/blank 448/2400
[step-000000] preference/blank 464/2400
[step-000000] preference/blank 480/2400
[step-000000] preference/blank 496/2400
[step-000000] preference/blank 512/2400
[step-000000] preference/blank 528/2400
[step-000000] preference/blank 544/2400
[step-000000] preference/blank 560/2400
[step-000000] preference/blank 576/2400
[step-000000] preference/blank 592/2400
[step-000000] preference/blank 608/2400
[step-000000] preference/blank 624/2400
[step-000000] preference/blank 640/2400
[step-000000] preference/blank 656/2400
[step-000000] preference/blank 672/2400
[step-000000] preference/blank 688/2400
[step-000000] preference/blank 704/2400
[step-000000] preference/blank 720/2400
[step-000000] preference/blank 736/2400
[step-000000] preference/blank 752/2400
[step-000000] preference/blank 768/2400
[step-000000] preference/blank 784/2400
[step-000000] preference/blank 800/2400
[step-000000] preference/blank 816/2400
[step-000000] preference/blank 832/2400
[step-000000] preference/blank 848/2400
[step-000000] preference/blank 864/2400
[step-000000] preference/blank 880/2400
[step-000000] preference/blank 896/2400
[step-000000] preference/blank 912/2400
[step-000000] preference/blank 928/2400
[step-000000] preference/blank 944/2400
[step-000000] preference/blank 960/2400
[step-000000] preference/blank 976/2400
[step-000000] preference/blank 992/2400
[step-000000] preference/blank 1008/2400
[step-000000] preference/blank 1024/2400
[step-000000] preference/blank 1040/2400
[step-000000] preference/blank 1056/2400
[step-000000] preference/blank 1072/2400
[step-000000] preference/blank 1088/2400
[step-000000] preference/blank 1104/2400
[step-000000] preference/blank 1120/2400
[step-000000] preference/blank 1136/2400
[step-000000] preference/blank 1152/2400
[step-000000] preference/blank 1168/2400
[step-000000] preference/blank 1184/2400
[step-000000] preference/blank 1200/2400
[step-000000] preference/blank 1216/2400
[step-000000] preference/blank 1232/2400
[step-000000] preference/blank 1248/2400
[step-000000] preference/blank 1264/2400
[step-000000] preference/blank 1280/2400
[step-000000] preference/blank 1296/2400
[step-000000] preference/blank 1312/2400
[step-000000] preference/blank 1328/2400
[step-000000] preference/blank 1344/2400
[step-000000] preference/blank 1360/2400
[step-000000] preference/blank 1376/2400
[step-000000] preference/blank 1392/2400
[step-000000] preference/blank 1408/2400
[step-000000] preference/blank 1424/2400
[step-000000] preference/blank 1440/2400
[step-000000] preference/blank 1456/2400
[step-000000] preference/blank 1472/2400
[step-000000] preference/blank 1488/2400
[step-000000] preference/blank 1504/2400
[step-000000] preference/blank 1520/2400
[step-000000] preference/blank 1536/2400
[step-000000] preference/blank 1552/2400
[step-000000] preference/blank 1568/2400
[step-000000] preference/blank 1584/2400
[step-000000] preference/blank 1600/2400
[step-000000] preference/blank 1616/2400
[step-000000] preference/blank 1632/2400
[step-000000] preference/blank 1648/2400
[step-000000] preference/blank 1664/2400
[step-000000] preference/blank 1680/2400
[step-000000] preference/blank 1696/2400
[step-000000] preference/blank 1712/2400
[step-000000] preference/blank 1728/2400
[step-000000] preference/blank 1744/2400
[step-000000] preference/blank 1760/2400
[step-000000] preference/blank 1776/2400
[step-000000] preference/blank 1792/2400
[step-000000] preference/blank 1808/2400
[step-000000] preference/blank 1824/2400
[step-000000] preference/blank 1840/2400
[step-000000] preference/blank 1856/2400
[step-000000] preference/blank 1872/2400
[step-000000] preference/blank 1888/2400
[step-000000] preference/blank 1904/2400
[step-000000] preference/blank 1920/2400
[step-000000] preference/blank 1936/2400
[step-000000] preference/blank 1952/2400
[step-000000] preference/blank 1968/2400
[step-000000] preference/blank 1984/2400
[step-000000] preference/blank 2000/2400
[step-000000] preference/blank 2016/2400
[step-000000] preference/blank 2032/2400
[step-000000] preference/blank 2048/2400
[step-000000] preference/blank 2064/2400
[step-000000] preference/blank 2080/2400
[step-000000] preference/blank 2096/2400
[step-000000] preference/blank 2112/2400
[step-000000] preference/blank 2128/2400
[step-000000] preference/blank 2144/2400
[step-000000] preference/blank 2160/2400
[step-000000] preference/blank 2176/2400
[step-000000] preference/blank 2192/2400
[step-000000] preference/blank 2208/2400
[step-000000] preference/blank 2224/2400
[step-000000] preference/blank 2240/2400
[step-000000] preference/blank 2256/2400
[step-000000] preference/blank 2272/2400
[step-000000] preference/blank 2288/2400
[step-000000] preference/blank 2304/2400
[step-000000] preference/blank 2320/2400
[step-000000] preference/blank 2336/2400
[step-000000] preference/blank 2352/2400
[step-000000] preference/blank 2368/2400
[step-000000] preference/blank 2384/2400
[step-000000] preference/blank 2400/2400
[step-000000] preference/same_image 16/2400
[step-000000] preference/same_image 32/2400
[step-000000] preference/same_image 48/2400
[step-000000] preference/same_image 64/2400
[step-000000] preference/same_image 80/2400
[step-000000] preference/same_image 96/2400
[step-000000] preference/same_image 112/2400
[step-000000] preference/same_image 128/2400
[step-000000] preference/same_image 144/2400
[step-000000] preference/same_image 160/2400
[step-000000] preference/same_image 176/2400
[step-000000] preference/same_image 192/2400
[step-000000] preference/same_image 208/2400
[step-000000] preference/same_image 224/2400
[step-000000] preference/same_image 240/2400
[step-000000] preference/same_image 256/2400
[step-000000] preference/same_image 272/2400
[step-000000] preference/same_image 288/2400
[step-000000] preference/same_image 304/2400
[step-000000] preference/same_image 320/2400
[step-000000] preference/same_image 336/2400
[step-000000] preference/same_image 352/2400
[step-000000] preference/same_image 368/2400
[step-000000] preference/same_image 384/2400
[step-000000] preference/same_image 400/2400
[step-000000] preference/same_image 416/2400
[step-000000] preference/same_image 432/2400
[step-000000] preference/same_image 448/2400
[step-000000] preference/same_image 464/2400
[step-000000] preference/same_image 480/2400
[step-000000] preference/same_image 496/2400
[step-000000] preference/same_image 512/2400
[step-000000] preference/same_image 528/2400
[step-000000] preference/same_image 544/2400
[step-000000] preference/same_image 560/2400
[step-000000] preference/same_image 576/2400
[step-000000] preference/same_image 592/2400
[step-000000] preference/same_image 608/2400
[step-000000] preference/same_image 624/2400
[step-000000] preference/same_image 640/2400
[step-000000] preference/same_image 656/2400
[step-000000] preference/same_image 672/2400
[step-000000] preference/same_image 688/2400
[step-000000] preference/same_image 704/2400
[step-000000] preference/same_image 720/2400
[step-000000] preference/same_image 736/2400
[step-000000] preference/same_image 752/2400
[step-000000] preference/same_image 768/2400
[step-000000] preference/same_image 784/2400
[step-000000] preference/same_image 800/2400
[step-000000] preference/same_image 816/2400
[step-000000] preference/same_image 832/2400
[step-000000] preference/same_image 848/2400
[step-000000] preference/same_image 864/2400
[step-000000] preference/same_image 880/2400
[step-000000] preference/same_image 896/2400
[step-000000] preference/same_image 912/2400
[step-000000] preference/same_image 928/2400
[step-000000] preference/same_image 944/2400
[step-000000] preference/same_image 960/2400
[step-000000] preference/same_image 976/2400
[step-000000] preference/same_image 992/2400
[step-000000] preference/same_image 1008/2400
[step-000000] preference/same_image 1024/2400
[step-000000] preference/same_image 1040/2400
[step-000000] preference/same_image 1056/2400
[step-000000] preference/same_image 1072/2400
[step-000000] preference/same_image 1088/2400
[step-000000] preference/same_image 1104/2400
[step-000000] preference/same_image 1120/2400
[step-000000] preference/same_image 1136/2400
[step-000000] preference/same_image 1152/2400
[step-000000] preference/same_image 1168/2400
[step-000000] preference/same_image 1184/2400
[step-000000] preference/same_image 1200/2400
[step-000000] preference/same_image 1216/2400
[step-000000] preference/same_image 1232/2400
[step-000000] preference/same_image 1248/2400
[step-000000] preference/same_image 1264/2400
[step-000000] preference/same_image 1280/2400
[step-000000] preference/same_image 1296/2400
[step-000000] preference/same_image 1312/2400
[step-000000] preference/same_image 1328/2400
[step-000000] preference/same_image 1344/2400
[step-000000] preference/same_image 1360/2400
[step-000000] preference/same_image 1376/2400
[step-000000] preference/same_image 1392/2400
[step-000000] preference/same_image 1408/2400
[step-000000] preference/same_image 1424/2400
[step-000000] preference/same_image 1440/2400
[step-000000] preference/same_image 1456/2400
[step-000000] preference/same_image 1472/2400
[step-000000] preference/same_image 1488/2400
[step-000000] preference/same_image 1504/2400
[step-000000] preference/same_image 1520/2400
[step-000000] preference/same_image 1536/2400
[step-000000] preference/same_image 1552/2400
[step-000000] preference/same_image 1568/2400
[step-000000] preference/same_image 1584/2400
[step-000000] preference/same_image 1600/2400
[step-000000] preference/same_image 1616/2400
[step-000000] preference/same_image 1632/2400
[step-000000] preference/same_image 1648/2400
[step-000000] preference/same_image 1664/2400
[step-000000] preference/same_image 1680/2400
[step-000000] preference/same_image 1696/2400
[step-000000] preference/same_image 1712/2400
[step-000000] preference/same_image 1728/2400
[step-000000] preference/same_image 1744/2400
[step-000000] preference/same_image 1760/2400
[step-000000] preference/same_image 1776/2400
[step-000000] preference/same_image 1792/2400
[step-000000] preference/same_image 1808/2400
[step-000000] preference/same_image 1824/2400
[step-000000] preference/same_image 1840/2400
[step-000000] preference/same_image 1856/2400
[step-000000] preference/same_image 1872/2400
[step-000000] preference/same_image 1888/2400
[step-000000] preference/same_image 1904/2400
[step-000000] preference/same_image 1920/2400
[step-000000] preference/same_image 1936/2400
[step-000000] preference/same_image 1952/2400
[step-000000] preference/same_image 1968/2400
[step-000000] preference/same_image 1984/2400
[step-000000] preference/same_image 2000/2400
[step-000000] preference/same_image 2016/2400
[step-000000] preference/same_image 2032/2400
[step-000000] preference/same_image 2048/2400
[step-000000] preference/same_image 2064/2400
[step-000000] preference/same_image 2080/2400
[step-000000] preference/same_image 2096/2400
[step-000000] preference/same_image 2112/2400
[step-000000] preference/same_image 2128/2400
[step-000000] preference/same_image 2144/2400
[step-000000] preference/same_image 2160/2400
[step-000000] preference/same_image 2176/2400
[step-000000] preference/same_image 2192/2400
[step-000000] preference/same_image 2208/2400
[step-000000] preference/same_image 2224/2400
[step-000000] preference/same_image 2240/2400
[step-000000] preference/same_image 2256/2400
[step-000000] preference/same_image 2272/2400
[step-000000] preference/same_image 2288/2400
[step-000000] preference/same_image 2304/2400
[step-000000] preference/same_image 2320/2400
[step-000000] preference/same_image 2336/2400
[step-000000] preference/same_image 2352/2400
[step-000000] preference/same_image 2368/2400
[step-000000] preference/same_image 2384/2400
[step-000000] preference/same_image 2400/2400
[step-000000] preference/shuffled_image 16/2400
[step-000000] preference/shuffled_image 32/2400
[step-000000] preference/shuffled_image 48/2400
[step-000000] preference/shuffled_image 64/2400
[step-000000] preference/shuffled_image 80/2400
[step-000000] preference/shuffled_image 96/2400
[step-000000] preference/shuffled_image 112/2400
[step-000000] preference/shuffled_image 128/2400
[step-000000] preference/shuffled_image 144/2400
[step-000000] preference/shuffled_image 160/2400
[step-000000] preference/shuffled_image 176/2400
[step-000000] preference/shuffled_image 192/2400
[step-000000] preference/shuffled_image 208/2400
[step-000000] preference/shuffled_image 224/2400
[step-000000] preference/shuffled_image 240/2400
[step-000000] preference/shuffled_image 256/2400
[step-000000] preference/shuffled_image 272/2400
[step-000000] preference/shuffled_image 288/2400
[step-000000] preference/shuffled_image 304/2400
[step-000000] preference/shuffled_image 320/2400
[step-000000] preference/shuffled_image 336/2400
[step-000000] preference/shuffled_image 352/2400
[step-000000] preference/shuffled_image 368/2400
[step-000000] preference/shuffled_image 384/2400
[step-000000] preference/shuffled_image 400/2400
[step-000000] preference/shuffled_image 416/2400
[step-000000] preference/shuffled_image 432/2400
[step-000000] preference/shuffled_image 448/2400
[step-000000] preference/shuffled_image 464/2400
[step-000000] preference/shuffled_image 480/2400
[step-000000] preference/shuffled_image 496/2400
[step-000000] preference/shuffled_image 512/2400
[step-000000] preference/shuffled_image 528/2400
[step-000000] preference/shuffled_image 544/2400
[step-000000] preference/shuffled_image 560/2400
[step-000000] preference/shuffled_image 576/2400
[step-000000] preference/shuffled_image 592/2400
[step-000000] preference/shuffled_image 608/2400
[step-000000] preference/shuffled_image 624/2400
[step-000000] preference/shuffled_image 640/2400
[step-000000] preference/shuffled_image 656/2400
[step-000000] preference/shuffled_image 672/2400
[step-000000] preference/shuffled_image 688/2400
[step-000000] preference/shuffled_image 704/2400
[step-000000] preference/shuffled_image 720/2400
[step-000000] preference/shuffled_image 736/2400
[step-000000] preference/shuffled_image 752/2400
[step-000000] preference/shuffled_image 768/2400
[step-000000] preference/shuffled_image 784/2400
[step-000000] preference/shuffled_image 800/2400
[step-000000] preference/shuffled_image 816/2400
[step-000000] preference/shuffled_image 832/2400
[step-000000] preference/shuffled_image 848/2400
[step-000000] preference/shuffled_image 864/2400
[step-000000] preference/shuffled_image 880/2400
[step-000000] preference/shuffled_image 896/2400
[step-000000] preference/shuffled_image 912/2400
[step-000000] preference/shuffled_image 928/2400
[step-000000] preference/shuffled_image 944/2400
[step-000000] preference/shuffled_image 960/2400
[step-000000] preference/shuffled_image 976/2400
[step-000000] preference/shuffled_image 992/2400
[step-000000] preference/shuffled_image 1008/2400
[step-000000] preference/shuffled_image 1024/2400
[step-000000] preference/shuffled_image 1040/2400
[step-000000] preference/shuffled_image 1056/2400
[step-000000] preference/shuffled_image 1072/2400
[step-000000] preference/shuffled_image 1088/2400
[step-000000] preference/shuffled_image 1104/2400
[step-000000] preference/shuffled_image 1120/2400
[step-000000] preference/shuffled_image 1136/2400
[step-000000] preference/shuffled_image 1152/2400
[step-000000] preference/shuffled_image 1168/2400
[step-000000] preference/shuffled_image 1184/2400
[step-000000] preference/shuffled_image 1200/2400
[step-000000] preference/shuffled_image 1216/2400
[step-000000] preference/shuffled_image 1232/2400
[step-000000] preference/shuffled_image 1248/2400
[step-000000] preference/shuffled_image 1264/2400
[step-000000] preference/shuffled_image 1280/2400
[step-000000] preference/shuffled_image 1296/2400
[step-000000] preference/shuffled_image 1312/2400
[step-000000] preference/shuffled_image 1328/2400
[step-000000] preference/shuffled_image 1344/2400
[step-000000] preference/shuffled_image 1360/2400
[step-000000] preference/shuffled_image 1376/2400
[step-000000] preference/shuffled_image 1392/2400
[step-000000] preference/shuffled_image 1408/2400
[step-000000] preference/shuffled_image 1424/2400
[step-000000] preference/shuffled_image 1440/2400
[step-000000] preference/shuffled_image 1456/2400
[step-000000] preference/shuffled_image 1472/2400
[step-000000] preference/shuffled_image 1488/2400
[step-000000] preference/shuffled_image 1504/2400
[step-000000] preference/shuffled_image 1520/2400
[step-000000] preference/shuffled_image 1536/2400
[step-000000] preference/shuffled_image 1552/2400
[step-000000] preference/shuffled_image 1568/2400
[step-000000] preference/shuffled_image 1584/2400
[step-000000] preference/shuffled_image 1600/2400
[step-000000] preference/shuffled_image 1616/2400
[step-000000] preference/shuffled_image 1632/2400
[step-000000] preference/shuffled_image 1648/2400
[step-000000] preference/shuffled_image 1664/2400
[step-000000] preference/shuffled_image 1680/2400
[step-000000] preference/shuffled_image 1696/2400
[step-000000] preference/shuffled_image 1712/2400
[step-000000] preference/shuffled_image 1728/2400
[step-000000] preference/shuffled_image 1744/2400
[step-000000] preference/shuffled_image 1760/2400
[step-000000] preference/shuffled_image 1776/2400
[step-000000] preference/shuffled_image 1792/2400
[step-000000] preference/shuffled_image 1808/2400
[step-000000] preference/shuffled_image 1824/2400
[step-000000] preference/shuffled_image 1840/2400
[step-000000] preference/shuffled_image 1856/2400
[step-000000] preference/shuffled_image 1872/2400
[step-000000] preference/shuffled_image 1888/2400
[step-000000] preference/shuffled_image 1904/2400
[step-000000] preference/shuffled_image 1920/2400
[step-000000] preference/shuffled_image 1936/2400
[step-000000] preference/shuffled_image 1952/2400
[step-000000] preference/shuffled_image 1968/2400
[step-000000] preference/shuffled_image 1984/2400
[step-000000] preference/shuffled_image 2000/2400
[step-000000] preference/shuffled_image 2016/2400
[step-000000] preference/shuffled_image 2032/2400
[step-000000] preference/shuffled_image 2048/2400
[step-000000] preference/shuffled_image 2064/2400
[step-000000] preference/shuffled_image 2080/2400
[step-000000] preference/shuffled_image 2096/2400
[step-000000] preference/shuffled_image 2112/2400
[step-000000] preference/shuffled_image 2128/2400
[step-000000] preference/shuffled_image 2144/2400
[step-000000] preference/shuffled_image 2160/2400
[step-000000] preference/shuffled_image 2176/2400
[step-000000] preference/shuffled_image 2192/2400
[step-000000] preference/shuffled_image 2208/2400
[step-000000] preference/shuffled_image 2224/2400
[step-000000] preference/shuffled_image 2240/2400
[step-000000] preference/shuffled_image 2256/2400
[step-000000] preference/shuffled_image 2272/2400
[step-000000] preference/shuffled_image 2288/2400
[step-000000] preference/shuffled_image 2304/2400
[step-000000] preference/shuffled_image 2320/2400
[step-000000] preference/shuffled_image 2336/2400
[step-000000] preference/shuffled_image 2352/2400
[step-000000] preference/shuffled_image 2368/2400
[step-000000] preference/shuffled_image 2384/2400
[step-000000] preference/shuffled_image 2400/2400
[step-000000] preference/patch_permutation 16/2400
[step-000000] preference/patch_permutation 32/2400
[step-000000] preference/patch_permutation 48/2400
[step-000000] preference/patch_permutation 64/2400
[step-000000] preference/patch_permutation 80/2400
[step-000000] preference/patch_permutation 96/2400
[step-000000] preference/patch_permutation 112/2400
[step-000000] preference/patch_permutation 128/2400
[step-000000] preference/patch_permutation 144/2400
[step-000000] preference/patch_permutation 160/2400
[step-000000] preference/patch_permutation 176/2400
[step-000000] preference/patch_permutation 192/2400
[step-000000] preference/patch_permutation 208/2400
[step-000000] preference/patch_permutation 224/2400
[step-000000] preference/patch_permutation 240/2400
[step-000000] preference/patch_permutation 256/2400
[step-000000] preference/patch_permutation 272/2400
[step-000000] preference/patch_permutation 288/2400
[step-000000] preference/patch_permutation 304/2400
[step-000000] preference/patch_permutation 320/2400
[step-000000] preference/patch_permutation 336/2400
[step-000000] preference/patch_permutation 352/2400
[step-000000] preference/patch_permutation 368/2400
[step-000000] preference/patch_permutation 384/2400
[step-000000] preference/patch_permutation 400/2400
[step-000000] preference/patch_permutation 416/2400
[step-000000] preference/patch_permutation 432/2400
[step-000000] preference/patch_permutation 448/2400
[step-000000] preference/patch_permutation 464/2400
[step-000000] preference/patch_permutation 480/2400
[step-000000] preference/patch_permutation 496/2400
[step-000000] preference/patch_permutation 512/2400
[step-000000] preference/patch_permutation 528/2400
[step-000000] preference/patch_permutation 544/2400
[step-000000] preference/patch_permutation 560/2400
[step-000000] preference/patch_permutation 576/2400
[step-000000] preference/patch_permutation 592/2400
[step-000000] preference/patch_permutation 608/2400
[step-000000] preference/patch_permutation 624/2400
[step-000000] preference/patch_permutation 640/2400
[step-000000] preference/patch_permutation 656/2400
[step-000000] preference/patch_permutation 672/2400
[step-000000] preference/patch_permutation 688/2400
[step-000000] preference/patch_permutation 704/2400
[step-000000] preference/patch_permutation 720/2400
[step-000000] preference/patch_permutation 736/2400
[step-000000] preference/patch_permutation 752/2400
[step-000000] preference/patch_permutation 768/2400
[step-000000] preference/patch_permutation 784/2400
[step-000000] preference/patch_permutation 800/2400
[step-000000] preference/patch_permutation 816/2400
[step-000000] preference/patch_permutation 832/2400
[step-000000] preference/patch_permutation 848/2400
[step-000000] preference/patch_permutation 864/2400
[step-000000] preference/patch_permutation 880/2400
[step-000000] preference/patch_permutation 896/2400
[step-000000] preference/patch_permutation 912/2400
[step-000000] preference/patch_permutation 928/2400
[step-000000] preference/patch_permutation 944/2400
[step-000000] preference/patch_permutation 960/2400
[step-000000] preference/patch_permutation 976/2400
[step-000000] preference/patch_permutation 992/2400
[step-000000] preference/patch_permutation 1008/2400
[step-000000] preference/patch_permutation 1024/2400
[step-000000] preference/patch_permutation 1040/2400
[step-000000] preference/patch_permutation 1056/2400
[step-000000] preference/patch_permutation 1072/2400
[step-000000] preference/patch_permutation 1088/2400
[step-000000] preference/patch_permutation 1104/2400
[step-000000] preference/patch_permutation 1120/2400
[step-000000] preference/patch_permutation 1136/2400
[step-000000] preference/patch_permutation 1152/2400
[step-000000] preference/patch_permutation 1168/2400
[step-000000] preference/patch_permutation 1184/2400
[step-000000] preference/patch_permutation 1200/2400
[step-000000] preference/patch_permutation 1216/2400
[step-000000] preference/patch_permutation 1232/2400
[step-000000] preference/patch_permutation 1248/2400
[step-000000] preference/patch_permutation 1264/2400
[step-000000] preference/patch_permutation 1280/2400
[step-000000] preference/patch_permutation 1296/2400
[step-000000] preference/patch_permutation 1312/2400
[step-000000] preference/patch_permutation 1328/2400
[step-000000] preference/patch_permutation 1344/2400
[step-000000] preference/patch_permutation 1360/2400
[step-000000] preference/patch_permutation 1376/2400
[step-000000] preference/patch_permutation 1392/2400
[step-000000] preference/patch_permutation 1408/2400
[step-000000] preference/patch_permutation 1424/2400
[step-000000] preference/patch_permutation 1440/2400
[step-000000] preference/patch_permutation 1456/2400
[step-000000] preference/patch_permutation 1472/2400
[step-000000] preference/patch_permutation 1488/2400
[step-000000] preference/patch_permutation 1504/2400
[step-000000] preference/patch_permutation 1520/2400
[step-000000] preference/patch_permutation 1536/2400
[step-000000] preference/patch_permutation 1552/2400
[step-000000] preference/patch_permutation 1568/2400
[step-000000] preference/patch_permutation 1584/2400
[step-000000] preference/patch_permutation 1600/2400
[step-000000] preference/patch_permutation 1616/2400
[step-000000] preference/patch_permutation 1632/2400
[step-000000] preference/patch_permutation 1648/2400
[step-000000] preference/patch_permutation 1664/2400
[step-000000] preference/patch_permutation 1680/2400
[step-000000] preference/patch_permutation 1696/2400
[step-000000] preference/patch_permutation 1712/2400
[step-000000] preference/patch_permutation 1728/2400
[step-000000] preference/patch_permutation 1744/2400
[step-000000] preference/patch_permutation 1760/2400
[step-000000] preference/patch_permutation 1776/2400
[step-000000] preference/patch_permutation 1792/2400
[step-000000] preference/patch_permutation 1808/2400
[step-000000] preference/patch_permutation 1824/2400
[step-000000] preference/patch_permutation 1840/2400
[step-000000] preference/patch_permutation 1856/2400
[step-000000] preference/patch_permutation 1872/2400
[step-000000] preference/patch_permutation 1888/2400
[step-000000] preference/patch_permutation 1904/2400
[step-000000] preference/patch_permutation 1920/2400
[step-000000] preference/patch_permutation 1936/2400
[step-000000] preference/patch_permutation 1952/2400
[step-000000] preference/patch_permutation 1968/2400
[step-000000] preference/patch_permutation 1984/2400
[step-000000] preference/patch_permutation 2000/2400
[step-000000] preference/patch_permutation 2016/2400
[step-000000] preference/patch_permutation 2032/2400
[step-000000] preference/patch_permutation 2048/2400
[step-000000] preference/patch_permutation 2064/2400
[step-000000] preference/patch_permutation 2080/2400
[step-000000] preference/patch_permutation 2096/2400
[step-000000] preference/patch_permutation 2112/2400
[step-000000] preference/patch_permutation 2128/2400
[step-000000] preference/patch_permutation 2144/2400
[step-000000] preference/patch_permutation 2160/2400
[step-000000] preference/patch_permutation 2176/2400
[step-000000] preference/patch_permutation 2192/2400
[step-000000] preference/patch_permutation 2208/2400
[step-000000] preference/patch_permutation 2224/2400
[step-000000] preference/patch_permutation 2240/2400
[step-000000] preference/patch_permutation 2256/2400
[step-000000] preference/patch_permutation 2272/2400
[step-000000] preference/patch_permutation 2288/2400
[step-000000] preference/patch_permutation 2304/2400
[step-000000] preference/patch_permutation 2320/2400
[step-000000] preference/patch_permutation 2336/2400
[step-000000] preference/patch_permutation 2352/2400
[step-000000] preference/patch_permutation 2368/2400
[step-000000] preference/patch_permutation 2384/2400
[step-000000] preference/patch_permutation 2400/2400
[step-000000] preference/paired_counterfactual_image 16/2400
[step-000000] preference/paired_counterfactual_image 32/2400
[step-000000] preference/paired_counterfactual_image 48/2400
[step-000000] preference/paired_counterfactual_image 64/2400
[step-000000] preference/paired_counterfactual_image 80/2400
[step-000000] preference/paired_counterfactual_image 96/2400
[step-000000] preference/paired_counterfactual_image 112/2400
[step-000000] preference/paired_counterfactual_image 128/2400
[step-000000] preference/paired_counterfactual_image 144/2400
[step-000000] preference/paired_counterfactual_image 160/2400
[step-000000] preference/paired_counterfactual_image 176/2400
[step-000000] preference/paired_counterfactual_image 192/2400
[step-000000] preference/paired_counterfactual_image 208/2400
[step-000000] preference/paired_counterfactual_image 224/2400
[step-000000] preference/paired_counterfactual_image 240/2400
[step-000000] preference/paired_counterfactual_image 256/2400
[step-000000] preference/paired_counterfactual_image 272/2400
[step-000000] preference/paired_counterfactual_image 288/2400
[step-000000] preference/paired_counterfactual_image 304/2400
[step-000000] preference/paired_counterfactual_image 320/2400
[step-000000] preference/paired_counterfactual_image 336/2400
[step-000000] preference/paired_counterfactual_image 352/2400
[step-000000] preference/paired_counterfactual_image 368/2400
[step-000000] preference/paired_counterfactual_image 384/2400
[step-000000] preference/paired_counterfactual_image 400/2400
[step-000000] preference/paired_counterfactual_image 416/2400
[step-000000] preference/paired_counterfactual_image 432/2400
[step-000000] preference/paired_counterfactual_image 448/2400
[step-000000] preference/paired_counterfactual_image 464/2400
[step-000000] preference/paired_counterfactual_image 480/2400
[step-000000] preference/paired_counterfactual_image 496/2400
[step-000000] preference/paired_counterfactual_image 512/2400
[step-000000] preference/paired_counterfactual_image 528/2400
[step-000000] preference/paired_counterfactual_image 544/2400
[step-000000] preference/paired_counterfactual_image 560/2400
[step-000000] preference/paired_counterfactual_image 576/2400
[step-000000] preference/paired_counterfactual_image 592/2400
[step-000000] preference/paired_counterfactual_image 608/2400
[step-000000] preference/paired_counterfactual_image 624/2400
[step-000000] preference/paired_counterfactual_image 640/2400
[step-000000] preference/paired_counterfactual_image 656/2400
[step-000000] preference/paired_counterfactual_image 672/2400
[step-000000] preference/paired_counterfactual_image 688/2400
[step-000000] preference/paired_counterfactual_image 704/2400
[step-000000] preference/paired_counterfactual_image 720/2400
[step-000000] preference/paired_counterfactual_image 736/2400
[step-000000] preference/paired_counterfactual_image 752/2400
[step-000000] preference/paired_counterfactual_image 768/2400
[step-000000] preference/paired_counterfactual_image 784/2400
[step-000000] preference/paired_counterfactual_image 800/2400
[step-000000] preference/paired_counterfactual_image 816/2400
[step-000000] preference/paired_counterfactual_image 832/2400
[step-000000] preference/paired_counterfactual_image 848/2400
[step-000000] preference/paired_counterfactual_image 864/2400
[step-000000] preference/paired_counterfactual_image 880/2400
[step-000000] preference/paired_counterfactual_image 896/2400
[step-000000] preference/paired_counterfactual_image 912/2400
[step-000000] preference/paired_counterfactual_image 928/2400
[step-000000] preference/paired_counterfactual_image 944/2400
[step-000000] preference/paired_counterfactual_image 960/2400
[step-000000] preference/paired_counterfactual_image 976/2400
[step-000000] preference/paired_counterfactual_image 992/2400
[step-000000] preference/paired_counterfactual_image 1008/2400
[step-000000] preference/paired_counterfactual_image 1024/2400
[step-000000] preference/paired_counterfactual_image 1040/2400
[step-000000] preference/paired_counterfactual_image 1056/2400
[step-000000] preference/paired_counterfactual_image 1072/2400
[step-000000] preference/paired_counterfactual_image 1088/2400
[step-000000] preference/paired_counterfactual_image 1104/2400
[step-000000] preference/paired_counterfactual_image 1120/2400
[step-000000] preference/paired_counterfactual_image 1136/2400
[step-000000] preference/paired_counterfactual_image 1152/2400
[step-000000] preference/paired_counterfactual_image 1168/2400
[step-000000] preference/paired_counterfactual_image 1184/2400
[step-000000] preference/paired_counterfactual_image 1200/2400
[step-000000] preference/paired_counterfactual_image 1216/2400
[step-000000] preference/paired_counterfactual_image 1232/2400
[step-000000] preference/paired_counterfactual_image 1248/2400
[step-000000] preference/paired_counterfactual_image 1264/2400
[step-000000] preference/paired_counterfactual_image 1280/2400
[step-000000] preference/paired_counterfactual_image 1296/2400
[step-000000] preference/paired_counterfactual_image 1312/2400
[step-000000] preference/paired_counterfactual_image 1328/2400
[step-000000] preference/paired_counterfactual_image 1344/2400
[step-000000] preference/paired_counterfactual_image 1360/2400
[step-000000] preference/paired_counterfactual_image 1376/2400
[step-000000] preference/paired_counterfactual_image 1392/2400
[step-000000] preference/paired_counterfactual_image 1408/2400
[step-000000] preference/paired_counterfactual_image 1424/2400
[step-000000] preference/paired_counterfactual_image 1440/2400
[step-000000] preference/paired_counterfactual_image 1456/2400
[step-000000] preference/paired_counterfactual_image 1472/2400
[step-000000] preference/paired_counterfactual_image 1488/2400
[step-000000] preference/paired_counterfactual_image 1504/2400
[step-000000] preference/paired_counterfactual_image 1520/2400
[step-000000] preference/paired_counterfactual_image 1536/2400
[step-000000] preference/paired_counterfactual_image 1552/2400
[step-000000] preference/paired_counterfactual_image 1568/2400
[step-000000] preference/paired_counterfactual_image 1584/2400
[step-000000] preference/paired_counterfactual_image 1600/2400
[step-000000] preference/paired_counterfactual_image 1616/2400
[step-000000] preference/paired_counterfactual_image 1632/2400
[step-000000] preference/paired_counterfactual_image 1648/2400
[step-000000] preference/paired_counterfactual_image 1664/2400
[step-000000] preference/paired_counterfactual_image 1680/2400
[step-000000] preference/paired_counterfactual_image 1696/2400
[step-000000] preference/paired_counterfactual_image 1712/2400
[step-000000] preference/paired_counterfactual_image 1728/2400
[step-000000] preference/paired_counterfactual_image 1744/2400
[step-000000] preference/paired_counterfactual_image 1760/2400
[step-000000] preference/paired_counterfactual_image 1776/2400
[step-000000] preference/paired_counterfactual_image 1792/2400
[step-000000] preference/paired_counterfactual_image 1808/2400
[step-000000] preference/paired_counterfactual_image 1824/2400
[step-000000] preference/paired_counterfactual_image 1840/2400
[step-000000] preference/paired_counterfactual_image 1856/2400
[step-000000] preference/paired_counterfactual_image 1872/2400
[step-000000] preference/paired_counterfactual_image 1888/2400
[step-000000] preference/paired_counterfactual_image 1904/2400
[step-000000] preference/paired_counterfactual_image 1920/2400
[step-000000] preference/paired_counterfactual_image 1936/2400
[step-000000] preference/paired_counterfactual_image 1952/2400
[step-000000] preference/paired_counterfactual_image 1968/2400
[step-000000] preference/paired_counterfactual_image 1984/2400
[step-000000] preference/paired_counterfactual_image 2000/2400
[step-000000] preference/paired_counterfactual_image 2016/2400
[step-000000] preference/paired_counterfactual_image 2032/2400
[step-000000] preference/paired_counterfactual_image 2048/2400
[step-000000] preference/paired_counterfactual_image 2064/2400
[step-000000] preference/paired_counterfactual_image 2080/2400
[step-000000] preference/paired_counterfactual_image 2096/2400
[step-000000] preference/paired_counterfactual_image 2112/2400
[step-000000] preference/paired_counterfactual_image 2128/2400
[step-000000] preference/paired_counterfactual_image 2144/2400
[step-000000] preference/paired_counterfactual_image 2160/2400
[step-000000] preference/paired_counterfactual_image 2176/2400
[step-000000] preference/paired_counterfactual_image 2192/2400
[step-000000] preference/paired_counterfactual_image 2208/2400
[step-000000] preference/paired_counterfactual_image 2224/2400
[step-000000] preference/paired_counterfactual_image 2240/2400
[step-000000] preference/paired_counterfactual_image 2256/2400
[step-000000] preference/paired_counterfactual_image 2272/2400
[step-000000] preference/paired_counterfactual_image 2288/2400
[step-000000] preference/paired_counterfactual_image 2304/2400
[step-000000] preference/paired_counterfactual_image 2320/2400
[step-000000] preference/paired_counterfactual_image 2336/2400
[step-000000] preference/paired_counterfactual_image 2352/2400
[step-000000] preference/paired_counterfactual_image 2368/2400
[step-000000] preference/paired_counterfactual_image 2384/2400
[step-000000] preference/paired_counterfactual_image 2400/2400
[step-000000] preference/background_matched_aux 16/2400
[step-000000] preference/background_matched_aux 32/2400
[step-000000] preference/background_matched_aux 48/2400
[step-000000] preference/background_matched_aux 64/2400
[step-000000] preference/background_matched_aux 80/2400
[step-000000] preference/background_matched_aux 96/2400
[step-000000] preference/background_matched_aux 112/2400
[step-000000] preference/background_matched_aux 128/2400
[step-000000] preference/background_matched_aux 144/2400
[step-000000] preference/background_matched_aux 160/2400
[step-000000] preference/background_matched_aux 176/2400
[step-000000] preference/background_matched_aux 192/2400
[step-000000] preference/background_matched_aux 208/2400
[step-000000] preference/background_matched_aux 224/2400
[step-000000] preference/background_matched_aux 240/2400
[step-000000] preference/background_matched_aux 256/2400
[step-000000] preference/background_matched_aux 272/2400
[step-000000] preference/background_matched_aux 288/2400
[step-000000] preference/background_matched_aux 304/2400
[step-000000] preference/background_matched_aux 320/2400
[step-000000] preference/background_matched_aux 336/2400
[step-000000] preference/background_matched_aux 352/2400
[step-000000] preference/background_matched_aux 368/2400
[step-000000] preference/background_matched_aux 384/2400
[step-000000] preference/background_matched_aux 400/2400
[step-000000] preference/background_matched_aux 416/2400
[step-000000] preference/background_matched_aux 432/2400
[step-000000] preference/background_matched_aux 448/2400
[step-000000] preference/background_matched_aux 464/2400
[step-000000] preference/background_matched_aux 480/2400
[step-000000] preference/background_matched_aux 496/2400
[step-000000] preference/background_matched_aux 512/2400
[step-000000] preference/background_matched_aux 528/2400
[step-000000] preference/background_matched_aux 544/2400
[step-000000] preference/background_matched_aux 560/2400
[step-000000] preference/background_matched_aux 576/2400
[step-000000] preference/background_matched_aux 592/2400
[step-000000] preference/background_matched_aux 608/2400
[step-000000] preference/background_matched_aux 624/2400
[step-000000] preference/background_matched_aux 640/2400
[step-000000] preference/background_matched_aux 656/2400
[step-000000] preference/background_matched_aux 672/2400
[step-000000] preference/background_matched_aux 688/2400
[step-000000] preference/background_matched_aux 704/2400
[step-000000] preference/background_matched_aux 720/2400
[step-000000] preference/background_matched_aux 736/2400
[step-000000] preference/background_matched_aux 752/2400
[step-000000] preference/background_matched_aux 768/2400
[step-000000] preference/background_matched_aux 784/2400
[step-000000] preference/background_matched_aux 800/2400
[step-000000] preference/background_matched_aux 816/2400
[step-000000] preference/background_matched_aux 832/2400
[step-000000] preference/background_matched_aux 848/2400
[step-000000] preference/background_matched_aux 864/2400
[step-000000] preference/background_matched_aux 880/2400
[step-000000] preference/background_matched_aux 896/2400
[step-000000] preference/background_matched_aux 912/2400
[step-000000] preference/background_matched_aux 928/2400
[step-000000] preference/background_matched_aux 944/2400
[step-000000] preference/background_matched_aux 960/2400
[step-000000] preference/background_matched_aux 976/2400
[step-000000] preference/background_matched_aux 992/2400
[step-000000] preference/background_matched_aux 1008/2400
[step-000000] preference/background_matched_aux 1024/2400
[step-000000] preference/background_matched_aux 1040/2400
[step-000000] preference/background_matched_aux 1056/2400
[step-000000] preference/background_matched_aux 1072/2400
[step-000000] preference/background_matched_aux 1088/2400
[step-000000] preference/background_matched_aux 1104/2400
[step-000000] preference/background_matched_aux 1120/2400
[step-000000] preference/background_matched_aux 1136/2400
[step-000000] preference/background_matched_aux 1152/2400
[step-000000] preference/background_matched_aux 1168/2400
[step-000000] preference/background_matched_aux 1184/2400
[step-000000] preference/background_matched_aux 1200/2400
[step-000000] preference/background_matched_aux 1216/2400
[step-000000] preference/background_matched_aux 1232/2400
[step-000000] preference/background_matched_aux 1248/2400
[step-000000] preference/background_matched_aux 1264/2400
[step-000000] preference/background_matched_aux 1280/2400
[step-000000] preference/background_matched_aux 1296/2400
[step-000000] preference/background_matched_aux 1312/2400
[step-000000] preference/background_matched_aux 1328/2400
[step-000000] preference/background_matched_aux 1344/2400
[step-000000] preference/background_matched_aux 1360/2400
[step-000000] preference/background_matched_aux 1376/2400
[step-000000] preference/background_matched_aux 1392/2400
[step-000000] preference/background_matched_aux 1408/2400
[step-000000] preference/background_matched_aux 1424/2400
[step-000000] preference/background_matched_aux 1440/2400
[step-000000] preference/background_matched_aux 1456/2400
[step-000000] preference/background_matched_aux 1472/2400
[step-000000] preference/background_matched_aux 1488/2400
[step-000000] preference/background_matched_aux 1504/2400
[step-000000] preference/background_matched_aux 1520/2400
[step-000000] preference/background_matched_aux 1536/2400
[step-000000] preference/background_matched_aux 1552/2400
[step-000000] preference/background_matched_aux 1568/2400
[step-000000] preference/background_matched_aux 1584/2400
[step-000000] preference/background_matched_aux 1600/2400
[step-000000] preference/background_matched_aux 1616/2400
[step-000000] preference/background_matched_aux 1632/2400
[step-000000] preference/background_matched_aux 1648/2400
[step-000000] preference/background_matched_aux 1664/2400
[step-000000] preference/background_matched_aux 1680/2400
[step-000000] preference/background_matched_aux 1696/2400
[step-000000] preference/background_matched_aux 1712/2400
[step-000000] preference/background_matched_aux 1728/2400
[step-000000] preference/background_matched_aux 1744/2400
[step-000000] preference/background_matched_aux 1760/2400
[step-000000] preference/background_matched_aux 1776/2400
[step-000000] preference/background_matched_aux 1792/2400
[step-000000] preference/background_matched_aux 1808/2400
[step-000000] preference/background_matched_aux 1824/2400
[step-000000] preference/background_matched_aux 1840/2400
[step-000000] preference/background_matched_aux 1856/2400
[step-000000] preference/background_matched_aux 1872/2400
[step-000000] preference/background_matched_aux 1888/2400
[step-000000] preference/background_matched_aux 1904/2400
[step-000000] preference/background_matched_aux 1920/2400
[step-000000] preference/background_matched_aux 1936/2400
[step-000000] preference/background_matched_aux 1952/2400
[step-000000] preference/background_matched_aux 1968/2400
[step-000000] preference/background_matched_aux 1984/2400
[step-000000] preference/background_matched_aux 2000/2400
[step-000000] preference/background_matched_aux 2016/2400
[step-000000] preference/background_matched_aux 2032/2400
[step-000000] preference/background_matched_aux 2048/2400
[step-000000] preference/background_matched_aux 2064/2400
[step-000000] preference/background_matched_aux 2080/2400
[step-000000] preference/background_matched_aux 2096/2400
[step-000000] preference/background_matched_aux 2112/2400
[step-000000] preference/background_matched_aux 2128/2400
[step-000000] preference/background_matched_aux 2144/2400
[step-000000] preference/background_matched_aux 2160/2400
[step-000000] preference/background_matched_aux 2176/2400
[step-000000] preference/background_matched_aux 2192/2400
[step-000000] preference/background_matched_aux 2208/2400
[step-000000] preference/background_matched_aux 2224/2400
[step-000000] preference/background_matched_aux 2240/2400
[step-000000] preference/background_matched_aux 2256/2400
[step-000000] preference/background_matched_aux 2272/2400
[step-000000] preference/background_matched_aux 2288/2400
[step-000000] preference/background_matched_aux 2304/2400
[step-000000] preference/background_matched_aux 2320/2400
[step-000000] preference/background_matched_aux 2336/2400
[step-000000] preference/background_matched_aux 2352/2400
[step-000000] preference/background_matched_aux 2368/2400
[step-000000] preference/background_matched_aux 2384/2400
[step-000000] preference/background_matched_aux 2400/2400
[step-000500] preference/vision 16/2400
[step-000500] preference/vision 32/2400
[step-000500] preference/vision 48/2400
[step-000500] preference/vision 64/2400
[step-000500] preference/vision 80/2400
[step-000500] preference/vision 96/2400
[step-000500] preference/vision 112/2400
[step-000500] preference/vision 128/2400
[step-000500] preference/vision 144/2400
[step-000500] preference/vision 160/2400
[step-000500] preference/vision 176/2400
[step-000500] preference/vision 192/2400
[step-000500] preference/vision 208/2400
[step-000500] preference/vision 224/2400
[step-000500] preference/vision 240/2400
[step-000500] preference/vision 256/2400
[step-000500] preference/vision 272/2400
[step-000500] preference/vision 288/2400
[step-000500] preference/vision 304/2400
[step-000500] preference/vision 320/2400
[step-000500] preference/vision 336/2400
[step-000500] preference/vision 352/2400
[step-000500] preference/vision 368/2400
[step-000500] preference/vision 384/2400
[step-000500] preference/vision 400/2400
[step-000500] preference/vision 416/2400
[step-000500] preference/vision 432/2400
[step-000500] preference/vision 448/2400
[step-000500] preference/vision 464/2400
[step-000500] preference/vision 480/2400
[step-000500] preference/vision 496/2400
[step-000500] preference/vision 512/2400
[step-000500] preference/vision 528/2400
[step-000500] preference/vision 544/2400
[step-000500] preference/vision 560/2400
[step-000500] preference/vision 576/2400
[step-000500] preference/vision 592/2400
[step-000500] preference/vision 608/2400
[step-000500] preference/vision 624/2400
[step-000500] preference/vision 640/2400
[step-000500] preference/vision 656/2400
[step-000500] preference/vision 672/2400
[step-000500] preference/vision 688/2400
[step-000500] preference/vision 704/2400
[step-000500] preference/vision 720/2400
[step-000500] preference/vision 736/2400
[step-000500] preference/vision 752/2400
[step-000500] preference/vision 768/2400
[step-000500] preference/vision 784/2400
[step-000500] preference/vision 800/2400
[step-000500] preference/vision 816/2400
[step-000500] preference/vision 832/2400
[step-000500] preference/vision 848/2400
[step-000500] preference/vision 864/2400
[step-000500] preference/vision 880/2400
[step-000500] preference/vision 896/2400
[step-000500] preference/vision 912/2400
[step-000500] preference/vision 928/2400
[step-000500] preference/vision 944/2400
[step-000500] preference/vision 960/2400
[step-000500] preference/vision 976/2400
[step-000500] preference/vision 992/2400
[step-000500] preference/vision 1008/2400
[step-000500] preference/vision 1024/2400
[step-000500] preference/vision 1040/2400
[step-000500] preference/vision 1056/2400
[step-000500] preference/vision 1072/2400
[step-000500] preference/vision 1088/2400
[step-000500] preference/vision 1104/2400
[step-000500] preference/vision 1120/2400
[step-000500] preference/vision 1136/2400
[step-000500] preference/vision 1152/2400
[step-000500] preference/vision 1168/2400
[step-000500] preference/vision 1184/2400
[step-000500] preference/vision 1200/2400
[step-000500] preference/vision 1216/2400
[step-000500] preference/vision 1232/2400
[step-000500] preference/vision 1248/2400
[step-000500] preference/vision 1264/2400
[step-000500] preference/vision 1280/2400
[step-000500] preference/vision 1296/2400
[step-000500] preference/vision 1312/2400
[step-000500] preference/vision 1328/2400
[step-000500] preference/vision 1344/2400
[step-000500] preference/vision 1360/2400
[step-000500] preference/vision 1376/2400
[step-000500] preference/vision 1392/2400
[step-000500] preference/vision 1408/2400
[step-000500] preference/vision 1424/2400
[step-000500] preference/vision 1440/2400
[step-000500] preference/vision 1456/2400
[step-000500] preference/vision 1472/2400
[step-000500] preference/vision 1488/2400
[step-000500] preference/vision 1504/2400
[step-000500] preference/vision 1520/2400
[step-000500] preference/vision 1536/2400
[step-000500] preference/vision 1552/2400
[step-000500] preference/vision 1568/2400
[step-000500] preference/vision 1584/2400
[step-000500] preference/vision 1600/2400
[step-000500] preference/vision 1616/2400
[step-000500] preference/vision 1632/2400
[step-000500] preference/vision 1648/2400
[step-000500] preference/vision 1664/2400
[step-000500] preference/vision 1680/2400
[step-000500] preference/vision 1696/2400
[step-000500] preference/vision 1712/2400
[step-000500] preference/vision 1728/2400
[step-000500] preference/vision 1744/2400
[step-000500] preference/vision 1760/2400
[step-000500] preference/vision 1776/2400
[step-000500] preference/vision 1792/2400
[step-000500] preference/vision 1808/2400
[step-000500] preference/vision 1824/2400
[step-000500] preference/vision 1840/2400
[step-000500] preference/vision 1856/2400
[step-000500] preference/vision 1872/2400
[step-000500] preference/vision 1888/2400
[step-000500] preference/vision 1904/2400
[step-000500] preference/vision 1920/2400
[step-000500] preference/vision 1936/2400
[step-000500] preference/vision 1952/2400
[step-000500] preference/vision 1968/2400
[step-000500] preference/vision 1984/2400
[step-000500] preference/vision 2000/2400
[step-000500] preference/vision 2016/2400
[step-000500] preference/vision 2032/2400
[step-000500] preference/vision 2048/2400
[step-000500] preference/vision 2064/2400
[step-000500] preference/vision 2080/2400
[step-000500] preference/vision 2096/2400
[step-000500] preference/vision 2112/2400
[step-000500] preference/vision 2128/2400
[step-000500] preference/vision 2144/2400
[step-000500] preference/vision 2160/2400
[step-000500] preference/vision 2176/2400
[step-000500] preference/vision 2192/2400
[step-000500] preference/vision 2208/2400
[step-000500] preference/vision 2224/2400
[step-000500] preference/vision 2240/2400
[step-000500] preference/vision 2256/2400
[step-000500] preference/vision 2272/2400
[step-000500] preference/vision 2288/2400
[step-000500] preference/vision 2304/2400
[step-000500] preference/vision 2320/2400
[step-000500] preference/vision 2336/2400
[step-000500] preference/vision 2352/2400
[step-000500] preference/vision 2368/2400
[step-000500] preference/vision 2384/2400
[step-000500] preference/vision 2400/2400
[step-000500] preference/blind 16/2400
[step-000500] preference/blind 32/2400
[step-000500] preference/blind 48/2400
[step-000500] preference/blind 64/2400
[step-000500] preference/blind 80/2400
[step-000500] preference/blind 96/2400
[step-000500] preference/blind 112/2400
[step-000500] preference/blind 128/2400
[step-000500] preference/blind 144/2400
[step-000500] preference/blind 160/2400
[step-000500] preference/blind 176/2400
[step-000500] preference/blind 192/2400
[step-000500] preference/blind 208/2400
[step-000500] preference/blind 224/2400
[step-000500] preference/blind 240/2400
[step-000500] preference/blind 256/2400
[step-000500] preference/blind 272/2400
[step-000500] preference/blind 288/2400
[step-000500] preference/blind 304/2400
[step-000500] preference/blind 320/2400
[step-000500] preference/blind 336/2400
[step-000500] preference/blind 352/2400
[step-000500] preference/blind 368/2400
[step-000500] preference/blind 384/2400
[step-000500] preference/blind 400/2400
[step-000500] preference/blind 416/2400
[step-000500] preference/blind 432/2400
[step-000500] preference/blind 448/2400
[step-000500] preference/blind 464/2400
[step-000500] preference/blind 480/2400
[step-000500] preference/blind 496/2400
[step-000500] preference/blind 512/2400
[step-000500] preference/blind 528/2400
[step-000500] preference/blind 544/2400
[step-000500] preference/blind 560/2400
[step-000500] preference/blind 576/2400
[step-000500] preference/blind 592/2400
[step-000500] preference/blind 608/2400
[step-000500] preference/blind 624/2400
[step-000500] preference/blind 640/2400
[step-000500] preference/blind 656/2400
[step-000500] preference/blind 672/2400
[step-000500] preference/blind 688/2400
[step-000500] preference/blind 704/2400
[step-000500] preference/blind 720/2400
[step-000500] preference/blind 736/2400
[step-000500] preference/blind 752/2400
[step-000500] preference/blind 768/2400
[step-000500] preference/blind 784/2400
[step-000500] preference/blind 800/2400
[step-000500] preference/blind 816/2400
[step-000500] preference/blind 832/2400
[step-000500] preference/blind 848/2400
[step-000500] preference/blind 864/2400
[step-000500] preference/blind 880/2400
[step-000500] preference/blind 896/2400
[step-000500] preference/blind 912/2400
[step-000500] preference/blind 928/2400
[step-000500] preference/blind 944/2400
[step-000500] preference/blind 960/2400
[step-000500] preference/blind 976/2400
[step-000500] preference/blind 992/2400
[step-000500] preference/blind 1008/2400
[step-000500] preference/blind 1024/2400
[step-000500] preference/blind 1040/2400
[step-000500] preference/blind 1056/2400
[step-000500] preference/blind 1072/2400
[step-000500] preference/blind 1088/2400
[step-000500] preference/blind 1104/2400
[step-000500] preference/blind 1120/2400
[step-000500] preference/blind 1136/2400
[step-000500] preference/blind 1152/2400
[step-000500] preference/blind 1168/2400
[step-000500] preference/blind 1184/2400
[step-000500] preference/blind 1200/2400
[step-000500] preference/blind 1216/2400
[step-000500] preference/blind 1232/2400
[step-000500] preference/blind 1248/2400
[step-000500] preference/blind 1264/2400
[step-000500] preference/blind 1280/2400
[step-000500] preference/blind 1296/2400
[step-000500] preference/blind 1312/2400
[step-000500] preference/blind 1328/2400
[step-000500] preference/blind 1344/2400
[step-000500] preference/blind 1360/2400
[step-000500] preference/blind 1376/2400
[step-000500] preference/blind 1392/2400
[step-000500] preference/blind 1408/2400
[step-000500] preference/blind 1424/2400
[step-000500] preference/blind 1440/2400
[step-000500] preference/blind 1456/2400
[step-000500] preference/blind 1472/2400
[step-000500] preference/blind 1488/2400
[step-000500] preference/blind 1504/2400
[step-000500] preference/blind 1520/2400
[step-000500] preference/blind 1536/2400
[step-000500] preference/blind 1552/2400
[step-000500] preference/blind 1568/2400
[step-000500] preference/blind 1584/2400
[step-000500] preference/blind 1600/2400
[step-000500] preference/blind 1616/2400
[step-000500] preference/blind 1632/2400
[step-000500] preference/blind 1648/2400
[step-000500] preference/blind 1664/2400
[step-000500] preference/blind 1680/2400
[step-000500] preference/blind 1696/2400
[step-000500] preference/blind 1712/2400
[step-000500] preference/blind 1728/2400
[step-000500] preference/blind 1744/2400
[step-000500] preference/blind 1760/2400
[step-000500] preference/blind 1776/2400
[step-000500] preference/blind 1792/2400
[step-000500] preference/blind 1808/2400
[step-000500] preference/blind 1824/2400
[step-000500] preference/blind 1840/2400
[step-000500] preference/blind 1856/2400
[step-000500] preference/blind 1872/2400
[step-000500] preference/blind 1888/2400
[step-000500] preference/blind 1904/2400
[step-000500] preference/blind 1920/2400
[step-000500] preference/blind 1936/2400
[step-000500] preference/blind 1952/2400
[step-000500] preference/blind 1968/2400
[step-000500] preference/blind 1984/2400
[step-000500] preference/blind 2000/2400
[step-000500] preference/blind 2016/2400
[step-000500] preference/blind 2032/2400
[step-000500] preference/blind 2048/2400
[step-000500] preference/blind 2064/2400
[step-000500] preference/blind 2080/2400
[step-000500] preference/blind 2096/2400
[step-000500] preference/blind 2112/2400
[step-000500] preference/blind 2128/2400
[step-000500] preference/blind 2144/2400
[step-000500] preference/blind 2160/2400
[step-000500] preference/blind 2176/2400
[step-000500] preference/blind 2192/2400
[step-000500] preference/blind 2208/2400
[step-000500] preference/blind 2224/2400
[step-000500] preference/blind 2240/2400
[step-000500] preference/blind 2256/2400
[step-000500] preference/blind 2272/2400
[step-000500] preference/blind 2288/2400
[step-000500] preference/blind 2304/2400
[step-000500] preference/blind 2320/2400
[step-000500] preference/blind 2336/2400
[step-000500] preference/blind 2352/2400
[step-000500] preference/blind 2368/2400
[step-000500] preference/blind 2384/2400
[step-000500] preference/blind 2400/2400
[step-000500] preference/blank 16/2400
[step-000500] preference/blank 32/2400
[step-000500] preference/blank 48/2400
[step-000500] preference/blank 64/2400
[step-000500] preference/blank 80/2400
[step-000500] preference/blank 96/2400
[step-000500] preference/blank 112/2400
[step-000500] preference/blank 128/2400
[step-000500] preference/blank 144/2400
[step-000500] preference/blank 160/2400
[step-000500] preference/blank 176/2400
[step-000500] preference/blank 192/2400
[step-000500] preference/blank 208/2400
[step-000500] preference/blank 224/2400
[step-000500] preference/blank 240/2400
[step-000500] preference/blank 256/2400
[step-000500] preference/blank 272/2400
[step-000500] preference/blank 288/2400
[step-000500] preference/blank 304/2400
[step-000500] preference/blank 320/2400
[step-000500] preference/blank 336/2400
[step-000500] preference/blank 352/2400
[step-000500] preference/blank 368/2400
[step-000500] preference/blank 384/2400
[step-000500] preference/blank 400/2400
[step-000500] preference/blank 416/2400
[step-000500] preference/blank 432/2400
[step-000500] preference/blank 448/2400
[step-000500] preference/blank 464/2400
[step-000500] preference/blank 480/2400
[step-000500] preference/blank 496/2400
[step-000500] preference/blank 512/2400
[step-000500] preference/blank 528/2400
[step-000500] preference/blank 544/2400
[step-000500] preference/blank 560/2400
[step-000500] preference/blank 576/2400
[step-000500] preference/blank 592/2400
[step-000500] preference/blank 608/2400
[step-000500] preference/blank 624/2400
[step-000500] preference/blank 640/2400
[step-000500] preference/blank 656/2400
[step-000500] preference/blank 672/2400
[step-000500] preference/blank 688/2400
[step-000500] preference/blank 704/2400
[step-000500] preference/blank 720/2400
[step-000500] preference/blank 736/2400
[step-000500] preference/blank 752/2400
[step-000500] preference/blank 768/2400
[step-000500] preference/blank 784/2400
[step-000500] preference/blank 800/2400
[step-000500] preference/blank 816/2400
[step-000500] preference/blank 832/2400
[step-000500] preference/blank 848/2400
[step-000500] preference/blank 864/2400
[step-000500] preference/blank 880/2400
[step-000500] preference/blank 896/2400
[step-000500] preference/blank 912/2400
[step-000500] preference/blank 928/2400
[step-000500] preference/blank 944/2400
[step-000500] preference/blank 960/2400
[step-000500] preference/blank 976/2400
[step-000500] preference/blank 992/2400
[step-000500] preference/blank 1008/2400
[step-000500] preference/blank 1024/2400
[step-000500] preference/blank 1040/2400
[step-000500] preference/blank 1056/2400
[step-000500] preference/blank 1072/2400
[step-000500] preference/blank 1088/2400
[step-000500] preference/blank 1104/2400
[step-000500] preference/blank 1120/2400
[step-000500] preference/blank 1136/2400
[step-000500] preference/blank 1152/2400
[step-000500] preference/blank 1168/2400
[step-000500] preference/blank 1184/2400
[step-000500] preference/blank 1200/2400
[step-000500] preference/blank 1216/2400
[step-000500] preference/blank 1232/2400
[step-000500] preference/blank 1248/2400
[step-000500] preference/blank 1264/2400
[step-000500] preference/blank 1280/2400
[step-000500] preference/blank 1296/2400
[step-000500] preference/blank 1312/2400
[step-000500] preference/blank 1328/2400
[step-000500] preference/blank 1344/2400
[step-000500] preference/blank 1360/2400
[step-000500] preference/blank 1376/2400
[step-000500] preference/blank 1392/2400
[step-000500] preference/blank 1408/2400
[step-000500] preference/blank 1424/2400
[step-000500] preference/blank 1440/2400
[step-000500] preference/blank 1456/2400
[step-000500] preference/blank 1472/2400
[step-000500] preference/blank 1488/2400
[step-000500] preference/blank 1504/2400
[step-000500] preference/blank 1520/2400
[step-000500] preference/blank 1536/2400
[step-000500] preference/blank 1552/2400
[step-000500] preference/blank 1568/2400
[step-000500] preference/blank 1584/2400
[step-000500] preference/blank 1600/2400
[step-000500] preference/blank 1616/2400
[step-000500] preference/blank 1632/2400
[step-000500] preference/blank 1648/2400
[step-000500] preference/blank 1664/2400
[step-000500] preference/blank 1680/2400
[step-000500] preference/blank 1696/2400
[step-000500] preference/blank 1712/2400
[step-000500] preference/blank 1728/2400
[step-000500] preference/blank 1744/2400
[step-000500] preference/blank 1760/2400
[step-000500] preference/blank 1776/2400
[step-000500] preference/blank 1792/2400
[step-000500] preference/blank 1808/2400
[step-000500] preference/blank 1824/2400
[step-000500] preference/blank 1840/2400
[step-000500] preference/blank 1856/2400
[step-000500] preference/blank 1872/2400
[step-000500] preference/blank 1888/2400
[step-000500] preference/blank 1904/2400
[step-000500] preference/blank 1920/2400
[step-000500] preference/blank 1936/2400
[step-000500] preference/blank 1952/2400
[step-000500] preference/blank 1968/2400
[step-000500] preference/blank 1984/2400
[step-000500] preference/blank 2000/2400
[step-000500] preference/blank 2016/2400
[step-000500] preference/blank 2032/2400
[step-000500] preference/blank 2048/2400
[step-000500] preference/blank 2064/2400
[step-000500] preference/blank 2080/2400
[step-000500] preference/blank 2096/2400
[step-000500] preference/blank 2112/2400
[step-000500] preference/blank 2128/2400
[step-000500] preference/blank 2144/2400
[step-000500] preference/blank 2160/2400
[step-000500] preference/blank 2176/2400
[step-000500] preference/blank 2192/2400
[step-000500] preference/blank 2208/2400
[step-000500] preference/blank 2224/2400
[step-000500] preference/blank 2240/2400
[step-000500] preference/blank 2256/2400
[step-000500] preference/blank 2272/2400
[step-000500] preference/blank 2288/2400
[step-000500] preference/blank 2304/2400
[step-000500] preference/blank 2320/2400
[step-000500] preference/blank 2336/2400
[step-000500] preference/blank 2352/2400
[step-000500] preference/blank 2368/2400
[step-000500] preference/blank 2384/2400
[step-000500] preference/blank 2400/2400
[step-000500] preference/same_image 16/2400
[step-000500] preference/same_image 32/2400
[step-000500] preference/same_image 48/2400
[step-000500] preference/same_image 64/2400
[step-000500] preference/same_image 80/2400
[step-000500] preference/same_image 96/2400
[step-000500] preference/same_image 112/2400
[step-000500] preference/same_image 128/2400
[step-000500] preference/same_image 144/2400
[step-000500] preference/same_image 160/2400
[step-000500] preference/same_image 176/2400
[step-000500] preference/same_image 192/2400
[step-000500] preference/same_image 208/2400
[step-000500] preference/same_image 224/2400
[step-000500] preference/same_image 240/2400
[step-000500] preference/same_image 256/2400
[step-000500] preference/same_image 272/2400
[step-000500] preference/same_image 288/2400
[step-000500] preference/same_image 304/2400
[step-000500] preference/same_image 320/2400
[step-000500] preference/same_image 336/2400
[step-000500] preference/same_image 352/2400
[step-000500] preference/same_image 368/2400
[step-000500] preference/same_image 384/2400
[step-000500] preference/same_image 400/2400
[step-000500] preference/same_image 416/2400
[step-000500] preference/same_image 432/2400
[step-000500] preference/same_image 448/2400
[step-000500] preference/same_image 464/2400
[step-000500] preference/same_image 480/2400
[step-000500] preference/same_image 496/2400
[step-000500] preference/same_image 512/2400
[step-000500] preference/same_image 528/2400
[step-000500] preference/same_image 544/2400
[step-000500] preference/same_image 560/2400
[step-000500] preference/same_image 576/2400
[step-000500] preference/same_image 592/2400
[step-000500] preference/same_image 608/2400
[step-000500] preference/same_image 624/2400
[step-000500] preference/same_image 640/2400
[step-000500] preference/same_image 656/2400
[step-000500] preference/same_image 672/2400
[step-000500] preference/same_image 688/2400
[step-000500] preference/same_image 704/2400
[step-000500] preference/same_image 720/2400
[step-000500] preference/same_image 736/2400
[step-000500] preference/same_image 752/2400
[step-000500] preference/same_image 768/2400
[step-000500] preference/same_image 784/2400
[step-000500] preference/same_image 800/2400
[step-000500] preference/same_image 816/2400
[step-000500] preference/same_image 832/2400
[step-000500] preference/same_image 848/2400
[step-000500] preference/same_image 864/2400
[step-000500] preference/same_image 880/2400
[step-000500] preference/same_image 896/2400
[step-000500] preference/same_image 912/2400
[step-000500] preference/same_image 928/2400
[step-000500] preference/same_image 944/2400
[step-000500] preference/same_image 960/2400
[step-000500] preference/same_image 976/2400
[step-000500] preference/same_image 992/2400
[step-000500] preference/same_image 1008/2400
[step-000500] preference/same_image 1024/2400
[step-000500] preference/same_image 1040/2400
[step-000500] preference/same_image 1056/2400
[step-000500] preference/same_image 1072/2400
[step-000500] preference/same_image 1088/2400
[step-000500] preference/same_image 1104/2400
[step-000500] preference/same_image 1120/2400
[step-000500] preference/same_image 1136/2400
[step-000500] preference/same_image 1152/2400
[step-000500] preference/same_image 1168/2400
[step-000500] preference/same_image 1184/2400
[step-000500] preference/same_image 1200/2400
[step-000500] preference/same_image 1216/2400
[step-000500] preference/same_image 1232/2400
[step-000500] preference/same_image 1248/2400
[step-000500] preference/same_image 1264/2400
[step-000500] preference/same_image 1280/2400
[step-000500] preference/same_image 1296/2400
[step-000500] preference/same_image 1312/2400
[step-000500] preference/same_image 1328/2400
[step-000500] preference/same_image 1344/2400
[step-000500] preference/same_image 1360/2400
[step-000500] preference/same_image 1376/2400
[step-000500] preference/same_image 1392/2400
[step-000500] preference/same_image 1408/2400
[step-000500] preference/same_image 1424/2400
[step-000500] preference/same_image 1440/2400
[step-000500] preference/same_image 1456/2400
[step-000500] preference/same_image 1472/2400
[step-000500] preference/same_image 1488/2400
[step-000500] preference/same_image 1504/2400
[step-000500] preference/same_image 1520/2400
[step-000500] preference/same_image 1536/2400
[step-000500] preference/same_image 1552/2400
[step-000500] preference/same_image 1568/2400
[step-000500] preference/same_image 1584/2400
[step-000500] preference/same_image 1600/2400
[step-000500] preference/same_image 1616/2400
[step-000500] preference/same_image 1632/2400
[step-000500] preference/same_image 1648/2400
[step-000500] preference/same_image 1664/2400
[step-000500] preference/same_image 1680/2400
[step-000500] preference/same_image 1696/2400
[step-000500] preference/same_image 1712/2400
[step-000500] preference/same_image 1728/2400
[step-000500] preference/same_image 1744/2400
[step-000500] preference/same_image 1760/2400
[step-000500] preference/same_image 1776/2400
[step-000500] preference/same_image 1792/2400
[step-000500] preference/same_image 1808/2400
[step-000500] preference/same_image 1824/2400
[step-000500] preference/same_image 1840/2400
[step-000500] preference/same_image 1856/2400
[step-000500] preference/same_image 1872/2400
[step-000500] preference/same_image 1888/2400
[step-000500] preference/same_image 1904/2400
[step-000500] preference/same_image 1920/2400
[step-000500] preference/same_image 1936/2400
[step-000500] preference/same_image 1952/2400
[step-000500] preference/same_image 1968/2400
[step-000500] preference/same_image 1984/2400
[step-000500] preference/same_image 2000/2400
[step-000500] preference/same_image 2016/2400
[step-000500] preference/same_image 2032/2400
[step-000500] preference/same_image 2048/2400
[step-000500] preference/same_image 2064/2400
[step-000500] preference/same_image 2080/2400
[step-000500] preference/same_image 2096/2400
[step-000500] preference/same_image 2112/2400
[step-000500] preference/same_image 2128/2400
[step-000500] preference/same_image 2144/2400
[step-000500] preference/same_image 2160/2400
[step-000500] preference/same_image 2176/2400
[step-000500] preference/same_image 2192/2400
[step-000500] preference/same_image 2208/2400
[step-000500] preference/same_image 2224/2400
[step-000500] preference/same_image 2240/2400
[step-000500] preference/same_image 2256/2400
[step-000500] preference/same_image 2272/2400
[step-000500] preference/same_image 2288/2400
[step-000500] preference/same_image 2304/2400
[step-000500] preference/same_image 2320/2400
[step-000500] preference/same_image 2336/2400
[step-000500] preference/same_image 2352/2400
[step-000500] preference/same_image 2368/2400
[step-000500] preference/same_image 2384/2400
[step-000500] preference/same_image 2400/2400
[step-000500] preference/shuffled_image 16/2400
[step-000500] preference/shuffled_image 32/2400
[step-000500] preference/shuffled_image 48/2400
[step-000500] preference/shuffled_image 64/2400
[step-000500] preference/shuffled_image 80/2400
[step-000500] preference/shuffled_image 96/2400
[step-000500] preference/shuffled_image 112/2400
[step-000500] preference/shuffled_image 128/2400
[step-000500] preference/shuffled_image 144/2400
[step-000500] preference/shuffled_image 160/2400
[step-000500] preference/shuffled_image 176/2400
[step-000500] preference/shuffled_image 192/2400
[step-000500] preference/shuffled_image 208/2400
[step-000500] preference/shuffled_image 224/2400
[step-000500] preference/shuffled_image 240/2400
[step-000500] preference/shuffled_image 256/2400
[step-000500] preference/shuffled_image 272/2400
[step-000500] preference/shuffled_image 288/2400
[step-000500] preference/shuffled_image 304/2400
[step-000500] preference/shuffled_image 320/2400
[step-000500] preference/shuffled_image 336/2400
[step-000500] preference/shuffled_image 352/2400
[step-000500] preference/shuffled_image 368/2400
[step-000500] preference/shuffled_image 384/2400
[step-000500] preference/shuffled_image 400/2400
[step-000500] preference/shuffled_image 416/2400
[step-000500] preference/shuffled_image 432/2400
[step-000500] preference/shuffled_image 448/2400
[step-000500] preference/shuffled_image 464/2400
[step-000500] preference/shuffled_image 480/2400
[step-000500] preference/shuffled_image 496/2400
[step-000500] preference/shuffled_image 512/2400
[step-000500] preference/shuffled_image 528/2400
[step-000500] preference/shuffled_image 544/2400
[step-000500] preference/shuffled_image 560/2400
[step-000500] preference/shuffled_image 576/2400
[step-000500] preference/shuffled_image 592/2400
[step-000500] preference/shuffled_image 608/2400
[step-000500] preference/shuffled_image 624/2400
[step-000500] preference/shuffled_image 640/2400
[step-000500] preference/shuffled_image 656/2400
[step-000500] preference/shuffled_image 672/2400
[step-000500] preference/shuffled_image 688/2400
[step-000500] preference/shuffled_image 704/2400
[step-000500] preference/shuffled_image 720/2400
[step-000500] preference/shuffled_image 736/2400
[step-000500] preference/shuffled_image 752/2400
[step-000500] preference/shuffled_image 768/2400
[step-000500] preference/shuffled_image 784/2400
[step-000500] preference/shuffled_image 800/2400
[step-000500] preference/shuffled_image 816/2400
[step-000500] preference/shuffled_image 832/2400
[step-000500] preference/shuffled_image 848/2400
[step-000500] preference/shuffled_image 864/2400
[step-000500] preference/shuffled_image 880/2400
[step-000500] preference/shuffled_image 896/2400
[step-000500] preference/shuffled_image 912/2400
[step-000500] preference/shuffled_image 928/2400
[step-000500] preference/shuffled_image 944/2400
[step-000500] preference/shuffled_image 960/2400
[step-000500] preference/shuffled_image 976/2400
[step-000500] preference/shuffled_image 992/2400
[step-000500] preference/shuffled_image 1008/2400
[step-000500] preference/shuffled_image 1024/2400
[step-000500] preference/shuffled_image 1040/2400
[step-000500] preference/shuffled_image 1056/2400
[step-000500] preference/shuffled_image 1072/2400
[step-000500] preference/shuffled_image 1088/2400
[step-000500] preference/shuffled_image 1104/2400
[step-000500] preference/shuffled_image 1120/2400
[step-000500] preference/shuffled_image 1136/2400
[step-000500] preference/shuffled_image 1152/2400
[step-000500] preference/shuffled_image 1168/2400
[step-000500] preference/shuffled_image 1184/2400
[step-000500] preference/shuffled_image 1200/2400
[step-000500] preference/shuffled_image 1216/2400
[step-000500] preference/shuffled_image 1232/2400
[step-000500] preference/shuffled_image 1248/2400
[step-000500] preference/shuffled_image 1264/2400
[step-000500] preference/shuffled_image 1280/2400
[step-000500] preference/shuffled_image 1296/2400
[step-000500] preference/shuffled_image 1312/2400
[step-000500] preference/shuffled_image 1328/2400
[step-000500] preference/shuffled_image 1344/2400
[step-000500] preference/shuffled_image 1360/2400
[step-000500] preference/shuffled_image 1376/2400
[step-000500] preference/shuffled_image 1392/2400
[step-000500] preference/shuffled_image 1408/2400
[step-000500] preference/shuffled_image 1424/2400
[step-000500] preference/shuffled_image 1440/2400
[step-000500] preference/shuffled_image 1456/2400
[step-000500] preference/shuffled_image 1472/2400
[step-000500] preference/shuffled_image 1488/2400
[step-000500] preference/shuffled_image 1504/2400
[step-000500] preference/shuffled_image 1520/2400
[step-000500] preference/shuffled_image 1536/2400
[step-000500] preference/shuffled_image 1552/2400
[step-000500] preference/shuffled_image 1568/2400
[step-000500] preference/shuffled_image 1584/2400
[step-000500] preference/shuffled_image 1600/2400
[step-000500] preference/shuffled_image 1616/2400
[step-000500] preference/shuffled_image 1632/2400
[step-000500] preference/shuffled_image 1648/2400
[step-000500] preference/shuffled_image 1664/2400
[step-000500] preference/shuffled_image 1680/2400
[step-000500] preference/shuffled_image 1696/2400
[step-000500] preference/shuffled_image 1712/2400
[step-000500] preference/shuffled_image 1728/2400
[step-000500] preference/shuffled_image 1744/2400
[step-000500] preference/shuffled_image 1760/2400
[step-000500] preference/shuffled_image 1776/2400
[step-000500] preference/shuffled_image 1792/2400
[step-000500] preference/shuffled_image 1808/2400
[step-000500] preference/shuffled_image 1824/2400
[step-000500] preference/shuffled_image 1840/2400
[step-000500] preference/shuffled_image 1856/2400
[step-000500] preference/shuffled_image 1872/2400
[step-000500] preference/shuffled_image 1888/2400
[step-000500] preference/shuffled_image 1904/2400
[step-000500] preference/shuffled_image 1920/2400
[step-000500] preference/shuffled_image 1936/2400
[step-000500] preference/shuffled_image 1952/2400
[step-000500] preference/shuffled_image 1968/2400
[step-000500] preference/shuffled_image 1984/2400
[step-000500] preference/shuffled_image 2000/2400
[step-000500] preference/shuffled_image 2016/2400
[step-000500] preference/shuffled_image 2032/2400
[step-000500] preference/shuffled_image 2048/2400
[step-000500] preference/shuffled_image 2064/2400
[step-000500] preference/shuffled_image 2080/2400
[step-000500] preference/shuffled_image 2096/2400
[step-000500] preference/shuffled_image 2112/2400
[step-000500] preference/shuffled_image 2128/2400
[step-000500] preference/shuffled_image 2144/2400
[step-000500] preference/shuffled_image 2160/2400
[step-000500] preference/shuffled_image 2176/2400
[step-000500] preference/shuffled_image 2192/2400
[step-000500] preference/shuffled_image 2208/2400
[step-000500] preference/shuffled_image 2224/2400
[step-000500] preference/shuffled_image 2240/2400
[step-000500] preference/shuffled_image 2256/2400
[step-000500] preference/shuffled_image 2272/2400
[step-000500] preference/shuffled_image 2288/2400
[step-000500] preference/shuffled_image 2304/2400
[step-000500] preference/shuffled_image 2320/2400
[step-000500] preference/shuffled_image 2336/2400
[step-000500] preference/shuffled_image 2352/2400
[step-000500] preference/shuffled_image 2368/2400
[step-000500] preference/shuffled_image 2384/2400
[step-000500] preference/shuffled_image 2400/2400
[step-000500] preference/patch_permutation 16/2400
[step-000500] preference/patch_permutation 32/2400
[step-000500] preference/patch_permutation 48/2400
[step-000500] preference/patch_permutation 64/2400
[step-000500] preference/patch_permutation 80/2400
[step-000500] preference/patch_permutation 96/2400
[step-000500] preference/patch_permutation 112/2400
[step-000500] preference/patch_permutation 128/2400
[step-000500] preference/patch_permutation 144/2400
[step-000500] preference/patch_permutation 160/2400
[step-000500] preference/patch_permutation 176/2400
[step-000500] preference/patch_permutation 192/2400
[step-000500] preference/patch_permutation 208/2400
[step-000500] preference/patch_permutation 224/2400
[step-000500] preference/patch_permutation 240/2400
[step-000500] preference/patch_permutation 256/2400
[step-000500] preference/patch_permutation 272/2400
[step-000500] preference/patch_permutation 288/2400
[step-000500] preference/patch_permutation 304/2400
[step-000500] preference/patch_permutation 320/2400
[step-000500] preference/patch_permutation 336/2400
[step-000500] preference/patch_permutation 352/2400
[step-000500] preference/patch_permutation 368/2400
[step-000500] preference/patch_permutation 384/2400
[step-000500] preference/patch_permutation 400/2400
[step-000500] preference/patch_permutation 416/2400
[step-000500] preference/patch_permutation 432/2400
[step-000500] preference/patch_permutation 448/2400
[step-000500] preference/patch_permutation 464/2400
[step-000500] preference/patch_permutation 480/2400
[step-000500] preference/patch_permutation 496/2400
[step-000500] preference/patch_permutation 512/2400
[step-000500] preference/patch_permutation 528/2400
[step-000500] preference/patch_permutation 544/2400
[step-000500] preference/patch_permutation 560/2400
[step-000500] preference/patch_permutation 576/2400
[step-000500] preference/patch_permutation 592/2400
[step-000500] preference/patch_permutation 608/2400
[step-000500] preference/patch_permutation 624/2400
[step-000500] preference/patch_permutation 640/2400
[step-000500] preference/patch_permutation 656/2400
[step-000500] preference/patch_permutation 672/2400
[step-000500] preference/patch_permutation 688/2400
[step-000500] preference/patch_permutation 704/2400
[step-000500] preference/patch_permutation 720/2400
[step-000500] preference/patch_permutation 736/2400
[step-000500] preference/patch_permutation 752/2400
[step-000500] preference/patch_permutation 768/2400
[step-000500] preference/patch_permutation 784/2400
[step-000500] preference/patch_permutation 800/2400
[step-000500] preference/patch_permutation 816/2400
[step-000500] preference/patch_permutation 832/2400
[step-000500] preference/patch_permutation 848/2400
[step-000500] preference/patch_permutation 864/2400
[step-000500] preference/patch_permutation 880/2400
[step-000500] preference/patch_permutation 896/2400
[step-000500] preference/patch_permutation 912/2400
[step-000500] preference/patch_permutation 928/2400
[step-000500] preference/patch_permutation 944/2400
[step-000500] preference/patch_permutation 960/2400
[step-000500] preference/patch_permutation 976/2400
[step-000500] preference/patch_permutation 992/2400
[step-000500] preference/patch_permutation 1008/2400
[step-000500] preference/patch_permutation 1024/2400
[step-000500] preference/patch_permutation 1040/2400
[step-000500] preference/patch_permutation 1056/2400
[step-000500] preference/patch_permutation 1072/2400
[step-000500] preference/patch_permutation 1088/2400
[step-000500] preference/patch_permutation 1104/2400
[step-000500] preference/patch_permutation 1120/2400
[step-000500] preference/patch_permutation 1136/2400
[step-000500] preference/patch_permutation 1152/2400
[step-000500] preference/patch_permutation 1168/2400
[step-000500] preference/patch_permutation 1184/2400
[step-000500] preference/patch_permutation 1200/2400
[step-000500] preference/patch_permutation 1216/2400
[step-000500] preference/patch_permutation 1232/2400
[step-000500] preference/patch_permutation 1248/2400
[step-000500] preference/patch_permutation 1264/2400
[step-000500] preference/patch_permutation 1280/2400
[step-000500] preference/patch_permutation 1296/2400
[step-000500] preference/patch_permutation 1312/2400
[step-000500] preference/patch_permutation 1328/2400
[step-000500] preference/patch_permutation 1344/2400
[step-000500] preference/patch_permutation 1360/2400
[step-000500] preference/patch_permutation 1376/2400
[step-000500] preference/patch_permutation 1392/2400
[step-000500] preference/patch_permutation 1408/2400
[step-000500] preference/patch_permutation 1424/2400
[step-000500] preference/patch_permutation 1440/2400
[step-000500] preference/patch_permutation 1456/2400
[step-000500] preference/patch_permutation 1472/2400
[step-000500] preference/patch_permutation 1488/2400
[step-000500] preference/patch_permutation 1504/2400
[step-000500] preference/patch_permutation 1520/2400
[step-000500] preference/patch_permutation 1536/2400
[step-000500] preference/patch_permutation 1552/2400
[step-000500] preference/patch_permutation 1568/2400
[step-000500] preference/patch_permutation 1584/2400
[step-000500] preference/patch_permutation 1600/2400
[step-000500] preference/patch_permutation 1616/2400
[step-000500] preference/patch_permutation 1632/2400
[step-000500] preference/patch_permutation 1648/2400
[step-000500] preference/patch_permutation 1664/2400
[step-000500] preference/patch_permutation 1680/2400
[step-000500] preference/patch_permutation 1696/2400
[step-000500] preference/patch_permutation 1712/2400
[step-000500] preference/patch_permutation 1728/2400
[step-000500] preference/patch_permutation 1744/2400
[step-000500] preference/patch_permutation 1760/2400
[step-000500] preference/patch_permutation 1776/2400
[step-000500] preference/patch_permutation 1792/2400
[step-000500] preference/patch_permutation 1808/2400
[step-000500] preference/patch_permutation 1824/2400
[step-000500] preference/patch_permutation 1840/2400
[step-000500] preference/patch_permutation 1856/2400
[step-000500] preference/patch_permutation 1872/2400
[step-000500] preference/patch_permutation 1888/2400
[step-000500] preference/patch_permutation 1904/2400
[step-000500] preference/patch_permutation 1920/2400
[step-000500] preference/patch_permutation 1936/2400
[step-000500] preference/patch_permutation 1952/2400
[step-000500] preference/patch_permutation 1968/2400
[step-000500] preference/patch_permutation 1984/2400
[step-000500] preference/patch_permutation 2000/2400
[step-000500] preference/patch_permutation 2016/2400
[step-000500] preference/patch_permutation 2032/2400
[step-000500] preference/patch_permutation 2048/2400
[step-000500] preference/patch_permutation 2064/2400
[step-000500] preference/patch_permutation 2080/2400
[step-000500] preference/patch_permutation 2096/2400
[step-000500] preference/patch_permutation 2112/2400
[step-000500] preference/patch_permutation 2128/2400
[step-000500] preference/patch_permutation 2144/2400
[step-000500] preference/patch_permutation 2160/2400
[step-000500] preference/patch_permutation 2176/2400
[step-000500] preference/patch_permutation 2192/2400
[step-000500] preference/patch_permutation 2208/2400
[step-000500] preference/patch_permutation 2224/2400
[step-000500] preference/patch_permutation 2240/2400
[step-000500] preference/patch_permutation 2256/2400
[step-000500] preference/patch_permutation 2272/2400
[step-000500] preference/patch_permutation 2288/2400
[step-000500] preference/patch_permutation 2304/2400
[step-000500] preference/patch_permutation 2320/2400
[step-000500] preference/patch_permutation 2336/2400
[step-000500] preference/patch_permutation 2352/2400
[step-000500] preference/patch_permutation 2368/2400
[step-000500] preference/patch_permutation 2384/2400
[step-000500] preference/patch_permutation 2400/2400
[step-000500] preference/paired_counterfactual_image 16/2400
[step-000500] preference/paired_counterfactual_image 32/2400
[step-000500] preference/paired_counterfactual_image 48/2400
[step-000500] preference/paired_counterfactual_image 64/2400
[step-000500] preference/paired_counterfactual_image 80/2400
[step-000500] preference/paired_counterfactual_image 96/2400
[step-000500] preference/paired_counterfactual_image 112/2400
[step-000500] preference/paired_counterfactual_image 128/2400
[step-000500] preference/paired_counterfactual_image 144/2400
[step-000500] preference/paired_counterfactual_image 160/2400
[step-000500] preference/paired_counterfactual_image 176/2400
[step-000500] preference/paired_counterfactual_image 192/2400
[step-000500] preference/paired_counterfactual_image 208/2400
[step-000500] preference/paired_counterfactual_image 224/2400
[step-000500] preference/paired_counterfactual_image 240/2400
[step-000500] preference/paired_counterfactual_image 256/2400
[step-000500] preference/paired_counterfactual_image 272/2400
[step-000500] preference/paired_counterfactual_image 288/2400
[step-000500] preference/paired_counterfactual_image 304/2400
[step-000500] preference/paired_counterfactual_image 320/2400
[step-000500] preference/paired_counterfactual_image 336/2400
[step-000500] preference/paired_counterfactual_image 352/2400
[step-000500] preference/paired_counterfactual_image 368/2400
[step-000500] preference/paired_counterfactual_image 384/2400
[step-000500] preference/paired_counterfactual_image 400/2400
[step-000500] preference/paired_counterfactual_image 416/2400
[step-000500] preference/paired_counterfactual_image 432/2400
[step-000500] preference/paired_counterfactual_image 448/2400
[step-000500] preference/paired_counterfactual_image 464/2400
[step-000500] preference/paired_counterfactual_image 480/2400
[step-000500] preference/paired_counterfactual_image 496/2400
[step-000500] preference/paired_counterfactual_image 512/2400
[step-000500] preference/paired_counterfactual_image 528/2400
[step-000500] preference/paired_counterfactual_image 544/2400
[step-000500] preference/paired_counterfactual_image 560/2400
[step-000500] preference/paired_counterfactual_image 576/2400
[step-000500] preference/paired_counterfactual_image 592/2400
[step-000500] preference/paired_counterfactual_image 608/2400
[step-000500] preference/paired_counterfactual_image 624/2400
[step-000500] preference/paired_counterfactual_image 640/2400
[step-000500] preference/paired_counterfactual_image 656/2400
[step-000500] preference/paired_counterfactual_image 672/2400
[step-000500] preference/paired_counterfactual_image 688/2400
[step-000500] preference/paired_counterfactual_image 704/2400
[step-000500] preference/paired_counterfactual_image 720/2400
[step-000500] preference/paired_counterfactual_image 736/2400
[step-000500] preference/paired_counterfactual_image 752/2400
[step-000500] preference/paired_counterfactual_image 768/2400
[step-000500] preference/paired_counterfactual_image 784/2400
[step-000500] preference/paired_counterfactual_image 800/2400
[step-000500] preference/paired_counterfactual_image 816/2400
[step-000500] preference/paired_counterfactual_image 832/2400
[step-000500] preference/paired_counterfactual_image 848/2400
[step-000500] preference/paired_counterfactual_image 864/2400
[step-000500] preference/paired_counterfactual_image 880/2400
[step-000500] preference/paired_counterfactual_image 896/2400
[step-000500] preference/paired_counterfactual_image 912/2400
[step-000500] preference/paired_counterfactual_image 928/2400
[step-000500] preference/paired_counterfactual_image 944/2400
[step-000500] preference/paired_counterfactual_image 960/2400
[step-000500] preference/paired_counterfactual_image 976/2400
[step-000500] preference/paired_counterfactual_image 992/2400
[step-000500] preference/paired_counterfactual_image 1008/2400
[step-000500] preference/paired_counterfactual_image 1024/2400
[step-000500] preference/paired_counterfactual_image 1040/2400
[step-000500] preference/paired_counterfactual_image 1056/2400
[step-000500] preference/paired_counterfactual_image 1072/2400
[step-000500] preference/paired_counterfactual_image 1088/2400
[step-000500] preference/paired_counterfactual_image 1104/2400
[step-000500] preference/paired_counterfactual_image 1120/2400
[step-000500] preference/paired_counterfactual_image 1136/2400
[step-000500] preference/paired_counterfactual_image 1152/2400
[step-000500] preference/paired_counterfactual_image 1168/2400
[step-000500] preference/paired_counterfactual_image 1184/2400
[step-000500] preference/paired_counterfactual_image 1200/2400
[step-000500] preference/paired_counterfactual_image 1216/2400
[step-000500] preference/paired_counterfactual_image 1232/2400
[step-000500] preference/paired_counterfactual_image 1248/2400
[step-000500] preference/paired_counterfactual_image 1264/2400
[step-000500] preference/paired_counterfactual_image 1280/2400
[step-000500] preference/paired_counterfactual_image 1296/2400
[step-000500] preference/paired_counterfactual_image 1312/2400
[step-000500] preference/paired_counterfactual_image 1328/2400
[step-000500] preference/paired_counterfactual_image 1344/2400
[step-000500] preference/paired_counterfactual_image 1360/2400
[step-000500] preference/paired_counterfactual_image 1376/2400
[step-000500] preference/paired_counterfactual_image 1392/2400
[step-000500] preference/paired_counterfactual_image 1408/2400
[step-000500] preference/paired_counterfactual_image 1424/2400
[step-000500] preference/paired_counterfactual_image 1440/2400
[step-000500] preference/paired_counterfactual_image 1456/2400
[step-000500] preference/paired_counterfactual_image 1472/2400
[step-000500] preference/paired_counterfactual_image 1488/2400
[step-000500] preference/paired_counterfactual_image 1504/2400
[step-000500] preference/paired_counterfactual_image 1520/2400
[step-000500] preference/paired_counterfactual_image 1536/2400
[step-000500] preference/paired_counterfactual_image 1552/2400
[step-000500] preference/paired_counterfactual_image 1568/2400
[step-000500] preference/paired_counterfactual_image 1584/2400
[step-000500] preference/paired_counterfactual_image 1600/2400
[step-000500] preference/paired_counterfactual_image 1616/2400
[step-000500] preference/paired_counterfactual_image 1632/2400
[step-000500] preference/paired_counterfactual_image 1648/2400
[step-000500] preference/paired_counterfactual_image 1664/2400
[step-000500] preference/paired_counterfactual_image 1680/2400
[step-000500] preference/paired_counterfactual_image 1696/2400
[step-000500] preference/paired_counterfactual_image 1712/2400
[step-000500] preference/paired_counterfactual_image 1728/2400
[step-000500] preference/paired_counterfactual_image 1744/2400
[step-000500] preference/paired_counterfactual_image 1760/2400
[step-000500] preference/paired_counterfactual_image 1776/2400
[step-000500] preference/paired_counterfactual_image 1792/2400
[step-000500] preference/paired_counterfactual_image 1808/2400
[step-000500] preference/paired_counterfactual_image 1824/2400
[step-000500] preference/paired_counterfactual_image 1840/2400
[step-000500] preference/paired_counterfactual_image 1856/2400
[step-000500] preference/paired_counterfactual_image 1872/2400
[step-000500] preference/paired_counterfactual_image 1888/2400
[step-000500] preference/paired_counterfactual_image 1904/2400
[step-000500] preference/paired_counterfactual_image 1920/2400
[step-000500] preference/paired_counterfactual_image 1936/2400
[step-000500] preference/paired_counterfactual_image 1952/2400
[step-000500] preference/paired_counterfactual_image 1968/2400
[step-000500] preference/paired_counterfactual_image 1984/2400
[step-000500] preference/paired_counterfactual_image 2000/2400
[step-000500] preference/paired_counterfactual_image 2016/2400
[step-000500] preference/paired_counterfactual_image 2032/2400
[step-000500] preference/paired_counterfactual_image 2048/2400
[step-000500] preference/paired_counterfactual_image 2064/2400
[step-000500] preference/paired_counterfactual_image 2080/2400
[step-000500] preference/paired_counterfactual_image 2096/2400
[step-000500] preference/paired_counterfactual_image 2112/2400
[step-000500] preference/paired_counterfactual_image 2128/2400
[step-000500] preference/paired_counterfactual_image 2144/2400
[step-000500] preference/paired_counterfactual_image 2160/2400
[step-000500] preference/paired_counterfactual_image 2176/2400
[step-000500] preference/paired_counterfactual_image 2192/2400
[step-000500] preference/paired_counterfactual_image 2208/2400
[step-000500] preference/paired_counterfactual_image 2224/2400
[step-000500] preference/paired_counterfactual_image 2240/2400
[step-000500] preference/paired_counterfactual_image 2256/2400
[step-000500] preference/paired_counterfactual_image 2272/2400
[step-000500] preference/paired_counterfactual_image 2288/2400
[step-000500] preference/paired_counterfactual_image 2304/2400
[step-000500] preference/paired_counterfactual_image 2320/2400
[step-000500] preference/paired_counterfactual_image 2336/2400
[step-000500] preference/paired_counterfactual_image 2352/2400
[step-000500] preference/paired_counterfactual_image 2368/2400
[step-000500] preference/paired_counterfactual_image 2384/2400
[step-000500] preference/paired_counterfactual_image 2400/2400
[step-000500] preference/background_matched_aux 16/2400
[step-000500] preference/background_matched_aux 32/2400
[step-000500] preference/background_matched_aux 48/2400
[step-000500] preference/background_matched_aux 64/2400
[step-000500] preference/background_matched_aux 80/2400
[step-000500] preference/background_matched_aux 96/2400
[step-000500] preference/background_matched_aux 112/2400
[step-000500] preference/background_matched_aux 128/2400
[step-000500] preference/background_matched_aux 144/2400
[step-000500] preference/background_matched_aux 160/2400
[step-000500] preference/background_matched_aux 176/2400
[step-000500] preference/background_matched_aux 192/2400
[step-000500] preference/background_matched_aux 208/2400
[step-000500] preference/background_matched_aux 224/2400
[step-000500] preference/background_matched_aux 240/2400
[step-000500] preference/background_matched_aux 256/2400
[step-000500] preference/background_matched_aux 272/2400
[step-000500] preference/background_matched_aux 288/2400
[step-000500] preference/background_matched_aux 304/2400
[step-000500] preference/background_matched_aux 320/2400
[step-000500] preference/background_matched_aux 336/2400
[step-000500] preference/background_matched_aux 352/2400
[step-000500] preference/background_matched_aux 368/2400
[step-000500] preference/background_matched_aux 384/2400
[step-000500] preference/background_matched_aux 400/2400
[step-000500] preference/background_matched_aux 416/2400
[step-000500] preference/background_matched_aux 432/2400
[step-000500] preference/background_matched_aux 448/2400
[step-000500] preference/background_matched_aux 464/2400
[step-000500] preference/background_matched_aux 480/2400
[step-000500] preference/background_matched_aux 496/2400
[step-000500] preference/background_matched_aux 512/2400
[step-000500] preference/background_matched_aux 528/2400
[step-000500] preference/background_matched_aux 544/2400
[step-000500] preference/background_matched_aux 560/2400
[step-000500] preference/background_matched_aux 576/2400
[step-000500] preference/background_matched_aux 592/2400
[step-000500] preference/background_matched_aux 608/2400
[step-000500] preference/background_matched_aux 624/2400
[step-000500] preference/background_matched_aux 640/2400
[step-000500] preference/background_matched_aux 656/2400
[step-000500] preference/background_matched_aux 672/2400
[step-000500] preference/background_matched_aux 688/2400
[step-000500] preference/background_matched_aux 704/2400
[step-000500] preference/background_matched_aux 720/2400
[step-000500] preference/background_matched_aux 736/2400
[step-000500] preference/background_matched_aux 752/2400
[step-000500] preference/background_matched_aux 768/2400
[step-000500] preference/background_matched_aux 784/2400
[step-000500] preference/background_matched_aux 800/2400
[step-000500] preference/background_matched_aux 816/2400
[step-000500] preference/background_matched_aux 832/2400
[step-000500] preference/background_matched_aux 848/2400
[step-000500] preference/background_matched_aux 864/2400
[step-000500] preference/background_matched_aux 880/2400
[step-000500] preference/background_matched_aux 896/2400
[step-000500] preference/background_matched_aux 912/2400
[step-000500] preference/background_matched_aux 928/2400
[step-000500] preference/background_matched_aux 944/2400
[step-000500] preference/background_matched_aux 960/2400
[step-000500] preference/background_matched_aux 976/2400
[step-000500] preference/background_matched_aux 992/2400
[step-000500] preference/background_matched_aux 1008/2400
[step-000500] preference/background_matched_aux 1024/2400
[step-000500] preference/background_matched_aux 1040/2400
[step-000500] preference/background_matched_aux 1056/2400
[step-000500] preference/background_matched_aux 1072/2400
[step-000500] preference/background_matched_aux 1088/2400
[step-000500] preference/background_matched_aux 1104/2400
[step-000500] preference/background_matched_aux 1120/2400
[step-000500] preference/background_matched_aux 1136/2400
[step-000500] preference/background_matched_aux 1152/2400
[step-000500] preference/background_matched_aux 1168/2400
[step-000500] preference/background_matched_aux 1184/2400
[step-000500] preference/background_matched_aux 1200/2400
[step-000500] preference/background_matched_aux 1216/2400
[step-000500] preference/background_matched_aux 1232/2400
[step-000500] preference/background_matched_aux 1248/2400
[step-000500] preference/background_matched_aux 1264/2400
[step-000500] preference/background_matched_aux 1280/2400
[step-000500] preference/background_matched_aux 1296/2400
[step-000500] preference/background_matched_aux 1312/2400
[step-000500] preference/background_matched_aux 1328/2400
[step-000500] preference/background_matched_aux 1344/2400
[step-000500] preference/background_matched_aux 1360/2400
[step-000500] preference/background_matched_aux 1376/2400
[step-000500] preference/background_matched_aux 1392/2400
[step-000500] preference/background_matched_aux 1408/2400
[step-000500] preference/background_matched_aux 1424/2400
[step-000500] preference/background_matched_aux 1440/2400
[step-000500] preference/background_matched_aux 1456/2400
[step-000500] preference/background_matched_aux 1472/2400
[step-000500] preference/background_matched_aux 1488/2400
[step-000500] preference/background_matched_aux 1504/2400
[step-000500] preference/background_matched_aux 1520/2400
[step-000500] preference/background_matched_aux 1536/2400
[step-000500] preference/background_matched_aux 1552/2400
[step-000500] preference/background_matched_aux 1568/2400
[step-000500] preference/background_matched_aux 1584/2400
[step-000500] preference/background_matched_aux 1600/2400
[step-000500] preference/background_matched_aux 1616/2400
[step-000500] preference/background_matched_aux 1632/2400
[step-000500] preference/background_matched_aux 1648/2400
[step-000500] preference/background_matched_aux 1664/2400
[step-000500] preference/background_matched_aux 1680/2400
[step-000500] preference/background_matched_aux 1696/2400
[step-000500] preference/background_matched_aux 1712/2400
[step-000500] preference/background_matched_aux 1728/2400
[step-000500] preference/background_matched_aux 1744/2400
[step-000500] preference/background_matched_aux 1760/2400
[step-000500] preference/background_matched_aux 1776/2400
[step-000500] preference/background_matched_aux 1792/2400
[step-000500] preference/background_matched_aux 1808/2400
[step-000500] preference/background_matched_aux 1824/2400
[step-000500] preference/background_matched_aux 1840/2400
[step-000500] preference/background_matched_aux 1856/2400
[step-000500] preference/background_matched_aux 1872/2400
[step-000500] preference/background_matched_aux 1888/2400
[step-000500] preference/background_matched_aux 1904/2400
[step-000500] preference/background_matched_aux 1920/2400
[step-000500] preference/background_matched_aux 1936/2400
[step-000500] preference/background_matched_aux 1952/2400
[step-000500] preference/background_matched_aux 1968/2400
[step-000500] preference/background_matched_aux 1984/2400
[step-000500] preference/background_matched_aux 2000/2400
[step-000500] preference/background_matched_aux 2016/2400
[step-000500] preference/background_matched_aux 2032/2400
[step-000500] preference/background_matched_aux 2048/2400
[step-000500] preference/background_matched_aux 2064/2400
[step-000500] preference/background_matched_aux 2080/2400
[step-000500] preference/background_matched_aux 2096/2400
[step-000500] preference/background_matched_aux 2112/2400
[step-000500] preference/background_matched_aux 2128/2400
[step-000500] preference/background_matched_aux 2144/2400
[step-000500] preference/background_matched_aux 2160/2400
[step-000500] preference/background_matched_aux 2176/2400
[step-000500] preference/background_matched_aux 2192/2400
[step-000500] preference/background_matched_aux 2208/2400
[step-000500] preference/background_matched_aux 2224/2400
[step-000500] preference/background_matched_aux 2240/2400
[step-000500] preference/background_matched_aux 2256/2400
[step-000500] preference/background_matched_aux 2272/2400
[step-000500] preference/background_matched_aux 2288/2400
[step-000500] preference/background_matched_aux 2304/2400
[step-000500] preference/background_matched_aux 2320/2400
[step-000500] preference/background_matched_aux 2336/2400
[step-000500] preference/background_matched_aux 2352/2400
[step-000500] preference/background_matched_aux 2368/2400
[step-000500] preference/background_matched_aux 2384/2400
[step-000500] preference/background_matched_aux 2400/2400
[step-001000] preference/vision 16/2400
[step-001000] preference/vision 32/2400
[step-001000] preference/vision 48/2400
[step-001000] preference/vision 64/2400
[step-001000] preference/vision 80/2400
[step-001000] preference/vision 96/2400
[step-001000] preference/vision 112/2400
[step-001000] preference/vision 128/2400
[step-001000] preference/vision 144/2400
[step-001000] preference/vision 160/2400
[step-001000] preference/vision 176/2400
[step-001000] preference/vision 192/2400
[step-001000] preference/vision 208/2400
[step-001000] preference/vision 224/2400
[step-001000] preference/vision 240/2400
[step-001000] preference/vision 256/2400
[step-001000] preference/vision 272/2400
[step-001000] preference/vision 288/2400
[step-001000] preference/vision 304/2400
[step-001000] preference/vision 320/2400
[step-001000] preference/vision 336/2400
[step-001000] preference/vision 352/2400
[step-001000] preference/vision 368/2400
[step-001000] preference/vision 384/2400
[step-001000] preference/vision 400/2400
[step-001000] preference/vision 416/2400
[step-001000] preference/vision 432/2400
[step-001000] preference/vision 448/2400
[step-001000] preference/vision 464/2400
[step-001000] preference/vision 480/2400
[step-001000] preference/vision 496/2400
[step-001000] preference/vision 512/2400
[step-001000] preference/vision 528/2400
[step-001000] preference/vision 544/2400
[step-001000] preference/vision 560/2400
[step-001000] preference/vision 576/2400
[step-001000] preference/vision 592/2400
[step-001000] preference/vision 608/2400
[step-001000] preference/vision 624/2400
[step-001000] preference/vision 640/2400
[step-001000] preference/vision 656/2400
[step-001000] preference/vision 672/2400
[step-001000] preference/vision 688/2400
[step-001000] preference/vision 704/2400
[step-001000] preference/vision 720/2400
[step-001000] preference/vision 736/2400
[step-001000] preference/vision 752/2400
[step-001000] preference/vision 768/2400
[step-001000] preference/vision 784/2400
[step-001000] preference/vision 800/2400
[step-001000] preference/vision 816/2400
[step-001000] preference/vision 832/2400
[step-001000] preference/vision 848/2400
[step-001000] preference/vision 864/2400
[step-001000] preference/vision 880/2400
[step-001000] preference/vision 896/2400
[step-001000] preference/vision 912/2400
[step-001000] preference/vision 928/2400
[step-001000] preference/vision 944/2400
[step-001000] preference/vision 960/2400
[step-001000] preference/vision 976/2400
[step-001000] preference/vision 992/2400
[step-001000] preference/vision 1008/2400
[step-001000] preference/vision 1024/2400
[step-001000] preference/vision 1040/2400
[step-001000] preference/vision 1056/2400
[step-001000] preference/vision 1072/2400
[step-001000] preference/vision 1088/2400
[step-001000] preference/vision 1104/2400
[step-001000] preference/vision 1120/2400
[step-001000] preference/vision 1136/2400
[step-001000] preference/vision 1152/2400
[step-001000] preference/vision 1168/2400
[step-001000] preference/vision 1184/2400
[step-001000] preference/vision 1200/2400
[step-001000] preference/vision 1216/2400
[step-001000] preference/vision 1232/2400
[step-001000] preference/vision 1248/2400
[step-001000] preference/vision 1264/2400
[step-001000] preference/vision 1280/2400
[step-001000] preference/vision 1296/2400
[step-001000] preference/vision 1312/2400
[step-001000] preference/vision 1328/2400
[step-001000] preference/vision 1344/2400
[step-001000] preference/vision 1360/2400
[step-001000] preference/vision 1376/2400
[step-001000] preference/vision 1392/2400
[step-001000] preference/vision 1408/2400
[step-001000] preference/vision 1424/2400
[step-001000] preference/vision 1440/2400
[step-001000] preference/vision 1456/2400
[step-001000] preference/vision 1472/2400
[step-001000] preference/vision 1488/2400
[step-001000] preference/vision 1504/2400
[step-001000] preference/vision 1520/2400
[step-001000] preference/vision 1536/2400
[step-001000] preference/vision 1552/2400
[step-001000] preference/vision 1568/2400
[step-001000] preference/vision 1584/2400
[step-001000] preference/vision 1600/2400
[step-001000] preference/vision 1616/2400
[step-001000] preference/vision 1632/2400
[step-001000] preference/vision 1648/2400
[step-001000] preference/vision 1664/2400
[step-001000] preference/vision 1680/2400
[step-001000] preference/vision 1696/2400
[step-001000] preference/vision 1712/2400
[step-001000] preference/vision 1728/2400
[step-001000] preference/vision 1744/2400
[step-001000] preference/vision 1760/2400
[step-001000] preference/vision 1776/2400
[step-001000] preference/vision 1792/2400
[step-001000] preference/vision 1808/2400
[step-001000] preference/vision 1824/2400
[step-001000] preference/vision 1840/2400
[step-001000] preference/vision 1856/2400
[step-001000] preference/vision 1872/2400
[step-001000] preference/vision 1888/2400
[step-001000] preference/vision 1904/2400
[step-001000] preference/vision 1920/2400
[step-001000] preference/vision 1936/2400
[step-001000] preference/vision 1952/2400
[step-001000] preference/vision 1968/2400
[step-001000] preference/vision 1984/2400
[step-001000] preference/vision 2000/2400
[step-001000] preference/vision 2016/2400
[step-001000] preference/vision 2032/2400
[step-001000] preference/vision 2048/2400
[step-001000] preference/vision 2064/2400
[step-001000] preference/vision 2080/2400
[step-001000] preference/vision 2096/2400
[step-001000] preference/vision 2112/2400
[step-001000] preference/vision 2128/2400
[step-001000] preference/vision 2144/2400
[step-001000] preference/vision 2160/2400
[step-001000] preference/vision 2176/2400
[step-001000] preference/vision 2192/2400
[step-001000] preference/vision 2208/2400
[step-001000] preference/vision 2224/2400
[step-001000] preference/vision 2240/2400
[step-001000] preference/vision 2256/2400
[step-001000] preference/vision 2272/2400
[step-001000] preference/vision 2288/2400
[step-001000] preference/vision 2304/2400
[step-001000] preference/vision 2320/2400
[step-001000] preference/vision 2336/2400
[step-001000] preference/vision 2352/2400
[step-001000] preference/vision 2368/2400
[step-001000] preference/vision 2384/2400
[step-001000] preference/vision 2400/2400
[step-001000] preference/blind 16/2400
[step-001000] preference/blind 32/2400
[step-001000] preference/blind 48/2400
[step-001000] preference/blind 64/2400
[step-001000] preference/blind 80/2400
[step-001000] preference/blind 96/2400
[step-001000] preference/blind 112/2400
[step-001000] preference/blind 128/2400
[step-001000] preference/blind 144/2400
[step-001000] preference/blind 160/2400
[step-001000] preference/blind 176/2400
[step-001000] preference/blind 192/2400
[step-001000] preference/blind 208/2400
[step-001000] preference/blind 224/2400
[step-001000] preference/blind 240/2400
[step-001000] preference/blind 256/2400
[step-001000] preference/blind 272/2400
[step-001000] preference/blind 288/2400
[step-001000] preference/blind 304/2400
[step-001000] preference/blind 320/2400
[step-001000] preference/blind 336/2400
[step-001000] preference/blind 352/2400
[step-001000] preference/blind 368/2400
[step-001000] preference/blind 384/2400
[step-001000] preference/blind 400/2400
[step-001000] preference/blind 416/2400
[step-001000] preference/blind 432/2400
[step-001000] preference/blind 448/2400
[step-001000] preference/blind 464/2400
[step-001000] preference/blind 480/2400
[step-001000] preference/blind 496/2400
[step-001000] preference/blind 512/2400
[step-001000] preference/blind 528/2400
[step-001000] preference/blind 544/2400
[step-001000] preference/blind 560/2400
[step-001000] preference/blind 576/2400
[step-001000] preference/blind 592/2400
[step-001000] preference/blind 608/2400
[step-001000] preference/blind 624/2400
[step-001000] preference/blind 640/2400
[step-001000] preference/blind 656/2400
[step-001000] preference/blind 672/2400
[step-001000] preference/blind 688/2400
[step-001000] preference/blind 704/2400
[step-001000] preference/blind 720/2400
[step-001000] preference/blind 736/2400
[step-001000] preference/blind 752/2400
[step-001000] preference/blind 768/2400
[step-001000] preference/blind 784/2400
[step-001000] preference/blind 800/2400
[step-001000] preference/blind 816/2400
[step-001000] preference/blind 832/2400
[step-001000] preference/blind 848/2400
[step-001000] preference/blind 864/2400
[step-001000] preference/blind 880/2400
[step-001000] preference/blind 896/2400
[step-001000] preference/blind 912/2400
[step-001000] preference/blind 928/2400
[step-001000] preference/blind 944/2400
[step-001000] preference/blind 960/2400
[step-001000] preference/blind 976/2400
[step-001000] preference/blind 992/2400
[step-001000] preference/blind 1008/2400
[step-001000] preference/blind 1024/2400
[step-001000] preference/blind 1040/2400
[step-001000] preference/blind 1056/2400
[step-001000] preference/blind 1072/2400
[step-001000] preference/blind 1088/2400
[step-001000] preference/blind 1104/2400
[step-001000] preference/blind 1120/2400
[step-001000] preference/blind 1136/2400
[step-001000] preference/blind 1152/2400
[step-001000] preference/blind 1168/2400
[step-001000] preference/blind 1184/2400
[step-001000] preference/blind 1200/2400
[step-001000] preference/blind 1216/2400
[step-001000] preference/blind 1232/2400
[step-001000] preference/blind 1248/2400
[step-001000] preference/blind 1264/2400
[step-001000] preference/blind 1280/2400
[step-001000] preference/blind 1296/2400
[step-001000] preference/blind 1312/2400
[step-001000] preference/blind 1328/2400
[step-001000] preference/blind 1344/2400
[step-001000] preference/blind 1360/2400
[step-001000] preference/blind 1376/2400
[step-001000] preference/blind 1392/2400
[step-001000] preference/blind 1408/2400
[step-001000] preference/blind 1424/2400
[step-001000] preference/blind 1440/2400
[step-001000] preference/blind 1456/2400
[step-001000] preference/blind 1472/2400
[step-001000] preference/blind 1488/2400
[step-001000] preference/blind 1504/2400
[step-001000] preference/blind 1520/2400
[step-001000] preference/blind 1536/2400
[step-001000] preference/blind 1552/2400
[step-001000] preference/blind 1568/2400
[step-001000] preference/blind 1584/2400
[step-001000] preference/blind 1600/2400
[step-001000] preference/blind 1616/2400
[step-001000] preference/blind 1632/2400
[step-001000] preference/blind 1648/2400
[step-001000] preference/blind 1664/2400
[step-001000] preference/blind 1680/2400
[step-001000] preference/blind 1696/2400
[step-001000] preference/blind 1712/2400
[step-001000] preference/blind 1728/2400
[step-001000] preference/blind 1744/2400
[step-001000] preference/blind 1760/2400
[step-001000] preference/blind 1776/2400
[step-001000] preference/blind 1792/2400
[step-001000] preference/blind 1808/2400
[step-001000] preference/blind 1824/2400
[step-001000] preference/blind 1840/2400
[step-001000] preference/blind 1856/2400
[step-001000] preference/blind 1872/2400
[step-001000] preference/blind 1888/2400
[step-001000] preference/blind 1904/2400
[step-001000] preference/blind 1920/2400
[step-001000] preference/blind 1936/2400
[step-001000] preference/blind 1952/2400
[step-001000] preference/blind 1968/2400
[step-001000] preference/blind 1984/2400
[step-001000] preference/blind 2000/2400
[step-001000] preference/blind 2016/2400
[step-001000] preference/blind 2032/2400
[step-001000] preference/blind 2048/2400
[step-001000] preference/blind 2064/2400
[step-001000] preference/blind 2080/2400
[step-001000] preference/blind 2096/2400
[step-001000] preference/blind 2112/2400
[step-001000] preference/blind 2128/2400
[step-001000] preference/blind 2144/2400
[step-001000] preference/blind 2160/2400
[step-001000] preference/blind 2176/2400
[step-001000] preference/blind 2192/2400
[step-001000] preference/blind 2208/2400
[step-001000] preference/blind 2224/2400
[step-001000] preference/blind 2240/2400
[step-001000] preference/blind 2256/2400
[step-001000] preference/blind 2272/2400
[step-001000] preference/blind 2288/2400
[step-001000] preference/blind 2304/2400
[step-001000] preference/blind 2320/2400
[step-001000] preference/blind 2336/2400
[step-001000] preference/blind 2352/2400
[step-001000] preference/blind 2368/2400
[step-001000] preference/blind 2384/2400
[step-001000] preference/blind 2400/2400
[step-001000] preference/blank 16/2400
[step-001000] preference/blank 32/2400
[step-001000] preference/blank 48/2400
[step-001000] preference/blank 64/2400
[step-001000] preference/blank 80/2400
[step-001000] preference/blank 96/2400
[step-001000] preference/blank 112/2400
[step-001000] preference/blank 128/2400
[step-001000] preference/blank 144/2400
[step-001000] preference/blank 160/2400
[step-001000] preference/blank 176/2400
[step-001000] preference/blank 192/2400
[step-001000] preference/blank 208/2400
[step-001000] preference/blank 224/2400
[step-001000] preference/blank 240/2400
[step-001000] preference/blank 256/2400
[step-001000] preference/blank 272/2400
[step-001000] preference/blank 288/2400
[step-001000] preference/blank 304/2400
[step-001000] preference/blank 320/2400
[step-001000] preference/blank 336/2400
[step-001000] preference/blank 352/2400
[step-001000] preference/blank 368/2400
[step-001000] preference/blank 384/2400
[step-001000] preference/blank 400/2400
[step-001000] preference/blank 416/2400
[step-001000] preference/blank 432/2400
[step-001000] preference/blank 448/2400
[step-001000] preference/blank 464/2400
[step-001000] preference/blank 480/2400
[step-001000] preference/blank 496/2400
[step-001000] preference/blank 512/2400
[step-001000] preference/blank 528/2400
[step-001000] preference/blank 544/2400
[step-001000] preference/blank 560/2400
[step-001000] preference/blank 576/2400
[step-001000] preference/blank 592/2400
[step-001000] preference/blank 608/2400
[step-001000] preference/blank 624/2400
[step-001000] preference/blank 640/2400
[step-001000] preference/blank 656/2400
[step-001000] preference/blank 672/2400
[step-001000] preference/blank 688/2400
[step-001000] preference/blank 704/2400
[step-001000] preference/blank 720/2400
[step-001000] preference/blank 736/2400
[step-001000] preference/blank 752/2400
[step-001000] preference/blank 768/2400
[step-001000] preference/blank 784/2400
[step-001000] preference/blank 800/2400
[step-001000] preference/blank 816/2400
[step-001000] preference/blank 832/2400
[step-001000] preference/blank 848/2400
[step-001000] preference/blank 864/2400
[step-001000] preference/blank 880/2400
[step-001000] preference/blank 896/2400
[step-001000] preference/blank 912/2400
[step-001000] preference/blank 928/2400
[step-001000] preference/blank 944/2400
[step-001000] preference/blank 960/2400
[step-001000] preference/blank 976/2400
[step-001000] preference/blank 992/2400
[step-001000] preference/blank 1008/2400
[step-001000] preference/blank 1024/2400
[step-001000] preference/blank 1040/2400
[step-001000] preference/blank 1056/2400
[step-001000] preference/blank 1072/2400
[step-001000] preference/blank 1088/2400
[step-001000] preference/blank 1104/2400
[step-001000] preference/blank 1120/2400
[step-001000] preference/blank 1136/2400
[step-001000] preference/blank 1152/2400
[step-001000] preference/blank 1168/2400
[step-001000] preference/blank 1184/2400
[step-001000] preference/blank 1200/2400
[step-001000] preference/blank 1216/2400
[step-001000] preference/blank 1232/2400
[step-001000] preference/blank 1248/2400
[step-001000] preference/blank 1264/2400
[step-001000] preference/blank 1280/2400
[step-001000] preference/blank 1296/2400
[step-001000] preference/blank 1312/2400
[step-001000] preference/blank 1328/2400
[step-001000] preference/blank 1344/2400
[step-001000] preference/blank 1360/2400
[step-001000] preference/blank 1376/2400
[step-001000] preference/blank 1392/2400
[step-001000] preference/blank 1408/2400
[step-001000] preference/blank 1424/2400
[step-001000] preference/blank 1440/2400
[step-001000] preference/blank 1456/2400
[step-001000] preference/blank 1472/2400
[step-001000] preference/blank 1488/2400
[step-001000] preference/blank 1504/2400
[step-001000] preference/blank 1520/2400
[step-001000] preference/blank 1536/2400
[step-001000] preference/blank 1552/2400
[step-001000] preference/blank 1568/2400
[step-001000] preference/blank 1584/2400
[step-001000] preference/blank 1600/2400
[step-001000] preference/blank 1616/2400
[step-001000] preference/blank 1632/2400
[step-001000] preference/blank 1648/2400
[step-001000] preference/blank 1664/2400
[step-001000] preference/blank 1680/2400
[step-001000] preference/blank 1696/2400
[step-001000] preference/blank 1712/2400
[step-001000] preference/blank 1728/2400
[step-001000] preference/blank 1744/2400
[step-001000] preference/blank 1760/2400
[step-001000] preference/blank 1776/2400
[step-001000] preference/blank 1792/2400
[step-001000] preference/blank 1808/2400
[step-001000] preference/blank 1824/2400
[step-001000] preference/blank 1840/2400
[step-001000] preference/blank 1856/2400
[step-001000] preference/blank 1872/2400
[step-001000] preference/blank 1888/2400
[step-001000] preference/blank 1904/2400
[step-001000] preference/blank 1920/2400
[step-001000] preference/blank 1936/2400
[step-001000] preference/blank 1952/2400
[step-001000] preference/blank 1968/2400
[step-001000] preference/blank 1984/2400
[step-001000] preference/blank 2000/2400
[step-001000] preference/blank 2016/2400
[step-001000] preference/blank 2032/2400
[step-001000] preference/blank 2048/2400
[step-001000] preference/blank 2064/2400
[step-001000] preference/blank 2080/2400
[step-001000] preference/blank 2096/2400
[step-001000] preference/blank 2112/2400
[step-001000] preference/blank 2128/2400
[step-001000] preference/blank 2144/2400
[step-001000] preference/blank 2160/2400
[step-001000] preference/blank 2176/2400
[step-001000] preference/blank 2192/2400
[step-001000] preference/blank 2208/2400
[step-001000] preference/blank 2224/2400
[step-001000] preference/blank 2240/2400
[step-001000] preference/blank 2256/2400
[step-001000] preference/blank 2272/2400
[step-001000] preference/blank 2288/2400
[step-001000] preference/blank 2304/2400
[step-001000] preference/blank 2320/2400
[step-001000] preference/blank 2336/2400
[step-001000] preference/blank 2352/2400
[step-001000] preference/blank 2368/2400
[step-001000] preference/blank 2384/2400
[step-001000] preference/blank 2400/2400
[step-001000] preference/same_image 16/2400
[step-001000] preference/same_image 32/2400
[step-001000] preference/same_image 48/2400
[step-001000] preference/same_image 64/2400
[step-001000] preference/same_image 80/2400
[step-001000] preference/same_image 96/2400
[step-001000] preference/same_image 112/2400
[step-001000] preference/same_image 128/2400
[step-001000] preference/same_image 144/2400
[step-001000] preference/same_image 160/2400
[step-001000] preference/same_image 176/2400
[step-001000] preference/same_image 192/2400
[step-001000] preference/same_image 208/2400
[step-001000] preference/same_image 224/2400
[step-001000] preference/same_image 240/2400
[step-001000] preference/same_image 256/2400
[step-001000] preference/same_image 272/2400
[step-001000] preference/same_image 288/2400
[step-001000] preference/same_image 304/2400
[step-001000] preference/same_image 320/2400
[step-001000] preference/same_image 336/2400
[step-001000] preference/same_image 352/2400
[step-001000] preference/same_image 368/2400
[step-001000] preference/same_image 384/2400
[step-001000] preference/same_image 400/2400
[step-001000] preference/same_image 416/2400
[step-001000] preference/same_image 432/2400
[step-001000] preference/same_image 448/2400
[step-001000] preference/same_image 464/2400
[step-001000] preference/same_image 480/2400
[step-001000] preference/same_image 496/2400
[step-001000] preference/same_image 512/2400
[step-001000] preference/same_image 528/2400
[step-001000] preference/same_image 544/2400
[step-001000] preference/same_image 560/2400
[step-001000] preference/same_image 576/2400
[step-001000] preference/same_image 592/2400
[step-001000] preference/same_image 608/2400
[step-001000] preference/same_image 624/2400
[step-001000] preference/same_image 640/2400
[step-001000] preference/same_image 656/2400
[step-001000] preference/same_image 672/2400
[step-001000] preference/same_image 688/2400
[step-001000] preference/same_image 704/2400
[step-001000] preference/same_image 720/2400
[step-001000] preference/same_image 736/2400
[step-001000] preference/same_image 752/2400
[step-001000] preference/same_image 768/2400
[step-001000] preference/same_image 784/2400
[step-001000] preference/same_image 800/2400
[step-001000] preference/same_image 816/2400
[step-001000] preference/same_image 832/2400
[step-001000] preference/same_image 848/2400
[step-001000] preference/same_image 864/2400
[step-001000] preference/same_image 880/2400
[step-001000] preference/same_image 896/2400
[step-001000] preference/same_image 912/2400
[step-001000] preference/same_image 928/2400
[step-001000] preference/same_image 944/2400
[step-001000] preference/same_image 960/2400
[step-001000] preference/same_image 976/2400
[step-001000] preference/same_image 992/2400
[step-001000] preference/same_image 1008/2400
[step-001000] preference/same_image 1024/2400
[step-001000] preference/same_image 1040/2400
[step-001000] preference/same_image 1056/2400
[step-001000] preference/same_image 1072/2400
[step-001000] preference/same_image 1088/2400
[step-001000] preference/same_image 1104/2400
[step-001000] preference/same_image 1120/2400
[step-001000] preference/same_image 1136/2400
[step-001000] preference/same_image 1152/2400
[step-001000] preference/same_image 1168/2400
[step-001000] preference/same_image 1184/2400
[step-001000] preference/same_image 1200/2400
[step-001000] preference/same_image 1216/2400
[step-001000] preference/same_image 1232/2400
[step-001000] preference/same_image 1248/2400
[step-001000] preference/same_image 1264/2400
[step-001000] preference/same_image 1280/2400
[step-001000] preference/same_image 1296/2400
[step-001000] preference/same_image 1312/2400
[step-001000] preference/same_image 1328/2400
[step-001000] preference/same_image 1344/2400
[step-001000] preference/same_image 1360/2400
[step-001000] preference/same_image 1376/2400
[step-001000] preference/same_image 1392/2400
[step-001000] preference/same_image 1408/2400
[step-001000] preference/same_image 1424/2400
[step-001000] preference/same_image 1440/2400
[step-001000] preference/same_image 1456/2400
[step-001000] preference/same_image 1472/2400
[step-001000] preference/same_image 1488/2400
[step-001000] preference/same_image 1504/2400
[step-001000] preference/same_image 1520/2400
[step-001000] preference/same_image 1536/2400
[step-001000] preference/same_image 1552/2400
[step-001000] preference/same_image 1568/2400
[step-001000] preference/same_image 1584/2400
[step-001000] preference/same_image 1600/2400
[step-001000] preference/same_image 1616/2400
[step-001000] preference/same_image 1632/2400
[step-001000] preference/same_image 1648/2400
[step-001000] preference/same_image 1664/2400
[step-001000] preference/same_image 1680/2400
[step-001000] preference/same_image 1696/2400
[step-001000] preference/same_image 1712/2400
[step-001000] preference/same_image 1728/2400
[step-001000] preference/same_image 1744/2400
[step-001000] preference/same_image 1760/2400
[step-001000] preference/same_image 1776/2400
[step-001000] preference/same_image 1792/2400
[step-001000] preference/same_image 1808/2400
[step-001000] preference/same_image 1824/2400
[step-001000] preference/same_image 1840/2400
[step-001000] preference/same_image 1856/2400
[step-001000] preference/same_image 1872/2400
[step-001000] preference/same_image 1888/2400
[step-001000] preference/same_image 1904/2400
[step-001000] preference/same_image 1920/2400
[step-001000] preference/same_image 1936/2400
[step-001000] preference/same_image 1952/2400
[step-001000] preference/same_image 1968/2400
[step-001000] preference/same_image 1984/2400
[step-001000] preference/same_image 2000/2400
[step-001000] preference/same_image 2016/2400
[step-001000] preference/same_image 2032/2400
[step-001000] preference/same_image 2048/2400
[step-001000] preference/same_image 2064/2400
[step-001000] preference/same_image 2080/2400
[step-001000] preference/same_image 2096/2400
[step-001000] preference/same_image 2112/2400
[step-001000] preference/same_image 2128/2400
[step-001000] preference/same_image 2144/2400
[step-001000] preference/same_image 2160/2400
[step-001000] preference/same_image 2176/2400
[step-001000] preference/same_image 2192/2400
[step-001000] preference/same_image 2208/2400
[step-001000] preference/same_image 2224/2400
[step-001000] preference/same_image 2240/2400
[step-001000] preference/same_image 2256/2400
[step-001000] preference/same_image 2272/2400
[step-001000] preference/same_image 2288/2400
[step-001000] preference/same_image 2304/2400
[step-001000] preference/same_image 2320/2400
[step-001000] preference/same_image 2336/2400
[step-001000] preference/same_image 2352/2400
[step-001000] preference/same_image 2368/2400
[step-001000] preference/same_image 2384/2400
[step-001000] preference/same_image 2400/2400
[step-001000] preference/shuffled_image 16/2400
[step-001000] preference/shuffled_image 32/2400
[step-001000] preference/shuffled_image 48/2400
[step-001000] preference/shuffled_image 64/2400
[step-001000] preference/shuffled_image 80/2400
[step-001000] preference/shuffled_image 96/2400
[step-001000] preference/shuffled_image 112/2400
[step-001000] preference/shuffled_image 128/2400
[step-001000] preference/shuffled_image 144/2400
[step-001000] preference/shuffled_image 160/2400
[step-001000] preference/shuffled_image 176/2400
[step-001000] preference/shuffled_image 192/2400
[step-001000] preference/shuffled_image 208/2400
[step-001000] preference/shuffled_image 224/2400
[step-001000] preference/shuffled_image 240/2400
[step-001000] preference/shuffled_image 256/2400
[step-001000] preference/shuffled_image 272/2400
[step-001000] preference/shuffled_image 288/2400
[step-001000] preference/shuffled_image 304/2400
[step-001000] preference/shuffled_image 320/2400
[step-001000] preference/shuffled_image 336/2400
[step-001000] preference/shuffled_image 352/2400
[step-001000] preference/shuffled_image 368/2400
[step-001000] preference/shuffled_image 384/2400
[step-001000] preference/shuffled_image 400/2400
[step-001000] preference/shuffled_image 416/2400
[step-001000] preference/shuffled_image 432/2400
[step-001000] preference/shuffled_image 448/2400
[step-001000] preference/shuffled_image 464/2400
[step-001000] preference/shuffled_image 480/2400
[step-001000] preference/shuffled_image 496/2400
[step-001000] preference/shuffled_image 512/2400
[step-001000] preference/shuffled_image 528/2400
[step-001000] preference/shuffled_image 544/2400
[step-001000] preference/shuffled_image 560/2400
[step-001000] preference/shuffled_image 576/2400
[step-001000] preference/shuffled_image 592/2400
[step-001000] preference/shuffled_image 608/2400
[step-001000] preference/shuffled_image 624/2400
[step-001000] preference/shuffled_image 640/2400
[step-001000] preference/shuffled_image 656/2400
[step-001000] preference/shuffled_image 672/2400
[step-001000] preference/shuffled_image 688/2400
[step-001000] preference/shuffled_image 704/2400
[step-001000] preference/shuffled_image 720/2400
[step-001000] preference/shuffled_image 736/2400
[step-001000] preference/shuffled_image 752/2400
[step-001000] preference/shuffled_image 768/2400
[step-001000] preference/shuffled_image 784/2400
[step-001000] preference/shuffled_image 800/2400
[step-001000] preference/shuffled_image 816/2400
[step-001000] preference/shuffled_image 832/2400
[step-001000] preference/shuffled_image 848/2400
[step-001000] preference/shuffled_image 864/2400
[step-001000] preference/shuffled_image 880/2400
[step-001000] preference/shuffled_image 896/2400
[step-001000] preference/shuffled_image 912/2400
[step-001000] preference/shuffled_image 928/2400
[step-001000] preference/shuffled_image 944/2400
[step-001000] preference/shuffled_image 960/2400
[step-001000] preference/shuffled_image 976/2400
[step-001000] preference/shuffled_image 992/2400
[step-001000] preference/shuffled_image 1008/2400
[step-001000] preference/shuffled_image 1024/2400
[step-001000] preference/shuffled_image 1040/2400
[step-001000] preference/shuffled_image 1056/2400
[step-001000] preference/shuffled_image 1072/2400
[step-001000] preference/shuffled_image 1088/2400
[step-001000] preference/shuffled_image 1104/2400
[step-001000] preference/shuffled_image 1120/2400
[step-001000] preference/shuffled_image 1136/2400
[step-001000] preference/shuffled_image 1152/2400
[step-001000] preference/shuffled_image 1168/2400
[step-001000] preference/shuffled_image 1184/2400
[step-001000] preference/shuffled_image 1200/2400
[step-001000] preference/shuffled_image 1216/2400
[step-001000] preference/shuffled_image 1232/2400
[step-001000] preference/shuffled_image 1248/2400
[step-001000] preference/shuffled_image 1264/2400
[step-001000] preference/shuffled_image 1280/2400
[step-001000] preference/shuffled_image 1296/2400
[step-001000] preference/shuffled_image 1312/2400
[step-001000] preference/shuffled_image 1328/2400
[step-001000] preference/shuffled_image 1344/2400
[step-001000] preference/shuffled_image 1360/2400
[step-001000] preference/shuffled_image 1376/2400
[step-001000] preference/shuffled_image 1392/2400
[step-001000] preference/shuffled_image 1408/2400
[step-001000] preference/shuffled_image 1424/2400
[step-001000] preference/shuffled_image 1440/2400
[step-001000] preference/shuffled_image 1456/2400
[step-001000] preference/shuffled_image 1472/2400
[step-001000] preference/shuffled_image 1488/2400
[step-001000] preference/shuffled_image 1504/2400
[step-001000] preference/shuffled_image 1520/2400
[step-001000] preference/shuffled_image 1536/2400
[step-001000] preference/shuffled_image 1552/2400
[step-001000] preference/shuffled_image 1568/2400
[step-001000] preference/shuffled_image 1584/2400
[step-001000] preference/shuffled_image 1600/2400
[step-001000] preference/shuffled_image 1616/2400
[step-001000] preference/shuffled_image 1632/2400
[step-001000] preference/shuffled_image 1648/2400
[step-001000] preference/shuffled_image 1664/2400
[step-001000] preference/shuffled_image 1680/2400
[step-001000] preference/shuffled_image 1696/2400
[step-001000] preference/shuffled_image 1712/2400
[step-001000] preference/shuffled_image 1728/2400
[step-001000] preference/shuffled_image 1744/2400
[step-001000] preference/shuffled_image 1760/2400
[step-001000] preference/shuffled_image 1776/2400
[step-001000] preference/shuffled_image 1792/2400
[step-001000] preference/shuffled_image 1808/2400
[step-001000] preference/shuffled_image 1824/2400
[step-001000] preference/shuffled_image 1840/2400
[step-001000] preference/shuffled_image 1856/2400
[step-001000] preference/shuffled_image 1872/2400
[step-001000] preference/shuffled_image 1888/2400
[step-001000] preference/shuffled_image 1904/2400
[step-001000] preference/shuffled_image 1920/2400
[step-001000] preference/shuffled_image 1936/2400
[step-001000] preference/shuffled_image 1952/2400
[step-001000] preference/shuffled_image 1968/2400
[step-001000] preference/shuffled_image 1984/2400
[step-001000] preference/shuffled_image 2000/2400
[step-001000] preference/shuffled_image 2016/2400
[step-001000] preference/shuffled_image 2032/2400
[step-001000] preference/shuffled_image 2048/2400
[step-001000] preference/shuffled_image 2064/2400
[step-001000] preference/shuffled_image 2080/2400
[step-001000] preference/shuffled_image 2096/2400
[step-001000] preference/shuffled_image 2112/2400
[step-001000] preference/shuffled_image 2128/2400
[step-001000] preference/shuffled_image 2144/2400
[step-001000] preference/shuffled_image 2160/2400
[step-001000] preference/shuffled_image 2176/2400
[step-001000] preference/shuffled_image 2192/2400
[step-001000] preference/shuffled_image 2208/2400
[step-001000] preference/shuffled_image 2224/2400
[step-001000] preference/shuffled_image 2240/2400
[step-001000] preference/shuffled_image 2256/2400
[step-001000] preference/shuffled_image 2272/2400
[step-001000] preference/shuffled_image 2288/2400
[step-001000] preference/shuffled_image 2304/2400
[step-001000] preference/shuffled_image 2320/2400
[step-001000] preference/shuffled_image 2336/2400
[step-001000] preference/shuffled_image 2352/2400
[step-001000] preference/shuffled_image 2368/2400
[step-001000] preference/shuffled_image 2384/2400
[step-001000] preference/shuffled_image 2400/2400
[step-001000] preference/patch_permutation 16/2400
[step-001000] preference/patch_permutation 32/2400
[step-001000] preference/patch_permutation 48/2400
[step-001000] preference/patch_permutation 64/2400
[step-001000] preference/patch_permutation 80/2400
[step-001000] preference/patch_permutation 96/2400
[step-001000] preference/patch_permutation 112/2400
[step-001000] preference/patch_permutation 128/2400
[step-001000] preference/patch_permutation 144/2400
[step-001000] preference/patch_permutation 160/2400
[step-001000] preference/patch_permutation 176/2400
[step-001000] preference/patch_permutation 192/2400
[step-001000] preference/patch_permutation 208/2400
[step-001000] preference/patch_permutation 224/2400
[step-001000] preference/patch_permutation 240/2400
[step-001000] preference/patch_permutation 256/2400
[step-001000] preference/patch_permutation 272/2400
[step-001000] preference/patch_permutation 288/2400
[step-001000] preference/patch_permutation 304/2400
[step-001000] preference/patch_permutation 320/2400
[step-001000] preference/patch_permutation 336/2400
[step-001000] preference/patch_permutation 352/2400
[step-001000] preference/patch_permutation 368/2400
[step-001000] preference/patch_permutation 384/2400
[step-001000] preference/patch_permutation 400/2400
[step-001000] preference/patch_permutation 416/2400
[step-001000] preference/patch_permutation 432/2400
[step-001000] preference/patch_permutation 448/2400
[step-001000] preference/patch_permutation 464/2400
[step-001000] preference/patch_permutation 480/2400
[step-001000] preference/patch_permutation 496/2400
[step-001000] preference/patch_permutation 512/2400
[step-001000] preference/patch_permutation 528/2400
[step-001000] preference/patch_permutation 544/2400
[step-001000] preference/patch_permutation 560/2400
[step-001000] preference/patch_permutation 576/2400
[step-001000] preference/patch_permutation 592/2400
[step-001000] preference/patch_permutation 608/2400
[step-001000] preference/patch_permutation 624/2400
[step-001000] preference/patch_permutation 640/2400
[step-001000] preference/patch_permutation 656/2400
[step-001000] preference/patch_permutation 672/2400
[step-001000] preference/patch_permutation 688/2400
[step-001000] preference/patch_permutation 704/2400
[step-001000] preference/patch_permutation 720/2400
[step-001000] preference/patch_permutation 736/2400
[step-001000] preference/patch_permutation 752/2400
[step-001000] preference/patch_permutation 768/2400
[step-001000] preference/patch_permutation 784/2400
[step-001000] preference/patch_permutation 800/2400
[step-001000] preference/patch_permutation 816/2400
[step-001000] preference/patch_permutation 832/2400
[step-001000] preference/patch_permutation 848/2400
[step-001000] preference/patch_permutation 864/2400
[step-001000] preference/patch_permutation 880/2400
[step-001000] preference/patch_permutation 896/2400
[step-001000] preference/patch_permutation 912/2400
[step-001000] preference/patch_permutation 928/2400
[step-001000] preference/patch_permutation 944/2400
[step-001000] preference/patch_permutation 960/2400
[step-001000] preference/patch_permutation 976/2400
[step-001000] preference/patch_permutation 992/2400
[step-001000] preference/patch_permutation 1008/2400
[step-001000] preference/patch_permutation 1024/2400
[step-001000] preference/patch_permutation 1040/2400
[step-001000] preference/patch_permutation 1056/2400
[step-001000] preference/patch_permutation 1072/2400
[step-001000] preference/patch_permutation 1088/2400
[step-001000] preference/patch_permutation 1104/2400
[step-001000] preference/patch_permutation 1120/2400
[step-001000] preference/patch_permutation 1136/2400
[step-001000] preference/patch_permutation 1152/2400
[step-001000] preference/patch_permutation 1168/2400
[step-001000] preference/patch_permutation 1184/2400
[step-001000] preference/patch_permutation 1200/2400
[step-001000] preference/patch_permutation 1216/2400
[step-001000] preference/patch_permutation 1232/2400
[step-001000] preference/patch_permutation 1248/2400
[step-001000] preference/patch_permutation 1264/2400
[step-001000] preference/patch_permutation 1280/2400
[step-001000] preference/patch_permutation 1296/2400
[step-001000] preference/patch_permutation 1312/2400
[step-001000] preference/patch_permutation 1328/2400
[step-001000] preference/patch_permutation 1344/2400
[step-001000] preference/patch_permutation 1360/2400
[step-001000] preference/patch_permutation 1376/2400
[step-001000] preference/patch_permutation 1392/2400
[step-001000] preference/patch_permutation 1408/2400
[step-001000] preference/patch_permutation 1424/2400
[step-001000] preference/patch_permutation 1440/2400
[step-001000] preference/patch_permutation 1456/2400
[step-001000] preference/patch_permutation 1472/2400
[step-001000] preference/patch_permutation 1488/2400
[step-001000] preference/patch_permutation 1504/2400
[step-001000] preference/patch_permutation 1520/2400
[step-001000] preference/patch_permutation 1536/2400
[step-001000] preference/patch_permutation 1552/2400
[step-001000] preference/patch_permutation 1568/2400
[step-001000] preference/patch_permutation 1584/2400
[step-001000] preference/patch_permutation 1600/2400
[step-001000] preference/patch_permutation 1616/2400
[step-001000] preference/patch_permutation 1632/2400
[step-001000] preference/patch_permutation 1648/2400
[step-001000] preference/patch_permutation 1664/2400
[step-001000] preference/patch_permutation 1680/2400
[step-001000] preference/patch_permutation 1696/2400
[step-001000] preference/patch_permutation 1712/2400
[step-001000] preference/patch_permutation 1728/2400
[step-001000] preference/patch_permutation 1744/2400
[step-001000] preference/patch_permutation 1760/2400
[step-001000] preference/patch_permutation 1776/2400
[step-001000] preference/patch_permutation 1792/2400
[step-001000] preference/patch_permutation 1808/2400
[step-001000] preference/patch_permutation 1824/2400
[step-001000] preference/patch_permutation 1840/2400
[step-001000] preference/patch_permutation 1856/2400
[step-001000] preference/patch_permutation 1872/2400
[step-001000] preference/patch_permutation 1888/2400
[step-001000] preference/patch_permutation 1904/2400
[step-001000] preference/patch_permutation 1920/2400
[step-001000] preference/patch_permutation 1936/2400
[step-001000] preference/patch_permutation 1952/2400
[step-001000] preference/patch_permutation 1968/2400
[step-001000] preference/patch_permutation 1984/2400
[step-001000] preference/patch_permutation 2000/2400
[step-001000] preference/patch_permutation 2016/2400
[step-001000] preference/patch_permutation 2032/2400
[step-001000] preference/patch_permutation 2048/2400
[step-001000] preference/patch_permutation 2064/2400
[step-001000] preference/patch_permutation 2080/2400
[step-001000] preference/patch_permutation 2096/2400
[step-001000] preference/patch_permutation 2112/2400
[step-001000] preference/patch_permutation 2128/2400
[step-001000] preference/patch_permutation 2144/2400
[step-001000] preference/patch_permutation 2160/2400
[step-001000] preference/patch_permutation 2176/2400
[step-001000] preference/patch_permutation 2192/2400
[step-001000] preference/patch_permutation 2208/2400
[step-001000] preference/patch_permutation 2224/2400
[step-001000] preference/patch_permutation 2240/2400
[step-001000] preference/patch_permutation 2256/2400
[step-001000] preference/patch_permutation 2272/2400
[step-001000] preference/patch_permutation 2288/2400
[step-001000] preference/patch_permutation 2304/2400
[step-001000] preference/patch_permutation 2320/2400
[step-001000] preference/patch_permutation 2336/2400
[step-001000] preference/patch_permutation 2352/2400
[step-001000] preference/patch_permutation 2368/2400
[step-001000] preference/patch_permutation 2384/2400
[step-001000] preference/patch_permutation 2400/2400
[step-001000] preference/paired_counterfactual_image 16/2400
[step-001000] preference/paired_counterfactual_image 32/2400
[step-001000] preference/paired_counterfactual_image 48/2400
[step-001000] preference/paired_counterfactual_image 64/2400
[step-001000] preference/paired_counterfactual_image 80/2400
[step-001000] preference/paired_counterfactual_image 96/2400
[step-001000] preference/paired_counterfactual_image 112/2400
[step-001000] preference/paired_counterfactual_image 128/2400
[step-001000] preference/paired_counterfactual_image 144/2400
[step-001000] preference/paired_counterfactual_image 160/2400
[step-001000] preference/paired_counterfactual_image 176/2400
[step-001000] preference/paired_counterfactual_image 192/2400
[step-001000] preference/paired_counterfactual_image 208/2400
[step-001000] preference/paired_counterfactual_image 224/2400
[step-001000] preference/paired_counterfactual_image 240/2400
[step-001000] preference/paired_counterfactual_image 256/2400
[step-001000] preference/paired_counterfactual_image 272/2400
[step-001000] preference/paired_counterfactual_image 288/2400
[step-001000] preference/paired_counterfactual_image 304/2400
[step-001000] preference/paired_counterfactual_image 320/2400
[step-001000] preference/paired_counterfactual_image 336/2400
[step-001000] preference/paired_counterfactual_image 352/2400
[step-001000] preference/paired_counterfactual_image 368/2400
[step-001000] preference/paired_counterfactual_image 384/2400
[step-001000] preference/paired_counterfactual_image 400/2400
[step-001000] preference/paired_counterfactual_image 416/2400
[step-001000] preference/paired_counterfactual_image 432/2400
[step-001000] preference/paired_counterfactual_image 448/2400
[step-001000] preference/paired_counterfactual_image 464/2400
[step-001000] preference/paired_counterfactual_image 480/2400
[step-001000] preference/paired_counterfactual_image 496/2400
[step-001000] preference/paired_counterfactual_image 512/2400
[step-001000] preference/paired_counterfactual_image 528/2400
[step-001000] preference/paired_counterfactual_image 544/2400
[step-001000] preference/paired_counterfactual_image 560/2400
[step-001000] preference/paired_counterfactual_image 576/2400
[step-001000] preference/paired_counterfactual_image 592/2400
[step-001000] preference/paired_counterfactual_image 608/2400
[step-001000] preference/paired_counterfactual_image 624/2400
[step-001000] preference/paired_counterfactual_image 640/2400
[step-001000] preference/paired_counterfactual_image 656/2400
[step-001000] preference/paired_counterfactual_image 672/2400
[step-001000] preference/paired_counterfactual_image 688/2400
[step-001000] preference/paired_counterfactual_image 704/2400
[step-001000] preference/paired_counterfactual_image 720/2400
[step-001000] preference/paired_counterfactual_image 736/2400
[step-001000] preference/paired_counterfactual_image 752/2400
[step-001000] preference/paired_counterfactual_image 768/2400
[step-001000] preference/paired_counterfactual_image 784/2400
[step-001000] preference/paired_counterfactual_image 800/2400
[step-001000] preference/paired_counterfactual_image 816/2400
[step-001000] preference/paired_counterfactual_image 832/2400
[step-001000] preference/paired_counterfactual_image 848/2400
[step-001000] preference/paired_counterfactual_image 864/2400
[step-001000] preference/paired_counterfactual_image 880/2400
[step-001000] preference/paired_counterfactual_image 896/2400
[step-001000] preference/paired_counterfactual_image 912/2400
[step-001000] preference/paired_counterfactual_image 928/2400
[step-001000] preference/paired_counterfactual_image 944/2400
[step-001000] preference/paired_counterfactual_image 960/2400
[step-001000] preference/paired_counterfactual_image 976/2400
[step-001000] preference/paired_counterfactual_image 992/2400
[step-001000] preference/paired_counterfactual_image 1008/2400
[step-001000] preference/paired_counterfactual_image 1024/2400
[step-001000] preference/paired_counterfactual_image 1040/2400
[step-001000] preference/paired_counterfactual_image 1056/2400
[step-001000] preference/paired_counterfactual_image 1072/2400
[step-001000] preference/paired_counterfactual_image 1088/2400
[step-001000] preference/paired_counterfactual_image 1104/2400
[step-001000] preference/paired_counterfactual_image 1120/2400
[step-001000] preference/paired_counterfactual_image 1136/2400
[step-001000] preference/paired_counterfactual_image 1152/2400
[step-001000] preference/paired_counterfactual_image 1168/2400
[step-001000] preference/paired_counterfactual_image 1184/2400
[step-001000] preference/paired_counterfactual_image 1200/2400
[step-001000] preference/paired_counterfactual_image 1216/2400
[step-001000] preference/paired_counterfactual_image 1232/2400
[step-001000] preference/paired_counterfactual_image 1248/2400
[step-001000] preference/paired_counterfactual_image 1264/2400
[step-001000] preference/paired_counterfactual_image 1280/2400
[step-001000] preference/paired_counterfactual_image 1296/2400
[step-001000] preference/paired_counterfactual_image 1312/2400
[step-001000] preference/paired_counterfactual_image 1328/2400
[step-001000] preference/paired_counterfactual_image 1344/2400
[step-001000] preference/paired_counterfactual_image 1360/2400
[step-001000] preference/paired_counterfactual_image 1376/2400
[step-001000] preference/paired_counterfactual_image 1392/2400
[step-001000] preference/paired_counterfactual_image 1408/2400
[step-001000] preference/paired_counterfactual_image 1424/2400
[step-001000] preference/paired_counterfactual_image 1440/2400
[step-001000] preference/paired_counterfactual_image 1456/2400
[step-001000] preference/paired_counterfactual_image 1472/2400
[step-001000] preference/paired_counterfactual_image 1488/2400
[step-001000] preference/paired_counterfactual_image 1504/2400
[step-001000] preference/paired_counterfactual_image 1520/2400
[step-001000] preference/paired_counterfactual_image 1536/2400
[step-001000] preference/paired_counterfactual_image 1552/2400
[step-001000] preference/paired_counterfactual_image 1568/2400
[step-001000] preference/paired_counterfactual_image 1584/2400
[step-001000] preference/paired_counterfactual_image 1600/2400
[step-001000] preference/paired_counterfactual_image 1616/2400
[step-001000] preference/paired_counterfactual_image 1632/2400
[step-001000] preference/paired_counterfactual_image 1648/2400
[step-001000] preference/paired_counterfactual_image 1664/2400
[step-001000] preference/paired_counterfactual_image 1680/2400
[step-001000] preference/paired_counterfactual_image 1696/2400
[step-001000] preference/paired_counterfactual_image 1712/2400
[step-001000] preference/paired_counterfactual_image 1728/2400
[step-001000] preference/paired_counterfactual_image 1744/2400
[step-001000] preference/paired_counterfactual_image 1760/2400
[step-001000] preference/paired_counterfactual_image 1776/2400
[step-001000] preference/paired_counterfactual_image 1792/2400
[step-001000] preference/paired_counterfactual_image 1808/2400
[step-001000] preference/paired_counterfactual_image 1824/2400
[step-001000] preference/paired_counterfactual_image 1840/2400
[step-001000] preference/paired_counterfactual_image 1856/2400
[step-001000] preference/paired_counterfactual_image 1872/2400
[step-001000] preference/paired_counterfactual_image 1888/2400
[step-001000] preference/paired_counterfactual_image 1904/2400
[step-001000] preference/paired_counterfactual_image 1920/2400
[step-001000] preference/paired_counterfactual_image 1936/2400
[step-001000] preference/paired_counterfactual_image 1952/2400
[step-001000] preference/paired_counterfactual_image 1968/2400
[step-001000] preference/paired_counterfactual_image 1984/2400
[step-001000] preference/paired_counterfactual_image 2000/2400
[step-001000] preference/paired_counterfactual_image 2016/2400
[step-001000] preference/paired_counterfactual_image 2032/2400
[step-001000] preference/paired_counterfactual_image 2048/2400
[step-001000] preference/paired_counterfactual_image 2064/2400
[step-001000] preference/paired_counterfactual_image 2080/2400
[step-001000] preference/paired_counterfactual_image 2096/2400
[step-001000] preference/paired_counterfactual_image 2112/2400
[step-001000] preference/paired_counterfactual_image 2128/2400
[step-001000] preference/paired_counterfactual_image 2144/2400
[step-001000] preference/paired_counterfactual_image 2160/2400
[step-001000] preference/paired_counterfactual_image 2176/2400
[step-001000] preference/paired_counterfactual_image 2192/2400
[step-001000] preference/paired_counterfactual_image 2208/2400
[step-001000] preference/paired_counterfactual_image 2224/2400
[step-001000] preference/paired_counterfactual_image 2240/2400
[step-001000] preference/paired_counterfactual_image 2256/2400
[step-001000] preference/paired_counterfactual_image 2272/2400
[step-001000] preference/paired_counterfactual_image 2288/2400
[step-001000] preference/paired_counterfactual_image 2304/2400
[step-001000] preference/paired_counterfactual_image 2320/2400
[step-001000] preference/paired_counterfactual_image 2336/2400
[step-001000] preference/paired_counterfactual_image 2352/2400
[step-001000] preference/paired_counterfactual_image 2368/2400
[step-001000] preference/paired_counterfactual_image 2384/2400
[step-001000] preference/paired_counterfactual_image 2400/2400
[step-001000] preference/background_matched_aux 16/2400
[step-001000] preference/background_matched_aux 32/2400
[step-001000] preference/background_matched_aux 48/2400
[step-001000] preference/background_matched_aux 64/2400
[step-001000] preference/background_matched_aux 80/2400
[step-001000] preference/background_matched_aux 96/2400
[step-001000] preference/background_matched_aux 112/2400
[step-001000] preference/background_matched_aux 128/2400
[step-001000] preference/background_matched_aux 144/2400
[step-001000] preference/background_matched_aux 160/2400
[step-001000] preference/background_matched_aux 176/2400
[step-001000] preference/background_matched_aux 192/2400
[step-001000] preference/background_matched_aux 208/2400
[step-001000] preference/background_matched_aux 224/2400
[step-001000] preference/background_matched_aux 240/2400
[step-001000] preference/background_matched_aux 256/2400
[step-001000] preference/background_matched_aux 272/2400
[step-001000] preference/background_matched_aux 288/2400
[step-001000] preference/background_matched_aux 304/2400
[step-001000] preference/background_matched_aux 320/2400
[step-001000] preference/background_matched_aux 336/2400
[step-001000] preference/background_matched_aux 352/2400
[step-001000] preference/background_matched_aux 368/2400
[step-001000] preference/background_matched_aux 384/2400
[step-001000] preference/background_matched_aux 400/2400
[step-001000] preference/background_matched_aux 416/2400
[step-001000] preference/background_matched_aux 432/2400
[step-001000] preference/background_matched_aux 448/2400
[step-001000] preference/background_matched_aux 464/2400
[step-001000] preference/background_matched_aux 480/2400
[step-001000] preference/background_matched_aux 496/2400
[step-001000] preference/background_matched_aux 512/2400
[step-001000] preference/background_matched_aux 528/2400
[step-001000] preference/background_matched_aux 544/2400
[step-001000] preference/background_matched_aux 560/2400
[step-001000] preference/background_matched_aux 576/2400
[step-001000] preference/background_matched_aux 592/2400
[step-001000] preference/background_matched_aux 608/2400
[step-001000] preference/background_matched_aux 624/2400
[step-001000] preference/background_matched_aux 640/2400
[step-001000] preference/background_matched_aux 656/2400
[step-001000] preference/background_matched_aux 672/2400
[step-001000] preference/background_matched_aux 688/2400
[step-001000] preference/background_matched_aux 704/2400
[step-001000] preference/background_matched_aux 720/2400
[step-001000] preference/background_matched_aux 736/2400
[step-001000] preference/background_matched_aux 752/2400
[step-001000] preference/background_matched_aux 768/2400
[step-001000] preference/background_matched_aux 784/2400
[step-001000] preference/background_matched_aux 800/2400
[step-001000] preference/background_matched_aux 816/2400
[step-001000] preference/background_matched_aux 832/2400
[step-001000] preference/background_matched_aux 848/2400
[step-001000] preference/background_matched_aux 864/2400
[step-001000] preference/background_matched_aux 880/2400
[step-001000] preference/background_matched_aux 896/2400
[step-001000] preference/background_matched_aux 912/2400
[step-001000] preference/background_matched_aux 928/2400
[step-001000] preference/background_matched_aux 944/2400
[step-001000] preference/background_matched_aux 960/2400
[step-001000] preference/background_matched_aux 976/2400
[step-001000] preference/background_matched_aux 992/2400
[step-001000] preference/background_matched_aux 1008/2400
[step-001000] preference/background_matched_aux 1024/2400
[step-001000] preference/background_matched_aux 1040/2400
[step-001000] preference/background_matched_aux 1056/2400
[step-001000] preference/background_matched_aux 1072/2400
[step-001000] preference/background_matched_aux 1088/2400
[step-001000] preference/background_matched_aux 1104/2400
[step-001000] preference/background_matched_aux 1120/2400
[step-001000] preference/background_matched_aux 1136/2400
[step-001000] preference/background_matched_aux 1152/2400
[step-001000] preference/background_matched_aux 1168/2400
[step-001000] preference/background_matched_aux 1184/2400
[step-001000] preference/background_matched_aux 1200/2400
[step-001000] preference/background_matched_aux 1216/2400
[step-001000] preference/background_matched_aux 1232/2400
[step-001000] preference/background_matched_aux 1248/2400
[step-001000] preference/background_matched_aux 1264/2400
[step-001000] preference/background_matched_aux 1280/2400
[step-001000] preference/background_matched_aux 1296/2400
[step-001000] preference/background_matched_aux 1312/2400
[step-001000] preference/background_matched_aux 1328/2400
[step-001000] preference/background_matched_aux 1344/2400
[step-001000] preference/background_matched_aux 1360/2400
[step-001000] preference/background_matched_aux 1376/2400
[step-001000] preference/background_matched_aux 1392/2400
[step-001000] preference/background_matched_aux 1408/2400
[step-001000] preference/background_matched_aux 1424/2400
[step-001000] preference/background_matched_aux 1440/2400
[step-001000] preference/background_matched_aux 1456/2400
[step-001000] preference/background_matched_aux 1472/2400
[step-001000] preference/background_matched_aux 1488/2400
[step-001000] preference/background_matched_aux 1504/2400
[step-001000] preference/background_matched_aux 1520/2400
[step-001000] preference/background_matched_aux 1536/2400
[step-001000] preference/background_matched_aux 1552/2400
[step-001000] preference/background_matched_aux 1568/2400
[step-001000] preference/background_matched_aux 1584/2400
[step-001000] preference/background_matched_aux 1600/2400
[step-001000] preference/background_matched_aux 1616/2400
[step-001000] preference/background_matched_aux 1632/2400
[step-001000] preference/background_matched_aux 1648/2400
[step-001000] preference/background_matched_aux 1664/2400
[step-001000] preference/background_matched_aux 1680/2400
[step-001000] preference/background_matched_aux 1696/2400
[step-001000] preference/background_matched_aux 1712/2400
[step-001000] preference/background_matched_aux 1728/2400
[step-001000] preference/background_matched_aux 1744/2400
[step-001000] preference/background_matched_aux 1760/2400
[step-001000] preference/background_matched_aux 1776/2400
[step-001000] preference/background_matched_aux 1792/2400
[step-001000] preference/background_matched_aux 1808/2400
[step-001000] preference/background_matched_aux 1824/2400
[step-001000] preference/background_matched_aux 1840/2400
[step-001000] preference/background_matched_aux 1856/2400
[step-001000] preference/background_matched_aux 1872/2400
[step-001000] preference/background_matched_aux 1888/2400
[step-001000] preference/background_matched_aux 1904/2400
[step-001000] preference/background_matched_aux 1920/2400
[step-001000] preference/background_matched_aux 1936/2400
[step-001000] preference/background_matched_aux 1952/2400
[step-001000] preference/background_matched_aux 1968/2400
[step-001000] preference/background_matched_aux 1984/2400
[step-001000] preference/background_matched_aux 2000/2400
[step-001000] preference/background_matched_aux 2016/2400
[step-001000] preference/background_matched_aux 2032/2400
[step-001000] preference/background_matched_aux 2048/2400
[step-001000] preference/background_matched_aux 2064/2400
[step-001000] preference/background_matched_aux 2080/2400
[step-001000] preference/background_matched_aux 2096/2400
[step-001000] preference/background_matched_aux 2112/2400
[step-001000] preference/background_matched_aux 2128/2400
[step-001000] preference/background_matched_aux 2144/2400
[step-001000] preference/background_matched_aux 2160/2400
[step-001000] preference/background_matched_aux 2176/2400
[step-001000] preference/background_matched_aux 2192/2400
[step-001000] preference/background_matched_aux 2208/2400
[step-001000] preference/background_matched_aux 2224/2400
[step-001000] preference/background_matched_aux 2240/2400
[step-001000] preference/background_matched_aux 2256/2400
[step-001000] preference/background_matched_aux 2272/2400
[step-001000] preference/background_matched_aux 2288/2400
[step-001000] preference/background_matched_aux 2304/2400
[step-001000] preference/background_matched_aux 2320/2400
[step-001000] preference/background_matched_aux 2336/2400
[step-001000] preference/background_matched_aux 2352/2400
[step-001000] preference/background_matched_aux 2368/2400
[step-001000] preference/background_matched_aux 2384/2400
[step-001000] preference/background_matched_aux 2400/2400
[step-001500] preference/vision 16/2400
[step-001500] preference/vision 32/2400
[step-001500] preference/vision 48/2400
[step-001500] preference/vision 64/2400
[step-001500] preference/vision 80/2400
[step-001500] preference/vision 96/2400
[step-001500] preference/vision 112/2400
[step-001500] preference/vision 128/2400
[step-001500] preference/vision 144/2400
[step-001500] preference/vision 160/2400
[step-001500] preference/vision 176/2400
[step-001500] preference/vision 192/2400
[step-001500] preference/vision 208/2400
[step-001500] preference/vision 224/2400
[step-001500] preference/vision 240/2400
[step-001500] preference/vision 256/2400
[step-001500] preference/vision 272/2400
[step-001500] preference/vision 288/2400
[step-001500] preference/vision 304/2400
[step-001500] preference/vision 320/2400
[step-001500] preference/vision 336/2400
[step-001500] preference/vision 352/2400
[step-001500] preference/vision 368/2400
[step-001500] preference/vision 384/2400
[step-001500] preference/vision 400/2400
[step-001500] preference/vision 416/2400
[step-001500] preference/vision 432/2400
[step-001500] preference/vision 448/2400
[step-001500] preference/vision 464/2400
[step-001500] preference/vision 480/2400
[step-001500] preference/vision 496/2400
[step-001500] preference/vision 512/2400
[step-001500] preference/vision 528/2400
[step-001500] preference/vision 544/2400
[step-001500] preference/vision 560/2400
[step-001500] preference/vision 576/2400
[step-001500] preference/vision 592/2400
[step-001500] preference/vision 608/2400
[step-001500] preference/vision 624/2400
[step-001500] preference/vision 640/2400
[step-001500] preference/vision 656/2400
[step-001500] preference/vision 672/2400
[step-001500] preference/vision 688/2400
[step-001500] preference/vision 704/2400
[step-001500] preference/vision 720/2400
[step-001500] preference/vision 736/2400
[step-001500] preference/vision 752/2400
[step-001500] preference/vision 768/2400
[step-001500] preference/vision 784/2400
[step-001500] preference/vision 800/2400
[step-001500] preference/vision 816/2400
[step-001500] preference/vision 832/2400
[step-001500] preference/vision 848/2400
[step-001500] preference/vision 864/2400
[step-001500] preference/vision 880/2400
[step-001500] preference/vision 896/2400
[step-001500] preference/vision 912/2400
[step-001500] preference/vision 928/2400
[step-001500] preference/vision 944/2400
[step-001500] preference/vision 960/2400
[step-001500] preference/vision 976/2400
[step-001500] preference/vision 992/2400
[step-001500] preference/vision 1008/2400
[step-001500] preference/vision 1024/2400
[step-001500] preference/vision 1040/2400
[step-001500] preference/vision 1056/2400
[step-001500] preference/vision 1072/2400
[step-001500] preference/vision 1088/2400
[step-001500] preference/vision 1104/2400
[step-001500] preference/vision 1120/2400
[step-001500] preference/vision 1136/2400
[step-001500] preference/vision 1152/2400
[step-001500] preference/vision 1168/2400
[step-001500] preference/vision 1184/2400
[step-001500] preference/vision 1200/2400
[step-001500] preference/vision 1216/2400
[step-001500] preference/vision 1232/2400
[step-001500] preference/vision 1248/2400
[step-001500] preference/vision 1264/2400
[step-001500] preference/vision 1280/2400
[step-001500] preference/vision 1296/2400
[step-001500] preference/vision 1312/2400
[step-001500] preference/vision 1328/2400
[step-001500] preference/vision 1344/2400
[step-001500] preference/vision 1360/2400
[step-001500] preference/vision 1376/2400
[step-001500] preference/vision 1392/2400
[step-001500] preference/vision 1408/2400
[step-001500] preference/vision 1424/2400
[step-001500] preference/vision 1440/2400
[step-001500] preference/vision 1456/2400
[step-001500] preference/vision 1472/2400
[step-001500] preference/vision 1488/2400
[step-001500] preference/vision 1504/2400
[step-001500] preference/vision 1520/2400
[step-001500] preference/vision 1536/2400
[step-001500] preference/vision 1552/2400
[step-001500] preference/vision 1568/2400
[step-001500] preference/vision 1584/2400
[step-001500] preference/vision 1600/2400
[step-001500] preference/vision 1616/2400
[step-001500] preference/vision 1632/2400
[step-001500] preference/vision 1648/2400
[step-001500] preference/vision 1664/2400
[step-001500] preference/vision 1680/2400
[step-001500] preference/vision 1696/2400
[step-001500] preference/vision 1712/2400
[step-001500] preference/vision 1728/2400
[step-001500] preference/vision 1744/2400
[step-001500] preference/vision 1760/2400
[step-001500] preference/vision 1776/2400
[step-001500] preference/vision 1792/2400
[step-001500] preference/vision 1808/2400
[step-001500] preference/vision 1824/2400
[step-001500] preference/vision 1840/2400
[step-001500] preference/vision 1856/2400
[step-001500] preference/vision 1872/2400
[step-001500] preference/vision 1888/2400
[step-001500] preference/vision 1904/2400
[step-001500] preference/vision 1920/2400
[step-001500] preference/vision 1936/2400
[step-001500] preference/vision 1952/2400
[step-001500] preference/vision 1968/2400
[step-001500] preference/vision 1984/2400
[step-001500] preference/vision 2000/2400
[step-001500] preference/vision 2016/2400
[step-001500] preference/vision 2032/2400
[step-001500] preference/vision 2048/2400
[step-001500] preference/vision 2064/2400
[step-001500] preference/vision 2080/2400
[step-001500] preference/vision 2096/2400
[step-001500] preference/vision 2112/2400
[step-001500] preference/vision 2128/2400
[step-001500] preference/vision 2144/2400
[step-001500] preference/vision 2160/2400
[step-001500] preference/vision 2176/2400
[step-001500] preference/vision 2192/2400
[step-001500] preference/vision 2208/2400
[step-001500] preference/vision 2224/2400
[step-001500] preference/vision 2240/2400
[step-001500] preference/vision 2256/2400
[step-001500] preference/vision 2272/2400
[step-001500] preference/vision 2288/2400
[step-001500] preference/vision 2304/2400
[step-001500] preference/vision 2320/2400
[step-001500] preference/vision 2336/2400
[step-001500] preference/vision 2352/2400
[step-001500] preference/vision 2368/2400
[step-001500] preference/vision 2384/2400
[step-001500] preference/vision 2400/2400
[step-001500] preference/blind 16/2400
[step-001500] preference/blind 32/2400
[step-001500] preference/blind 48/2400
[step-001500] preference/blind 64/2400
[step-001500] preference/blind 80/2400
[step-001500] preference/blind 96/2400
[step-001500] preference/blind 112/2400
[step-001500] preference/blind 128/2400
[step-001500] preference/blind 144/2400
[step-001500] preference/blind 160/2400
[step-001500] preference/blind 176/2400
[step-001500] preference/blind 192/2400
[step-001500] preference/blind 208/2400
[step-001500] preference/blind 224/2400
[step-001500] preference/blind 240/2400
[step-001500] preference/blind 256/2400
[step-001500] preference/blind 272/2400
[step-001500] preference/blind 288/2400
[step-001500] preference/blind 304/2400
[step-001500] preference/blind 320/2400
[step-001500] preference/blind 336/2400
[step-001500] preference/blind 352/2400
[step-001500] preference/blind 368/2400
[step-001500] preference/blind 384/2400
[step-001500] preference/blind 400/2400
[step-001500] preference/blind 416/2400
[step-001500] preference/blind 432/2400
[step-001500] preference/blind 448/2400
[step-001500] preference/blind 464/2400
[step-001500] preference/blind 480/2400
[step-001500] preference/blind 496/2400
[step-001500] preference/blind 512/2400
[step-001500] preference/blind 528/2400
[step-001500] preference/blind 544/2400
[step-001500] preference/blind 560/2400
[step-001500] preference/blind 576/2400
[step-001500] preference/blind 592/2400
[step-001500] preference/blind 608/2400
[step-001500] preference/blind 624/2400
[step-001500] preference/blind 640/2400
[step-001500] preference/blind 656/2400
[step-001500] preference/blind 672/2400
[step-001500] preference/blind 688/2400
[step-001500] preference/blind 704/2400
[step-001500] preference/blind 720/2400
[step-001500] preference/blind 736/2400
[step-001500] preference/blind 752/2400
[step-001500] preference/blind 768/2400
[step-001500] preference/blind 784/2400
[step-001500] preference/blind 800/2400
[step-001500] preference/blind 816/2400
[step-001500] preference/blind 832/2400
[step-001500] preference/blind 848/2400
[step-001500] preference/blind 864/2400
[step-001500] preference/blind 880/2400
[step-001500] preference/blind 896/2400
[step-001500] preference/blind 912/2400
[step-001500] preference/blind 928/2400
[step-001500] preference/blind 944/2400
[step-001500] preference/blind 960/2400
[step-001500] preference/blind 976/2400
[step-001500] preference/blind 992/2400
[step-001500] preference/blind 1008/2400
[step-001500] preference/blind 1024/2400
[step-001500] preference/blind 1040/2400
[step-001500] preference/blind 1056/2400
[step-001500] preference/blind 1072/2400
[step-001500] preference/blind 1088/2400
[step-001500] preference/blind 1104/2400
[step-001500] preference/blind 1120/2400
[step-001500] preference/blind 1136/2400
[step-001500] preference/blind 1152/2400
[step-001500] preference/blind 1168/2400
[step-001500] preference/blind 1184/2400
[step-001500] preference/blind 1200/2400
[step-001500] preference/blind 1216/2400
[step-001500] preference/blind 1232/2400
[step-001500] preference/blind 1248/2400
[step-001500] preference/blind 1264/2400
[step-001500] preference/blind 1280/2400
[step-001500] preference/blind 1296/2400
[step-001500] preference/blind 1312/2400
[step-001500] preference/blind 1328/2400
[step-001500] preference/blind 1344/2400
[step-001500] preference/blind 1360/2400
[step-001500] preference/blind 1376/2400
[step-001500] preference/blind 1392/2400
[step-001500] preference/blind 1408/2400
[step-001500] preference/blind 1424/2400
[step-001500] preference/blind 1440/2400
[step-001500] preference/blind 1456/2400
[step-001500] preference/blind 1472/2400
[step-001500] preference/blind 1488/2400
[step-001500] preference/blind 1504/2400
[step-001500] preference/blind 1520/2400
[step-001500] preference/blind 1536/2400
[step-001500] preference/blind 1552/2400
[step-001500] preference/blind 1568/2400
[step-001500] preference/blind 1584/2400
[step-001500] preference/blind 1600/2400
[step-001500] preference/blind 1616/2400
[step-001500] preference/blind 1632/2400
[step-001500] preference/blind 1648/2400
[step-001500] preference/blind 1664/2400
[step-001500] preference/blind 1680/2400
[step-001500] preference/blind 1696/2400
[step-001500] preference/blind 1712/2400
[step-001500] preference/blind 1728/2400
[step-001500] preference/blind 1744/2400
[step-001500] preference/blind 1760/2400
[step-001500] preference/blind 1776/2400
[step-001500] preference/blind 1792/2400
[step-001500] preference/blind 1808/2400
[step-001500] preference/blind 1824/2400
[step-001500] preference/blind 1840/2400
[step-001500] preference/blind 1856/2400
[step-001500] preference/blind 1872/2400
[step-001500] preference/blind 1888/2400
[step-001500] preference/blind 1904/2400
[step-001500] preference/blind 1920/2400
[step-001500] preference/blind 1936/2400
[step-001500] preference/blind 1952/2400
[step-001500] preference/blind 1968/2400
[step-001500] preference/blind 1984/2400
[step-001500] preference/blind 2000/2400
[step-001500] preference/blind 2016/2400
[step-001500] preference/blind 2032/2400
[step-001500] preference/blind 2048/2400
[step-001500] preference/blind 2064/2400
[step-001500] preference/blind 2080/2400
[step-001500] preference/blind 2096/2400
[step-001500] preference/blind 2112/2400
[step-001500] preference/blind 2128/2400
[step-001500] preference/blind 2144/2400
[step-001500] preference/blind 2160/2400
[step-001500] preference/blind 2176/2400
[step-001500] preference/blind 2192/2400
[step-001500] preference/blind 2208/2400
[step-001500] preference/blind 2224/2400
[step-001500] preference/blind 2240/2400
[step-001500] preference/blind 2256/2400
[step-001500] preference/blind 2272/2400
[step-001500] preference/blind 2288/2400
[step-001500] preference/blind 2304/2400
[step-001500] preference/blind 2320/2400
[step-001500] preference/blind 2336/2400
[step-001500] preference/blind 2352/2400
[step-001500] preference/blind 2368/2400
[step-001500] preference/blind 2384/2400
[step-001500] preference/blind 2400/2400
[step-001500] preference/blank 16/2400
[step-001500] preference/blank 32/2400
[step-001500] preference/blank 48/2400
[step-001500] preference/blank 64/2400
[step-001500] preference/blank 80/2400
[step-001500] preference/blank 96/2400
[step-001500] preference/blank 112/2400
[step-001500] preference/blank 128/2400
[step-001500] preference/blank 144/2400
[step-001500] preference/blank 160/2400
[step-001500] preference/blank 176/2400
[step-001500] preference/blank 192/2400
[step-001500] preference/blank 208/2400
[step-001500] preference/blank 224/2400
[step-001500] preference/blank 240/2400
[step-001500] preference/blank 256/2400
[step-001500] preference/blank 272/2400
[step-001500] preference/blank 288/2400
[step-001500] preference/blank 304/2400
[step-001500] preference/blank 320/2400
[step-001500] preference/blank 336/2400
[step-001500] preference/blank 352/2400
[step-001500] preference/blank 368/2400
[step-001500] preference/blank 384/2400
[step-001500] preference/blank 400/2400
[step-001500] preference/blank 416/2400
[step-001500] preference/blank 432/2400
[step-001500] preference/blank 448/2400
[step-001500] preference/blank 464/2400
[step-001500] preference/blank 480/2400
[step-001500] preference/blank 496/2400
[step-001500] preference/blank 512/2400
[step-001500] preference/blank 528/2400
[step-001500] preference/blank 544/2400
[step-001500] preference/blank 560/2400
[step-001500] preference/blank 576/2400
[step-001500] preference/blank 592/2400
[step-001500] preference/blank 608/2400
[step-001500] preference/blank 624/2400
[step-001500] preference/blank 640/2400
[step-001500] preference/blank 656/2400
[step-001500] preference/blank 672/2400
[step-001500] preference/blank 688/2400
[step-001500] preference/blank 704/2400
[step-001500] preference/blank 720/2400
[step-001500] preference/blank 736/2400
[step-001500] preference/blank 752/2400
[step-001500] preference/blank 768/2400
[step-001500] preference/blank 784/2400
[step-001500] preference/blank 800/2400
[step-001500] preference/blank 816/2400
[step-001500] preference/blank 832/2400
[step-001500] preference/blank 848/2400
[step-001500] preference/blank 864/2400
[step-001500] preference/blank 880/2400
[step-001500] preference/blank 896/2400
[step-001500] preference/blank 912/2400
[step-001500] preference/blank 928/2400
[step-001500] preference/blank 944/2400
[step-001500] preference/blank 960/2400
[step-001500] preference/blank 976/2400
[step-001500] preference/blank 992/2400
[step-001500] preference/blank 1008/2400
[step-001500] preference/blank 1024/2400
[step-001500] preference/blank 1040/2400
[step-001500] preference/blank 1056/2400
[step-001500] preference/blank 1072/2400
[step-001500] preference/blank 1088/2400
[step-001500] preference/blank 1104/2400
[step-001500] preference/blank 1120/2400
[step-001500] preference/blank 1136/2400
[step-001500] preference/blank 1152/2400
[step-001500] preference/blank 1168/2400
[step-001500] preference/blank 1184/2400
[step-001500] preference/blank 1200/2400
[step-001500] preference/blank 1216/2400
[step-001500] preference/blank 1232/2400
[step-001500] preference/blank 1248/2400
[step-001500] preference/blank 1264/2400
[step-001500] preference/blank 1280/2400
[step-001500] preference/blank 1296/2400
[step-001500] preference/blank 1312/2400
[step-001500] preference/blank 1328/2400
[step-001500] preference/blank 1344/2400
[step-001500] preference/blank 1360/2400
[step-001500] preference/blank 1376/2400
[step-001500] preference/blank 1392/2400
[step-001500] preference/blank 1408/2400
[step-001500] preference/blank 1424/2400
[step-001500] preference/blank 1440/2400
[step-001500] preference/blank 1456/2400
[step-001500] preference/blank 1472/2400
[step-001500] preference/blank 1488/2400
[step-001500] preference/blank 1504/2400
[step-001500] preference/blank 1520/2400
[step-001500] preference/blank 1536/2400
[step-001500] preference/blank 1552/2400
[step-001500] preference/blank 1568/2400
[step-001500] preference/blank 1584/2400
[step-001500] preference/blank 1600/2400
[step-001500] preference/blank 1616/2400
[step-001500] preference/blank 1632/2400
[step-001500] preference/blank 1648/2400
[step-001500] preference/blank 1664/2400
[step-001500] preference/blank 1680/2400
[step-001500] preference/blank 1696/2400
[step-001500] preference/blank 1712/2400
[step-001500] preference/blank 1728/2400
[step-001500] preference/blank 1744/2400
[step-001500] preference/blank 1760/2400
[step-001500] preference/blank 1776/2400
[step-001500] preference/blank 1792/2400
[step-001500] preference/blank 1808/2400
[step-001500] preference/blank 1824/2400
[step-001500] preference/blank 1840/2400
[step-001500] preference/blank 1856/2400
[step-001500] preference/blank 1872/2400
[step-001500] preference/blank 1888/2400
[step-001500] preference/blank 1904/2400
[step-001500] preference/blank 1920/2400
[step-001500] preference/blank 1936/2400
[step-001500] preference/blank 1952/2400
[step-001500] preference/blank 1968/2400
[step-001500] preference/blank 1984/2400
[step-001500] preference/blank 2000/2400
[step-001500] preference/blank 2016/2400
[step-001500] preference/blank 2032/2400
[step-001500] preference/blank 2048/2400
[step-001500] preference/blank 2064/2400
[step-001500] preference/blank 2080/2400
[step-001500] preference/blank 2096/2400
[step-001500] preference/blank 2112/2400
[step-001500] preference/blank 2128/2400
[step-001500] preference/blank 2144/2400
[step-001500] preference/blank 2160/2400
[step-001500] preference/blank 2176/2400
[step-001500] preference/blank 2192/2400
[step-001500] preference/blank 2208/2400
[step-001500] preference/blank 2224/2400
[step-001500] preference/blank 2240/2400
[step-001500] preference/blank 2256/2400
[step-001500] preference/blank 2272/2400
[step-001500] preference/blank 2288/2400
[step-001500] preference/blank 2304/2400
[step-001500] preference/blank 2320/2400
[step-001500] preference/blank 2336/2400
[step-001500] preference/blank 2352/2400
[step-001500] preference/blank 2368/2400
[step-001500] preference/blank 2384/2400
[step-001500] preference/blank 2400/2400
[step-001500] preference/same_image 16/2400
[step-001500] preference/same_image 32/2400
[step-001500] preference/same_image 48/2400
[step-001500] preference/same_image 64/2400
[step-001500] preference/same_image 80/2400
[step-001500] preference/same_image 96/2400
[step-001500] preference/same_image 112/2400
[step-001500] preference/same_image 128/2400
[step-001500] preference/same_image 144/2400
[step-001500] preference/same_image 160/2400
[step-001500] preference/same_image 176/2400
[step-001500] preference/same_image 192/2400
[step-001500] preference/same_image 208/2400
[step-001500] preference/same_image 224/2400
[step-001500] preference/same_image 240/2400
[step-001500] preference/same_image 256/2400
[step-001500] preference/same_image 272/2400
[step-001500] preference/same_image 288/2400
[step-001500] preference/same_image 304/2400
[step-001500] preference/same_image 320/2400
[step-001500] preference/same_image 336/2400
[step-001500] preference/same_image 352/2400
[step-001500] preference/same_image 368/2400
[step-001500] preference/same_image 384/2400
[step-001500] preference/same_image 400/2400
[step-001500] preference/same_image 416/2400
[step-001500] preference/same_image 432/2400
[step-001500] preference/same_image 448/2400
[step-001500] preference/same_image 464/2400
[step-001500] preference/same_image 480/2400
[step-001500] preference/same_image 496/2400
[step-001500] preference/same_image 512/2400
[step-001500] preference/same_image 528/2400
[step-001500] preference/same_image 544/2400
[step-001500] preference/same_image 560/2400
[step-001500] preference/same_image 576/2400
[step-001500] preference/same_image 592/2400
[step-001500] preference/same_image 608/2400
[step-001500] preference/same_image 624/2400
[step-001500] preference/same_image 640/2400
[step-001500] preference/same_image 656/2400
[step-001500] preference/same_image 672/2400
[step-001500] preference/same_image 688/2400
[step-001500] preference/same_image 704/2400
[step-001500] preference/same_image 720/2400
[step-001500] preference/same_image 736/2400
[step-001500] preference/same_image 752/2400
[step-001500] preference/same_image 768/2400
[step-001500] preference/same_image 784/2400
[step-001500] preference/same_image 800/2400
[step-001500] preference/same_image 816/2400
[step-001500] preference/same_image 832/2400
[step-001500] preference/same_image 848/2400
[step-001500] preference/same_image 864/2400
[step-001500] preference/same_image 880/2400
[step-001500] preference/same_image 896/2400
[step-001500] preference/same_image 912/2400
[step-001500] preference/same_image 928/2400
[step-001500] preference/same_image 944/2400
[step-001500] preference/same_image 960/2400
[step-001500] preference/same_image 976/2400
[step-001500] preference/same_image 992/2400
[step-001500] preference/same_image 1008/2400
[step-001500] preference/same_image 1024/2400
[step-001500] preference/same_image 1040/2400
[step-001500] preference/same_image 1056/2400
[step-001500] preference/same_image 1072/2400
[step-001500] preference/same_image 1088/2400
[step-001500] preference/same_image 1104/2400
[step-001500] preference/same_image 1120/2400
[step-001500] preference/same_image 1136/2400
[step-001500] preference/same_image 1152/2400
[step-001500] preference/same_image 1168/2400
[step-001500] preference/same_image 1184/2400
[step-001500] preference/same_image 1200/2400
[step-001500] preference/same_image 1216/2400
[step-001500] preference/same_image 1232/2400
[step-001500] preference/same_image 1248/2400
[step-001500] preference/same_image 1264/2400
[step-001500] preference/same_image 1280/2400
[step-001500] preference/same_image 1296/2400
[step-001500] preference/same_image 1312/2400
[step-001500] preference/same_image 1328/2400
[step-001500] preference/same_image 1344/2400
[step-001500] preference/same_image 1360/2400
[step-001500] preference/same_image 1376/2400
[step-001500] preference/same_image 1392/2400
[step-001500] preference/same_image 1408/2400
[step-001500] preference/same_image 1424/2400
[step-001500] preference/same_image 1440/2400
[step-001500] preference/same_image 1456/2400
[step-001500] preference/same_image 1472/2400
[step-001500] preference/same_image 1488/2400
[step-001500] preference/same_image 1504/2400
[step-001500] preference/same_image 1520/2400
[step-001500] preference/same_image 1536/2400
[step-001500] preference/same_image 1552/2400
[step-001500] preference/same_image 1568/2400
[step-001500] preference/same_image 1584/2400
[step-001500] preference/same_image 1600/2400
[step-001500] preference/same_image 1616/2400
[step-001500] preference/same_image 1632/2400
[step-001500] preference/same_image 1648/2400
[step-001500] preference/same_image 1664/2400
[step-001500] preference/same_image 1680/2400
[step-001500] preference/same_image 1696/2400
[step-001500] preference/same_image 1712/2400
[step-001500] preference/same_image 1728/2400
[step-001500] preference/same_image 1744/2400
[step-001500] preference/same_image 1760/2400
[step-001500] preference/same_image 1776/2400
[step-001500] preference/same_image 1792/2400
[step-001500] preference/same_image 1808/2400
[step-001500] preference/same_image 1824/2400
[step-001500] preference/same_image 1840/2400
[step-001500] preference/same_image 1856/2400
[step-001500] preference/same_image 1872/2400
[step-001500] preference/same_image 1888/2400
[step-001500] preference/same_image 1904/2400
[step-001500] preference/same_image 1920/2400
[step-001500] preference/same_image 1936/2400
[step-001500] preference/same_image 1952/2400
[step-001500] preference/same_image 1968/2400
[step-001500] preference/same_image 1984/2400
[step-001500] preference/same_image 2000/2400
[step-001500] preference/same_image 2016/2400
[step-001500] preference/same_image 2032/2400
[step-001500] preference/same_image 2048/2400
[step-001500] preference/same_image 2064/2400
[step-001500] preference/same_image 2080/2400
[step-001500] preference/same_image 2096/2400
[step-001500] preference/same_image 2112/2400
[step-001500] preference/same_image 2128/2400
[step-001500] preference/same_image 2144/2400
[step-001500] preference/same_image 2160/2400
[step-001500] preference/same_image 2176/2400
[step-001500] preference/same_image 2192/2400
[step-001500] preference/same_image 2208/2400
[step-001500] preference/same_image 2224/2400
[step-001500] preference/same_image 2240/2400
[step-001500] preference/same_image 2256/2400
[step-001500] preference/same_image 2272/2400
[step-001500] preference/same_image 2288/2400
[step-001500] preference/same_image 2304/2400
[step-001500] preference/same_image 2320/2400
[step-001500] preference/same_image 2336/2400
[step-001500] preference/same_image 2352/2400
[step-001500] preference/same_image 2368/2400
[step-001500] preference/same_image 2384/2400
[step-001500] preference/same_image 2400/2400
[step-001500] preference/shuffled_image 16/2400
[step-001500] preference/shuffled_image 32/2400
[step-001500] preference/shuffled_image 48/2400
[step-001500] preference/shuffled_image 64/2400
[step-001500] preference/shuffled_image 80/2400
[step-001500] preference/shuffled_image 96/2400
[step-001500] preference/shuffled_image 112/2400
[step-001500] preference/shuffled_image 128/2400
[step-001500] preference/shuffled_image 144/2400
[step-001500] preference/shuffled_image 160/2400
[step-001500] preference/shuffled_image 176/2400
[step-001500] preference/shuffled_image 192/2400
[step-001500] preference/shuffled_image 208/2400
[step-001500] preference/shuffled_image 224/2400
[step-001500] preference/shuffled_image 240/2400
[step-001500] preference/shuffled_image 256/2400
[step-001500] preference/shuffled_image 272/2400
[step-001500] preference/shuffled_image 288/2400
[step-001500] preference/shuffled_image 304/2400
[step-001500] preference/shuffled_image 320/2400
[step-001500] preference/shuffled_image 336/2400
[step-001500] preference/shuffled_image 352/2400
[step-001500] preference/shuffled_image 368/2400
[step-001500] preference/shuffled_image 384/2400
[step-001500] preference/shuffled_image 400/2400
[step-001500] preference/shuffled_image 416/2400
[step-001500] preference/shuffled_image 432/2400
[step-001500] preference/shuffled_image 448/2400
[step-001500] preference/shuffled_image 464/2400
[step-001500] preference/shuffled_image 480/2400
[step-001500] preference/shuffled_image 496/2400
[step-001500] preference/shuffled_image 512/2400
[step-001500] preference/shuffled_image 528/2400
[step-001500] preference/shuffled_image 544/2400
[step-001500] preference/shuffled_image 560/2400
[step-001500] preference/shuffled_image 576/2400
[step-001500] preference/shuffled_image 592/2400
[step-001500] preference/shuffled_image 608/2400
[step-001500] preference/shuffled_image 624/2400
[step-001500] preference/shuffled_image 640/2400
[step-001500] preference/shuffled_image 656/2400
[step-001500] preference/shuffled_image 672/2400
[step-001500] preference/shuffled_image 688/2400
[step-001500] preference/shuffled_image 704/2400
[step-001500] preference/shuffled_image 720/2400
[step-001500] preference/shuffled_image 736/2400
[step-001500] preference/shuffled_image 752/2400
[step-001500] preference/shuffled_image 768/2400
[step-001500] preference/shuffled_image 784/2400
[step-001500] preference/shuffled_image 800/2400
[step-001500] preference/shuffled_image 816/2400
[step-001500] preference/shuffled_image 832/2400
[step-001500] preference/shuffled_image 848/2400
[step-001500] preference/shuffled_image 864/2400
[step-001500] preference/shuffled_image 880/2400
[step-001500] preference/shuffled_image 896/2400
[step-001500] preference/shuffled_image 912/2400
[step-001500] preference/shuffled_image 928/2400
[step-001500] preference/shuffled_image 944/2400
[step-001500] preference/shuffled_image 960/2400
[step-001500] preference/shuffled_image 976/2400
[step-001500] preference/shuffled_image 992/2400
[step-001500] preference/shuffled_image 1008/2400
[step-001500] preference/shuffled_image 1024/2400
[step-001500] preference/shuffled_image 1040/2400
[step-001500] preference/shuffled_image 1056/2400
[step-001500] preference/shuffled_image 1072/2400
[step-001500] preference/shuffled_image 1088/2400
[step-001500] preference/shuffled_image 1104/2400
[step-001500] preference/shuffled_image 1120/2400
[step-001500] preference/shuffled_image 1136/2400
[step-001500] preference/shuffled_image 1152/2400
[step-001500] preference/shuffled_image 1168/2400
[step-001500] preference/shuffled_image 1184/2400
[step-001500] preference/shuffled_image 1200/2400
[step-001500] preference/shuffled_image 1216/2400
[step-001500] preference/shuffled_image 1232/2400
[step-001500] preference/shuffled_image 1248/2400
[step-001500] preference/shuffled_image 1264/2400
[step-001500] preference/shuffled_image 1280/2400
[step-001500] preference/shuffled_image 1296/2400
[step-001500] preference/shuffled_image 1312/2400
[step-001500] preference/shuffled_image 1328/2400
[step-001500] preference/shuffled_image 1344/2400
[step-001500] preference/shuffled_image 1360/2400
[step-001500] preference/shuffled_image 1376/2400
[step-001500] preference/shuffled_image 1392/2400
[step-001500] preference/shuffled_image 1408/2400
[step-001500] preference/shuffled_image 1424/2400
[step-001500] preference/shuffled_image 1440/2400
[step-001500] preference/shuffled_image 1456/2400
[step-001500] preference/shuffled_image 1472/2400
[step-001500] preference/shuffled_image 1488/2400
[step-001500] preference/shuffled_image 1504/2400
[step-001500] preference/shuffled_image 1520/2400
[step-001500] preference/shuffled_image 1536/2400
[step-001500] preference/shuffled_image 1552/2400
[step-001500] preference/shuffled_image 1568/2400
[step-001500] preference/shuffled_image 1584/2400
[step-001500] preference/shuffled_image 1600/2400
[step-001500] preference/shuffled_image 1616/2400
[step-001500] preference/shuffled_image 1632/2400
[step-001500] preference/shuffled_image 1648/2400
[step-001500] preference/shuffled_image 1664/2400
[step-001500] preference/shuffled_image 1680/2400
[step-001500] preference/shuffled_image 1696/2400
[step-001500] preference/shuffled_image 1712/2400
[step-001500] preference/shuffled_image 1728/2400
[step-001500] preference/shuffled_image 1744/2400
[step-001500] preference/shuffled_image 1760/2400
[step-001500] preference/shuffled_image 1776/2400
[step-001500] preference/shuffled_image 1792/2400
[step-001500] preference/shuffled_image 1808/2400
[step-001500] preference/shuffled_image 1824/2400
[step-001500] preference/shuffled_image 1840/2400
[step-001500] preference/shuffled_image 1856/2400
[step-001500] preference/shuffled_image 1872/2400
[step-001500] preference/shuffled_image 1888/2400
[step-001500] preference/shuffled_image 1904/2400
[step-001500] preference/shuffled_image 1920/2400
[step-001500] preference/shuffled_image 1936/2400
[step-001500] preference/shuffled_image 1952/2400
[step-001500] preference/shuffled_image 1968/2400
[step-001500] preference/shuffled_image 1984/2400
[step-001500] preference/shuffled_image 2000/2400
[step-001500] preference/shuffled_image 2016/2400
[step-001500] preference/shuffled_image 2032/2400
[step-001500] preference/shuffled_image 2048/2400
[step-001500] preference/shuffled_image 2064/2400
[step-001500] preference/shuffled_image 2080/2400
[step-001500] preference/shuffled_image 2096/2400
[step-001500] preference/shuffled_image 2112/2400
[step-001500] preference/shuffled_image 2128/2400
[step-001500] preference/shuffled_image 2144/2400
[step-001500] preference/shuffled_image 2160/2400
[step-001500] preference/shuffled_image 2176/2400
[step-001500] preference/shuffled_image 2192/2400
[step-001500] preference/shuffled_image 2208/2400
[step-001500] preference/shuffled_image 2224/2400
[step-001500] preference/shuffled_image 2240/2400
[step-001500] preference/shuffled_image 2256/2400
[step-001500] preference/shuffled_image 2272/2400
[step-001500] preference/shuffled_image 2288/2400
[step-001500] preference/shuffled_image 2304/2400
[step-001500] preference/shuffled_image 2320/2400
[step-001500] preference/shuffled_image 2336/2400
[step-001500] preference/shuffled_image 2352/2400
[step-001500] preference/shuffled_image 2368/2400
[step-001500] preference/shuffled_image 2384/2400
[step-001500] preference/shuffled_image 2400/2400
[step-001500] preference/patch_permutation 16/2400
[step-001500] preference/patch_permutation 32/2400
[step-001500] preference/patch_permutation 48/2400
[step-001500] preference/patch_permutation 64/2400
[step-001500] preference/patch_permutation 80/2400
[step-001500] preference/patch_permutation 96/2400
[step-001500] preference/patch_permutation 112/2400
[step-001500] preference/patch_permutation 128/2400
[step-001500] preference/patch_permutation 144/2400
[step-001500] preference/patch_permutation 160/2400
[step-001500] preference/patch_permutation 176/2400
[step-001500] preference/patch_permutation 192/2400
[step-001500] preference/patch_permutation 208/2400
[step-001500] preference/patch_permutation 224/2400
[step-001500] preference/patch_permutation 240/2400
[step-001500] preference/patch_permutation 256/2400
[step-001500] preference/patch_permutation 272/2400
[step-001500] preference/patch_permutation 288/2400
[step-001500] preference/patch_permutation 304/2400
[step-001500] preference/patch_permutation 320/2400
[step-001500] preference/patch_permutation 336/2400
[step-001500] preference/patch_permutation 352/2400
[step-001500] preference/patch_permutation 368/2400
[step-001500] preference/patch_permutation 384/2400
[step-001500] preference/patch_permutation 400/2400
[step-001500] preference/patch_permutation 416/2400
[step-001500] preference/patch_permutation 432/2400
[step-001500] preference/patch_permutation 448/2400
[step-001500] preference/patch_permutation 464/2400
[step-001500] preference/patch_permutation 480/2400
[step-001500] preference/patch_permutation 496/2400
[step-001500] preference/patch_permutation 512/2400
[step-001500] preference/patch_permutation 528/2400
[step-001500] preference/patch_permutation 544/2400
[step-001500] preference/patch_permutation 560/2400
[step-001500] preference/patch_permutation 576/2400
[step-001500] preference/patch_permutation 592/2400
[step-001500] preference/patch_permutation 608/2400
[step-001500] preference/patch_permutation 624/2400
[step-001500] preference/patch_permutation 640/2400
[step-001500] preference/patch_permutation 656/2400
[step-001500] preference/patch_permutation 672/2400
[step-001500] preference/patch_permutation 688/2400
[step-001500] preference/patch_permutation 704/2400
[step-001500] preference/patch_permutation 720/2400
[step-001500] preference/patch_permutation 736/2400
[step-001500] preference/patch_permutation 752/2400
[step-001500] preference/patch_permutation 768/2400
[step-001500] preference/patch_permutation 784/2400
[step-001500] preference/patch_permutation 800/2400
[step-001500] preference/patch_permutation 816/2400
[step-001500] preference/patch_permutation 832/2400
[step-001500] preference/patch_permutation 848/2400
[step-001500] preference/patch_permutation 864/2400
[step-001500] preference/patch_permutation 880/2400
[step-001500] preference/patch_permutation 896/2400
[step-001500] preference/patch_permutation 912/2400
[step-001500] preference/patch_permutation 928/2400
[step-001500] preference/patch_permutation 944/2400
[step-001500] preference/patch_permutation 960/2400
[step-001500] preference/patch_permutation 976/2400
[step-001500] preference/patch_permutation 992/2400
[step-001500] preference/patch_permutation 1008/2400
[step-001500] preference/patch_permutation 1024/2400
[step-001500] preference/patch_permutation 1040/2400
[step-001500] preference/patch_permutation 1056/2400
[step-001500] preference/patch_permutation 1072/2400
[step-001500] preference/patch_permutation 1088/2400
[step-001500] preference/patch_permutation 1104/2400
[step-001500] preference/patch_permutation 1120/2400
[step-001500] preference/patch_permutation 1136/2400
[step-001500] preference/patch_permutation 1152/2400
[step-001500] preference/patch_permutation 1168/2400
[step-001500] preference/patch_permutation 1184/2400
[step-001500] preference/patch_permutation 1200/2400
[step-001500] preference/patch_permutation 1216/2400
[step-001500] preference/patch_permutation 1232/2400
[step-001500] preference/patch_permutation 1248/2400
[step-001500] preference/patch_permutation 1264/2400
[step-001500] preference/patch_permutation 1280/2400
[step-001500] preference/patch_permutation 1296/2400
[step-001500] preference/patch_permutation 1312/2400
[step-001500] preference/patch_permutation 1328/2400
[step-001500] preference/patch_permutation 1344/2400
[step-001500] preference/patch_permutation 1360/2400
[step-001500] preference/patch_permutation 1376/2400
[step-001500] preference/patch_permutation 1392/2400
[step-001500] preference/patch_permutation 1408/2400
[step-001500] preference/patch_permutation 1424/2400
[step-001500] preference/patch_permutation 1440/2400
[step-001500] preference/patch_permutation 1456/2400
[step-001500] preference/patch_permutation 1472/2400
[step-001500] preference/patch_permutation 1488/2400
[step-001500] preference/patch_permutation 1504/2400
[step-001500] preference/patch_permutation 1520/2400
[step-001500] preference/patch_permutation 1536/2400
[step-001500] preference/patch_permutation 1552/2400
[step-001500] preference/patch_permutation 1568/2400
[step-001500] preference/patch_permutation 1584/2400
[step-001500] preference/patch_permutation 1600/2400
[step-001500] preference/patch_permutation 1616/2400
[step-001500] preference/patch_permutation 1632/2400
[step-001500] preference/patch_permutation 1648/2400
[step-001500] preference/patch_permutation 1664/2400
[step-001500] preference/patch_permutation 1680/2400
[step-001500] preference/patch_permutation 1696/2400
[step-001500] preference/patch_permutation 1712/2400
[step-001500] preference/patch_permutation 1728/2400
[step-001500] preference/patch_permutation 1744/2400
[step-001500] preference/patch_permutation 1760/2400
[step-001500] preference/patch_permutation 1776/2400
[step-001500] preference/patch_permutation 1792/2400
[step-001500] preference/patch_permutation 1808/2400
[step-001500] preference/patch_permutation 1824/2400
[step-001500] preference/patch_permutation 1840/2400
[step-001500] preference/patch_permutation 1856/2400
[step-001500] preference/patch_permutation 1872/2400
[step-001500] preference/patch_permutation 1888/2400
[step-001500] preference/patch_permutation 1904/2400
[step-001500] preference/patch_permutation 1920/2400
[step-001500] preference/patch_permutation 1936/2400
[step-001500] preference/patch_permutation 1952/2400
[step-001500] preference/patch_permutation 1968/2400
[step-001500] preference/patch_permutation 1984/2400
[step-001500] preference/patch_permutation 2000/2400
[step-001500] preference/patch_permutation 2016/2400
[step-001500] preference/patch_permutation 2032/2400
[step-001500] preference/patch_permutation 2048/2400
[step-001500] preference/patch_permutation 2064/2400
[step-001500] preference/patch_permutation 2080/2400
[step-001500] preference/patch_permutation 2096/2400
[step-001500] preference/patch_permutation 2112/2400
[step-001500] preference/patch_permutation 2128/2400
[step-001500] preference/patch_permutation 2144/2400
[step-001500] preference/patch_permutation 2160/2400
[step-001500] preference/patch_permutation 2176/2400
[step-001500] preference/patch_permutation 2192/2400
[step-001500] preference/patch_permutation 2208/2400
[step-001500] preference/patch_permutation 2224/2400
[step-001500] preference/patch_permutation 2240/2400
[step-001500] preference/patch_permutation 2256/2400
[step-001500] preference/patch_permutation 2272/2400
[step-001500] preference/patch_permutation 2288/2400
[step-001500] preference/patch_permutation 2304/2400
[step-001500] preference/patch_permutation 2320/2400
[step-001500] preference/patch_permutation 2336/2400
[step-001500] preference/patch_permutation 2352/2400
[step-001500] preference/patch_permutation 2368/2400
[step-001500] preference/patch_permutation 2384/2400
[step-001500] preference/patch_permutation 2400/2400
[step-001500] preference/paired_counterfactual_image 16/2400
[step-001500] preference/paired_counterfactual_image 32/2400
[step-001500] preference/paired_counterfactual_image 48/2400
[step-001500] preference/paired_counterfactual_image 64/2400
[step-001500] preference/paired_counterfactual_image 80/2400
[step-001500] preference/paired_counterfactual_image 96/2400
[step-001500] preference/paired_counterfactual_image 112/2400
[step-001500] preference/paired_counterfactual_image 128/2400
[step-001500] preference/paired_counterfactual_image 144/2400
[step-001500] preference/paired_counterfactual_image 160/2400
[step-001500] preference/paired_counterfactual_image 176/2400
[step-001500] preference/paired_counterfactual_image 192/2400
[step-001500] preference/paired_counterfactual_image 208/2400
[step-001500] preference/paired_counterfactual_image 224/2400
[step-001500] preference/paired_counterfactual_image 240/2400
[step-001500] preference/paired_counterfactual_image 256/2400
[step-001500] preference/paired_counterfactual_image 272/2400
[step-001500] preference/paired_counterfactual_image 288/2400
[step-001500] preference/paired_counterfactual_image 304/2400
[step-001500] preference/paired_counterfactual_image 320/2400
[step-001500] preference/paired_counterfactual_image 336/2400
[step-001500] preference/paired_counterfactual_image 352/2400
[step-001500] preference/paired_counterfactual_image 368/2400
[step-001500] preference/paired_counterfactual_image 384/2400
[step-001500] preference/paired_counterfactual_image 400/2400
[step-001500] preference/paired_counterfactual_image 416/2400
[step-001500] preference/paired_counterfactual_image 432/2400
[step-001500] preference/paired_counterfactual_image 448/2400
[step-001500] preference/paired_counterfactual_image 464/2400
[step-001500] preference/paired_counterfactual_image 480/2400
[step-001500] preference/paired_counterfactual_image 496/2400
[step-001500] preference/paired_counterfactual_image 512/2400
[step-001500] preference/paired_counterfactual_image 528/2400
[step-001500] preference/paired_counterfactual_image 544/2400
[step-001500] preference/paired_counterfactual_image 560/2400
[step-001500] preference/paired_counterfactual_image 576/2400
[step-001500] preference/paired_counterfactual_image 592/2400
[step-001500] preference/paired_counterfactual_image 608/2400
[step-001500] preference/paired_counterfactual_image 624/2400
[step-001500] preference/paired_counterfactual_image 640/2400
[step-001500] preference/paired_counterfactual_image 656/2400
[step-001500] preference/paired_counterfactual_image 672/2400
[step-001500] preference/paired_counterfactual_image 688/2400
[step-001500] preference/paired_counterfactual_image 704/2400
[step-001500] preference/paired_counterfactual_image 720/2400
[step-001500] preference/paired_counterfactual_image 736/2400
[step-001500] preference/paired_counterfactual_image 752/2400
[step-001500] preference/paired_counterfactual_image 768/2400
[step-001500] preference/paired_counterfactual_image 784/2400
[step-001500] preference/paired_counterfactual_image 800/2400
[step-001500] preference/paired_counterfactual_image 816/2400
[step-001500] preference/paired_counterfactual_image 832/2400
[step-001500] preference/paired_counterfactual_image 848/2400
[step-001500] preference/paired_counterfactual_image 864/2400
[step-001500] preference/paired_counterfactual_image 880/2400
[step-001500] preference/paired_counterfactual_image 896/2400
[step-001500] preference/paired_counterfactual_image 912/2400
[step-001500] preference/paired_counterfactual_image 928/2400
[step-001500] preference/paired_counterfactual_image 944/2400
[step-001500] preference/paired_counterfactual_image 960/2400
[step-001500] preference/paired_counterfactual_image 976/2400
[step-001500] preference/paired_counterfactual_image 992/2400
[step-001500] preference/paired_counterfactual_image 1008/2400
[step-001500] preference/paired_counterfactual_image 1024/2400
[step-001500] preference/paired_counterfactual_image 1040/2400
[step-001500] preference/paired_counterfactual_image 1056/2400
[step-001500] preference/paired_counterfactual_image 1072/2400
[step-001500] preference/paired_counterfactual_image 1088/2400
[step-001500] preference/paired_counterfactual_image 1104/2400
[step-001500] preference/paired_counterfactual_image 1120/2400
[step-001500] preference/paired_counterfactual_image 1136/2400
[step-001500] preference/paired_counterfactual_image 1152/2400
[step-001500] preference/paired_counterfactual_image 1168/2400
[step-001500] preference/paired_counterfactual_image 1184/2400
[step-001500] preference/paired_counterfactual_image 1200/2400
[step-001500] preference/paired_counterfactual_image 1216/2400
[step-001500] preference/paired_counterfactual_image 1232/2400
[step-001500] preference/paired_counterfactual_image 1248/2400
[step-001500] preference/paired_counterfactual_image 1264/2400
[step-001500] preference/paired_counterfactual_image 1280/2400
[step-001500] preference/paired_counterfactual_image 1296/2400
[step-001500] preference/paired_counterfactual_image 1312/2400
[step-001500] preference/paired_counterfactual_image 1328/2400
[step-001500] preference/paired_counterfactual_image 1344/2400
[step-001500] preference/paired_counterfactual_image 1360/2400
[step-001500] preference/paired_counterfactual_image 1376/2400
[step-001500] preference/paired_counterfactual_image 1392/2400
[step-001500] preference/paired_counterfactual_image 1408/2400
[step-001500] preference/paired_counterfactual_image 1424/2400
[step-001500] preference/paired_counterfactual_image 1440/2400
[step-001500] preference/paired_counterfactual_image 1456/2400
[step-001500] preference/paired_counterfactual_image 1472/2400
[step-001500] preference/paired_counterfactual_image 1488/2400
[step-001500] preference/paired_counterfactual_image 1504/2400
[step-001500] preference/paired_counterfactual_image 1520/2400
[step-001500] preference/paired_counterfactual_image 1536/2400
[step-001500] preference/paired_counterfactual_image 1552/2400
[step-001500] preference/paired_counterfactual_image 1568/2400
[step-001500] preference/paired_counterfactual_image 1584/2400
[step-001500] preference/paired_counterfactual_image 1600/2400
[step-001500] preference/paired_counterfactual_image 1616/2400
[step-001500] preference/paired_counterfactual_image 1632/2400
[step-001500] preference/paired_counterfactual_image 1648/2400
[step-001500] preference/paired_counterfactual_image 1664/2400
[step-001500] preference/paired_counterfactual_image 1680/2400
[step-001500] preference/paired_counterfactual_image 1696/2400
[step-001500] preference/paired_counterfactual_image 1712/2400
[step-001500] preference/paired_counterfactual_image 1728/2400
[step-001500] preference/paired_counterfactual_image 1744/2400
[step-001500] preference/paired_counterfactual_image 1760/2400
[step-001500] preference/paired_counterfactual_image 1776/2400
[step-001500] preference/paired_counterfactual_image 1792/2400
[step-001500] preference/paired_counterfactual_image 1808/2400
[step-001500] preference/paired_counterfactual_image 1824/2400
[step-001500] preference/paired_counterfactual_image 1840/2400
[step-001500] preference/paired_counterfactual_image 1856/2400
[step-001500] preference/paired_counterfactual_image 1872/2400
[step-001500] preference/paired_counterfactual_image 1888/2400
[step-001500] preference/paired_counterfactual_image 1904/2400
[step-001500] preference/paired_counterfactual_image 1920/2400
[step-001500] preference/paired_counterfactual_image 1936/2400
[step-001500] preference/paired_counterfactual_image 1952/2400
[step-001500] preference/paired_counterfactual_image 1968/2400
[step-001500] preference/paired_counterfactual_image 1984/2400
[step-001500] preference/paired_counterfactual_image 2000/2400
[step-001500] preference/paired_counterfactual_image 2016/2400
[step-001500] preference/paired_counterfactual_image 2032/2400
[step-001500] preference/paired_counterfactual_image 2048/2400
[step-001500] preference/paired_counterfactual_image 2064/2400
[step-001500] preference/paired_counterfactual_image 2080/2400
[step-001500] preference/paired_counterfactual_image 2096/2400
[step-001500] preference/paired_counterfactual_image 2112/2400
[step-001500] preference/paired_counterfactual_image 2128/2400
[step-001500] preference/paired_counterfactual_image 2144/2400
[step-001500] preference/paired_counterfactual_image 2160/2400
[step-001500] preference/paired_counterfactual_image 2176/2400
[step-001500] preference/paired_counterfactual_image 2192/2400
[step-001500] preference/paired_counterfactual_image 2208/2400
[step-001500] preference/paired_counterfactual_image 2224/2400
[step-001500] preference/paired_counterfactual_image 2240/2400
[step-001500] preference/paired_counterfactual_image 2256/2400
[step-001500] preference/paired_counterfactual_image 2272/2400
[step-001500] preference/paired_counterfactual_image 2288/2400
[step-001500] preference/paired_counterfactual_image 2304/2400
[step-001500] preference/paired_counterfactual_image 2320/2400
[step-001500] preference/paired_counterfactual_image 2336/2400
[step-001500] preference/paired_counterfactual_image 2352/2400
[step-001500] preference/paired_counterfactual_image 2368/2400
[step-001500] preference/paired_counterfactual_image 2384/2400
[step-001500] preference/paired_counterfactual_image 2400/2400
[step-001500] preference/background_matched_aux 16/2400
[step-001500] preference/background_matched_aux 32/2400
[step-001500] preference/background_matched_aux 48/2400
[step-001500] preference/background_matched_aux 64/2400
[step-001500] preference/background_matched_aux 80/2400
[step-001500] preference/background_matched_aux 96/2400
[step-001500] preference/background_matched_aux 112/2400
[step-001500] preference/background_matched_aux 128/2400
[step-001500] preference/background_matched_aux 144/2400
[step-001500] preference/background_matched_aux 160/2400
[step-001500] preference/background_matched_aux 176/2400
[step-001500] preference/background_matched_aux 192/2400
[step-001500] preference/background_matched_aux 208/2400
[step-001500] preference/background_matched_aux 224/2400
[step-001500] preference/background_matched_aux 240/2400
[step-001500] preference/background_matched_aux 256/2400
[step-001500] preference/background_matched_aux 272/2400
[step-001500] preference/background_matched_aux 288/2400
[step-001500] preference/background_matched_aux 304/2400
[step-001500] preference/background_matched_aux 320/2400
[step-001500] preference/background_matched_aux 336/2400
[step-001500] preference/background_matched_aux 352/2400
[step-001500] preference/background_matched_aux 368/2400
[step-001500] preference/background_matched_aux 384/2400
[step-001500] preference/background_matched_aux 400/2400
[step-001500] preference/background_matched_aux 416/2400
[step-001500] preference/background_matched_aux 432/2400
[step-001500] preference/background_matched_aux 448/2400
[step-001500] preference/background_matched_aux 464/2400
[step-001500] preference/background_matched_aux 480/2400
[step-001500] preference/background_matched_aux 496/2400
[step-001500] preference/background_matched_aux 512/2400
[step-001500] preference/background_matched_aux 528/2400
[step-001500] preference/background_matched_aux 544/2400
[step-001500] preference/background_matched_aux 560/2400
[step-001500] preference/background_matched_aux 576/2400
[step-001500] preference/background_matched_aux 592/2400
[step-001500] preference/background_matched_aux 608/2400
[step-001500] preference/background_matched_aux 624/2400
[step-001500] preference/background_matched_aux 640/2400
[step-001500] preference/background_matched_aux 656/2400
[step-001500] preference/background_matched_aux 672/2400
[step-001500] preference/background_matched_aux 688/2400
[step-001500] preference/background_matched_aux 704/2400
[step-001500] preference/background_matched_aux 720/2400
[step-001500] preference/background_matched_aux 736/2400
[step-001500] preference/background_matched_aux 752/2400
[step-001500] preference/background_matched_aux 768/2400
[step-001500] preference/background_matched_aux 784/2400
[step-001500] preference/background_matched_aux 800/2400
[step-001500] preference/background_matched_aux 816/2400
[step-001500] preference/background_matched_aux 832/2400
[step-001500] preference/background_matched_aux 848/2400
[step-001500] preference/background_matched_aux 864/2400
[step-001500] preference/background_matched_aux 880/2400
[step-001500] preference/background_matched_aux 896/2400
[step-001500] preference/background_matched_aux 912/2400
[step-001500] preference/background_matched_aux 928/2400
[step-001500] preference/background_matched_aux 944/2400
[step-001500] preference/background_matched_aux 960/2400
[step-001500] preference/background_matched_aux 976/2400
[step-001500] preference/background_matched_aux 992/2400
[step-001500] preference/background_matched_aux 1008/2400
[step-001500] preference/background_matched_aux 1024/2400
[step-001500] preference/background_matched_aux 1040/2400
[step-001500] preference/background_matched_aux 1056/2400
[step-001500] preference/background_matched_aux 1072/2400
[step-001500] preference/background_matched_aux 1088/2400
[step-001500] preference/background_matched_aux 1104/2400
[step-001500] preference/background_matched_aux 1120/2400
[step-001500] preference/background_matched_aux 1136/2400
[step-001500] preference/background_matched_aux 1152/2400
[step-001500] preference/background_matched_aux 1168/2400
[step-001500] preference/background_matched_aux 1184/2400
[step-001500] preference/background_matched_aux 1200/2400
[step-001500] preference/background_matched_aux 1216/2400
[step-001500] preference/background_matched_aux 1232/2400
[step-001500] preference/background_matched_aux 1248/2400
[step-001500] preference/background_matched_aux 1264/2400
[step-001500] preference/background_matched_aux 1280/2400
[step-001500] preference/background_matched_aux 1296/2400
[step-001500] preference/background_matched_aux 1312/2400
[step-001500] preference/background_matched_aux 1328/2400
[step-001500] preference/background_matched_aux 1344/2400
[step-001500] preference/background_matched_aux 1360/2400
[step-001500] preference/background_matched_aux 1376/2400
[step-001500] preference/background_matched_aux 1392/2400
[step-001500] preference/background_matched_aux 1408/2400
[step-001500] preference/background_matched_aux 1424/2400
[step-001500] preference/background_matched_aux 1440/2400
[step-001500] preference/background_matched_aux 1456/2400
[step-001500] preference/background_matched_aux 1472/2400
[step-001500] preference/background_matched_aux 1488/2400
[step-001500] preference/background_matched_aux 1504/2400
[step-001500] preference/background_matched_aux 1520/2400
[step-001500] preference/background_matched_aux 1536/2400
[step-001500] preference/background_matched_aux 1552/2400
[step-001500] preference/background_matched_aux 1568/2400
[step-001500] preference/background_matched_aux 1584/2400
[step-001500] preference/background_matched_aux 1600/2400
[step-001500] preference/background_matched_aux 1616/2400
[step-001500] preference/background_matched_aux 1632/2400
[step-001500] preference/background_matched_aux 1648/2400
[step-001500] preference/background_matched_aux 1664/2400
[step-001500] preference/background_matched_aux 1680/2400
[step-001500] preference/background_matched_aux 1696/2400
[step-001500] preference/background_matched_aux 1712/2400
[step-001500] preference/background_matched_aux 1728/2400
[step-001500] preference/background_matched_aux 1744/2400
[step-001500] preference/background_matched_aux 1760/2400
[step-001500] preference/background_matched_aux 1776/2400
[step-001500] preference/background_matched_aux 1792/2400
[step-001500] preference/background_matched_aux 1808/2400
[step-001500] preference/background_matched_aux 1824/2400
[step-001500] preference/background_matched_aux 1840/2400
[step-001500] preference/background_matched_aux 1856/2400
[step-001500] preference/background_matched_aux 1872/2400
[step-001500] preference/background_matched_aux 1888/2400
[step-001500] preference/background_matched_aux 1904/2400
[step-001500] preference/background_matched_aux 1920/2400
[step-001500] preference/background_matched_aux 1936/2400
[step-001500] preference/background_matched_aux 1952/2400
[step-001500] preference/background_matched_aux 1968/2400
[step-001500] preference/background_matched_aux 1984/2400
[step-001500] preference/background_matched_aux 2000/2400
[step-001500] preference/background_matched_aux 2016/2400
[step-001500] preference/background_matched_aux 2032/2400
[step-001500] preference/background_matched_aux 2048/2400
[step-001500] preference/background_matched_aux 2064/2400
[step-001500] preference/background_matched_aux 2080/2400
[step-001500] preference/background_matched_aux 2096/2400
[step-001500] preference/background_matched_aux 2112/2400
[step-001500] preference/background_matched_aux 2128/2400
[step-001500] preference/background_matched_aux 2144/2400
[step-001500] preference/background_matched_aux 2160/2400
[step-001500] preference/background_matched_aux 2176/2400
[step-001500] preference/background_matched_aux 2192/2400
[step-001500] preference/background_matched_aux 2208/2400
[step-001500] preference/background_matched_aux 2224/2400
[step-001500] preference/background_matched_aux 2240/2400
[step-001500] preference/background_matched_aux 2256/2400
[step-001500] preference/background_matched_aux 2272/2400
[step-001500] preference/background_matched_aux 2288/2400
[step-001500] preference/background_matched_aux 2304/2400
[step-001500] preference/background_matched_aux 2320/2400
[step-001500] preference/background_matched_aux 2336/2400
[step-001500] preference/background_matched_aux 2352/2400
[step-001500] preference/background_matched_aux 2368/2400
[step-001500] preference/background_matched_aux 2384/2400
[step-001500] preference/background_matched_aux 2400/2400
[step-002000] preference/vision 16/2400
[step-002000] preference/vision 32/2400
[step-002000] preference/vision 48/2400
[step-002000] preference/vision 64/2400
[step-002000] preference/vision 80/2400
[step-002000] preference/vision 96/2400
[step-002000] preference/vision 112/2400
[step-002000] preference/vision 128/2400
[step-002000] preference/vision 144/2400
[step-002000] preference/vision 160/2400
[step-002000] preference/vision 176/2400
[step-002000] preference/vision 192/2400
[step-002000] preference/vision 208/2400
[step-002000] preference/vision 224/2400
[step-002000] preference/vision 240/2400
[step-002000] preference/vision 256/2400
[step-002000] preference/vision 272/2400
[step-002000] preference/vision 288/2400
[step-002000] preference/vision 304/2400
[step-002000] preference/vision 320/2400
[step-002000] preference/vision 336/2400
[step-002000] preference/vision 352/2400
[step-002000] preference/vision 368/2400
[step-002000] preference/vision 384/2400
[step-002000] preference/vision 400/2400
[step-002000] preference/vision 416/2400
[step-002000] preference/vision 432/2400
[step-002000] preference/vision 448/2400
[step-002000] preference/vision 464/2400
[step-002000] preference/vision 480/2400
[step-002000] preference/vision 496/2400
[step-002000] preference/vision 512/2400
[step-002000] preference/vision 528/2400
[step-002000] preference/vision 544/2400
[step-002000] preference/vision 560/2400
[step-002000] preference/vision 576/2400
[step-002000] preference/vision 592/2400
[step-002000] preference/vision 608/2400
[step-002000] preference/vision 624/2400
[step-002000] preference/vision 640/2400
[step-002000] preference/vision 656/2400
[step-002000] preference/vision 672/2400
[step-002000] preference/vision 688/2400
[step-002000] preference/vision 704/2400
[step-002000] preference/vision 720/2400
[step-002000] preference/vision 736/2400
[step-002000] preference/vision 752/2400
[step-002000] preference/vision 768/2400
[step-002000] preference/vision 784/2400
[step-002000] preference/vision 800/2400
[step-002000] preference/vision 816/2400
[step-002000] preference/vision 832/2400
[step-002000] preference/vision 848/2400
[step-002000] preference/vision 864/2400
[step-002000] preference/vision 880/2400
[step-002000] preference/vision 896/2400
[step-002000] preference/vision 912/2400
[step-002000] preference/vision 928/2400
[step-002000] preference/vision 944/2400
[step-002000] preference/vision 960/2400
[step-002000] preference/vision 976/2400
[step-002000] preference/vision 992/2400
[step-002000] preference/vision 1008/2400
[step-002000] preference/vision 1024/2400
[step-002000] preference/vision 1040/2400
[step-002000] preference/vision 1056/2400
[step-002000] preference/vision 1072/2400
[step-002000] preference/vision 1088/2400
[step-002000] preference/vision 1104/2400
[step-002000] preference/vision 1120/2400
[step-002000] preference/vision 1136/2400
[step-002000] preference/vision 1152/2400
[step-002000] preference/vision 1168/2400
[step-002000] preference/vision 1184/2400
[step-002000] preference/vision 1200/2400
[step-002000] preference/vision 1216/2400
[step-002000] preference/vision 1232/2400
[step-002000] preference/vision 1248/2400
[step-002000] preference/vision 1264/2400
[step-002000] preference/vision 1280/2400
[step-002000] preference/vision 1296/2400
[step-002000] preference/vision 1312/2400
[step-002000] preference/vision 1328/2400
[step-002000] preference/vision 1344/2400
[step-002000] preference/vision 1360/2400
[step-002000] preference/vision 1376/2400
[step-002000] preference/vision 1392/2400
[step-002000] preference/vision 1408/2400
[step-002000] preference/vision 1424/2400
[step-002000] preference/vision 1440/2400
[step-002000] preference/vision 1456/2400
[step-002000] preference/vision 1472/2400
[step-002000] preference/vision 1488/2400
[step-002000] preference/vision 1504/2400
[step-002000] preference/vision 1520/2400
[step-002000] preference/vision 1536/2400
[step-002000] preference/vision 1552/2400
[step-002000] preference/vision 1568/2400
[step-002000] preference/vision 1584/2400
[step-002000] preference/vision 1600/2400
[step-002000] preference/vision 1616/2400
[step-002000] preference/vision 1632/2400
[step-002000] preference/vision 1648/2400
[step-002000] preference/vision 1664/2400
[step-002000] preference/vision 1680/2400
[step-002000] preference/vision 1696/2400
[step-002000] preference/vision 1712/2400
[step-002000] preference/vision 1728/2400
[step-002000] preference/vision 1744/2400
[step-002000] preference/vision 1760/2400
[step-002000] preference/vision 1776/2400
[step-002000] preference/vision 1792/2400
[step-002000] preference/vision 1808/2400
[step-002000] preference/vision 1824/2400
[step-002000] preference/vision 1840/2400
[step-002000] preference/vision 1856/2400
[step-002000] preference/vision 1872/2400
[step-002000] preference/vision 1888/2400
[step-002000] preference/vision 1904/2400
[step-002000] preference/vision 1920/2400
[step-002000] preference/vision 1936/2400
[step-002000] preference/vision 1952/2400
[step-002000] preference/vision 1968/2400
[step-002000] preference/vision 1984/2400
[step-002000] preference/vision 2000/2400
[step-002000] preference/vision 2016/2400
[step-002000] preference/vision 2032/2400
[step-002000] preference/vision 2048/2400
[step-002000] preference/vision 2064/2400
[step-002000] preference/vision 2080/2400
[step-002000] preference/vision 2096/2400
[step-002000] preference/vision 2112/2400
[step-002000] preference/vision 2128/2400
[step-002000] preference/vision 2144/2400
[step-002000] preference/vision 2160/2400
[step-002000] preference/vision 2176/2400
[step-002000] preference/vision 2192/2400
[step-002000] preference/vision 2208/2400
[step-002000] preference/vision 2224/2400
[step-002000] preference/vision 2240/2400
[step-002000] preference/vision 2256/2400
[step-002000] preference/vision 2272/2400
[step-002000] preference/vision 2288/2400
[step-002000] preference/vision 2304/2400
[step-002000] preference/vision 2320/2400
[step-002000] preference/vision 2336/2400
[step-002000] preference/vision 2352/2400
[step-002000] preference/vision 2368/2400
[step-002000] preference/vision 2384/2400
[step-002000] preference/vision 2400/2400
[step-002000] preference/blind 16/2400
[step-002000] preference/blind 32/2400
[step-002000] preference/blind 48/2400
[step-002000] preference/blind 64/2400
[step-002000] preference/blind 80/2400
[step-002000] preference/blind 96/2400
[step-002000] preference/blind 112/2400
[step-002000] preference/blind 128/2400
[step-002000] preference/blind 144/2400
[step-002000] preference/blind 160/2400
[step-002000] preference/blind 176/2400
[step-002000] preference/blind 192/2400
[step-002000] preference/blind 208/2400
[step-002000] preference/blind 224/2400
[step-002000] preference/blind 240/2400
[step-002000] preference/blind 256/2400
[step-002000] preference/blind 272/2400
[step-002000] preference/blind 288/2400
[step-002000] preference/blind 304/2400
[step-002000] preference/blind 320/2400
[step-002000] preference/blind 336/2400
[step-002000] preference/blind 352/2400
[step-002000] preference/blind 368/2400
[step-002000] preference/blind 384/2400
[step-002000] preference/blind 400/2400
[step-002000] preference/blind 416/2400
[step-002000] preference/blind 432/2400
[step-002000] preference/blind 448/2400
[step-002000] preference/blind 464/2400
[step-002000] preference/blind 480/2400
[step-002000] preference/blind 496/2400
[step-002000] preference/blind 512/2400
[step-002000] preference/blind 528/2400
[step-002000] preference/blind 544/2400
[step-002000] preference/blind 560/2400
[step-002000] preference/blind 576/2400
[step-002000] preference/blind 592/2400
[step-002000] preference/blind 608/2400
[step-002000] preference/blind 624/2400
[step-002000] preference/blind 640/2400
[step-002000] preference/blind 656/2400
[step-002000] preference/blind 672/2400
[step-002000] preference/blind 688/2400
[step-002000] preference/blind 704/2400
[step-002000] preference/blind 720/2400
[step-002000] preference/blind 736/2400
[step-002000] preference/blind 752/2400
[step-002000] preference/blind 768/2400
[step-002000] preference/blind 784/2400
[step-002000] preference/blind 800/2400
[step-002000] preference/blind 816/2400
[step-002000] preference/blind 832/2400
[step-002000] preference/blind 848/2400
[step-002000] preference/blind 864/2400
[step-002000] preference/blind 880/2400
[step-002000] preference/blind 896/2400
[step-002000] preference/blind 912/2400
[step-002000] preference/blind 928/2400
[step-002000] preference/blind 944/2400
[step-002000] preference/blind 960/2400
[step-002000] preference/blind 976/2400
[step-002000] preference/blind 992/2400
[step-002000] preference/blind 1008/2400
[step-002000] preference/blind 1024/2400
[step-002000] preference/blind 1040/2400
[step-002000] preference/blind 1056/2400
[step-002000] preference/blind 1072/2400
[step-002000] preference/blind 1088/2400
[step-002000] preference/blind 1104/2400
[step-002000] preference/blind 1120/2400
[step-002000] preference/blind 1136/2400
[step-002000] preference/blind 1152/2400
[step-002000] preference/blind 1168/2400
[step-002000] preference/blind 1184/2400
[step-002000] preference/blind 1200/2400
[step-002000] preference/blind 1216/2400
[step-002000] preference/blind 1232/2400
[step-002000] preference/blind 1248/2400
[step-002000] preference/blind 1264/2400
[step-002000] preference/blind 1280/2400
[step-002000] preference/blind 1296/2400
[step-002000] preference/blind 1312/2400
[step-002000] preference/blind 1328/2400
[step-002000] preference/blind 1344/2400
[step-002000] preference/blind 1360/2400
[step-002000] preference/blind 1376/2400
[step-002000] preference/blind 1392/2400
[step-002000] preference/blind 1408/2400
[step-002000] preference/blind 1424/2400
[step-002000] preference/blind 1440/2400
[step-002000] preference/blind 1456/2400
[step-002000] preference/blind 1472/2400
[step-002000] preference/blind 1488/2400
[step-002000] preference/blind 1504/2400
[step-002000] preference/blind 1520/2400
[step-002000] preference/blind 1536/2400
[step-002000] preference/blind 1552/2400
[step-002000] preference/blind 1568/2400
[step-002000] preference/blind 1584/2400
[step-002000] preference/blind 1600/2400
[step-002000] preference/blind 1616/2400
[step-002000] preference/blind 1632/2400
[step-002000] preference/blind 1648/2400
[step-002000] preference/blind 1664/2400
[step-002000] preference/blind 1680/2400
[step-002000] preference/blind 1696/2400
[step-002000] preference/blind 1712/2400
[step-002000] preference/blind 1728/2400
[step-002000] preference/blind 1744/2400
[step-002000] preference/blind 1760/2400
[step-002000] preference/blind 1776/2400
[step-002000] preference/blind 1792/2400
[step-002000] preference/blind 1808/2400
[step-002000] preference/blind 1824/2400
[step-002000] preference/blind 1840/2400
[step-002000] preference/blind 1856/2400
[step-002000] preference/blind 1872/2400
[step-002000] preference/blind 1888/2400
[step-002000] preference/blind 1904/2400
[step-002000] preference/blind 1920/2400
[step-002000] preference/blind 1936/2400
[step-002000] preference/blind 1952/2400
[step-002000] preference/blind 1968/2400
[step-002000] preference/blind 1984/2400
[step-002000] preference/blind 2000/2400
[step-002000] preference/blind 2016/2400
[step-002000] preference/blind 2032/2400
[step-002000] preference/blind 2048/2400
[step-002000] preference/blind 2064/2400
[step-002000] preference/blind 2080/2400
[step-002000] preference/blind 2096/2400
[step-002000] preference/blind 2112/2400
[step-002000] preference/blind 2128/2400
[step-002000] preference/blind 2144/2400
[step-002000] preference/blind 2160/2400
[step-002000] preference/blind 2176/2400
[step-002000] preference/blind 2192/2400
[step-002000] preference/blind 2208/2400
[step-002000] preference/blind 2224/2400
[step-002000] preference/blind 2240/2400
[step-002000] preference/blind 2256/2400
[step-002000] preference/blind 2272/2400
[step-002000] preference/blind 2288/2400
[step-002000] preference/blind 2304/2400
[step-002000] preference/blind 2320/2400
[step-002000] preference/blind 2336/2400
[step-002000] preference/blind 2352/2400
[step-002000] preference/blind 2368/2400
[step-002000] preference/blind 2384/2400
[step-002000] preference/blind 2400/2400
[step-002000] preference/blank 16/2400
[step-002000] preference/blank 32/2400
[step-002000] preference/blank 48/2400
[step-002000] preference/blank 64/2400
[step-002000] preference/blank 80/2400
[step-002000] preference/blank 96/2400
[step-002000] preference/blank 112/2400
[step-002000] preference/blank 128/2400
[step-002000] preference/blank 144/2400
[step-002000] preference/blank 160/2400
[step-002000] preference/blank 176/2400
[step-002000] preference/blank 192/2400
[step-002000] preference/blank 208/2400
[step-002000] preference/blank 224/2400
[step-002000] preference/blank 240/2400
[step-002000] preference/blank 256/2400
[step-002000] preference/blank 272/2400
[step-002000] preference/blank 288/2400
[step-002000] preference/blank 304/2400
[step-002000] preference/blank 320/2400
[step-002000] preference/blank 336/2400
[step-002000] preference/blank 352/2400
[step-002000] preference/blank 368/2400
[step-002000] preference/blank 384/2400
[step-002000] preference/blank 400/2400
[step-002000] preference/blank 416/2400
[step-002000] preference/blank 432/2400
[step-002000] preference/blank 448/2400
[step-002000] preference/blank 464/2400
[step-002000] preference/blank 480/2400
[step-002000] preference/blank 496/2400
[step-002000] preference/blank 512/2400
[step-002000] preference/blank 528/2400
[step-002000] preference/blank 544/2400
[step-002000] preference/blank 560/2400
[step-002000] preference/blank 576/2400
[step-002000] preference/blank 592/2400
[step-002000] preference/blank 608/2400
[step-002000] preference/blank 624/2400
[step-002000] preference/blank 640/2400
[step-002000] preference/blank 656/2400
[step-002000] preference/blank 672/2400
[step-002000] preference/blank 688/2400
[step-002000] preference/blank 704/2400
[step-002000] preference/blank 720/2400
[step-002000] preference/blank 736/2400
[step-002000] preference/blank 752/2400
[step-002000] preference/blank 768/2400
[step-002000] preference/blank 784/2400
[step-002000] preference/blank 800/2400
[step-002000] preference/blank 816/2400
[step-002000] preference/blank 832/2400
[step-002000] preference/blank 848/2400
[step-002000] preference/blank 864/2400
[step-002000] preference/blank 880/2400
[step-002000] preference/blank 896/2400
[step-002000] preference/blank 912/2400
[step-002000] preference/blank 928/2400
[step-002000] preference/blank 944/2400
[step-002000] preference/blank 960/2400
[step-002000] preference/blank 976/2400
[step-002000] preference/blank 992/2400
[step-002000] preference/blank 1008/2400
[step-002000] preference/blank 1024/2400
[step-002000] preference/blank 1040/2400
[step-002000] preference/blank 1056/2400
[step-002000] preference/blank 1072/2400
[step-002000] preference/blank 1088/2400
[step-002000] preference/blank 1104/2400
[step-002000] preference/blank 1120/2400
[step-002000] preference/blank 1136/2400
[step-002000] preference/blank 1152/2400
[step-002000] preference/blank 1168/2400
[step-002000] preference/blank 1184/2400
[step-002000] preference/blank 1200/2400
[step-002000] preference/blank 1216/2400
[step-002000] preference/blank 1232/2400
[step-002000] preference/blank 1248/2400
[step-002000] preference/blank 1264/2400
[step-002000] preference/blank 1280/2400
[step-002000] preference/blank 1296/2400
[step-002000] preference/blank 1312/2400
[step-002000] preference/blank 1328/2400
[step-002000] preference/blank 1344/2400
[step-002000] preference/blank 1360/2400
[step-002000] preference/blank 1376/2400
[step-002000] preference/blank 1392/2400
[step-002000] preference/blank 1408/2400
[step-002000] preference/blank 1424/2400
[step-002000] preference/blank 1440/2400
[step-002000] preference/blank 1456/2400
[step-002000] preference/blank 1472/2400
[step-002000] preference/blank 1488/2400
[step-002000] preference/blank 1504/2400
[step-002000] preference/blank 1520/2400
[step-002000] preference/blank 1536/2400
[step-002000] preference/blank 1552/2400
[step-002000] preference/blank 1568/2400
[step-002000] preference/blank 1584/2400
[step-002000] preference/blank 1600/2400
[step-002000] preference/blank 1616/2400
[step-002000] preference/blank 1632/2400
[step-002000] preference/blank 1648/2400
[step-002000] preference/blank 1664/2400
[step-002000] preference/blank 1680/2400
[step-002000] preference/blank 1696/2400
[step-002000] preference/blank 1712/2400
[step-002000] preference/blank 1728/2400
[step-002000] preference/blank 1744/2400
[step-002000] preference/blank 1760/2400
[step-002000] preference/blank 1776/2400
[step-002000] preference/blank 1792/2400
[step-002000] preference/blank 1808/2400
[step-002000] preference/blank 1824/2400
[step-002000] preference/blank 1840/2400
[step-002000] preference/blank 1856/2400
[step-002000] preference/blank 1872/2400
[step-002000] preference/blank 1888/2400
[step-002000] preference/blank 1904/2400
[step-002000] preference/blank 1920/2400
[step-002000] preference/blank 1936/2400
[step-002000] preference/blank 1952/2400
[step-002000] preference/blank 1968/2400
[step-002000] preference/blank 1984/2400
[step-002000] preference/blank 2000/2400
[step-002000] preference/blank 2016/2400
[step-002000] preference/blank 2032/2400
[step-002000] preference/blank 2048/2400
[step-002000] preference/blank 2064/2400
[step-002000] preference/blank 2080/2400
[step-002000] preference/blank 2096/2400
[step-002000] preference/blank 2112/2400
[step-002000] preference/blank 2128/2400
[step-002000] preference/blank 2144/2400
[step-002000] preference/blank 2160/2400
[step-002000] preference/blank 2176/2400
[step-002000] preference/blank 2192/2400
[step-002000] preference/blank 2208/2400
[step-002000] preference/blank 2224/2400
[step-002000] preference/blank 2240/2400
[step-002000] preference/blank 2256/2400
[step-002000] preference/blank 2272/2400
[step-002000] preference/blank 2288/2400
[step-002000] preference/blank 2304/2400
[step-002000] preference/blank 2320/2400
[step-002000] preference/blank 2336/2400
[step-002000] preference/blank 2352/2400
[step-002000] preference/blank 2368/2400
[step-002000] preference/blank 2384/2400
[step-002000] preference/blank 2400/2400
[step-002000] preference/same_image 16/2400
[step-002000] preference/same_image 32/2400
[step-002000] preference/same_image 48/2400
[step-002000] preference/same_image 64/2400
[step-002000] preference/same_image 80/2400
[step-002000] preference/same_image 96/2400
[step-002000] preference/same_image 112/2400
[step-002000] preference/same_image 128/2400
[step-002000] preference/same_image 144/2400
[step-002000] preference/same_image 160/2400
[step-002000] preference/same_image 176/2400
[step-002000] preference/same_image 192/2400
[step-002000] preference/same_image 208/2400
[step-002000] preference/same_image 224/2400
[step-002000] preference/same_image 240/2400
[step-002000] preference/same_image 256/2400
[step-002000] preference/same_image 272/2400
[step-002000] preference/same_image 288/2400
[step-002000] preference/same_image 304/2400
[step-002000] preference/same_image 320/2400
[step-002000] preference/same_image 336/2400
[step-002000] preference/same_image 352/2400
[step-002000] preference/same_image 368/2400
[step-002000] preference/same_image 384/2400
[step-002000] preference/same_image 400/2400
[step-002000] preference/same_image 416/2400
[step-002000] preference/same_image 432/2400
[step-002000] preference/same_image 448/2400
[step-002000] preference/same_image 464/2400
[step-002000] preference/same_image 480/2400
[step-002000] preference/same_image 496/2400
[step-002000] preference/same_image 512/2400
[step-002000] preference/same_image 528/2400
[step-002000] preference/same_image 544/2400
[step-002000] preference/same_image 560/2400
[step-002000] preference/same_image 576/2400
[step-002000] preference/same_image 592/2400
[step-002000] preference/same_image 608/2400
[step-002000] preference/same_image 624/2400
[step-002000] preference/same_image 640/2400
[step-002000] preference/same_image 656/2400
[step-002000] preference/same_image 672/2400
[step-002000] preference/same_image 688/2400
[step-002000] preference/same_image 704/2400
[step-002000] preference/same_image 720/2400
[step-002000] preference/same_image 736/2400
[step-002000] preference/same_image 752/2400
[step-002000] preference/same_image 768/2400
[step-002000] preference/same_image 784/2400
[step-002000] preference/same_image 800/2400
[step-002000] preference/same_image 816/2400
[step-002000] preference/same_image 832/2400
[step-002000] preference/same_image 848/2400
[step-002000] preference/same_image 864/2400
[step-002000] preference/same_image 880/2400
[step-002000] preference/same_image 896/2400
[step-002000] preference/same_image 912/2400
[step-002000] preference/same_image 928/2400
[step-002000] preference/same_image 944/2400
[step-002000] preference/same_image 960/2400
[step-002000] preference/same_image 976/2400
[step-002000] preference/same_image 992/2400
[step-002000] preference/same_image 1008/2400
[step-002000] preference/same_image 1024/2400
[step-002000] preference/same_image 1040/2400
[step-002000] preference/same_image 1056/2400
[step-002000] preference/same_image 1072/2400
[step-002000] preference/same_image 1088/2400
[step-002000] preference/same_image 1104/2400
[step-002000] preference/same_image 1120/2400
[step-002000] preference/same_image 1136/2400
[step-002000] preference/same_image 1152/2400
[step-002000] preference/same_image 1168/2400
[step-002000] preference/same_image 1184/2400
[step-002000] preference/same_image 1200/2400
[step-002000] preference/same_image 1216/2400
[step-002000] preference/same_image 1232/2400
[step-002000] preference/same_image 1248/2400
[step-002000] preference/same_image 1264/2400
[step-002000] preference/same_image 1280/2400
[step-002000] preference/same_image 1296/2400
[step-002000] preference/same_image 1312/2400
[step-002000] preference/same_image 1328/2400
[step-002000] preference/same_image 1344/2400
[step-002000] preference/same_image 1360/2400
[step-002000] preference/same_image 1376/2400
[step-002000] preference/same_image 1392/2400
[step-002000] preference/same_image 1408/2400
[step-002000] preference/same_image 1424/2400
[step-002000] preference/same_image 1440/2400
[step-002000] preference/same_image 1456/2400
[step-002000] preference/same_image 1472/2400
[step-002000] preference/same_image 1488/2400
[step-002000] preference/same_image 1504/2400
[step-002000] preference/same_image 1520/2400
[step-002000] preference/same_image 1536/2400
[step-002000] preference/same_image 1552/2400
[step-002000] preference/same_image 1568/2400
[step-002000] preference/same_image 1584/2400
[step-002000] preference/same_image 1600/2400
[step-002000] preference/same_image 1616/2400
[step-002000] preference/same_image 1632/2400
[step-002000] preference/same_image 1648/2400
[step-002000] preference/same_image 1664/2400
[step-002000] preference/same_image 1680/2400
[step-002000] preference/same_image 1696/2400
[step-002000] preference/same_image 1712/2400
[step-002000] preference/same_image 1728/2400
[step-002000] preference/same_image 1744/2400
[step-002000] preference/same_image 1760/2400
[step-002000] preference/same_image 1776/2400
[step-002000] preference/same_image 1792/2400
[step-002000] preference/same_image 1808/2400
[step-002000] preference/same_image 1824/2400
[step-002000] preference/same_image 1840/2400
[step-002000] preference/same_image 1856/2400
[step-002000] preference/same_image 1872/2400
[step-002000] preference/same_image 1888/2400
[step-002000] preference/same_image 1904/2400
[step-002000] preference/same_image 1920/2400
[step-002000] preference/same_image 1936/2400
[step-002000] preference/same_image 1952/2400
[step-002000] preference/same_image 1968/2400
[step-002000] preference/same_image 1984/2400
[step-002000] preference/same_image 2000/2400
[step-002000] preference/same_image 2016/2400
[step-002000] preference/same_image 2032/2400
[step-002000] preference/same_image 2048/2400
[step-002000] preference/same_image 2064/2400
[step-002000] preference/same_image 2080/2400
[step-002000] preference/same_image 2096/2400
[step-002000] preference/same_image 2112/2400
[step-002000] preference/same_image 2128/2400
[step-002000] preference/same_image 2144/2400
[step-002000] preference/same_image 2160/2400
[step-002000] preference/same_image 2176/2400
[step-002000] preference/same_image 2192/2400
[step-002000] preference/same_image 2208/2400
[step-002000] preference/same_image 2224/2400
[step-002000] preference/same_image 2240/2400
[step-002000] preference/same_image 2256/2400
[step-002000] preference/same_image 2272/2400
[step-002000] preference/same_image 2288/2400
[step-002000] preference/same_image 2304/2400
[step-002000] preference/same_image 2320/2400
[step-002000] preference/same_image 2336/2400
[step-002000] preference/same_image 2352/2400
[step-002000] preference/same_image 2368/2400
[step-002000] preference/same_image 2384/2400
[step-002000] preference/same_image 2400/2400
[step-002000] preference/shuffled_image 16/2400
[step-002000] preference/shuffled_image 32/2400
[step-002000] preference/shuffled_image 48/2400
[step-002000] preference/shuffled_image 64/2400
[step-002000] preference/shuffled_image 80/2400
[step-002000] preference/shuffled_image 96/2400
[step-002000] preference/shuffled_image 112/2400
[step-002000] preference/shuffled_image 128/2400
[step-002000] preference/shuffled_image 144/2400
[step-002000] preference/shuffled_image 160/2400
[step-002000] preference/shuffled_image 176/2400
[step-002000] preference/shuffled_image 192/2400
[step-002000] preference/shuffled_image 208/2400
[step-002000] preference/shuffled_image 224/2400
[step-002000] preference/shuffled_image 240/2400
[step-002000] preference/shuffled_image 256/2400
[step-002000] preference/shuffled_image 272/2400
[step-002000] preference/shuffled_image 288/2400
[step-002000] preference/shuffled_image 304/2400
[step-002000] preference/shuffled_image 320/2400
[step-002000] preference/shuffled_image 336/2400
[step-002000] preference/shuffled_image 352/2400
[step-002000] preference/shuffled_image 368/2400
[step-002000] preference/shuffled_image 384/2400
[step-002000] preference/shuffled_image 400/2400
[step-002000] preference/shuffled_image 416/2400
[step-002000] preference/shuffled_image 432/2400
[step-002000] preference/shuffled_image 448/2400
[step-002000] preference/shuffled_image 464/2400
[step-002000] preference/shuffled_image 480/2400
[step-002000] preference/shuffled_image 496/2400
[step-002000] preference/shuffled_image 512/2400
[step-002000] preference/shuffled_image 528/2400
[step-002000] preference/shuffled_image 544/2400
[step-002000] preference/shuffled_image 560/2400
[step-002000] preference/shuffled_image 576/2400
[step-002000] preference/shuffled_image 592/2400
[step-002000] preference/shuffled_image 608/2400
[step-002000] preference/shuffled_image 624/2400
[step-002000] preference/shuffled_image 640/2400
[step-002000] preference/shuffled_image 656/2400
[step-002000] preference/shuffled_image 672/2400
[step-002000] preference/shuffled_image 688/2400
[step-002000] preference/shuffled_image 704/2400
[step-002000] preference/shuffled_image 720/2400
[step-002000] preference/shuffled_image 736/2400
[step-002000] preference/shuffled_image 752/2400
[step-002000] preference/shuffled_image 768/2400
[step-002000] preference/shuffled_image 784/2400
[step-002000] preference/shuffled_image 800/2400
[step-002000] preference/shuffled_image 816/2400
[step-002000] preference/shuffled_image 832/2400
[step-002000] preference/shuffled_image 848/2400
[step-002000] preference/shuffled_image 864/2400
[step-002000] preference/shuffled_image 880/2400
[step-002000] preference/shuffled_image 896/2400
[step-002000] preference/shuffled_image 912/2400
[step-002000] preference/shuffled_image 928/2400
[step-002000] preference/shuffled_image 944/2400
[step-002000] preference/shuffled_image 960/2400
[step-002000] preference/shuffled_image 976/2400
[step-002000] preference/shuffled_image 992/2400
[step-002000] preference/shuffled_image 1008/2400
[step-002000] preference/shuffled_image 1024/2400
[step-002000] preference/shuffled_image 1040/2400
[step-002000] preference/shuffled_image 1056/2400
[step-002000] preference/shuffled_image 1072/2400
[step-002000] preference/shuffled_image 1088/2400
[step-002000] preference/shuffled_image 1104/2400
[step-002000] preference/shuffled_image 1120/2400
[step-002000] preference/shuffled_image 1136/2400
[step-002000] preference/shuffled_image 1152/2400
[step-002000] preference/shuffled_image 1168/2400
[step-002000] preference/shuffled_image 1184/2400
[step-002000] preference/shuffled_image 1200/2400
[step-002000] preference/shuffled_image 1216/2400
[step-002000] preference/shuffled_image 1232/2400
[step-002000] preference/shuffled_image 1248/2400
[step-002000] preference/shuffled_image 1264/2400
[step-002000] preference/shuffled_image 1280/2400
[step-002000] preference/shuffled_image 1296/2400
[step-002000] preference/shuffled_image 1312/2400
[step-002000] preference/shuffled_image 1328/2400
[step-002000] preference/shuffled_image 1344/2400
[step-002000] preference/shuffled_image 1360/2400
[step-002000] preference/shuffled_image 1376/2400
[step-002000] preference/shuffled_image 1392/2400
[step-002000] preference/shuffled_image 1408/2400
[step-002000] preference/shuffled_image 1424/2400
[step-002000] preference/shuffled_image 1440/2400
[step-002000] preference/shuffled_image 1456/2400
[step-002000] preference/shuffled_image 1472/2400
[step-002000] preference/shuffled_image 1488/2400
[step-002000] preference/shuffled_image 1504/2400
[step-002000] preference/shuffled_image 1520/2400
[step-002000] preference/shuffled_image 1536/2400
[step-002000] preference/shuffled_image 1552/2400
[step-002000] preference/shuffled_image 1568/2400
[step-002000] preference/shuffled_image 1584/2400
[step-002000] preference/shuffled_image 1600/2400
[step-002000] preference/shuffled_image 1616/2400
[step-002000] preference/shuffled_image 1632/2400
[step-002000] preference/shuffled_image 1648/2400
[step-002000] preference/shuffled_image 1664/2400
[step-002000] preference/shuffled_image 1680/2400
[step-002000] preference/shuffled_image 1696/2400
[step-002000] preference/shuffled_image 1712/2400
[step-002000] preference/shuffled_image 1728/2400
[step-002000] preference/shuffled_image 1744/2400
[step-002000] preference/shuffled_image 1760/2400
[step-002000] preference/shuffled_image 1776/2400
[step-002000] preference/shuffled_image 1792/2400
[step-002000] preference/shuffled_image 1808/2400
[step-002000] preference/shuffled_image 1824/2400
[step-002000] preference/shuffled_image 1840/2400
[step-002000] preference/shuffled_image 1856/2400
[step-002000] preference/shuffled_image 1872/2400
[step-002000] preference/shuffled_image 1888/2400
[step-002000] preference/shuffled_image 1904/2400
[step-002000] preference/shuffled_image 1920/2400
[step-002000] preference/shuffled_image 1936/2400
[step-002000] preference/shuffled_image 1952/2400
[step-002000] preference/shuffled_image 1968/2400
[step-002000] preference/shuffled_image 1984/2400
[step-002000] preference/shuffled_image 2000/2400
[step-002000] preference/shuffled_image 2016/2400
[step-002000] preference/shuffled_image 2032/2400
[step-002000] preference/shuffled_image 2048/2400
[step-002000] preference/shuffled_image 2064/2400
[step-002000] preference/shuffled_image 2080/2400
[step-002000] preference/shuffled_image 2096/2400
[step-002000] preference/shuffled_image 2112/2400
[step-002000] preference/shuffled_image 2128/2400
[step-002000] preference/shuffled_image 2144/2400
[step-002000] preference/shuffled_image 2160/2400
[step-002000] preference/shuffled_image 2176/2400
[step-002000] preference/shuffled_image 2192/2400
[step-002000] preference/shuffled_image 2208/2400
[step-002000] preference/shuffled_image 2224/2400
[step-002000] preference/shuffled_image 2240/2400
[step-002000] preference/shuffled_image 2256/2400
[step-002000] preference/shuffled_image 2272/2400
[step-002000] preference/shuffled_image 2288/2400
[step-002000] preference/shuffled_image 2304/2400
[step-002000] preference/shuffled_image 2320/2400
[step-002000] preference/shuffled_image 2336/2400
[step-002000] preference/shuffled_image 2352/2400
[step-002000] preference/shuffled_image 2368/2400
[step-002000] preference/shuffled_image 2384/2400
[step-002000] preference/shuffled_image 2400/2400
[step-002000] preference/patch_permutation 16/2400
[step-002000] preference/patch_permutation 32/2400
[step-002000] preference/patch_permutation 48/2400
[step-002000] preference/patch_permutation 64/2400
[step-002000] preference/patch_permutation 80/2400
[step-002000] preference/patch_permutation 96/2400
[step-002000] preference/patch_permutation 112/2400
[step-002000] preference/patch_permutation 128/2400
[step-002000] preference/patch_permutation 144/2400
[step-002000] preference/patch_permutation 160/2400
[step-002000] preference/patch_permutation 176/2400
[step-002000] preference/patch_permutation 192/2400
[step-002000] preference/patch_permutation 208/2400
[step-002000] preference/patch_permutation 224/2400
[step-002000] preference/patch_permutation 240/2400
[step-002000] preference/patch_permutation 256/2400
[step-002000] preference/patch_permutation 272/2400
[step-002000] preference/patch_permutation 288/2400
[step-002000] preference/patch_permutation 304/2400
[step-002000] preference/patch_permutation 320/2400
[step-002000] preference/patch_permutation 336/2400
[step-002000] preference/patch_permutation 352/2400
[step-002000] preference/patch_permutation 368/2400
[step-002000] preference/patch_permutation 384/2400
[step-002000] preference/patch_permutation 400/2400
[step-002000] preference/patch_permutation 416/2400
[step-002000] preference/patch_permutation 432/2400
[step-002000] preference/patch_permutation 448/2400
[step-002000] preference/patch_permutation 464/2400
[step-002000] preference/patch_permutation 480/2400
[step-002000] preference/patch_permutation 496/2400
[step-002000] preference/patch_permutation 512/2400
[step-002000] preference/patch_permutation 528/2400
[step-002000] preference/patch_permutation 544/2400
[step-002000] preference/patch_permutation 560/2400
[step-002000] preference/patch_permutation 576/2400
[step-002000] preference/patch_permutation 592/2400
[step-002000] preference/patch_permutation 608/2400
[step-002000] preference/patch_permutation 624/2400
[step-002000] preference/patch_permutation 640/2400
[step-002000] preference/patch_permutation 656/2400
[step-002000] preference/patch_permutation 672/2400
[step-002000] preference/patch_permutation 688/2400
[step-002000] preference/patch_permutation 704/2400
[step-002000] preference/patch_permutation 720/2400
[step-002000] preference/patch_permutation 736/2400
[step-002000] preference/patch_permutation 752/2400
[step-002000] preference/patch_permutation 768/2400
[step-002000] preference/patch_permutation 784/2400
[step-002000] preference/patch_permutation 800/2400
[step-002000] preference/patch_permutation 816/2400
[step-002000] preference/patch_permutation 832/2400
[step-002000] preference/patch_permutation 848/2400
[step-002000] preference/patch_permutation 864/2400
[step-002000] preference/patch_permutation 880/2400
[step-002000] preference/patch_permutation 896/2400
[step-002000] preference/patch_permutation 912/2400
[step-002000] preference/patch_permutation 928/2400
[step-002000] preference/patch_permutation 944/2400
[step-002000] preference/patch_permutation 960/2400
[step-002000] preference/patch_permutation 976/2400
[step-002000] preference/patch_permutation 992/2400
[step-002000] preference/patch_permutation 1008/2400
[step-002000] preference/patch_permutation 1024/2400
[step-002000] preference/patch_permutation 1040/2400
[step-002000] preference/patch_permutation 1056/2400
[step-002000] preference/patch_permutation 1072/2400
[step-002000] preference/patch_permutation 1088/2400
[step-002000] preference/patch_permutation 1104/2400
[step-002000] preference/patch_permutation 1120/2400
[step-002000] preference/patch_permutation 1136/2400
[step-002000] preference/patch_permutation 1152/2400
[step-002000] preference/patch_permutation 1168/2400
[step-002000] preference/patch_permutation 1184/2400
[step-002000] preference/patch_permutation 1200/2400
[step-002000] preference/patch_permutation 1216/2400
[step-002000] preference/patch_permutation 1232/2400
[step-002000] preference/patch_permutation 1248/2400
[step-002000] preference/patch_permutation 1264/2400
[step-002000] preference/patch_permutation 1280/2400
[step-002000] preference/patch_permutation 1296/2400
[step-002000] preference/patch_permutation 1312/2400
[step-002000] preference/patch_permutation 1328/2400
[step-002000] preference/patch_permutation 1344/2400
[step-002000] preference/patch_permutation 1360/2400
[step-002000] preference/patch_permutation 1376/2400
[step-002000] preference/patch_permutation 1392/2400
[step-002000] preference/patch_permutation 1408/2400
[step-002000] preference/patch_permutation 1424/2400
[step-002000] preference/patch_permutation 1440/2400
[step-002000] preference/patch_permutation 1456/2400
[step-002000] preference/patch_permutation 1472/2400
[step-002000] preference/patch_permutation 1488/2400
[step-002000] preference/patch_permutation 1504/2400
[step-002000] preference/patch_permutation 1520/2400
[step-002000] preference/patch_permutation 1536/2400
[step-002000] preference/patch_permutation 1552/2400
[step-002000] preference/patch_permutation 1568/2400
[step-002000] preference/patch_permutation 1584/2400
[step-002000] preference/patch_permutation 1600/2400
[step-002000] preference/patch_permutation 1616/2400
[step-002000] preference/patch_permutation 1632/2400
[step-002000] preference/patch_permutation 1648/2400
[step-002000] preference/patch_permutation 1664/2400
[step-002000] preference/patch_permutation 1680/2400
[step-002000] preference/patch_permutation 1696/2400
[step-002000] preference/patch_permutation 1712/2400
[step-002000] preference/patch_permutation 1728/2400
[step-002000] preference/patch_permutation 1744/2400
[step-002000] preference/patch_permutation 1760/2400
[step-002000] preference/patch_permutation 1776/2400
[step-002000] preference/patch_permutation 1792/2400
[step-002000] preference/patch_permutation 1808/2400
[step-002000] preference/patch_permutation 1824/2400
[step-002000] preference/patch_permutation 1840/2400
[step-002000] preference/patch_permutation 1856/2400
[step-002000] preference/patch_permutation 1872/2400
[step-002000] preference/patch_permutation 1888/2400
[step-002000] preference/patch_permutation 1904/2400
[step-002000] preference/patch_permutation 1920/2400
[step-002000] preference/patch_permutation 1936/2400
[step-002000] preference/patch_permutation 1952/2400
[step-002000] preference/patch_permutation 1968/2400
[step-002000] preference/patch_permutation 1984/2400
[step-002000] preference/patch_permutation 2000/2400
[step-002000] preference/patch_permutation 2016/2400
[step-002000] preference/patch_permutation 2032/2400
[step-002000] preference/patch_permutation 2048/2400
[step-002000] preference/patch_permutation 2064/2400
[step-002000] preference/patch_permutation 2080/2400
[step-002000] preference/patch_permutation 2096/2400
[step-002000] preference/patch_permutation 2112/2400
[step-002000] preference/patch_permutation 2128/2400
[step-002000] preference/patch_permutation 2144/2400
[step-002000] preference/patch_permutation 2160/2400
[step-002000] preference/patch_permutation 2176/2400
[step-002000] preference/patch_permutation 2192/2400
[step-002000] preference/patch_permutation 2208/2400
[step-002000] preference/patch_permutation 2224/2400
[step-002000] preference/patch_permutation 2240/2400
[step-002000] preference/patch_permutation 2256/2400
[step-002000] preference/patch_permutation 2272/2400
[step-002000] preference/patch_permutation 2288/2400
[step-002000] preference/patch_permutation 2304/2400
[step-002000] preference/patch_permutation 2320/2400
[step-002000] preference/patch_permutation 2336/2400
[step-002000] preference/patch_permutation 2352/2400
[step-002000] preference/patch_permutation 2368/2400
[step-002000] preference/patch_permutation 2384/2400
[step-002000] preference/patch_permutation 2400/2400
[step-002000] preference/paired_counterfactual_image 16/2400
[step-002000] preference/paired_counterfactual_image 32/2400
[step-002000] preference/paired_counterfactual_image 48/2400
[step-002000] preference/paired_counterfactual_image 64/2400
[step-002000] preference/paired_counterfactual_image 80/2400
[step-002000] preference/paired_counterfactual_image 96/2400
[step-002000] preference/paired_counterfactual_image 112/2400
[step-002000] preference/paired_counterfactual_image 128/2400
[step-002000] preference/paired_counterfactual_image 144/2400
[step-002000] preference/paired_counterfactual_image 160/2400
[step-002000] preference/paired_counterfactual_image 176/2400
[step-002000] preference/paired_counterfactual_image 192/2400
[step-002000] preference/paired_counterfactual_image 208/2400
[step-002000] preference/paired_counterfactual_image 224/2400
[step-002000] preference/paired_counterfactual_image 240/2400
[step-002000] preference/paired_counterfactual_image 256/2400
[step-002000] preference/paired_counterfactual_image 272/2400
[step-002000] preference/paired_counterfactual_image 288/2400
[step-002000] preference/paired_counterfactual_image 304/2400
[step-002000] preference/paired_counterfactual_image 320/2400
[step-002000] preference/paired_counterfactual_image 336/2400
[step-002000] preference/paired_counterfactual_image 352/2400
[step-002000] preference/paired_counterfactual_image 368/2400
[step-002000] preference/paired_counterfactual_image 384/2400
[step-002000] preference/paired_counterfactual_image 400/2400
[step-002000] preference/paired_counterfactual_image 416/2400
[step-002000] preference/paired_counterfactual_image 432/2400
[step-002000] preference/paired_counterfactual_image 448/2400
[step-002000] preference/paired_counterfactual_image 464/2400
[step-002000] preference/paired_counterfactual_image 480/2400
[step-002000] preference/paired_counterfactual_image 496/2400
[step-002000] preference/paired_counterfactual_image 512/2400
[step-002000] preference/paired_counterfactual_image 528/2400
[step-002000] preference/paired_counterfactual_image 544/2400
[step-002000] preference/paired_counterfactual_image 560/2400
[step-002000] preference/paired_counterfactual_image 576/2400
[step-002000] preference/paired_counterfactual_image 592/2400
[step-002000] preference/paired_counterfactual_image 608/2400
[step-002000] preference/paired_counterfactual_image 624/2400
[step-002000] preference/paired_counterfactual_image 640/2400
[step-002000] preference/paired_counterfactual_image 656/2400
[step-002000] preference/paired_counterfactual_image 672/2400
[step-002000] preference/paired_counterfactual_image 688/2400
[step-002000] preference/paired_counterfactual_image 704/2400
[step-002000] preference/paired_counterfactual_image 720/2400
[step-002000] preference/paired_counterfactual_image 736/2400
[step-002000] preference/paired_counterfactual_image 752/2400
[step-002000] preference/paired_counterfactual_image 768/2400
[step-002000] preference/paired_counterfactual_image 784/2400
[step-002000] preference/paired_counterfactual_image 800/2400
[step-002000] preference/paired_counterfactual_image 816/2400
[step-002000] preference/paired_counterfactual_image 832/2400
[step-002000] preference/paired_counterfactual_image 848/2400
[step-002000] preference/paired_counterfactual_image 864/2400
[step-002000] preference/paired_counterfactual_image 880/2400
[step-002000] preference/paired_counterfactual_image 896/2400
[step-002000] preference/paired_counterfactual_image 912/2400
[step-002000] preference/paired_counterfactual_image 928/2400
[step-002000] preference/paired_counterfactual_image 944/2400
[step-002000] preference/paired_counterfactual_image 960/2400
[step-002000] preference/paired_counterfactual_image 976/2400
[step-002000] preference/paired_counterfactual_image 992/2400
[step-002000] preference/paired_counterfactual_image 1008/2400
[step-002000] preference/paired_counterfactual_image 1024/2400
[step-002000] preference/paired_counterfactual_image 1040/2400
[step-002000] preference/paired_counterfactual_image 1056/2400
[step-002000] preference/paired_counterfactual_image 1072/2400
[step-002000] preference/paired_counterfactual_image 1088/2400
[step-002000] preference/paired_counterfactual_image 1104/2400
[step-002000] preference/paired_counterfactual_image 1120/2400
[step-002000] preference/paired_counterfactual_image 1136/2400
[step-002000] preference/paired_counterfactual_image 1152/2400
[step-002000] preference/paired_counterfactual_image 1168/2400
[step-002000] preference/paired_counterfactual_image 1184/2400
[step-002000] preference/paired_counterfactual_image 1200/2400
[step-002000] preference/paired_counterfactual_image 1216/2400
[step-002000] preference/paired_counterfactual_image 1232/2400
[step-002000] preference/paired_counterfactual_image 1248/2400
[step-002000] preference/paired_counterfactual_image 1264/2400
[step-002000] preference/paired_counterfactual_image 1280/2400
[step-002000] preference/paired_counterfactual_image 1296/2400
[step-002000] preference/paired_counterfactual_image 1312/2400
[step-002000] preference/paired_counterfactual_image 1328/2400
[step-002000] preference/paired_counterfactual_image 1344/2400
[step-002000] preference/paired_counterfactual_image 1360/2400
[step-002000] preference/paired_counterfactual_image 1376/2400
[step-002000] preference/paired_counterfactual_image 1392/2400
[step-002000] preference/paired_counterfactual_image 1408/2400
[step-002000] preference/paired_counterfactual_image 1424/2400
[step-002000] preference/paired_counterfactual_image 1440/2400
[step-002000] preference/paired_counterfactual_image 1456/2400
[step-002000] preference/paired_counterfactual_image 1472/2400
[step-002000] preference/paired_counterfactual_image 1488/2400
[step-002000] preference/paired_counterfactual_image 1504/2400
[step-002000] preference/paired_counterfactual_image 1520/2400
[step-002000] preference/paired_counterfactual_image 1536/2400
[step-002000] preference/paired_counterfactual_image 1552/2400
[step-002000] preference/paired_counterfactual_image 1568/2400
[step-002000] preference/paired_counterfactual_image 1584/2400
[step-002000] preference/paired_counterfactual_image 1600/2400
[step-002000] preference/paired_counterfactual_image 1616/2400
[step-002000] preference/paired_counterfactual_image 1632/2400
[step-002000] preference/paired_counterfactual_image 1648/2400
[step-002000] preference/paired_counterfactual_image 1664/2400
[step-002000] preference/paired_counterfactual_image 1680/2400
[step-002000] preference/paired_counterfactual_image 1696/2400
[step-002000] preference/paired_counterfactual_image 1712/2400
[step-002000] preference/paired_counterfactual_image 1728/2400
[step-002000] preference/paired_counterfactual_image 1744/2400
[step-002000] preference/paired_counterfactual_image 1760/2400
[step-002000] preference/paired_counterfactual_image 1776/2400
[step-002000] preference/paired_counterfactual_image 1792/2400
[step-002000] preference/paired_counterfactual_image 1808/2400
[step-002000] preference/paired_counterfactual_image 1824/2400
[step-002000] preference/paired_counterfactual_image 1840/2400
[step-002000] preference/paired_counterfactual_image 1856/2400
[step-002000] preference/paired_counterfactual_image 1872/2400
[step-002000] preference/paired_counterfactual_image 1888/2400
[step-002000] preference/paired_counterfactual_image 1904/2400
[step-002000] preference/paired_counterfactual_image 1920/2400
[step-002000] preference/paired_counterfactual_image 1936/2400
[step-002000] preference/paired_counterfactual_image 1952/2400
[step-002000] preference/paired_counterfactual_image 1968/2400
[step-002000] preference/paired_counterfactual_image 1984/2400
[step-002000] preference/paired_counterfactual_image 2000/2400
[step-002000] preference/paired_counterfactual_image 2016/2400
[step-002000] preference/paired_counterfactual_image 2032/2400
[step-002000] preference/paired_counterfactual_image 2048/2400
[step-002000] preference/paired_counterfactual_image 2064/2400
[step-002000] preference/paired_counterfactual_image 2080/2400
[step-002000] preference/paired_counterfactual_image 2096/2400
[step-002000] preference/paired_counterfactual_image 2112/2400
[step-002000] preference/paired_counterfactual_image 2128/2400
[step-002000] preference/paired_counterfactual_image 2144/2400
[step-002000] preference/paired_counterfactual_image 2160/2400
[step-002000] preference/paired_counterfactual_image 2176/2400
[step-002000] preference/paired_counterfactual_image 2192/2400
[step-002000] preference/paired_counterfactual_image 2208/2400
[step-002000] preference/paired_counterfactual_image 2224/2400
[step-002000] preference/paired_counterfactual_image 2240/2400
[step-002000] preference/paired_counterfactual_image 2256/2400
[step-002000] preference/paired_counterfactual_image 2272/2400
[step-002000] preference/paired_counterfactual_image 2288/2400
[step-002000] preference/paired_counterfactual_image 2304/2400
[step-002000] preference/paired_counterfactual_image 2320/2400
[step-002000] preference/paired_counterfactual_image 2336/2400
[step-002000] preference/paired_counterfactual_image 2352/2400
[step-002000] preference/paired_counterfactual_image 2368/2400
[step-002000] preference/paired_counterfactual_image 2384/2400
[step-002000] preference/paired_counterfactual_image 2400/2400
[step-002000] preference/background_matched_aux 16/2400
[step-002000] preference/background_matched_aux 32/2400
[step-002000] preference/background_matched_aux 48/2400
[step-002000] preference/background_matched_aux 64/2400
[step-002000] preference/background_matched_aux 80/2400
[step-002000] preference/background_matched_aux 96/2400
[step-002000] preference/background_matched_aux 112/2400
[step-002000] preference/background_matched_aux 128/2400
[step-002000] preference/background_matched_aux 144/2400
[step-002000] preference/background_matched_aux 160/2400
[step-002000] preference/background_matched_aux 176/2400
[step-002000] preference/background_matched_aux 192/2400
[step-002000] preference/background_matched_aux 208/2400
[step-002000] preference/background_matched_aux 224/2400
[step-002000] preference/background_matched_aux 240/2400
[step-002000] preference/background_matched_aux 256/2400
[step-002000] preference/background_matched_aux 272/2400
[step-002000] preference/background_matched_aux 288/2400
[step-002000] preference/background_matched_aux 304/2400
[step-002000] preference/background_matched_aux 320/2400
[step-002000] preference/background_matched_aux 336/2400
[step-002000] preference/background_matched_aux 352/2400
[step-002000] preference/background_matched_aux 368/2400
[step-002000] preference/background_matched_aux 384/2400
[step-002000] preference/background_matched_aux 400/2400
[step-002000] preference/background_matched_aux 416/2400
[step-002000] preference/background_matched_aux 432/2400
[step-002000] preference/background_matched_aux 448/2400
[step-002000] preference/background_matched_aux 464/2400
[step-002000] preference/background_matched_aux 480/2400
[step-002000] preference/background_matched_aux 496/2400
[step-002000] preference/background_matched_aux 512/2400
[step-002000] preference/background_matched_aux 528/2400
[step-002000] preference/background_matched_aux 544/2400
[step-002000] preference/background_matched_aux 560/2400
[step-002000] preference/background_matched_aux 576/2400
[step-002000] preference/background_matched_aux 592/2400
[step-002000] preference/background_matched_aux 608/2400
[step-002000] preference/background_matched_aux 624/2400
[step-002000] preference/background_matched_aux 640/2400
[step-002000] preference/background_matched_aux 656/2400
[step-002000] preference/background_matched_aux 672/2400
[step-002000] preference/background_matched_aux 688/2400
[step-002000] preference/background_matched_aux 704/2400
[step-002000] preference/background_matched_aux 720/2400
[step-002000] preference/background_matched_aux 736/2400
[step-002000] preference/background_matched_aux 752/2400
[step-002000] preference/background_matched_aux 768/2400
[step-002000] preference/background_matched_aux 784/2400
[step-002000] preference/background_matched_aux 800/2400
[step-002000] preference/background_matched_aux 816/2400
[step-002000] preference/background_matched_aux 832/2400
[step-002000] preference/background_matched_aux 848/2400
[step-002000] preference/background_matched_aux 864/2400
[step-002000] preference/background_matched_aux 880/2400
[step-002000] preference/background_matched_aux 896/2400
[step-002000] preference/background_matched_aux 912/2400
[step-002000] preference/background_matched_aux 928/2400
[step-002000] preference/background_matched_aux 944/2400
[step-002000] preference/background_matched_aux 960/2400
[step-002000] preference/background_matched_aux 976/2400
[step-002000] preference/background_matched_aux 992/2400
[step-002000] preference/background_matched_aux 1008/2400
[step-002000] preference/background_matched_aux 1024/2400
[step-002000] preference/background_matched_aux 1040/2400
[step-002000] preference/background_matched_aux 1056/2400
[step-002000] preference/background_matched_aux 1072/2400
[step-002000] preference/background_matched_aux 1088/2400
[step-002000] preference/background_matched_aux 1104/2400
[step-002000] preference/background_matched_aux 1120/2400
[step-002000] preference/background_matched_aux 1136/2400
[step-002000] preference/background_matched_aux 1152/2400
[step-002000] preference/background_matched_aux 1168/2400
[step-002000] preference/background_matched_aux 1184/2400
[step-002000] preference/background_matched_aux 1200/2400
[step-002000] preference/background_matched_aux 1216/2400
[step-002000] preference/background_matched_aux 1232/2400
[step-002000] preference/background_matched_aux 1248/2400
[step-002000] preference/background_matched_aux 1264/2400
[step-002000] preference/background_matched_aux 1280/2400
[step-002000] preference/background_matched_aux 1296/2400
[step-002000] preference/background_matched_aux 1312/2400
[step-002000] preference/background_matched_aux 1328/2400
[step-002000] preference/background_matched_aux 1344/2400
[step-002000] preference/background_matched_aux 1360/2400
[step-002000] preference/background_matched_aux 1376/2400
[step-002000] preference/background_matched_aux 1392/2400
[step-002000] preference/background_matched_aux 1408/2400
[step-002000] preference/background_matched_aux 1424/2400
[step-002000] preference/background_matched_aux 1440/2400
[step-002000] preference/background_matched_aux 1456/2400
[step-002000] preference/background_matched_aux 1472/2400
[step-002000] preference/background_matched_aux 1488/2400
[step-002000] preference/background_matched_aux 1504/2400
[step-002000] preference/background_matched_aux 1520/2400
[step-002000] preference/background_matched_aux 1536/2400
[step-002000] preference/background_matched_aux 1552/2400
[step-002000] preference/background_matched_aux 1568/2400
[step-002000] preference/background_matched_aux 1584/2400
[step-002000] preference/background_matched_aux 1600/2400
[step-002000] preference/background_matched_aux 1616/2400
[step-002000] preference/background_matched_aux 1632/2400
[step-002000] preference/background_matched_aux 1648/2400
[step-002000] preference/background_matched_aux 1664/2400
[step-002000] preference/background_matched_aux 1680/2400
[step-002000] preference/background_matched_aux 1696/2400
[step-002000] preference/background_matched_aux 1712/2400
[step-002000] preference/background_matched_aux 1728/2400
[step-002000] preference/background_matched_aux 1744/2400
[step-002000] preference/background_matched_aux 1760/2400
[step-002000] preference/background_matched_aux 1776/2400
[step-002000] preference/background_matched_aux 1792/2400
[step-002000] preference/background_matched_aux 1808/2400
[step-002000] preference/background_matched_aux 1824/2400
[step-002000] preference/background_matched_aux 1840/2400
[step-002000] preference/background_matched_aux 1856/2400
[step-002000] preference/background_matched_aux 1872/2400
[step-002000] preference/background_matched_aux 1888/2400
[step-002000] preference/background_matched_aux 1904/2400
[step-002000] preference/background_matched_aux 1920/2400
[step-002000] preference/background_matched_aux 1936/2400
[step-002000] preference/background_matched_aux 1952/2400
[step-002000] preference/background_matched_aux 1968/2400
[step-002000] preference/background_matched_aux 1984/2400
[step-002000] preference/background_matched_aux 2000/2400
[step-002000] preference/background_matched_aux 2016/2400
[step-002000] preference/background_matched_aux 2032/2400
[step-002000] preference/background_matched_aux 2048/2400
[step-002000] preference/background_matched_aux 2064/2400
[step-002000] preference/background_matched_aux 2080/2400
[step-002000] preference/background_matched_aux 2096/2400
[step-002000] preference/background_matched_aux 2112/2400
[step-002000] preference/background_matched_aux 2128/2400
[step-002000] preference/background_matched_aux 2144/2400
[step-002000] preference/background_matched_aux 2160/2400
[step-002000] preference/background_matched_aux 2176/2400
[step-002000] preference/background_matched_aux 2192/2400
[step-002000] preference/background_matched_aux 2208/2400
[step-002000] preference/background_matched_aux 2224/2400
[step-002000] preference/background_matched_aux 2240/2400
[step-002000] preference/background_matched_aux 2256/2400
[step-002000] preference/background_matched_aux 2272/2400
[step-002000] preference/background_matched_aux 2288/2400
[step-002000] preference/background_matched_aux 2304/2400
[step-002000] preference/background_matched_aux 2320/2400
[step-002000] preference/background_matched_aux 2336/2400
[step-002000] preference/background_matched_aux 2352/2400
[step-002000] preference/background_matched_aux 2368/2400
[step-002000] preference/background_matched_aux 2384/2400
[step-002000] preference/background_matched_aux 2400/2400
{
  "status": "valid",
  "wall_seconds": 3337.0338637828827,
  "failures": 0,
  "summary": "/run/media/ezra/13D010B6FDBC1A06/data/perception_v1/runs/preference_v2/SUMMARY.json"
}
