family,modality,metric,state_a,condition_a,state_b,condition_b,task,denominator,sum_a,sum_b,mean_a,mean_b,mean_gap,a_only_better,b_only_better,equal,ci95_low,ci95_high,bootstrap_samples,seed
stratified_minus_global,preference,paired_preference,stratified-step25,vision,global-step25,vision,overall,1200,242.0,289.0,0.20166666666666666,0.24083333333333334,-0.03916666666666667,60,107,1033,-0.06166666666666667,-0.018333333333333333,2000,20260822
stratified_minus_start,preference,paired_preference,stratified-step25,vision,frozen-base,vision,overall,1200,242.0,269.0,0.20166666666666666,0.22416666666666665,-0.0225,122,149,929,-0.049166666666666664,0.004166666666666667,2000,20260823
global_minus_start,preference,paired_preference,global-step25,vision,frozen-base,vision,overall,1200,289.0,269.0,0.24083333333333334,0.22416666666666665,0.016666666666666666,140,120,940,-0.01,0.043333333333333335,2000,20260824
stratified_minus_global,preference,sample_preference,stratified-step25,vision,global-step25,vision,overall,1200,711.0,733.0,0.5925,0.6108333333333333,-0.018333333333333333,70,114,1016,-0.029166666666666667,-0.0075,2000,20260825
stratified_minus_start,preference,sample_preference,stratified-step25,vision,frozen-base,vision,overall,1200,711.0,727.0,0.5925,0.6058333333333333,-0.013333333333333334,133,165,902,-0.027083333333333334,0.0008333333333333334,2000,20260826
global_minus_start,preference,sample_preference,global-step25,vision,frozen-base,vision,overall,1200,733.0,727.0,0.6108333333333333,0.6058333333333333,0.005,146,134,920,-0.00875,0.018333333333333333,2000,20260827
stratified_minus_global,preference,mean_margin,stratified-step25,vision,global-step25,vision,overall,1200,990.1168573011245,951.7001326482921,0.8250973810842704,0.7930834438735768,0.03201393721069372,501,641,58,0.010716137911710479,0.054384937375813486,2000,20260828
stratified_minus_start,preference,mean_margin,stratified-step25,vision,frozen-base,vision,overall,1200,990.1168573011245,1144.4697406688972,0.8250973810842704,0.9537247838907477,-0.1286274028064772,721,458,21,-0.1650490704981817,-0.0943022416386576,2000,20260829
global_minus_start,preference,mean_margin,global-step25,vision,frozen-base,vision,overall,1200,951.7001326482921,1144.4697406688972,0.7930834438735768,0.9537247838907477,-0.1606413400171709,720,434,46,-0.20977102902366057,-0.11004046855872825,2000,20260830
stratified_minus_global,preference,paired_preference,stratified-step25,vision,global-step25,vision,color,200,38.0,58.0,0.19,0.29,-0.1,23,43,134,-0.175,-0.02,2000,20260831
stratified_minus_start,preference,paired_preference,stratified-step25,vision,frozen-base,vision,color,200,38.0,46.0,0.19,0.23,-0.04,25,33,142,-0.115,0.035,2000,20260832
global_minus_start,preference,paired_preference,global-step25,vision,frozen-base,vision,color,200,58.0,46.0,0.29,0.23,0.06,32,20,148,-0.015,0.125,2000,20260833
stratified_minus_global,preference,sample_preference,stratified-step25,vision,global-step25,vision,color,200,119.0,129.0,0.595,0.645,-0.05,23,43,134,-0.09,-0.0125,2000,20260834
stratified_minus_start,preference,sample_preference,stratified-step25,vision,frozen-base,vision,color,200,119.0,123.0,0.595,0.615,-0.02,25,33,142,-0.0575,0.0175,2000,20260835
global_minus_start,preference,sample_preference,global-step25,vision,frozen-base,vision,color,200,129.0,123.0,0.645,0.615,0.03,32,20,148,-0.005,0.065,2000,20260836
stratified_minus_global,preference,mean_margin,stratified-step25,vision,global-step25,vision,color,200,159.3437495827675,169.43750050663948,0.7967187479138375,0.8471875025331974,-0.05046875461935997,92,90,18,-0.08375001221895217,-0.017499999403953553,2000,20260837
stratified_minus_start,preference,mean_margin,stratified-step25,vision,frozen-base,vision,color,200,159.3437495827675,126.78125369548798,0.7967187479138375,0.6339062684774399,0.16281247943639754,163,36,1,0.13515621483325957,0.19124998569488524,2000,20260838
global_minus_start,preference,mean_margin,global-step25,vision,frozen-base,vision,color,200,169.43750050663948,126.78125369548798,0.8471875025331974,0.6339062684774399,0.21328123405575752,145,48,7,0.17406249210238456,0.25265623137354853,2000,20260839
stratified_minus_global,preference,paired_preference,stratified-step25,vision,global-step25,vision,coordinate,200,19.0,27.0,0.095,0.135,-0.04,11,19,170,-0.095,0.015,2000,20260840
stratified_minus_start,preference,paired_preference,stratified-step25,vision,frozen-base,vision,coordinate,200,19.0,11.0,0.095,0.055,0.04,11,3,186,0.005,0.075,2000,20260841
global_minus_start,preference,paired_preference,global-step25,vision,frozen-base,vision,coordinate,200,27.0,11.0,0.135,0.055,0.08,16,0,184,0.045,0.12,2000,20260842
stratified_minus_global,preference,sample_preference,stratified-step25,vision,global-step25,vision,coordinate,200,109.5,113.5,0.5475,0.5675,-0.02,11,19,170,-0.045,0.0075,2000,20260843
stratified_minus_start,preference,sample_preference,stratified-step25,vision,frozen-base,vision,coordinate,200,109.5,105.5,0.5475,0.5275,0.02,11,3,186,0.0025,0.0375,2000,20260844
global_minus_start,preference,sample_preference,global-step25,vision,frozen-base,vision,coordinate,200,113.5,105.5,0.5675,0.5275,0.04,16,0,184,0.0225,0.06,2000,20260845
stratified_minus_global,preference,mean_margin,stratified-step25,vision,global-step25,vision,coordinate,200,19.20315980911255,22.735554218292236,0.09601579904556275,0.11367777109146118,-0.017661972045898436,67,117,16,-0.02665718048810959,-0.008373799920082092,2000,20260846
stratified_minus_start,preference,mean_margin,stratified-step25,vision,frozen-base,vision,coordinate,200,19.20315980911255,13.514987170696259,0.09601579904556275,0.06757493585348129,0.02844086319208145,148,41,11,0.022823620438575744,0.03411922723054886,2000,20260847
global_minus_start,preference,mean_margin,global-step25,vision,frozen-base,vision,coordinate,200,22.735554218292236,13.514987170696259,0.11367777109146118,0.06757493585348129,0.04610283523797989,136,53,11,0.03577237665653229,0.05681654751300812,2000,20260848
stratified_minus_global,preference,paired_preference,stratified-step25,vision,global-step25,vision,count,200,55.0,61.0,0.275,0.305,-0.03,13,19,168,-0.085,0.025,2000,20260849
stratified_minus_start,preference,paired_preference,stratified-step25,vision,frozen-base,vision,count,200,55.0,23.0,0.275,0.115,0.16,38,6,156,0.1,0.225,2000,20260850
global_minus_start,preference,paired_preference,global-step25,vision,frozen-base,vision,count,200,61.0,23.0,0.305,0.115,0.19,44,6,150,0.125,0.255,2000,20260851
stratified_minus_global,preference,sample_preference,stratified-step25,vision,global-step25,vision,count,200,118.0,119.0,0.59,0.595,-0.005,23,25,152,-0.04,0.0325,2000,20260852
stratified_minus_start,preference,sample_preference,stratified-step25,vision,frozen-base,vision,count,200,118.0,104.0,0.59,0.52,0.07,49,21,130,0.03,0.11,2000,20260853
global_minus_start,preference,sample_preference,global-step25,vision,frozen-base,vision,count,200,119.0,104.0,0.595,0.52,0.075,50,20,130,0.035,0.115,2000,20260854
stratified_minus_global,preference,mean_margin,stratified-step25,vision,global-step25,vision,count,200,17.93750110268593,18.843749463558197,0.08968750551342965,0.09421874731779098,-0.004531241804361343,110,66,24,-0.016718744188547133,0.00656250923871994,2000,20260855
stratified_minus_start,preference,mean_margin,stratified-step25,vision,frozen-base,vision,count,200,17.93750110268593,7.2187501192092896,0.08968750551342965,0.03609375059604645,0.05359375491738319,151,40,9,0.040468754768371584,0.06671875342726707,2000,20260856
global_minus_start,preference,mean_margin,global-step25,vision,frozen-base,vision,count,200,18.843749463558197,7.2187501192092896,0.09421874731779098,0.03609375059604645,0.05812499672174454,147,25,28,0.04812499612569809,0.06828124552965165,2000,20260857
stratified_minus_global,preference,paired_preference,stratified-step25,vision,global-step25,vision,ocr,200,21.0,24.0,0.105,0.12,-0.015,13,16,171,-0.07,0.035,2000,20260858
stratified_minus_start,preference,paired_preference,stratified-step25,vision,frozen-base,vision,ocr,200,21.0,27.0,0.105,0.135,-0.03,9,15,176,-0.075,0.015,2000,20260859
global_minus_start,preference,paired_preference,global-step25,vision,frozen-base,vision,ocr,200,24.0,27.0,0.12,0.135,-0.015,5,8,187,-0.05,0.02,2000,20260860
stratified_minus_global,preference,sample_preference,stratified-step25,vision,global-step25,vision,ocr,200,110.0,112.0,0.55,0.56,-0.01,13,17,170,-0.0375,0.0175,2000,20260861
stratified_minus_start,preference,sample_preference,stratified-step25,vision,frozen-base,vision,ocr,200,110.0,113.5,0.55,0.5675,-0.0175,9,16,175,-0.0425,0.0075,2000,20260862
global_minus_start,preference,sample_preference,global-step25,vision,frozen-base,vision,ocr,200,112.0,113.5,0.56,0.5675,-0.0075,5,8,187,-0.025,0.01,2000,20260863
stratified_minus_global,preference,mean_margin,stratified-step25,vision,global-step25,vision,ocr,200,71.22232532841818,87.88525083178565,0.3561116266420909,0.4394262541589283,-0.08331462751683734,71,129,0,-0.10719932190009523,-0.059972524103664215,2000,20260864
stratified_minus_start,preference,mean_margin,stratified-step25,vision,frozen-base,vision,ocr,200,71.22232532841818,81.32784403732845,0.3561116266420909,0.4066392201866422,-0.050527593544551316,76,124,0,-0.07047123535474141,-0.031992884669985115,2000,20260865
global_minus_start,preference,mean_margin,global-step25,vision,frozen-base,vision,ocr,200,87.88525083178565,81.32784403732845,0.4394262541589283,0.4066392201866422,0.03278703397228602,117,83,0,0.016332791981242913,0.04959106416929331,2000,20260866
stratified_minus_global,preference,paired_preference,stratified-step25,vision,global-step25,vision,shape,200,109.0,119.0,0.545,0.595,-0.05,0,10,190,-0.08,-0.02,2000,20260867
stratified_minus_start,preference,paired_preference,stratified-step25,vision,frozen-base,vision,shape,200,109.0,112.0,0.545,0.56,-0.015,39,42,119,-0.1,0.065,2000,20260868
global_minus_start,preference,paired_preference,global-step25,vision,frozen-base,vision,shape,200,119.0,112.0,0.595,0.56,0.035,43,36,121,-0.05,0.12,2000,20260869
stratified_minus_global,preference,sample_preference,stratified-step25,vision,global-step25,vision,shape,200,154.5,159.5,0.7725,0.7975,-0.025,0,10,190,-0.04,-0.01,2000,20260870
stratified_minus_start,preference,sample_preference,stratified-step25,vision,frozen-base,vision,shape,200,154.5,156.0,0.7725,0.78,-0.0075,39,42,119,-0.0525,0.0375,2000,20260871
global_minus_start,preference,sample_preference,global-step25,vision,frozen-base,vision,shape,200,159.5,156.0,0.7975,0.78,0.0175,43,36,121,-0.0275,0.06,2000,20260872
stratified_minus_global,preference,mean_margin,stratified-step25,vision,global-step25,vision,shape,200,691.2187508419156,609.5937484651804,3.456093754209578,3.047968742325902,0.40812501188367606,111,89,0,0.30031252425163985,0.5167187551409006,2000,20260873
stratified_minus_start,preference,mean_margin,stratified-step25,vision,frozen-base,vision,shape,200,691.2187508419156,887.484380017966,3.456093754209578,4.43742190008983,-0.9813281458802521,33,167,0,-1.1589062737859785,-0.8136718902178108,2000,20260874
global_minus_start,preference,mean_margin,global-step25,vision,frozen-base,vision,shape,200,609.5937484651804,887.484380017966,3.047968742325902,4.43742190008983,-1.3894531577639282,25,175,0,-1.620078171528876,-1.1617187856230884,2000,20260875
stratified_minus_global,preference,paired_preference,stratified-step25,vision,global-step25,vision,spatial,200,0.0,0.0,0.0,0.0,0.0,0,0,200,0.0,0.0,2000,20260876
stratified_minus_start,preference,paired_preference,stratified-step25,vision,frozen-base,vision,spatial,200,0.0,50.0,0.0,0.25,-0.25,0,50,150,-0.31,-0.19,2000,20260877
global_minus_start,preference,paired_preference,global-step25,vision,frozen-base,vision,spatial,200,0.0,50.0,0.0,0.25,-0.25,0,50,150,-0.31,-0.19,2000,20260878
stratified_minus_global,preference,sample_preference,stratified-step25,vision,global-step25,vision,spatial,200,100.0,100.0,0.5,0.5,0.0,0,0,200,0.0,0.0,2000,20260879
stratified_minus_start,preference,sample_preference,stratified-step25,vision,frozen-base,vision,spatial,200,100.0,125.0,0.5,0.625,-0.125,0,50,150,-0.1575,-0.095,2000,20260880
global_minus_start,preference,sample_preference,global-step25,vision,frozen-base,vision,spatial,200,100.0,125.0,0.5,0.625,-0.125,0,50,150,-0.155,-0.095,2000,20260881
stratified_minus_global,preference,mean_margin,stratified-step25,vision,global-step25,vision,spatial,200,31.191370636224747,43.204329162836075,0.15595685318112373,0.21602164581418037,-0.06006479263305664,50,150,0,-0.07257294192910195,-0.047702754661440847,2000,20260882
stratified_minus_start,preference,mean_margin,stratified-step25,vision,frozen-base,vision,spatial,200,31.191370636224747,28.142525628209114,0.15595685318112373,0.14071262814104557,0.015244225040078163,150,50,0,0.007492651827633381,0.022073528692126275,2000,20260883
global_minus_start,preference,mean_margin,global-step25,vision,frozen-base,vision,spatial,200,43.204329162836075,28.142525628209114,0.21602164581418037,0.14071262814104557,0.0753090176731348,150,50,0,0.06750200349837542,0.08322867151349783,2000,20260884
stratified_minus_global,generation,generation_paired,stratified-step25,vision,global-step25,vision,overall,300,11.0,4.0,0.03666666666666667,0.013333333333333334,0.023333333333333334,7,0,293,0.006666666666666667,0.043333333333333335,2000,20260885
stratified_minus_start,generation,generation_paired,stratified-step25,vision,frozen-base,vision,overall,300,11.0,19.0,0.03666666666666667,0.06333333333333334,-0.02666666666666667,11,19,270,-0.06,0.006666666666666667,2000,20260886
global_minus_start,generation,generation_paired,global-step25,vision,frozen-base,vision,overall,300,4.0,19.0,0.013333333333333334,0.06333333333333334,-0.05,4,19,277,-0.08,-0.02,2000,20260887
stratified_minus_global,generation,generation_sample,stratified-step25,vision,global-step25,vision,overall,300,58.0,46.0,0.19333333333333333,0.15333333333333332,0.04,24,0,276,0.025,0.056666666666666664,2000,20260888
stratified_minus_start,generation,generation_sample,stratified-step25,vision,frozen-base,vision,overall,300,58.0,63.5,0.19333333333333333,0.21166666666666667,-0.018333333333333333,31,45,224,-0.05,0.011666666666666667,2000,20260889
global_minus_start,generation,generation_sample,global-step25,vision,frozen-base,vision,overall,300,46.0,63.5,0.15333333333333332,0.21166666666666667,-0.058333333333333334,19,51,230,-0.08833333333333333,-0.028333333333333332,2000,20260890
stratified_minus_global,generation,prediction_flip,stratified-step25,vision,global-step25,vision,overall,300,137.0,129.0,0.45666666666666667,0.43,0.02666666666666667,38,30,232,-0.03,0.08,2000,20260891
stratified_minus_start,generation,prediction_flip,stratified-step25,vision,frozen-base,vision,overall,300,137.0,111.0,0.45666666666666667,0.37,0.08666666666666667,67,41,192,0.02,0.15333333333333332,2000,20260892
global_minus_start,generation,prediction_flip,global-step25,vision,frozen-base,vision,overall,300,129.0,111.0,0.43,0.37,0.06,58,40,202,-0.0033333333333333335,0.12333333333333334,2000,20260893
stratified_minus_global,generation,generation_paired,stratified-step25,vision,global-step25,vision,color,50,1.0,0.0,0.02,0.0,0.02,1,0,49,0.0,0.06,2000,20260894
stratified_minus_start,generation,generation_paired,stratified-step25,vision,frozen-base,vision,color,50,1.0,0.0,0.02,0.0,0.02,1,0,49,0.0,0.06,2000,20260895
global_minus_start,generation,generation_paired,global-step25,vision,frozen-base,vision,color,50,0.0,0.0,0.0,0.0,0.0,0,0,50,0.0,0.0,2000,20260896
stratified_minus_global,generation,generation_sample,stratified-step25,vision,global-step25,vision,color,50,6.5,5.0,0.13,0.1,0.03,3,0,47,0.0,0.07,2000,20260897
stratified_minus_start,generation,generation_sample,stratified-step25,vision,frozen-base,vision,color,50,6.5,3.0,0.13,0.06,0.07,11,5,34,-0.01,0.15,2000,20260898
global_minus_start,generation,generation_sample,global-step25,vision,frozen-base,vision,color,50,5.0,3.0,0.1,0.06,0.04,9,5,36,-0.03,0.11,2000,20260899
stratified_minus_global,generation,prediction_flip,stratified-step25,vision,global-step25,vision,color,50,17.0,27.0,0.34,0.54,-0.2,6,16,28,-0.36,-0.02,2000,20260900
stratified_minus_start,generation,prediction_flip,stratified-step25,vision,frozen-base,vision,color,50,17.0,11.0,0.34,0.22,0.12,13,7,30,-0.06,0.3,2000,20260901
global_minus_start,generation,prediction_flip,global-step25,vision,frozen-base,vision,color,50,27.0,11.0,0.54,0.22,0.32,22,6,22,0.14,0.5,2000,20260902
stratified_minus_global,generation,generation_paired,stratified-step25,vision,global-step25,vision,coordinate,50,0.0,0.0,0.0,0.0,0.0,0,0,50,0.0,0.0,2000,20260903
stratified_minus_start,generation,generation_paired,stratified-step25,vision,frozen-base,vision,coordinate,50,0.0,0.0,0.0,0.0,0.0,0,0,50,0.0,0.0,2000,20260904
global_minus_start,generation,generation_paired,global-step25,vision,frozen-base,vision,coordinate,50,0.0,0.0,0.0,0.0,0.0,0,0,50,0.0,0.0,2000,20260905
stratified_minus_global,generation,generation_sample,stratified-step25,vision,global-step25,vision,coordinate,50,0.0,0.0,0.0,0.0,0.0,0,0,50,0.0,0.0,2000,20260906
stratified_minus_start,generation,generation_sample,stratified-step25,vision,frozen-base,vision,coordinate,50,0.0,0.0,0.0,0.0,0.0,0,0,50,0.0,0.0,2000,20260907
global_minus_start,generation,generation_sample,global-step25,vision,frozen-base,vision,coordinate,50,0.0,0.0,0.0,0.0,0.0,0,0,50,0.0,0.0,2000,20260908
stratified_minus_global,generation,prediction_flip,stratified-step25,vision,global-step25,vision,coordinate,50,13.0,0.0,0.26,0.0,0.26,13,0,37,0.14,0.38,2000,20260909
stratified_minus_start,generation,prediction_flip,stratified-step25,vision,frozen-base,vision,coordinate,50,13.0,0.0,0.26,0.0,0.26,13,0,37,0.14,0.38,2000,20260910
global_minus_start,generation,prediction_flip,global-step25,vision,frozen-base,vision,coordinate,50,0.0,0.0,0.0,0.0,0.0,0,0,50,0.0,0.0,2000,20260911
stratified_minus_global,generation,generation_paired,stratified-step25,vision,global-step25,vision,count,50,2.0,0.0,0.04,0.0,0.04,2,0,48,0.0,0.1,2000,20260912
stratified_minus_start,generation,generation_paired,stratified-step25,vision,frozen-base,vision,count,50,2.0,0.0,0.04,0.0,0.04,2,0,48,0.0,0.1,2000,20260913
global_minus_start,generation,generation_paired,global-step25,vision,frozen-base,vision,count,50,0.0,0.0,0.0,0.0,0.0,0,0,50,0.0,0.0,2000,20260914
stratified_minus_global,generation,generation_sample,stratified-step25,vision,global-step25,vision,count,50,6.0,2.0,0.12,0.04,0.08,8,0,42,0.03,0.13,2000,20260915
stratified_minus_start,generation,generation_sample,stratified-step25,vision,frozen-base,vision,count,50,6.0,4.0,0.12,0.08,0.04,9,7,34,-0.05,0.14,2000,20260916
global_minus_start,generation,generation_sample,global-step25,vision,frozen-base,vision,count,50,2.0,4.0,0.04,0.08,-0.04,3,7,40,-0.1,0.02,2000,20260917
stratified_minus_global,generation,prediction_flip,stratified-step25,vision,global-step25,vision,count,50,36.0,28.0,0.72,0.56,0.16,10,2,38,0.04,0.28,2000,20260918
stratified_minus_start,generation,prediction_flip,stratified-step25,vision,frozen-base,vision,count,50,36.0,15.0,0.72,0.3,0.42,22,1,27,0.28,0.56,2000,20260919
global_minus_start,generation,prediction_flip,global-step25,vision,frozen-base,vision,count,50,28.0,15.0,0.56,0.3,0.26,15,2,33,0.1,0.4,2000,20260920
stratified_minus_global,generation,generation_paired,stratified-step25,vision,global-step25,vision,ocr,50,0.0,0.0,0.0,0.0,0.0,0,0,50,0.0,0.0,2000,20260921
stratified_minus_start,generation,generation_paired,stratified-step25,vision,frozen-base,vision,ocr,50,0.0,0.0,0.0,0.0,0.0,0,0,50,0.0,0.0,2000,20260922
global_minus_start,generation,generation_paired,global-step25,vision,frozen-base,vision,ocr,50,0.0,0.0,0.0,0.0,0.0,0,0,50,0.0,0.0,2000,20260923
stratified_minus_global,generation,generation_sample,stratified-step25,vision,global-step25,vision,ocr,50,0.0,0.0,0.0,0.0,0.0,0,0,50,0.0,0.0,2000,20260924
stratified_minus_start,generation,generation_sample,stratified-step25,vision,frozen-base,vision,ocr,50,0.0,0.0,0.0,0.0,0.0,0,0,50,0.0,0.0,2000,20260925
global_minus_start,generation,generation_sample,global-step25,vision,frozen-base,vision,ocr,50,0.0,0.0,0.0,0.0,0.0,0,0,50,0.0,0.0,2000,20260926
stratified_minus_global,generation,prediction_flip,stratified-step25,vision,global-step25,vision,ocr,50,45.0,40.0,0.9,0.8,0.1,9,4,37,-0.04,0.24,2000,20260927
stratified_minus_start,generation,prediction_flip,stratified-step25,vision,frozen-base,vision,ocr,50,45.0,38.0,0.9,0.76,0.14,11,4,35,0.0,0.28,2000,20260928
global_minus_start,generation,prediction_flip,global-step25,vision,frozen-base,vision,ocr,50,40.0,38.0,0.8,0.76,0.04,8,6,36,-0.1,0.18,2000,20260929
stratified_minus_global,generation,generation_paired,stratified-step25,vision,global-step25,vision,shape,50,8.0,4.0,0.16,0.08,0.08,4,0,46,0.02,0.16,2000,20260930
stratified_minus_start,generation,generation_paired,stratified-step25,vision,frozen-base,vision,shape,50,8.0,8.0,0.16,0.16,0.0,8,8,34,-0.16,0.14,2000,20260931
global_minus_start,generation,generation_paired,global-step25,vision,frozen-base,vision,shape,50,4.0,8.0,0.08,0.16,-0.08,4,8,38,-0.22,0.06,2000,20260932
stratified_minus_global,generation,generation_sample,stratified-step25,vision,global-step25,vision,shape,50,20.5,14.0,0.41,0.28,0.13,13,0,37,0.07,0.19,2000,20260933
stratified_minus_start,generation,generation_sample,stratified-step25,vision,frozen-base,vision,shape,50,20.5,26.0,0.41,0.52,-0.11,11,22,17,-0.22,0.0,2000,20260934
global_minus_start,generation,generation_sample,global-step25,vision,frozen-base,vision,shape,50,14.0,26.0,0.28,0.52,-0.24,7,28,15,-0.35,-0.13,2000,20260935
stratified_minus_global,generation,prediction_flip,stratified-step25,vision,global-step25,vision,shape,50,26.0,34.0,0.52,0.68,-0.16,0,8,42,-0.26,-0.06,2000,20260936
stratified_minus_start,generation,prediction_flip,stratified-step25,vision,frozen-base,vision,shape,50,26.0,36.0,0.52,0.72,-0.2,8,18,24,-0.4,0.0,2000,20260937
global_minus_start,generation,prediction_flip,global-step25,vision,frozen-base,vision,shape,50,34.0,36.0,0.68,0.72,-0.04,13,15,22,-0.24,0.16,2000,20260938
stratified_minus_global,generation,generation_paired,stratified-step25,vision,global-step25,vision,spatial,50,0.0,0.0,0.0,0.0,0.0,0,0,50,0.0,0.0,2000,20260939
stratified_minus_start,generation,generation_paired,stratified-step25,vision,frozen-base,vision,spatial,50,0.0,11.0,0.0,0.22,-0.22,0,11,39,-0.34,-0.1,2000,20260940
global_minus_start,generation,generation_paired,global-step25,vision,frozen-base,vision,spatial,50,0.0,11.0,0.0,0.22,-0.22,0,11,39,-0.34,-0.1,2000,20260941
stratified_minus_global,generation,generation_sample,stratified-step25,vision,global-step25,vision,spatial,50,25.0,25.0,0.5,0.5,0.0,0,0,50,0.0,0.0,2000,20260942
stratified_minus_start,generation,generation_sample,stratified-step25,vision,frozen-base,vision,spatial,50,25.0,30.5,0.5,0.61,-0.11,0,11,39,-0.17,-0.05,2000,20260943
global_minus_start,generation,generation_sample,global-step25,vision,frozen-base,vision,spatial,50,25.0,30.5,0.5,0.61,-0.11,0,11,39,-0.17,-0.06,2000,20260944
stratified_minus_global,generation,prediction_flip,stratified-step25,vision,global-step25,vision,spatial,50,0.0,0.0,0.0,0.0,0.0,0,0,50,0.0,0.0,2000,20260945
stratified_minus_start,generation,prediction_flip,stratified-step25,vision,frozen-base,vision,spatial,50,0.0,11.0,0.0,0.22,-0.22,0,11,39,-0.34,-0.12,2000,20260946
global_minus_start,generation,prediction_flip,global-step25,vision,frozen-base,vision,spatial,50,0.0,11.0,0.0,0.22,-0.22,0,11,39,-0.34,-0.1,2000,20260947
stratified_minus_global,preference,paired_preference,stratified-step50,vision,global-step50,vision,overall,1200,614.0,467.0,0.5116666666666667,0.38916666666666666,0.1225,257,110,833,0.09166666666666666,0.15333333333333332,2000,20260948
stratified_minus_start,preference,paired_preference,stratified-step50,vision,frozen-base,vision,overall,1200,614.0,269.0,0.5116666666666667,0.22416666666666665,0.2875,365,20,815,0.25916666666666666,0.31583333333333335,2000,20260949
global_minus_start,preference,paired_preference,global-step50,vision,frozen-base,vision,overall,1200,467.0,269.0,0.38916666666666666,0.22416666666666665,0.165,279,81,840,0.13333333333333333,0.19583333333333333,2000,20260950
stratified_minus_global,preference,sample_preference,stratified-step50,vision,global-step50,vision,overall,1200,902.5,832.0,0.7520833333333333,0.6933333333333334,0.05875,260,119,821,0.042083333333333334,0.07416666666666667,2000,20260951
stratified_minus_start,preference,sample_preference,stratified-step50,vision,frozen-base,vision,overall,1200,902.5,727.0,0.7520833333333333,0.6058333333333333,0.14625,374,29,797,0.13125,0.16041666666666668,2000,20260952
global_minus_start,preference,sample_preference,global-step50,vision,frozen-base,vision,overall,1200,832.0,727.0,0.6933333333333334,0.6058333333333333,0.0875,292,84,824,0.07208333333333333,0.10333333333333333,2000,20260953
stratified_minus_global,preference,mean_margin,stratified-step50,vision,global-step50,vision,overall,1200,2149.647017187236,1661.1119969508566,1.7913725143226968,1.384259997459047,0.40711251686364947,862,326,12,0.34127036571819036,0.4738556729335835,2000,20260954
stratified_minus_start,preference,mean_margin,stratified-step50,vision,frozen-base,vision,overall,1200,2149.647017187236,1144.4697406688972,1.7913725143226968,0.9537247838907477,0.8376477304319491,1119,77,4,0.7837383828337882,0.8893998197504395,2000,20260955
global_minus_start,preference,mean_margin,global-step50,vision,frozen-base,vision,overall,1200,1661.1119969508566,1144.4697406688972,1.384259997459047,0.9537247838907477,0.43053521356829955,900,292,8,0.3636304697544418,0.4943080787942227,2000,20260956
stratified_minus_global,preference,paired_preference,stratified-step50,vision,global-step50,vision,color,200,127.0,135.0,0.635,0.675,-0.04,23,31,146,-0.115,0.035,2000,20260957
stratified_minus_start,preference,paired_preference,stratified-step50,vision,frozen-base,vision,color,200,127.0,46.0,0.635,0.23,0.405,82,1,117,0.335,0.475,2000,20260958
global_minus_start,preference,paired_preference,global-step50,vision,frozen-base,vision,color,200,135.0,46.0,0.675,0.23,0.445,93,4,103,0.365,0.52,2000,20260959
stratified_minus_global,preference,sample_preference,stratified-step50,vision,global-step50,vision,color,200,163.5,167.5,0.8175,0.8375,-0.02,23,31,146,-0.0575,0.0175,2000,20260960
stratified_minus_start,preference,sample_preference,stratified-step50,vision,frozen-base,vision,color,200,163.5,123.0,0.8175,0.615,0.2025,82,1,117,0.1675,0.2375,2000,20260961
global_minus_start,preference,sample_preference,global-step50,vision,frozen-base,vision,color,200,167.5,123.0,0.8375,0.615,0.2225,93,4,103,0.1875,0.2575,2000,20260962
stratified_minus_global,preference,mean_margin,stratified-step50,vision,global-step50,vision,color,200,429.812499769032,466.09375120699406,2.14906249884516,2.3304687560349704,-0.18140625718981027,104,96,0,-0.28609375927597286,-0.08750000055879355,2000,20260963
stratified_minus_start,preference,mean_margin,stratified-step50,vision,frozen-base,vision,color,200,429.812499769032,126.78125369548798,2.14906249884516,0.6339062684774399,1.5151562303677202,200,0,0,1.3742187460511923,1.678906217329204,2000,20260964
global_minus_start,preference,mean_margin,global-step50,vision,frozen-base,vision,color,200,466.09375120699406,126.78125369548798,2.3304687560349704,0.6339062684774399,1.6965624875575305,193,7,0,1.4937500064074993,1.9199999822676181,2000,20260965
stratified_minus_global,preference,paired_preference,stratified-step50,vision,global-step50,vision,coordinate,200,83.0,38.0,0.415,0.19,0.225,50,5,145,0.165,0.29,2000,20260966
stratified_minus_start,preference,paired_preference,stratified-step50,vision,frozen-base,vision,coordinate,200,83.0,11.0,0.415,0.055,0.36,80,8,112,0.285,0.44,2000,20260967
global_minus_start,preference,paired_preference,global-step50,vision,frozen-base,vision,coordinate,200,38.0,11.0,0.19,0.055,0.135,35,8,157,0.075,0.2,2000,20260968
stratified_minus_global,preference,sample_preference,stratified-step50,vision,global-step50,vision,coordinate,200,141.5,119.0,0.7075,0.595,0.1125,50,5,145,0.0825,0.145,2000,20260969
stratified_minus_start,preference,sample_preference,stratified-step50,vision,frozen-base,vision,coordinate,200,141.5,105.5,0.7075,0.5275,0.18,80,8,112,0.1425,0.22,2000,20260970
global_minus_start,preference,sample_preference,global-step50,vision,frozen-base,vision,coordinate,200,119.0,105.5,0.595,0.5275,0.0675,35,8,157,0.035,0.0975,2000,20260971
stratified_minus_global,preference,mean_margin,stratified-step50,vision,global-step50,vision,coordinate,200,137.56269119679928,83.956139087677,0.6878134559839963,0.41978069543838503,0.26803276054561137,200,0,0,0.24264936111867427,0.2936059083044529,2000,20260972
stratified_minus_start,preference,mean_margin,stratified-step50,vision,frozen-base,vision,coordinate,200,137.56269119679928,13.514987170696259,0.6878134559839963,0.06757493585348129,0.6202385201305151,200,0,0,0.5538173075020313,0.6883463318645954,2000,20260973
global_minus_start,preference,mean_margin,global-step50,vision,frozen-base,vision,coordinate,200,83.956139087677,13.514987170696259,0.41978069543838503,0.06757493585348129,0.35220575958490374,167,33,0,0.3027073246240616,0.4001703518629074,2000,20260974
stratified_minus_global,preference,paired_preference,stratified-step50,vision,global-step50,vision,count,200,76.0,45.0,0.38,0.225,0.155,41,10,149,0.085,0.225,2000,20260975
stratified_minus_start,preference,paired_preference,stratified-step50,vision,frozen-base,vision,count,200,76.0,23.0,0.38,0.115,0.265,55,2,143,0.2,0.325,2000,20260976
global_minus_start,preference,paired_preference,global-step50,vision,frozen-base,vision,count,200,45.0,23.0,0.225,0.115,0.11,30,8,162,0.055,0.17,2000,20260977
stratified_minus_global,preference,sample_preference,stratified-step50,vision,global-step50,vision,count,200,134.0,121.0,0.67,0.605,0.065,44,18,138,0.025,0.1025,2000,20260978
stratified_minus_start,preference,sample_preference,stratified-step50,vision,frozen-base,vision,count,200,134.0,104.0,0.67,0.52,0.15,64,10,126,0.1075,0.1925,2000,20260979
global_minus_start,preference,sample_preference,global-step50,vision,frozen-base,vision,count,200,121.0,104.0,0.605,0.52,0.085,43,11,146,0.05,0.12,2000,20260980
stratified_minus_global,preference,mean_margin,stratified-step50,vision,global-step50,vision,count,200,66.34374901652336,58.499998673796654,0.3317187450826168,0.29249999336898325,0.03921875171363354,101,87,12,0.013125006332993508,0.06562500432133675,2000,20260981
stratified_minus_start,preference,mean_margin,stratified-step50,vision,frozen-base,vision,count,200,66.34374901652336,7.2187501192092896,0.3317187450826168,0.03609375059604645,0.29562499448657037,179,17,4,0.26015624195337295,0.33578124359250067,2000,20260982
global_minus_start,preference,mean_margin,global-step50,vision,frozen-base,vision,count,200,58.499998673796654,7.2187501192092896,0.29249999336898325,0.03609375059604645,0.25640624277293683,185,7,8,0.22515624590218067,0.29171874016523364,2000,20260983
stratified_minus_global,preference,paired_preference,stratified-step50,vision,global-step50,vision,ocr,200,31.0,29.0,0.155,0.145,0.01,16,14,170,-0.045,0.065,2000,20260984
stratified_minus_start,preference,paired_preference,stratified-step50,vision,frozen-base,vision,ocr,200,31.0,27.0,0.155,0.135,0.02,13,9,178,-0.025,0.07,2000,20260985
global_minus_start,preference,paired_preference,global-step50,vision,frozen-base,vision,ocr,200,29.0,27.0,0.145,0.135,0.01,13,11,176,-0.04,0.06,2000,20260986
stratified_minus_global,preference,sample_preference,stratified-step50,vision,global-step50,vision,ocr,200,115.0,114.5,0.575,0.5725,0.0025,16,15,169,-0.025,0.03,2000,20260987
stratified_minus_start,preference,sample_preference,stratified-step50,vision,frozen-base,vision,ocr,200,115.0,113.5,0.575,0.5675,0.0075,13,10,177,-0.0175,0.0325,2000,20260988
global_minus_start,preference,sample_preference,global-step50,vision,frozen-base,vision,ocr,200,114.5,113.5,0.5725,0.5675,0.005,13,11,176,-0.0175,0.03,2000,20260989
stratified_minus_global,preference,mean_margin,stratified-step50,vision,global-step50,vision,ocr,200,102.10891330582756,65.54520874591101,0.5105445665291378,0.32772604372955505,0.18281852279958272,154,46,0,0.15231250697658175,0.21430857125918068,2000,20260990
stratified_minus_start,preference,mean_margin,stratified-step50,vision,frozen-base,vision,ocr,200,102.10891330582756,81.32784403732845,0.5105445665291378,0.4066392201866422,0.10390534634249551,144,56,0,0.07827776403086528,0.13261177099886395,2000,20260991
global_minus_start,preference,mean_margin,global-step50,vision,frozen-base,vision,ocr,200,65.54520874591101,81.32784403732845,0.32772604372955505,0.4066392201866422,-0.07891317645708722,73,127,0,-0.10426213514804843,-0.05552273217837016,2000,20260992
stratified_minus_global,preference,paired_preference,stratified-step50,vision,global-step50,vision,shape,200,147.0,70.0,0.735,0.35,0.385,77,0,123,0.32,0.45,2000,20260993
stratified_minus_start,preference,paired_preference,stratified-step50,vision,frozen-base,vision,shape,200,147.0,112.0,0.735,0.56,0.175,35,0,165,0.125,0.23,2000,20260994
global_minus_start,preference,paired_preference,global-step50,vision,frozen-base,vision,shape,200,70.0,112.0,0.35,0.56,-0.21,8,50,142,-0.28,-0.14,2000,20260995
stratified_minus_global,preference,sample_preference,stratified-step50,vision,global-step50,vision,shape,200,173.5,135.0,0.8675,0.675,0.1925,77,0,123,0.16,0.2275,2000,20260996
stratified_minus_start,preference,sample_preference,stratified-step50,vision,frozen-base,vision,shape,200,173.5,156.0,0.8675,0.78,0.0875,35,0,165,0.0625,0.1175,2000,20260997
global_minus_start,preference,sample_preference,global-step50,vision,frozen-base,vision,shape,200,135.0,156.0,0.675,0.78,-0.105,8,50,142,-0.1375,-0.07,2000,20260998
stratified_minus_global,preference,mean_margin,stratified-step50,vision,global-step50,vision,shape,200,1221.8906207486289,851.5937500679865,6.109453103743144,4.257968750339932,1.8514843534032115,153,47,0,1.558515586477006,2.1465624532580843,2000,20260999
stratified_minus_start,preference,mean_margin,stratified-step50,vision,frozen-base,vision,shape,200,1221.8906207486289,887.484380017966,6.109453103743144,4.43742190008983,1.6720312036533143,196,4,0,1.5166406021406873,1.825468693609,2000,20261000
global_minus_start,preference,mean_margin,global-step50,vision,frozen-base,vision,shape,200,851.5937500679865,887.484380017966,4.257968750339932,4.43742190008983,-0.17945314974989743,82,118,0,-0.4258594001457095,0.05593747491016984,2000,20261001
stratified_minus_global,preference,paired_preference,stratified-step50,vision,global-step50,vision,spatial,200,150.0,150.0,0.75,0.75,0.0,50,50,100,-0.095,0.095,2000,20261002
stratified_minus_start,preference,paired_preference,stratified-step50,vision,frozen-base,vision,spatial,200,150.0,50.0,0.75,0.25,0.5,100,0,100,0.43,0.57,2000,20261003
global_minus_start,preference,paired_preference,global-step50,vision,frozen-base,vision,spatial,200,150.0,50.0,0.75,0.25,0.5,100,0,100,0.43,0.57,2000,20261004
stratified_minus_global,preference,sample_preference,stratified-step50,vision,global-step50,vision,spatial,200,175.0,175.0,0.875,0.875,0.0,50,50,100,-0.05,0.0475,2000,20261005
stratified_minus_start,preference,sample_preference,stratified-step50,vision,frozen-base,vision,spatial,200,175.0,125.0,0.875,0.625,0.25,100,0,100,0.215,0.285,2000,20261006
global_minus_start,preference,sample_preference,global-step50,vision,frozen-base,vision,spatial,200,175.0,125.0,0.875,0.625,0.25,100,0,100,0.215,0.285,2000,20261007
stratified_minus_global,preference,mean_margin,stratified-step50,vision,global-step50,vision,spatial,200,191.92854315042496,135.42314916849136,0.9596427157521248,0.6771157458424568,0.28252696990966797,150,50,0,0.21921716716140507,0.3515894694253802,2000,20261008
stratified_minus_start,preference,mean_margin,stratified-step50,vision,frozen-base,vision,spatial,200,191.92854315042496,28.142525628209114,0.9596427157521248,0.14071262814104557,0.8189300876110792,200,0,0,0.741171599291265,0.8918711872026325,2000,20261009
global_minus_start,preference,mean_margin,global-step50,vision,frozen-base,vision,spatial,200,135.42314916849136,28.142525628209114,0.6771157458424568,0.14071262814104557,0.5364031177014112,200,0,0,0.4793153672665358,0.5914097449183464,2000,20261010
stratified_minus_global,generation,generation_paired,stratified-step50,vision,global-step50,vision,overall,300,70.0,50.0,0.23333333333333334,0.16666666666666666,0.06666666666666667,42,22,236,0.013333333333333334,0.11666666666666667,2000,20261011
stratified_minus_start,generation,generation_paired,stratified-step50,vision,frozen-base,vision,overall,300,70.0,19.0,0.23333333333333334,0.06333333333333334,0.17,51,0,249,0.12666666666666668,0.21333333333333335,2000,20261012
global_minus_start,generation,generation_paired,global-step50,vision,frozen-base,vision,overall,300,50.0,19.0,0.16666666666666666,0.06333333333333334,0.10333333333333333,36,5,259,0.06333333333333334,0.14666666666666667,2000,20261013
stratified_minus_global,generation,generation_sample,stratified-step50,vision,global-step50,vision,overall,300,116.5,88.5,0.3883333333333333,0.295,0.09333333333333334,89,32,179,0.05333333333333334,0.13333333333333333,2000,20261014
stratified_minus_start,generation,generation_sample,stratified-step50,vision,frozen-base,vision,overall,300,116.5,63.5,0.3883333333333333,0.21166666666666667,0.17666666666666667,100,4,196,0.145,0.20833333333333334,2000,20261015
global_minus_start,generation,generation_sample,global-step50,vision,frozen-base,vision,overall,300,88.5,63.5,0.295,0.21166666666666667,0.08333333333333333,61,25,214,0.04833333333333333,0.11833333333333333,2000,20261016
stratified_minus_global,generation,prediction_flip,stratified-step50,vision,global-step50,vision,overall,300,212.0,172.0,0.7066666666666667,0.5733333333333334,0.13333333333333333,70,30,200,0.07333333333333333,0.19333333333333333,2000,20261017
stratified_minus_start,generation,prediction_flip,stratified-step50,vision,frozen-base,vision,overall,300,212.0,111.0,0.7066666666666667,0.37,0.33666666666666667,110,9,181,0.28,0.39666666666666667,2000,20261018
global_minus_start,generation,prediction_flip,global-step50,vision,frozen-base,vision,overall,300,172.0,111.0,0.5733333333333334,0.37,0.20333333333333334,88,27,185,0.13666666666666666,0.26666666666666666,2000,20261019
stratified_minus_global,generation,generation_paired,stratified-step50,vision,global-step50,vision,color,50,7.0,14.0,0.14,0.28,-0.14,4,11,35,-0.28,0.0,2000,20261020
stratified_minus_start,generation,generation_paired,stratified-step50,vision,frozen-base,vision,color,50,7.0,0.0,0.14,0.0,0.14,7,0,43,0.06,0.24,2000,20261021
global_minus_start,generation,generation_paired,global-step50,vision,frozen-base,vision,color,50,14.0,0.0,0.28,0.0,0.28,14,0,36,0.16,0.4,2000,20261022
stratified_minus_global,generation,generation_sample,stratified-step50,vision,global-step50,vision,color,50,18.5,26.5,0.37,0.53,-0.16,7,17,26,-0.28,-0.05,2000,20261023
stratified_minus_start,generation,generation_sample,stratified-step50,vision,frozen-base,vision,color,50,18.5,3.0,0.37,0.06,0.31,24,0,26,0.21,0.41,2000,20261024
global_minus_start,generation,generation_sample,global-step50,vision,frozen-base,vision,color,50,26.5,3.0,0.53,0.06,0.47,33,0,17,0.37,0.58,2000,20261025
stratified_minus_global,generation,prediction_flip,stratified-step50,vision,global-step50,vision,color,50,36.0,33.0,0.72,0.66,0.06,8,5,37,-0.08,0.2,2000,20261026
stratified_minus_start,generation,prediction_flip,stratified-step50,vision,frozen-base,vision,color,50,36.0,11.0,0.72,0.22,0.5,25,0,25,0.36,0.64,2000,20261027
global_minus_start,generation,prediction_flip,global-step50,vision,frozen-base,vision,color,50,33.0,11.0,0.66,0.22,0.44,22,0,28,0.3,0.58,2000,20261028
stratified_minus_global,generation,generation_paired,stratified-step50,vision,global-step50,vision,coordinate,50,1.0,0.0,0.02,0.0,0.02,1,0,49,0.0,0.06,2000,20261029
stratified_minus_start,generation,generation_paired,stratified-step50,vision,frozen-base,vision,coordinate,50,1.0,0.0,0.02,0.0,0.02,1,0,49,0.0,0.06,2000,20261030
global_minus_start,generation,generation_paired,global-step50,vision,frozen-base,vision,coordinate,50,0.0,0.0,0.0,0.0,0.0,0,0,50,0.0,0.0,2000,20261031
stratified_minus_global,generation,generation_sample,stratified-step50,vision,global-step50,vision,coordinate,50,8.5,0.0,0.17,0.0,0.17,16,0,34,0.1,0.24,2000,20261032
stratified_minus_start,generation,generation_sample,stratified-step50,vision,frozen-base,vision,coordinate,50,8.5,0.0,0.17,0.0,0.17,16,0,34,0.1,0.25,2000,20261033
global_minus_start,generation,generation_sample,global-step50,vision,frozen-base,vision,coordinate,50,0.0,0.0,0.0,0.0,0.0,0,0,50,0.0,0.0,2000,20261034
stratified_minus_global,generation,prediction_flip,stratified-step50,vision,global-step50,vision,coordinate,50,21.0,0.0,0.42,0.0,0.42,21,0,29,0.28,0.56,2000,20261035
stratified_minus_start,generation,prediction_flip,stratified-step50,vision,frozen-base,vision,coordinate,50,21.0,0.0,0.42,0.0,0.42,21,0,29,0.28,0.56,2000,20261036
global_minus_start,generation,prediction_flip,global-step50,vision,frozen-base,vision,coordinate,50,0.0,0.0,0.0,0.0,0.0,0,0,50,0.0,0.0,2000,20261037
stratified_minus_global,generation,generation_paired,stratified-step50,vision,global-step50,vision,count,50,1.0,0.0,0.02,0.0,0.02,1,0,49,0.0,0.06,2000,20261038
stratified_minus_start,generation,generation_paired,stratified-step50,vision,frozen-base,vision,count,50,1.0,0.0,0.02,0.0,0.02,1,0,49,0.0,0.06,2000,20261039
global_minus_start,generation,generation_paired,global-step50,vision,frozen-base,vision,count,50,0.0,0.0,0.0,0.0,0.0,0,0,50,0.0,0.0,2000,20261040
stratified_minus_global,generation,generation_sample,stratified-step50,vision,global-step50,vision,count,50,10.5,5.5,0.21,0.11,0.1,14,4,32,0.02,0.18,2000,20261041
stratified_minus_start,generation,generation_sample,stratified-step50,vision,frozen-base,vision,count,50,10.5,4.0,0.21,0.08,0.13,16,4,30,0.04,0.22,2000,20261042
global_minus_start,generation,generation_sample,global-step50,vision,frozen-base,vision,count,50,5.5,4.0,0.11,0.08,0.03,6,3,41,-0.03,0.09,2000,20261043
stratified_minus_global,generation,prediction_flip,stratified-step50,vision,global-step50,vision,count,50,36.0,39.0,0.72,0.78,-0.06,3,6,41,-0.18,0.06,2000,20261044
stratified_minus_start,generation,prediction_flip,stratified-step50,vision,frozen-base,vision,count,50,36.0,15.0,0.72,0.3,0.42,26,5,19,0.22,0.6,2000,20261045
global_minus_start,generation,prediction_flip,global-step50,vision,frozen-base,vision,count,50,39.0,15.0,0.78,0.3,0.48,28,4,18,0.3,0.66,2000,20261046
stratified_minus_global,generation,generation_paired,stratified-step50,vision,global-step50,vision,ocr,50,0.0,0.0,0.0,0.0,0.0,0,0,50,0.0,0.0,2000,20261047
stratified_minus_start,generation,generation_paired,stratified-step50,vision,frozen-base,vision,ocr,50,0.0,0.0,0.0,0.0,0.0,0,0,50,0.0,0.0,2000,20261048
global_minus_start,generation,generation_paired,global-step50,vision,frozen-base,vision,ocr,50,0.0,0.0,0.0,0.0,0.0,0,0,50,0.0,0.0,2000,20261049
stratified_minus_global,generation,generation_sample,stratified-step50,vision,global-step50,vision,ocr,50,0.0,0.0,0.0,0.0,0.0,0,0,50,0.0,0.0,2000,20261050
stratified_minus_start,generation,generation_sample,stratified-step50,vision,frozen-base,vision,ocr,50,0.0,0.0,0.0,0.0,0.0,0,0,50,0.0,0.0,2000,20261051
global_minus_start,generation,generation_sample,global-step50,vision,frozen-base,vision,ocr,50,0.0,0.0,0.0,0.0,0.0,0,0,50,0.0,0.0,2000,20261052
stratified_minus_global,generation,prediction_flip,stratified-step50,vision,global-step50,vision,ocr,50,39.0,38.0,0.78,0.76,0.02,5,4,41,-0.1,0.14,2000,20261053
stratified_minus_start,generation,prediction_flip,stratified-step50,vision,frozen-base,vision,ocr,50,39.0,38.0,0.78,0.76,0.02,5,4,41,-0.1,0.14,2000,20261054
global_minus_start,generation,prediction_flip,global-step50,vision,frozen-base,vision,ocr,50,38.0,38.0,0.76,0.76,0.0,8,8,34,-0.16,0.16,2000,20261055
stratified_minus_global,generation,generation_paired,stratified-step50,vision,global-step50,vision,shape,50,22.0,3.0,0.44,0.06,0.38,19,0,31,0.26,0.52,2000,20261056
stratified_minus_start,generation,generation_paired,stratified-step50,vision,frozen-base,vision,shape,50,22.0,8.0,0.44,0.16,0.28,14,0,36,0.16,0.4,2000,20261057
global_minus_start,generation,generation_paired,global-step50,vision,frozen-base,vision,shape,50,3.0,8.0,0.06,0.16,-0.1,0,5,45,-0.18,-0.02,2000,20261058
stratified_minus_global,generation,generation_sample,stratified-step50,vision,global-step50,vision,shape,50,34.5,15.0,0.69,0.3,0.39,35,0,15,0.31,0.47,2000,20261059
stratified_minus_start,generation,generation_sample,stratified-step50,vision,frozen-base,vision,shape,50,34.5,26.0,0.69,0.52,0.17,16,0,34,0.1,0.25,2000,20261060
global_minus_start,generation,generation_sample,global-step50,vision,frozen-base,vision,shape,50,15.0,26.0,0.3,0.52,-0.22,0,22,28,-0.29,-0.15,2000,20261061
stratified_minus_global,generation,prediction_flip,stratified-step50,vision,global-step50,vision,shape,50,41.0,29.0,0.82,0.58,0.24,16,4,30,0.08,0.4,2000,20261062
stratified_minus_start,generation,prediction_flip,stratified-step50,vision,frozen-base,vision,shape,50,41.0,36.0,0.82,0.72,0.1,5,0,45,0.04,0.18,2000,20261063
global_minus_start,generation,prediction_flip,global-step50,vision,frozen-base,vision,shape,50,29.0,36.0,0.58,0.72,-0.14,8,15,27,-0.32,0.04,2000,20261064
stratified_minus_global,generation,generation_paired,stratified-step50,vision,global-step50,vision,spatial,50,39.0,33.0,0.78,0.66,0.12,17,11,22,-0.08,0.32,2000,20261065
stratified_minus_start,generation,generation_paired,stratified-step50,vision,frozen-base,vision,spatial,50,39.0,11.0,0.78,0.22,0.56,28,0,22,0.42,0.7,2000,20261066
global_minus_start,generation,generation_paired,global-step50,vision,frozen-base,vision,spatial,50,33.0,11.0,0.66,0.22,0.44,22,0,28,0.3,0.58,2000,20261067
stratified_minus_global,generation,generation_sample,stratified-step50,vision,global-step50,vision,spatial,50,44.5,41.5,0.89,0.83,0.06,17,11,22,-0.04,0.15,2000,20261068
stratified_minus_start,generation,generation_sample,stratified-step50,vision,frozen-base,vision,spatial,50,44.5,30.5,0.89,0.61,0.28,28,0,22,0.21,0.34,2000,20261069
global_minus_start,generation,generation_sample,global-step50,vision,frozen-base,vision,spatial,50,41.5,30.5,0.83,0.61,0.22,22,0,28,0.15,0.29,2000,20261070
stratified_minus_global,generation,prediction_flip,stratified-step50,vision,global-step50,vision,spatial,50,39.0,33.0,0.78,0.66,0.12,17,11,22,-0.08,0.32,2000,20261071
stratified_minus_start,generation,prediction_flip,stratified-step50,vision,frozen-base,vision,spatial,50,39.0,11.0,0.78,0.22,0.56,28,0,22,0.42,0.7,2000,20261072
global_minus_start,generation,prediction_flip,global-step50,vision,frozen-base,vision,spatial,50,33.0,11.0,0.66,0.22,0.44,22,0,28,0.3,0.58,2000,20261073
stratified_minus_global,preference,paired_preference,stratified-step100,vision,global-step100,vision,overall,1200,613.0,637.0,0.5108333333333334,0.5308333333333334,-0.02,90,114,996,-0.04416666666666667,0.0025,2000,20261074
stratified_minus_start,preference,paired_preference,stratified-step100,vision,frozen-base,vision,overall,1200,613.0,269.0,0.5108333333333334,0.22416666666666665,0.2866666666666667,399,55,746,0.255,0.31666666666666665,2000,20261075
global_minus_start,preference,paired_preference,global-step100,vision,frozen-base,vision,overall,1200,637.0,269.0,0.5308333333333334,0.22416666666666665,0.30666666666666664,417,49,734,0.27666666666666667,0.33666666666666667,2000,20261076
stratified_minus_global,preference,sample_preference,stratified-step100,vision,global-step100,vision,overall,1200,899.0,902.5,0.7491666666666666,0.7520833333333333,-0.002916666666666667,108,115,977,-0.015833333333333335,0.009166666666666667,2000,20261077
stratified_minus_start,preference,sample_preference,stratified-step100,vision,frozen-base,vision,overall,1200,899.0,727.0,0.7491666666666666,0.6058333333333333,0.14333333333333334,411,68,721,0.12791666666666668,0.16,2000,20261078
global_minus_start,preference,sample_preference,global-step100,vision,frozen-base,vision,overall,1200,902.5,727.0,0.7520833333333333,0.6058333333333333,0.14625,425,74,701,0.13083333333333333,0.1625,2000,20261079
stratified_minus_global,preference,mean_margin,stratified-step100,vision,global-step100,vision,overall,1200,2985.8259563141773,3001.176993066076,2.488188296928481,2.5009808275550633,-0.012792530626582446,702,488,10,-0.06468862092310826,0.03438837953963334,2000,20261080
stratified_minus_start,preference,mean_margin,stratified-step100,vision,frozen-base,vision,overall,1200,2985.8259563141773,1144.4697406688972,2.488188296928481,0.9537247838907477,1.5344635130377335,1035,160,5,1.4324681655915499,1.6408506841916666,2000,20261081
global_minus_start,preference,mean_margin,global-step100,vision,frozen-base,vision,overall,1200,3001.176993066076,1144.4697406688972,2.5009808275550633,0.9537247838907477,1.547256043664316,1063,126,11,1.4414531691347083,1.6569759808181304,2000,20261082
stratified_minus_global,preference,paired_preference,stratified-step100,vision,global-step100,vision,color,200,147.0,165.0,0.735,0.825,-0.09,16,34,150,-0.165,-0.025,2000,20261083
stratified_minus_start,preference,paired_preference,stratified-step100,vision,frozen-base,vision,color,200,147.0,46.0,0.735,0.23,0.505,102,1,97,0.43,0.58,2000,20261084
global_minus_start,preference,paired_preference,global-step100,vision,frozen-base,vision,color,200,165.0,46.0,0.825,0.23,0.595,119,0,81,0.53,0.66,2000,20261085
stratified_minus_global,preference,sample_preference,stratified-step100,vision,global-step100,vision,color,200,173.5,182.5,0.8675,0.9125,-0.045,16,34,150,-0.08,-0.01,2000,20261086
stratified_minus_start,preference,sample_preference,stratified-step100,vision,frozen-base,vision,color,200,173.5,123.0,0.8675,0.615,0.2525,102,1,97,0.2175,0.29,2000,20261087
global_minus_start,preference,sample_preference,global-step100,vision,frozen-base,vision,color,200,182.5,123.0,0.9125,0.615,0.2975,119,0,81,0.265,0.33,2000,20261088
stratified_minus_global,preference,mean_margin,stratified-step100,vision,global-step100,vision,color,200,735.000001892331,753.6250007334165,3.6750000094616553,3.7681250036670826,-0.09312499420542736,92,108,0,-0.2256250128953252,0.03812501834880095,2000,20261089
stratified_minus_start,preference,mean_margin,stratified-step100,vision,frozen-base,vision,color,200,735.000001892331,126.78125369548798,3.6750000094616553,0.6339062684774399,3.0410937409842154,200,0,0,2.811875000020955,3.273281243472011,2000,20261090
global_minus_start,preference,mean_margin,global-step100,vision,frozen-base,vision,color,200,753.6250007334165,126.78125369548798,3.7681250036670826,0.6339062684774399,3.1342187351896427,200,0,0,2.818281265629921,3.4573437230917623,2000,20261091
stratified_minus_global,preference,paired_preference,stratified-step100,vision,global-step100,vision,coordinate,200,115.0,82.0,0.575,0.41,0.165,33,0,167,0.115,0.22,2000,20261092
stratified_minus_start,preference,paired_preference,stratified-step100,vision,frozen-base,vision,coordinate,200,115.0,11.0,0.575,0.055,0.52,104,0,96,0.45,0.59,2000,20261093
global_minus_start,preference,paired_preference,global-step100,vision,frozen-base,vision,coordinate,200,82.0,11.0,0.41,0.055,0.355,74,3,123,0.285,0.425,2000,20261094
stratified_minus_global,preference,sample_preference,stratified-step100,vision,global-step100,vision,coordinate,200,157.5,141.0,0.7875,0.705,0.0825,33,0,167,0.0575,0.11,2000,20261095
stratified_minus_start,preference,sample_preference,stratified-step100,vision,frozen-base,vision,coordinate,200,157.5,105.5,0.7875,0.5275,0.26,104,0,96,0.225,0.295,2000,20261096
global_minus_start,preference,sample_preference,global-step100,vision,frozen-base,vision,coordinate,200,141.0,105.5,0.705,0.5275,0.1775,74,3,123,0.1425,0.215,2000,20261097
stratified_minus_global,preference,mean_margin,stratified-step100,vision,global-step100,vision,coordinate,200,297.3686847835779,222.22359663248062,1.4868434239178896,1.1111179831624032,0.3757254407554865,165,35,0,0.3118380081653595,0.4401331307739019,2000,20261098
stratified_minus_start,preference,mean_margin,stratified-step100,vision,frozen-base,vision,coordinate,200,297.3686847835779,13.514987170696259,1.4868434239178896,0.06757493585348129,1.4192684880644082,200,0,0,1.3049692764878273,1.5409982731938363,2000,20261099
global_minus_start,preference,mean_margin,global-step100,vision,frozen-base,vision,coordinate,200,222.22359663248062,13.514987170696259,1.1111179831624032,0.06757493585348129,1.0435430473089218,200,0,0,0.9605384421348572,1.1276122459769249,2000,20261100
stratified_minus_global,preference,paired_preference,stratified-step100,vision,global-step100,vision,count,200,20.0,11.0,0.1,0.055,0.045,16,7,177,0.0,0.095,2000,20261101
stratified_minus_start,preference,paired_preference,stratified-step100,vision,frozen-base,vision,count,200,20.0,23.0,0.1,0.115,-0.015,15,18,167,-0.07,0.045,2000,20261102
global_minus_start,preference,paired_preference,global-step100,vision,frozen-base,vision,count,200,11.0,23.0,0.055,0.115,-0.06,8,20,172,-0.115,-0.01,2000,20261103
stratified_minus_global,preference,sample_preference,stratified-step100,vision,global-step100,vision,count,200,103.0,89.5,0.515,0.4475,0.0675,34,8,158,0.0375,0.1,2000,20261104
stratified_minus_start,preference,sample_preference,stratified-step100,vision,frozen-base,vision,count,200,103.0,104.0,0.515,0.52,-0.005,27,30,143,-0.0425,0.0325,2000,20261105
global_minus_start,preference,sample_preference,global-step100,vision,frozen-base,vision,count,200,89.5,104.0,0.4475,0.52,-0.0725,16,45,139,-0.11,-0.0375,2000,20261106
stratified_minus_global,preference,mean_margin,stratified-step100,vision,global-step100,vision,count,200,62.37500088661909,43.12499883770943,0.31187500443309546,0.21562499418854714,0.09625001024454832,106,85,9,0.05468750476837158,0.1393750072643161,2000,20261107
stratified_minus_start,preference,mean_margin,stratified-step100,vision,frozen-base,vision,count,200,62.37500088661909,7.2187501192092896,0.31187500443309546,0.03609375059604645,0.275781253837049,157,38,5,0.21609374787658453,0.3375000000372529,2000,20261108
global_minus_start,preference,mean_margin,global-step100,vision,frozen-base,vision,count,200,43.12499883770943,7.2187501192092896,0.21562499418854714,0.03609375059604645,0.1795312435925007,134,55,11,0.12828123897314073,0.2312499865144491,2000,20261109
stratified_minus_global,preference,paired_preference,stratified-step100,vision,global-step100,vision,ocr,200,44.0,43.0,0.22,0.215,0.005,16,15,169,-0.05,0.06,2000,20261110
stratified_minus_start,preference,paired_preference,stratified-step100,vision,frozen-base,vision,ocr,200,44.0,27.0,0.22,0.135,0.085,20,3,177,0.045,0.13,2000,20261111
global_minus_start,preference,paired_preference,global-step100,vision,frozen-base,vision,ocr,200,43.0,27.0,0.215,0.135,0.08,18,2,180,0.035,0.125,2000,20261112
stratified_minus_global,preference,sample_preference,stratified-step100,vision,global-step100,vision,ocr,200,121.5,121.5,0.6075,0.6075,0.0,16,15,169,-0.0275,0.0275,2000,20261113
stratified_minus_start,preference,sample_preference,stratified-step100,vision,frozen-base,vision,ocr,200,121.5,113.5,0.6075,0.5675,0.04,20,4,176,0.0175,0.0625,2000,20261114
global_minus_start,preference,sample_preference,global-step100,vision,frozen-base,vision,ocr,200,121.5,113.5,0.6075,0.5675,0.04,18,2,180,0.02,0.0625,2000,20261115
stratified_minus_global,preference,mean_margin,stratified-step100,vision,global-step100,vision,ocr,200,133.9524838368098,122.58794871966045,0.669762419184049,0.6129397435983023,0.056822675585746774,120,79,1,0.029997860999334453,0.08269149293786004,2000,20261116
stratified_minus_start,preference,mean_margin,stratified-step100,vision,frozen-base,vision,ocr,200,133.9524838368098,81.32784403732845,0.669762419184049,0.4066392201866422,0.2631231989974067,163,37,0,0.22613115324292862,0.3023957907302039,2000,20261117
global_minus_start,preference,mean_margin,global-step100,vision,frozen-base,vision,ocr,200,122.58794871966045,81.32784403732845,0.6129397435983023,0.4066392201866422,0.20630052341165997,167,33,0,0.1758285024563471,0.23850407249586922,2000,20261118
stratified_minus_global,preference,paired_preference,stratified-step100,vision,global-step100,vision,shape,200,87.0,136.0,0.435,0.68,-0.245,9,58,133,-0.315,-0.175,2000,20261119
stratified_minus_start,preference,paired_preference,stratified-step100,vision,frozen-base,vision,shape,200,87.0,112.0,0.435,0.56,-0.125,8,33,159,-0.19,-0.065,2000,20261120
global_minus_start,preference,paired_preference,global-step100,vision,frozen-base,vision,shape,200,136.0,112.0,0.68,0.56,0.12,48,24,128,0.04,0.2,2000,20261121
stratified_minus_global,preference,sample_preference,stratified-step100,vision,global-step100,vision,shape,200,143.5,168.0,0.7175,0.84,-0.1225,9,58,133,-0.16,-0.0875,2000,20261122
stratified_minus_start,preference,sample_preference,stratified-step100,vision,frozen-base,vision,shape,200,143.5,156.0,0.7175,0.78,-0.0625,8,33,159,-0.0925,-0.0325,2000,20261123
global_minus_start,preference,sample_preference,global-step100,vision,frozen-base,vision,shape,200,168.0,156.0,0.84,0.78,0.06,48,24,128,0.02,0.1025,2000,20261124
stratified_minus_global,preference,mean_margin,stratified-step100,vision,global-step100,vision,shape,200,965.7343833487248,1214.0312654469162,4.828671916743624,6.0701563272345815,-1.241484410490957,19,181,0,-1.38500004797359,-1.1131250216707123,2000,20261125
stratified_minus_start,preference,mean_margin,stratified-step100,vision,frozen-base,vision,shape,200,965.7343833487248,887.484380017966,4.828671916743624,4.43742190008983,0.3912500166537939,115,85,0,0.17148437033814845,0.612968764383113,2000,20261126
global_minus_start,preference,mean_margin,global-step100,vision,frozen-base,vision,shape,200,1214.0312654469162,887.484380017966,6.0701563272345815,4.43742190008983,1.632734427144751,162,38,0,1.3759375485731289,1.8906250741216355,2000,20261127
stratified_minus_global,preference,paired_preference,stratified-step100,vision,global-step100,vision,spatial,200,200.0,200.0,1.0,1.0,0.0,0,0,200,0.0,0.0,2000,20261128
stratified_minus_start,preference,paired_preference,stratified-step100,vision,frozen-base,vision,spatial,200,200.0,50.0,1.0,0.25,0.75,150,0,50,0.69,0.81,2000,20261129
global_minus_start,preference,paired_preference,global-step100,vision,frozen-base,vision,spatial,200,200.0,50.0,1.0,0.25,0.75,150,0,50,0.685,0.81,2000,20261130
stratified_minus_global,preference,sample_preference,stratified-step100,vision,global-step100,vision,spatial,200,200.0,200.0,1.0,1.0,0.0,0,0,200,0.0,0.0,2000,20261131
stratified_minus_start,preference,sample_preference,stratified-step100,vision,frozen-base,vision,spatial,200,200.0,125.0,1.0,0.625,0.375,150,0,50,0.345,0.405,2000,20261132
global_minus_start,preference,sample_preference,global-step100,vision,frozen-base,vision,spatial,200,200.0,125.0,1.0,0.625,0.375,150,0,50,0.345,0.405,2000,20261133
stratified_minus_global,preference,mean_margin,stratified-step100,vision,global-step100,vision,spatial,200,791.3954015661147,645.5841826958931,3.9569770078305737,3.2279209134794655,0.7290560943511082,200,0,0,0.6646611806438887,0.795532127933111,2000,20261134
stratified_minus_start,preference,mean_margin,stratified-step100,vision,frozen-base,vision,spatial,200,791.3954015661147,28.142525628209114,3.9569770078305737,0.14071262814104557,3.816264379689528,200,0,0,3.6452402557771713,3.983075430857425,2000,20261135
global_minus_start,preference,mean_margin,global-step100,vision,frozen-base,vision,spatial,200,645.5841826958931,28.142525628209114,3.2279209134794655,0.14071262814104557,3.08720828533842,200,0,0,2.8898099621351867,3.2979132705811933,2000,20261136
stratified_minus_global,generation,generation_paired,stratified-step100,vision,global-step100,vision,overall,300,77.0,96.0,0.25666666666666665,0.32,-0.06333333333333334,17,36,247,-0.11,-0.016666666666666666,2000,20261137
stratified_minus_start,generation,generation_paired,stratified-step100,vision,frozen-base,vision,overall,300,77.0,19.0,0.25666666666666665,0.06333333333333334,0.19333333333333333,60,2,238,0.14333333333333334,0.24,2000,20261138
global_minus_start,generation,generation_paired,global-step100,vision,frozen-base,vision,overall,300,96.0,19.0,0.32,0.06333333333333334,0.25666666666666665,80,3,217,0.20666666666666667,0.31,2000,20261139
stratified_minus_global,generation,generation_sample,stratified-step100,vision,global-step100,vision,overall,300,123.0,122.0,0.41,0.4066666666666667,0.0033333333333333335,49,50,201,-0.043333333333333335,0.05,2000,20261140
stratified_minus_start,generation,generation_sample,stratified-step100,vision,frozen-base,vision,overall,300,123.0,63.5,0.41,0.21166666666666667,0.19833333333333333,112,13,175,0.16166666666666665,0.23833333333333334,2000,20261141
global_minus_start,generation,generation_sample,global-step100,vision,frozen-base,vision,overall,300,122.0,63.5,0.4066666666666667,0.21166666666666667,0.195,106,13,181,0.15666666666666668,0.23333333333333334,2000,20261142
stratified_minus_global,generation,prediction_flip,stratified-step100,vision,global-step100,vision,overall,300,235.0,221.0,0.7833333333333333,0.7366666666666667,0.04666666666666667,57,43,200,-0.016666666666666666,0.11,2000,20261143
stratified_minus_start,generation,prediction_flip,stratified-step100,vision,frozen-base,vision,overall,300,235.0,111.0,0.7833333333333333,0.37,0.41333333333333333,145,21,134,0.3433333333333333,0.48333333333333334,2000,20261144
global_minus_start,generation,prediction_flip,global-step100,vision,frozen-base,vision,overall,300,221.0,111.0,0.7366666666666667,0.37,0.36666666666666664,116,6,178,0.31,0.4266666666666667,2000,20261145
stratified_minus_global,generation,generation_paired,stratified-step100,vision,global-step100,vision,color,50,8.0,23.0,0.16,0.46,-0.3,3,18,29,-0.46,-0.14,2000,20261146
stratified_minus_start,generation,generation_paired,stratified-step100,vision,frozen-base,vision,color,50,8.0,0.0,0.16,0.0,0.16,8,0,42,0.06,0.26,2000,20261147
global_minus_start,generation,generation_paired,global-step100,vision,frozen-base,vision,color,50,23.0,0.0,0.46,0.0,0.46,23,0,27,0.32,0.6,2000,20261148
stratified_minus_global,generation,generation_sample,stratified-step100,vision,global-step100,vision,color,50,19.0,34.5,0.38,0.69,-0.31,4,28,18,-0.45,-0.16,2000,20261149
stratified_minus_start,generation,generation_sample,stratified-step100,vision,frozen-base,vision,color,50,19.0,3.0,0.38,0.06,0.32,27,3,20,0.2,0.43,2000,20261150
global_minus_start,generation,generation_sample,global-step100,vision,frozen-base,vision,color,50,34.5,3.0,0.69,0.06,0.63,42,0,8,0.54,0.73,2000,20261151
stratified_minus_global,generation,prediction_flip,stratified-step100,vision,global-step100,vision,color,50,35.0,43.0,0.7,0.86,-0.16,3,11,36,-0.3,-0.02,2000,20261152
stratified_minus_start,generation,prediction_flip,stratified-step100,vision,frozen-base,vision,color,50,35.0,11.0,0.7,0.22,0.48,26,2,22,0.32,0.62,2000,20261153
global_minus_start,generation,prediction_flip,global-step100,vision,frozen-base,vision,color,50,43.0,11.0,0.86,0.22,0.64,32,0,18,0.5,0.78,2000,20261154
stratified_minus_global,generation,generation_paired,stratified-step100,vision,global-step100,vision,coordinate,50,12.0,0.0,0.24,0.0,0.24,12,0,38,0.12,0.36,2000,20261155
stratified_minus_start,generation,generation_paired,stratified-step100,vision,frozen-base,vision,coordinate,50,12.0,0.0,0.24,0.0,0.24,12,0,38,0.12,0.36,2000,20261156
global_minus_start,generation,generation_paired,global-step100,vision,frozen-base,vision,coordinate,50,0.0,0.0,0.0,0.0,0.0,0,0,50,0.0,0.0,2000,20261157
stratified_minus_global,generation,generation_sample,stratified-step100,vision,global-step100,vision,coordinate,50,25.5,0.0,0.51,0.0,0.51,39,0,11,0.42,0.6,2000,20261158
stratified_minus_start,generation,generation_sample,stratified-step100,vision,frozen-base,vision,coordinate,50,25.5,0.0,0.51,0.0,0.51,39,0,11,0.42,0.6,2000,20261159
global_minus_start,generation,generation_sample,global-step100,vision,frozen-base,vision,coordinate,50,0.0,0.0,0.0,0.0,0.0,0,0,50,0.0,0.0,2000,20261160
stratified_minus_global,generation,prediction_flip,stratified-step100,vision,global-step100,vision,coordinate,50,44.0,0.0,0.88,0.0,0.88,44,0,6,0.8,0.96,2000,20261161
stratified_minus_start,generation,prediction_flip,stratified-step100,vision,frozen-base,vision,coordinate,50,44.0,0.0,0.88,0.0,0.88,44,0,6,0.78,0.96,2000,20261162
global_minus_start,generation,prediction_flip,global-step100,vision,frozen-base,vision,coordinate,50,0.0,0.0,0.0,0.0,0.0,0,0,50,0.0,0.0,2000,20261163
stratified_minus_global,generation,generation_paired,stratified-step100,vision,global-step100,vision,count,50,1.0,0.0,0.02,0.0,0.02,1,0,49,0.0,0.06,2000,20261164
stratified_minus_start,generation,generation_paired,stratified-step100,vision,frozen-base,vision,count,50,1.0,0.0,0.02,0.0,0.02,1,0,49,0.0,0.06,2000,20261165
global_minus_start,generation,generation_paired,global-step100,vision,frozen-base,vision,count,50,0.0,0.0,0.0,0.0,0.0,0,0,50,0.0,0.0,2000,20261166
stratified_minus_global,generation,generation_sample,stratified-step100,vision,global-step100,vision,count,50,5.5,3.0,0.11,0.06,0.05,5,1,44,0.0,0.11,2000,20261167
stratified_minus_start,generation,generation_sample,stratified-step100,vision,frozen-base,vision,count,50,5.5,4.0,0.11,0.08,0.03,7,4,39,-0.03,0.09,2000,20261168
global_minus_start,generation,generation_sample,global-step100,vision,frozen-base,vision,count,50,3.0,4.0,0.06,0.08,-0.02,5,7,38,-0.09,0.05,2000,20261169
stratified_minus_global,generation,prediction_flip,stratified-step100,vision,global-step100,vision,count,50,36.0,36.0,0.72,0.72,0.0,7,7,36,-0.14,0.14,2000,20261170
stratified_minus_start,generation,prediction_flip,stratified-step100,vision,frozen-base,vision,count,50,36.0,15.0,0.72,0.3,0.42,24,3,23,0.24,0.58,2000,20261171
global_minus_start,generation,prediction_flip,global-step100,vision,frozen-base,vision,count,50,36.0,15.0,0.72,0.3,0.42,22,1,27,0.28,0.58,2000,20261172
stratified_minus_global,generation,generation_paired,stratified-step100,vision,global-step100,vision,ocr,50,0.0,0.0,0.0,0.0,0.0,0,0,50,0.0,0.0,2000,20261173
stratified_minus_start,generation,generation_paired,stratified-step100,vision,frozen-base,vision,ocr,50,0.0,0.0,0.0,0.0,0.0,0,0,50,0.0,0.0,2000,20261174
global_minus_start,generation,generation_paired,global-step100,vision,frozen-base,vision,ocr,50,0.0,0.0,0.0,0.0,0.0,0,0,50,0.0,0.0,2000,20261175
stratified_minus_global,generation,generation_sample,stratified-step100,vision,global-step100,vision,ocr,50,0.0,0.0,0.0,0.0,0.0,0,0,50,0.0,0.0,2000,20261176
stratified_minus_start,generation,generation_sample,stratified-step100,vision,frozen-base,vision,ocr,50,0.0,0.0,0.0,0.0,0.0,0,0,50,0.0,0.0,2000,20261177
global_minus_start,generation,generation_sample,global-step100,vision,frozen-base,vision,ocr,50,0.0,0.0,0.0,0.0,0.0,0,0,50,0.0,0.0,2000,20261178
stratified_minus_global,generation,prediction_flip,stratified-step100,vision,global-step100,vision,ocr,50,42.0,46.0,0.84,0.92,-0.08,2,6,42,-0.2,0.02,2000,20261179
stratified_minus_start,generation,prediction_flip,stratified-step100,vision,frozen-base,vision,ocr,50,42.0,38.0,0.84,0.76,0.08,8,4,38,-0.06,0.22,2000,20261180
global_minus_start,generation,prediction_flip,global-step100,vision,frozen-base,vision,ocr,50,46.0,38.0,0.92,0.76,0.16,10,2,38,0.04,0.3,2000,20261181
stratified_minus_global,generation,generation_paired,stratified-step100,vision,global-step100,vision,shape,50,6.0,23.0,0.12,0.46,-0.34,1,18,31,-0.48,-0.2,2000,20261182
stratified_minus_start,generation,generation_paired,stratified-step100,vision,frozen-base,vision,shape,50,6.0,8.0,0.12,0.16,-0.04,0,2,48,-0.1,0.0,2000,20261183
global_minus_start,generation,generation_paired,global-step100,vision,frozen-base,vision,shape,50,23.0,8.0,0.46,0.16,0.3,18,3,29,0.14,0.46,2000,20261184
stratified_minus_global,generation,generation_sample,stratified-step100,vision,global-step100,vision,shape,50,23.0,34.5,0.46,0.69,-0.23,1,21,28,-0.32,-0.14,2000,20261185
stratified_minus_start,generation,generation_sample,stratified-step100,vision,frozen-base,vision,shape,50,23.0,26.0,0.46,0.52,-0.06,0,6,44,-0.11,-0.02,2000,20261186
global_minus_start,generation,generation_sample,global-step100,vision,frozen-base,vision,shape,50,34.5,26.0,0.69,0.52,0.17,20,6,24,0.07,0.28,2000,20261187
stratified_minus_global,generation,prediction_flip,stratified-step100,vision,global-step100,vision,shape,50,28.0,46.0,0.56,0.92,-0.36,1,19,30,-0.5,-0.22,2000,20261188
stratified_minus_start,generation,prediction_flip,stratified-step100,vision,frozen-base,vision,shape,50,28.0,36.0,0.56,0.72,-0.16,4,12,34,-0.3,0.0,2000,20261189
global_minus_start,generation,prediction_flip,global-step100,vision,frozen-base,vision,shape,50,46.0,36.0,0.92,0.72,0.2,13,3,34,0.06,0.34,2000,20261190
stratified_minus_global,generation,generation_paired,stratified-step100,vision,global-step100,vision,spatial,50,50.0,50.0,1.0,1.0,0.0,0,0,50,0.0,0.0,2000,20261191
stratified_minus_start,generation,generation_paired,stratified-step100,vision,frozen-base,vision,spatial,50,50.0,11.0,1.0,0.22,0.78,39,0,11,0.66,0.9,2000,20261192
global_minus_start,generation,generation_paired,global-step100,vision,frozen-base,vision,spatial,50,50.0,11.0,1.0,0.22,0.78,39,0,11,0.66,0.9,2000,20261193
stratified_minus_global,generation,generation_sample,stratified-step100,vision,global-step100,vision,spatial,50,50.0,50.0,1.0,1.0,0.0,0,0,50,0.0,0.0,2000,20261194
stratified_minus_start,generation,generation_sample,stratified-step100,vision,frozen-base,vision,spatial,50,50.0,30.5,1.0,0.61,0.39,39,0,11,0.33,0.44,2000,20261195
global_minus_start,generation,generation_sample,global-step100,vision,frozen-base,vision,spatial,50,50.0,30.5,1.0,0.61,0.39,39,0,11,0.33,0.44,2000,20261196
stratified_minus_global,generation,prediction_flip,stratified-step100,vision,global-step100,vision,spatial,50,50.0,50.0,1.0,1.0,0.0,0,0,50,0.0,0.0,2000,20261197
stratified_minus_start,generation,prediction_flip,stratified-step100,vision,frozen-base,vision,spatial,50,50.0,11.0,1.0,0.22,0.78,39,0,11,0.66,0.88,2000,20261198
global_minus_start,generation,prediction_flip,global-step100,vision,frozen-base,vision,spatial,50,50.0,11.0,1.0,0.22,0.78,39,0,11,0.66,0.88,2000,20261199
vision_minus_shuffle,preference,paired_preference,frozen-base,vision,frozen-base,shuffled_image,overall,1200,269.0,72.0,0.22416666666666665,0.06,0.16416666666666666,231,34,935,0.14,0.18916666666666668,2000,20261200
vision_minus_shuffle,preference,sample_preference,frozen-base,vision,frozen-base,shuffled_image,overall,1200,727.0,542.5,0.6058333333333333,0.45208333333333334,0.15375,302,46,852,0.13458333333333333,0.17333333333333334,2000,20261201
vision_minus_shuffle,preference,mean_margin,frozen-base,vision,frozen-base,shuffled_image,overall,1200,1144.4697406688972,-95.49083716691959,0.9537247838907477,-0.07957569763909966,1.0333004815298474,913,264,23,0.9093590561614356,1.1674708671393168,2000,20261202
vision_minus_shuffle,preference,paired_preference,frozen-base,vision,frozen-base,shuffled_image,color,200,46.0,19.0,0.23,0.095,0.135,40,13,147,0.065,0.205,2000,20261203
vision_minus_shuffle,preference,sample_preference,frozen-base,vision,frozen-base,shuffled_image,color,200,123.0,91.0,0.615,0.455,0.16,66,13,121,0.1125,0.2075,2000,20261204
vision_minus_shuffle,preference,mean_margin,frozen-base,vision,frozen-base,shuffled_image,color,200,126.78125369548798,-2.1249991059303284,0.6339062684774399,-0.010624995529651642,0.6445312640070915,159,34,7,0.5117187798023224,0.779687513411045,2000,20261205
vision_minus_shuffle,preference,paired_preference,frozen-base,vision,frozen-base,shuffled_image,coordinate,200,11.0,0.0,0.055,0.0,0.055,11,0,189,0.025,0.09,2000,20261206
vision_minus_shuffle,preference,sample_preference,frozen-base,vision,frozen-base,shuffled_image,coordinate,200,105.5,97.5,0.5275,0.4875,0.04,13,0,187,0.02,0.065,2000,20261207
vision_minus_shuffle,preference,mean_margin,frozen-base,vision,frozen-base,shuffled_image,coordinate,200,13.514987170696259,0.48159104585647583,0.06757493585348129,0.0024079552292823794,0.06516698062419891,152,44,4,0.05080357253551483,0.07918690502643586,2000,20261208
vision_minus_shuffle,preference,paired_preference,frozen-base,vision,frozen-base,shuffled_image,count,200,23.0,12.0,0.115,0.06,0.055,19,8,173,0.0,0.105,2000,20261209
vision_minus_shuffle,preference,sample_preference,frozen-base,vision,frozen-base,shuffled_image,count,200,104.0,87.0,0.52,0.435,0.085,47,20,133,0.04,0.1275,2000,20261210
vision_minus_shuffle,preference,mean_margin,frozen-base,vision,frozen-base,shuffled_image,count,200,7.2187501192092896,-1.9687500894069672,0.03609375059604645,-0.009843750447034836,0.04593750104308128,117,71,12,0.024062500894069673,0.06734375104308128,2000,20261211
vision_minus_shuffle,preference,paired_preference,frozen-base,vision,frozen-base,shuffled_image,ocr,200,27.0,10.0,0.135,0.05,0.085,22,5,173,0.035,0.135,2000,20261212
vision_minus_shuffle,preference,sample_preference,frozen-base,vision,frozen-base,shuffled_image,ocr,200,113.5,97.0,0.5675,0.485,0.0825,28,5,167,0.0475,0.12,2000,20261213
vision_minus_shuffle,preference,mean_margin,frozen-base,vision,frozen-base,shuffled_image,ocr,200,81.32784403732845,4.722755831763857,0.4066392201866422,0.023613779158819286,0.383025441027823,150,50,0,0.29987730311779753,0.47340905927476434,2000,20261214
vision_minus_shuffle,preference,paired_preference,frozen-base,vision,frozen-base,shuffled_image,shape,200,112.0,31.0,0.56,0.155,0.405,89,8,103,0.325,0.48,2000,20261215
vision_minus_shuffle,preference,sample_preference,frozen-base,vision,frozen-base,shuffled_image,shape,200,156.0,95.0,0.78,0.475,0.305,98,8,94,0.2525,0.36,2000,20261216
vision_minus_shuffle,preference,mean_margin,frozen-base,vision,frozen-base,shuffled_image,shape,200,887.484380017966,-73.7187527641654,4.43742190008983,-0.368593763820827,4.8060156639106575,185,15,0,4.331015641018748,5.31773444079794,2000,20261217
vision_minus_shuffle,preference,paired_preference,frozen-base,vision,frozen-base,shuffled_image,spatial,200,50.0,0.0,0.25,0.0,0.25,50,0,150,0.19,0.31,2000,20261218
vision_minus_shuffle,preference,sample_preference,frozen-base,vision,frozen-base,shuffled_image,spatial,200,125.0,75.0,0.625,0.375,0.25,50,0,150,0.195,0.31,2000,20261219
vision_minus_shuffle,preference,mean_margin,frozen-base,vision,frozen-base,shuffled_image,spatial,200,28.142525628209114,-22.88268208503723,0.14071262814104557,-0.11441341042518616,0.2551260385662317,150,50,0,0.22250870417803525,0.2887932668253779,2000,20261220
vision_minus_shuffle,preference,paired_preference,global-step100,vision,global-step100,shuffled_image,overall,1200,637.0,160.0,0.5308333333333334,0.13333333333333333,0.3975,529,52,619,0.365,0.43166666666666664,2000,20261221
vision_minus_shuffle,preference,sample_preference,global-step100,vision,global-step100,shuffled_image,overall,1200,902.5,527.0,0.7520833333333333,0.43916666666666665,0.3129166666666667,579,69,552,0.2875,0.33666666666666667,2000,20261222
vision_minus_shuffle,preference,mean_margin,global-step100,vision,global-step100,shuffled_image,overall,1200,3001.176993066076,-436.93776841022105,2.5009808275550633,-0.36411480700851756,2.8650956345635814,1031,162,7,2.6426002691497046,3.083583545901793,2000,20261223
vision_minus_shuffle,preference,paired_preference,global-step100,vision,global-step100,shuffled_image,color,200,165.0,55.0,0.825,0.275,0.55,121,11,68,0.465,0.635,2000,20261224
vision_minus_shuffle,preference,sample_preference,global-step100,vision,global-step100,shuffled_image,color,200,182.5,104.5,0.9125,0.5225,0.39,128,11,61,0.3325,0.445,2000,20261225
vision_minus_shuffle,preference,mean_margin,global-step100,vision,global-step100,shuffled_image,color,200,753.6250007334165,16.468750910833478,3.7681250036670826,0.08234375455416738,3.685781249112915,168,30,2,3.115000004682224,4.273437514000107,2000,20261226
vision_minus_shuffle,preference,paired_preference,global-step100,vision,global-step100,shuffled_image,coordinate,200,82.0,22.0,0.41,0.11,0.3,60,0,140,0.24,0.365,2000,20261227
vision_minus_shuffle,preference,sample_preference,global-step100,vision,global-step100,shuffled_image,coordinate,200,141.0,107.0,0.705,0.535,0.17,60,0,140,0.1325,0.21,2000,20261228
vision_minus_shuffle,preference,mean_margin,global-step100,vision,global-step100,shuffled_image,coordinate,200,222.22359663248062,-2.128398895263672,1.1111179831624032,-0.01064199447631836,1.1217599776387215,185,13,2,0.9898833245038986,1.2604807066917418,2000,20261229
vision_minus_shuffle,preference,paired_preference,global-step100,vision,global-step100,shuffled_image,count,200,11.0,28.0,0.055,0.14,-0.085,10,27,163,-0.145,-0.03,2000,20261230
vision_minus_shuffle,preference,sample_preference,global-step100,vision,global-step100,shuffled_image,count,200,89.5,94.0,0.4475,0.47,-0.0225,38,44,118,-0.0725,0.025,2000,20261231
vision_minus_shuffle,preference,mean_margin,global-step100,vision,global-step100,shuffled_image,count,200,43.12499883770943,-4.593750789761543,0.21562499418854714,-0.022968753948807718,0.23859374813735484,130,67,3,0.14812499895691872,0.32968748949468135,2000,20261232
vision_minus_shuffle,preference,paired_preference,global-step100,vision,global-step100,shuffled_image,ocr,200,43.0,15.0,0.215,0.075,0.14,32,4,164,0.09,0.195,2000,20261233
vision_minus_shuffle,preference,sample_preference,global-step100,vision,global-step100,shuffled_image,ocr,200,121.5,100.5,0.6075,0.5025,0.105,35,4,161,0.065,0.145,2000,20261234
vision_minus_shuffle,preference,mean_margin,global-step100,vision,global-step100,shuffled_image,ocr,200,122.58794871966045,6.086478475161959,0.6129397435983023,0.030432392375809796,0.5825073512224924,159,41,0,0.47020618518193574,0.7003436823345368,2000,20261235
vision_minus_shuffle,preference,paired_preference,global-step100,vision,global-step100,shuffled_image,shape,200,136.0,40.0,0.68,0.2,0.48,106,10,84,0.395,0.56,2000,20261236
vision_minus_shuffle,preference,sample_preference,global-step100,vision,global-step100,shuffled_image,shape,200,168.0,96.0,0.84,0.48,0.36,118,10,72,0.3,0.4175,2000,20261237
vision_minus_shuffle,preference,mean_margin,global-step100,vision,global-step100,shuffled_image,shape,200,1214.0312654469162,-87.71875226544216,6.0701563272345815,-0.43859376132721084,6.508750088561792,189,11,0,5.797812575129792,7.255312573099509,2000,20261238
vision_minus_shuffle,preference,paired_preference,global-step100,vision,global-step100,shuffled_image,spatial,200,200.0,0.0,1.0,0.0,1.0,200,0,0,1.0,1.0,2000,20261239
vision_minus_shuffle,preference,sample_preference,global-step100,vision,global-step100,shuffled_image,spatial,200,200.0,25.0,1.0,0.125,0.875,200,0,0,0.845,0.905,2000,20261240
vision_minus_shuffle,preference,mean_margin,global-step100,vision,global-step100,shuffled_image,spatial,200,645.5841826958931,-365.05209584574914,3.2279209134794655,-1.8252604792287457,5.053181392708211,200,0,0,4.620182535103522,5.489425719173159,2000,20261241
vision_minus_shuffle,preference,paired_preference,global-step25,vision,global-step25,shuffled_image,overall,1200,289.0,84.0,0.24083333333333334,0.07,0.17083333333333334,236,31,933,0.14583333333333334,0.19666666666666666,2000,20261242
vision_minus_shuffle,preference,sample_preference,global-step25,vision,global-step25,shuffled_image,overall,1200,733.0,574.5,0.6108333333333333,0.47875,0.13208333333333333,297,46,857,0.11375,0.15041666666666667,2000,20261243
vision_minus_shuffle,preference,mean_margin,global-step25,vision,global-step25,shuffled_image,overall,1200,951.7001326482921,-43.98431670885711,0.7930834438735768,-0.036653597257380925,0.8297370411309576,957,227,16,0.736427560616876,0.9256059037503152,2000,20261244
vision_minus_shuffle,preference,paired_preference,global-step25,vision,global-step25,shuffled_image,color,200,58.0,11.0,0.29,0.055,0.235,54,7,139,0.165,0.305,2000,20261245
vision_minus_shuffle,preference,sample_preference,global-step25,vision,global-step25,shuffled_image,color,200,129.0,92.0,0.645,0.46,0.185,70,7,123,0.1425,0.23,2000,20261246
vision_minus_shuffle,preference,mean_margin,global-step25,vision,global-step25,shuffled_image,color,200,169.43750050663948,-3.6562500298023224,0.8471875025331974,-0.01828125014901161,0.865468752682209,161,34,5,0.6945312470197678,1.031562512665987,2000,20261247
vision_minus_shuffle,preference,paired_preference,global-step25,vision,global-step25,shuffled_image,coordinate,200,27.0,6.0,0.135,0.03,0.105,21,0,179,0.065,0.15,2000,20261248
vision_minus_shuffle,preference,sample_preference,global-step25,vision,global-step25,shuffled_image,coordinate,200,113.5,101.5,0.5675,0.5075,0.06,21,0,179,0.0375,0.0875,2000,20261249
vision_minus_shuffle,preference,mean_margin,global-step25,vision,global-step25,shuffled_image,coordinate,200,22.735554218292236,0.9182367324829102,0.11367777109146118,0.004591183662414551,0.10908658742904663,144,54,2,0.08384076088666916,0.13400156617164613,2000,20261250
vision_minus_shuffle,preference,paired_preference,global-step25,vision,global-step25,shuffled_image,count,200,61.0,20.0,0.305,0.1,0.205,48,7,145,0.14,0.275,2000,20261251
vision_minus_shuffle,preference,sample_preference,global-step25,vision,global-step25,shuffled_image,count,200,119.0,87.5,0.595,0.4375,0.1575,70,22,108,0.1,0.2125,2000,20261252
vision_minus_shuffle,preference,mean_margin,global-step25,vision,global-step25,shuffled_image,count,200,18.843749463558197,-1.7812501192092896,0.09421874731779098,-0.008906250596046448,0.10312499791383743,127,64,9,0.075,0.1303124952316284,2000,20261253
vision_minus_shuffle,preference,paired_preference,global-step25,vision,global-step25,shuffled_image,ocr,200,24.0,12.0,0.12,0.06,0.06,20,8,172,0.005,0.11,2000,20261254
vision_minus_shuffle,preference,sample_preference,global-step25,vision,global-step25,shuffled_image,ocr,200,112.0,97.0,0.56,0.485,0.075,27,8,165,0.0375,0.115,2000,20261255
vision_minus_shuffle,preference,mean_margin,global-step25,vision,global-step25,shuffled_image,ocr,200,87.88525083178565,6.733398010617206,0.4394262541589283,0.03366699005308603,0.40575926410584223,146,54,0,0.31546018904163725,0.5038368478956677,2000,20261256
vision_minus_shuffle,preference,paired_preference,global-step25,vision,global-step25,shuffled_image,shape,200,119.0,35.0,0.595,0.175,0.42,93,9,98,0.34,0.5,2000,20261257
vision_minus_shuffle,preference,sample_preference,global-step25,vision,global-step25,shuffled_image,shape,200,159.5,96.5,0.7975,0.4825,0.315,109,9,82,0.2625,0.3675,2000,20261258
vision_minus_shuffle,preference,mean_margin,global-step25,vision,global-step25,shuffled_image,shape,200,609.5937484651804,-13.06250036507845,3.047968742325902,-0.06531250182539225,3.113281244151294,179,21,0,2.7128124887868763,3.534374998472631,2000,20261259
vision_minus_shuffle,preference,paired_preference,global-step25,vision,global-step25,shuffled_image,spatial,200,0.0,0.0,0.0,0.0,0.0,0,0,200,0.0,0.0,2000,20261260
vision_minus_shuffle,preference,sample_preference,global-step25,vision,global-step25,shuffled_image,spatial,200,100.0,100.0,0.5,0.5,0.0,0,0,200,0.0,0.0,2000,20261261
vision_minus_shuffle,preference,mean_margin,global-step25,vision,global-step25,shuffled_image,spatial,200,43.204329162836075,-33.135950937867165,0.21602164581418037,-0.16567975468933582,0.3817014005035162,200,0,0,0.3418805726990104,0.41987153999507426,2000,20261262
vision_minus_shuffle,preference,paired_preference,global-step50,vision,global-step50,shuffled_image,overall,1200,467.0,110.0,0.38916666666666666,0.09166666666666666,0.2975,408,51,741,0.2675,0.32666666666666666,2000,20261263
vision_minus_shuffle,preference,sample_preference,global-step50,vision,global-step50,shuffled_image,overall,1200,832.0,545.5,0.6933333333333334,0.45458333333333334,0.23875,462,54,684,0.21541666666666667,0.26125,2000,20261264
vision_minus_shuffle,preference,mean_margin,global-step50,vision,global-step50,shuffled_image,overall,1200,1661.1119969508566,-96.67398891134098,1.384259997459047,-0.08056165742611748,1.4648216548851647,984,207,9,1.3288593058933518,1.601986735852997,2000,20261265
vision_minus_shuffle,preference,paired_preference,global-step50,vision,global-step50,shuffled_image,color,200,135.0,44.0,0.675,0.22,0.455,106,15,79,0.365,0.54,2000,20261266
vision_minus_shuffle,preference,sample_preference,global-step50,vision,global-step50,shuffled_image,color,200,167.5,102.5,0.8375,0.5125,0.325,111,15,74,0.2625,0.3875,2000,20261267
vision_minus_shuffle,preference,mean_margin,global-step50,vision,global-step50,shuffled_image,color,200,466.09375120699406,11.312501601874828,2.3304687560349704,0.056562508009374145,2.2739062480255963,159,36,5,1.8659375054389238,2.720937497615814,2000,20261268
vision_minus_shuffle,preference,paired_preference,global-step50,vision,global-step50,shuffled_image,coordinate,200,38.0,9.0,0.19,0.045,0.145,31,2,167,0.095,0.2,2000,20261269
vision_minus_shuffle,preference,sample_preference,global-step50,vision,global-step50,shuffled_image,coordinate,200,119.0,101.0,0.595,0.505,0.09,31,2,167,0.06,0.1225,2000,20261270
vision_minus_shuffle,preference,mean_margin,global-step50,vision,global-step50,shuffled_image,coordinate,200,83.956139087677,0.8391299843788147,0.41978069543838503,0.004195649921894073,0.41558504551649095,152,46,2,0.3425093415379524,0.4905447608232498,2000,20261271
vision_minus_shuffle,preference,paired_preference,global-step50,vision,global-step50,shuffled_image,count,200,45.0,27.0,0.225,0.135,0.09,40,22,138,0.015,0.165,2000,20261272
vision_minus_shuffle,preference,sample_preference,global-step50,vision,global-step50,shuffled_image,count,200,121.0,92.5,0.605,0.4625,0.1425,73,25,102,0.0925,0.1925,2000,20261273
vision_minus_shuffle,preference,mean_margin,global-step50,vision,global-step50,shuffled_image,count,200,58.499998673796654,-4.31249974668026,0.29249999336898325,-0.021562498733401297,0.31406249210238457,141,57,2,0.2437499997764826,0.3843749936670065,2000,20261274
vision_minus_shuffle,preference,paired_preference,global-step50,vision,global-step50,shuffled_image,ocr,200,29.0,9.0,0.145,0.045,0.1,23,3,174,0.055,0.15,2000,20261275
vision_minus_shuffle,preference,sample_preference,global-step50,vision,global-step50,shuffled_image,ocr,200,114.5,101.5,0.5725,0.5075,0.065,24,3,173,0.0375,0.0975,2000,20261276
vision_minus_shuffle,preference,mean_margin,global-step50,vision,global-step50,shuffled_image,ocr,200,65.54520874591101,5.17321960812523,0.32772604372955505,0.02586609804062615,0.3018599456889289,147,53,0,0.23769153182847164,0.3689497980674108,2000,20261277
vision_minus_shuffle,preference,paired_preference,global-step50,vision,global-step50,shuffled_image,shape,200,70.0,21.0,0.35,0.105,0.245,58,9,133,0.17,0.32,2000,20261278
vision_minus_shuffle,preference,sample_preference,global-step50,vision,global-step50,shuffled_image,shape,200,135.0,98.0,0.675,0.49,0.185,73,9,118,0.14,0.23,2000,20261279
vision_minus_shuffle,preference,mean_margin,global-step50,vision,global-step50,shuffled_image,shape,200,851.5937500679865,-38.35937638301402,4.257968750339932,-0.1917968819150701,4.449765632255003,185,15,0,3.996250021709129,4.917343763159588,2000,20261280
vision_minus_shuffle,preference,paired_preference,global-step50,vision,global-step50,shuffled_image,spatial,200,150.0,0.0,0.75,0.0,0.75,150,0,50,0.69,0.805,2000,20261281
vision_minus_shuffle,preference,sample_preference,global-step50,vision,global-step50,shuffled_image,spatial,200,175.0,50.0,0.875,0.25,0.625,150,0,50,0.565,0.6825,2000,20261282
vision_minus_shuffle,preference,mean_margin,global-step50,vision,global-step50,shuffled_image,spatial,200,135.42314916849136,-71.32696397602558,0.6771157458424568,-0.3566348198801279,1.0337505657225847,200,0,0,0.9067130990698934,1.1678379384428264,2000,20261283
vision_minus_shuffle,preference,paired_preference,stratified-step100,vision,stratified-step100,shuffled_image,overall,1200,613.0,151.0,0.5108333333333334,0.12583333333333332,0.385,524,62,614,0.35083333333333333,0.41833333333333333,2000,20261284
vision_minus_shuffle,preference,sample_preference,stratified-step100,vision,stratified-step100,shuffled_image,overall,1200,899.0,520.0,0.7491666666666666,0.43333333333333335,0.31583333333333335,587,70,543,0.2916666666666667,0.34041666666666665,2000,20261285
vision_minus_shuffle,preference,mean_margin,stratified-step100,vision,stratified-step100,shuffled_image,overall,1200,2985.8259563141773,-556.8745283932176,2.488188296928481,-0.46406210699434797,2.9522504039228292,1039,153,8,2.760197254518893,3.147182956473026,2000,20261286
vision_minus_shuffle,preference,paired_preference,stratified-step100,vision,stratified-step100,shuffled_image,color,200,147.0,48.0,0.735,0.24,0.495,112,13,75,0.405,0.58,2000,20261287
vision_minus_shuffle,preference,sample_preference,stratified-step100,vision,stratified-step100,shuffled_image,color,200,173.5,98.5,0.8675,0.4925,0.375,122,13,65,0.315,0.435,2000,20261288
vision_minus_shuffle,preference,mean_margin,stratified-step100,vision,stratified-step100,shuffled_image,color,200,735.000001892331,-24.468749647494406,3.6750000094616553,-0.12234374823747203,3.797343757699127,179,19,2,3.281406273053144,4.279375009838259,2000,20261289
vision_minus_shuffle,preference,paired_preference,stratified-step100,vision,stratified-step100,shuffled_image,coordinate,200,115.0,25.0,0.575,0.125,0.45,95,5,100,0.375,0.53,2000,20261290
vision_minus_shuffle,preference,sample_preference,stratified-step100,vision,stratified-step100,shuffled_image,coordinate,200,157.5,101.0,0.7875,0.505,0.2825,99,5,96,0.235,0.33,2000,20261291
vision_minus_shuffle,preference,mean_margin,stratified-step100,vision,stratified-step100,shuffled_image,coordinate,200,297.3686847835779,-0.6272370219230652,1.4868434239178896,-0.003136185109615326,1.4899796090275048,179,19,2,1.3134556356072427,1.664956742823124,2000,20261292
vision_minus_shuffle,preference,paired_preference,stratified-step100,vision,stratified-step100,shuffled_image,count,200,20.0,33.0,0.1,0.165,-0.065,19,32,149,-0.135,0.005,2000,20261293
vision_minus_shuffle,preference,sample_preference,stratified-step100,vision,stratified-step100,shuffled_image,count,200,103.0,93.5,0.515,0.4675,0.0475,56,40,104,-0.005,0.0975,2000,20261294
vision_minus_shuffle,preference,mean_margin,stratified-step100,vision,stratified-step100,shuffled_image,count,200,62.37500088661909,-11.28125012665987,0.31187500443309546,-0.05640625063329935,0.3682812550663948,135,61,4,0.26031251072883604,0.4726562588661909,2000,20261295
vision_minus_shuffle,preference,paired_preference,stratified-step100,vision,stratified-step100,shuffled_image,ocr,200,44.0,22.0,0.22,0.11,0.11,30,8,162,0.055,0.165,2000,20261296
vision_minus_shuffle,preference,sample_preference,stratified-step100,vision,stratified-step100,shuffled_image,ocr,200,121.5,103.5,0.6075,0.5175,0.09,35,8,157,0.05,0.1325,2000,20261297
vision_minus_shuffle,preference,mean_margin,stratified-step100,vision,stratified-step100,shuffled_image,ocr,200,133.9524838368098,5.365170795576915,0.669762419184049,0.026825853977884572,0.6429365652061644,160,40,0,0.5170106464624404,0.7703740338597979,2000,20261298
vision_minus_shuffle,preference,paired_preference,stratified-step100,vision,stratified-step100,shuffled_image,shape,200,87.0,23.0,0.435,0.115,0.32,68,4,128,0.255,0.39,2000,20261299
vision_minus_shuffle,preference,sample_preference,stratified-step100,vision,stratified-step100,shuffled_image,shape,200,143.5,98.5,0.7175,0.4925,0.225,75,4,121,0.1775,0.275,2000,20261300
vision_minus_shuffle,preference,mean_margin,stratified-step100,vision,stratified-step100,shuffled_image,shape,200,965.7343833487248,-63.07812585483771,4.828671916743624,-0.31539062927418854,5.144062546017812,186,14,0,4.563750086374348,5.71546880522219,2000,20261301
vision_minus_shuffle,preference,paired_preference,stratified-step100,vision,stratified-step100,shuffled_image,spatial,200,200.0,0.0,1.0,0.0,1.0,200,0,0,1.0,1.0,2000,20261302
vision_minus_shuffle,preference,sample_preference,stratified-step100,vision,stratified-step100,shuffled_image,spatial,200,200.0,25.0,1.0,0.125,0.875,200,0,0,0.845,0.9025,2000,20261303
vision_minus_shuffle,preference,mean_margin,stratified-step100,vision,stratified-step100,shuffled_image,spatial,200,791.3954015661147,-462.7843365378794,3.9569770078305737,-2.313921682689397,6.270898690519971,200,0,0,5.881109659500653,6.677980692630226,2000,20261304
vision_minus_shuffle,preference,paired_preference,stratified-step25,vision,stratified-step25,shuffled_image,overall,1200,242.0,87.0,0.20166666666666666,0.0725,0.12916666666666668,191,36,973,0.10583333333333333,0.15333333333333332,2000,20261305
vision_minus_shuffle,preference,sample_preference,stratified-step25,vision,stratified-step25,shuffled_image,overall,1200,711.0,581.0,0.5925,0.4841666666666667,0.10833333333333334,263,49,888,0.09125,0.12541666666666668,2000,20261306
vision_minus_shuffle,preference,mean_margin,stratified-step25,vision,stratified-step25,shuffled_image,overall,1200,990.1168573011245,-59.91026879197784,0.8250973810842704,-0.049925223993314866,0.8750226050775853,992,196,12,0.7724551283610126,0.9769445308181974,2000,20261307
vision_minus_shuffle,preference,paired_preference,stratified-step25,vision,stratified-step25,shuffled_image,color,200,38.0,11.0,0.19,0.055,0.135,34,7,159,0.075,0.195,2000,20261308
vision_minus_shuffle,preference,sample_preference,stratified-step25,vision,stratified-step25,shuffled_image,color,200,119.0,90.5,0.595,0.4525,0.1425,54,7,139,0.0975,0.1875,2000,20261309
vision_minus_shuffle,preference,mean_margin,stratified-step25,vision,stratified-step25,shuffled_image,color,200,159.3437495827675,-4.125000417232513,0.7967187479138375,-0.020625002086162567,0.81734375,171,22,7,0.6876562586426735,0.9540624991059303,2000,20261310
vision_minus_shuffle,preference,paired_preference,stratified-step25,vision,stratified-step25,shuffled_image,coordinate,200,19.0,2.0,0.095,0.01,0.085,17,0,183,0.05,0.13,2000,20261311
vision_minus_shuffle,preference,sample_preference,stratified-step25,vision,stratified-step25,shuffled_image,coordinate,200,109.5,99.0,0.5475,0.495,0.0525,18,0,182,0.03,0.0775,2000,20261312
vision_minus_shuffle,preference,mean_margin,stratified-step25,vision,stratified-step25,shuffled_image,coordinate,200,19.20315980911255,0.2759696841239929,0.09601579904556275,0.0013798484206199646,0.09463595062494277,150,48,2,0.07927129060029983,0.11021401405334473,2000,20261313
vision_minus_shuffle,preference,paired_preference,stratified-step25,vision,stratified-step25,shuffled_image,count,200,55.0,30.0,0.275,0.15,0.125,40,15,145,0.06,0.195,2000,20261314
vision_minus_shuffle,preference,sample_preference,stratified-step25,vision,stratified-step25,shuffled_image,count,200,118.0,92.5,0.59,0.4625,0.1275,71,27,102,0.075,0.1825,2000,20261315
vision_minus_shuffle,preference,mean_margin,stratified-step25,vision,stratified-step25,shuffled_image,count,200,17.93750110268593,-4.718750685453415,0.08968750551342965,-0.023593753427267074,0.11328125894069671,141,56,3,0.07890625774860383,0.14750001177191735,2000,20261316
vision_minus_shuffle,preference,paired_preference,stratified-step25,vision,stratified-step25,shuffled_image,ocr,200,21.0,9.0,0.105,0.045,0.06,17,5,178,0.015,0.105,2000,20261317
vision_minus_shuffle,preference,sample_preference,stratified-step25,vision,stratified-step25,shuffled_image,ocr,200,110.0,102.0,0.55,0.51,0.04,20,6,174,0.0125,0.0675,2000,20261318
vision_minus_shuffle,preference,mean_margin,stratified-step25,vision,stratified-step25,shuffled_image,ocr,200,71.22232532841818,5.229141960825242,0.3561116266420909,0.02614570980412621,0.3299659168379647,150,50,0,0.25362105899765375,0.4081733642192114,2000,20261319
vision_minus_shuffle,preference,paired_preference,stratified-step25,vision,stratified-step25,shuffled_image,shape,200,109.0,35.0,0.545,0.175,0.37,83,9,108,0.29,0.45,2000,20261320
vision_minus_shuffle,preference,sample_preference,stratified-step25,vision,stratified-step25,shuffled_image,shape,200,154.5,97.0,0.7725,0.485,0.2875,100,9,91,0.235,0.34,2000,20261321
vision_minus_shuffle,preference,mean_margin,stratified-step25,vision,stratified-step25,shuffled_image,shape,200,691.2187508419156,-40.06250022724271,3.456093754209578,-0.20031250113621354,3.6564062553457917,180,20,0,3.2210937378928066,4.119687497299164,2000,20261322
vision_minus_shuffle,preference,paired_preference,stratified-step25,vision,stratified-step25,shuffled_image,spatial,200,0.0,0.0,0.0,0.0,0.0,0,0,200,0.0,0.0,2000,20261323
vision_minus_shuffle,preference,sample_preference,stratified-step25,vision,stratified-step25,shuffled_image,spatial,200,100.0,100.0,0.5,0.5,0.0,0,0,200,0.0,0.0,2000,20261324
vision_minus_shuffle,preference,mean_margin,stratified-step25,vision,stratified-step25,shuffled_image,spatial,200,31.191370636224747,-16.509129106998444,0.15595685318112373,-0.08254564553499222,0.23850249871611595,200,0,0,0.21939284980297089,0.2572347980737686,2000,20261325
vision_minus_shuffle,preference,paired_preference,stratified-step50,vision,stratified-step50,shuffled_image,overall,1200,614.0,137.0,0.5116666666666667,0.11416666666666667,0.3975,525,48,627,0.36666666666666664,0.43083333333333335,2000,20261326
vision_minus_shuffle,preference,sample_preference,stratified-step50,vision,stratified-step50,shuffled_image,overall,1200,902.5,511.5,0.7520833333333333,0.42625,0.3258333333333333,573,50,577,0.30125,0.35041666666666665,2000,20261327
vision_minus_shuffle,preference,mean_margin,stratified-step50,vision,stratified-step50,shuffled_image,overall,1200,2149.647017187236,-258.39458590200326,1.7913725143226968,-0.21532882158500272,2.0067013359076995,1044,149,7,1.8286993563286842,2.208731681916118,2000,20261328
vision_minus_shuffle,preference,paired_preference,stratified-step50,vision,stratified-step50,shuffled_image,color,200,127.0,32.0,0.635,0.16,0.475,105,10,85,0.395,0.56,2000,20261329
vision_minus_shuffle,preference,sample_preference,stratified-step50,vision,stratified-step50,shuffled_image,color,200,163.5,91.5,0.8175,0.4575,0.36,116,10,74,0.3025,0.4175,2000,20261330
vision_minus_shuffle,preference,mean_margin,stratified-step50,vision,stratified-step50,shuffled_image,color,200,429.812499769032,-6.750001788139343,2.14906249884516,-0.03375000894069671,2.1828125077858567,174,24,2,1.82203125808388,2.5518749974668027,2000,20261331
vision_minus_shuffle,preference,paired_preference,stratified-step50,vision,stratified-step50,shuffled_image,coordinate,200,83.0,18.0,0.415,0.09,0.325,68,3,129,0.26,0.395,2000,20261332
vision_minus_shuffle,preference,sample_preference,stratified-step50,vision,stratified-step50,shuffled_image,coordinate,200,141.5,102.5,0.7075,0.5125,0.195,70,3,127,0.1525,0.2375,2000,20261333
vision_minus_shuffle,preference,mean_margin,stratified-step50,vision,stratified-step50,shuffled_image,coordinate,200,137.56269119679928,-0.8811658322811127,0.6878134559839963,-0.004405829161405563,0.692219285145402,174,24,2,0.5949340272694826,0.7989488597214222,2000,20261334
vision_minus_shuffle,preference,paired_preference,stratified-step50,vision,stratified-step50,shuffled_image,count,200,76.0,33.0,0.38,0.165,0.215,61,18,121,0.13,0.3,2000,20261335
vision_minus_shuffle,preference,sample_preference,stratified-step50,vision,stratified-step50,shuffled_image,count,200,134.0,92.5,0.67,0.4625,0.2075,87,20,93,0.1525,0.265,2000,20261336
vision_minus_shuffle,preference,mean_margin,stratified-step50,vision,stratified-step50,shuffled_image,count,200,66.34374901652336,-4.750000536441803,0.3317187450826168,-0.023750002682209014,0.35546874776482584,153,44,3,0.2899999944865704,0.4207812534272671,2000,20261337
vision_minus_shuffle,preference,paired_preference,stratified-step50,vision,stratified-step50,shuffled_image,ocr,200,31.0,16.0,0.155,0.08,0.075,24,9,167,0.02,0.13,2000,20261338
vision_minus_shuffle,preference,sample_preference,stratified-step50,vision,stratified-step50,shuffled_image,ocr,200,115.0,103.5,0.575,0.5175,0.0575,26,9,165,0.0225,0.095,2000,20261339
vision_minus_shuffle,preference,mean_margin,stratified-step50,vision,stratified-step50,shuffled_image,ocr,200,102.10891330582756,4.04572182496389,0.5105445665291378,0.02022860912481945,0.4903159574043183,154,46,0,0.3946122960249582,0.5949810461032957,2000,20261340
vision_minus_shuffle,preference,paired_preference,stratified-step50,vision,stratified-step50,shuffled_image,shape,200,147.0,38.0,0.735,0.19,0.545,117,8,75,0.465,0.62,2000,20261341
vision_minus_shuffle,preference,sample_preference,stratified-step50,vision,stratified-step50,shuffled_image,shape,200,173.5,96.5,0.8675,0.4825,0.385,124,8,68,0.3325,0.44,2000,20261342
vision_minus_shuffle,preference,mean_margin,stratified-step50,vision,stratified-step50,shuffled_image,shape,200,1221.8906207486289,-106.48437312792521,6.109453103743144,-0.532421865639626,6.64187496938277,189,11,0,5.9355468540109,7.3708593525475585,2000,20261343
vision_minus_shuffle,preference,paired_preference,stratified-step50,vision,stratified-step50,shuffled_image,spatial,200,150.0,0.0,0.75,0.0,0.75,150,0,50,0.69,0.805,2000,20261344
vision_minus_shuffle,preference,sample_preference,stratified-step50,vision,stratified-step50,shuffled_image,spatial,200,175.0,25.0,0.875,0.125,0.75,150,0,50,0.69,0.81,2000,20261345
vision_minus_shuffle,preference,mean_margin,stratified-step50,vision,stratified-step50,shuffled_image,spatial,200,191.92854315042496,-143.57476644217968,0.9596427157521248,-0.7178738322108984,1.6775165479630232,200,0,0,1.494321830123663,1.8505375869944691,2000,20261346
