family,modality,metric,state_a,condition_a,state_b,condition_b,task,denominator,sum_a,sum_b,mean_a,mean_b,mean_gap,a_only_better,b_only_better,equal,ci95_low,ci95_high,bootstrap_samples,seed
endpoint_minus_frozen,preference,paired_preference,lora-step25,vision,frozen-base,vision,overall,300,63.0,66.0,0.21,0.22,-0.01,21,24,255,-0.05333333333333334,0.03333333333333333,2000,20260819
endpoint_minus_frozen,preference,sample_preference,lora-step25,vision,frozen-base,vision,overall,300,179.0,182.0,0.5966666666666667,0.6066666666666667,-0.01,22,28,250,-0.035,0.013333333333333334,2000,20260820
endpoint_minus_frozen,preference,mean_margin,lora-step25,vision,frozen-base,vision,overall,300,305.0998607689249,292.0251442624345,1.0169995358964163,0.9734171475414483,0.04358238835496799,192,92,16,0.025217386339983314,0.06249525125531688,2000,20260821
endpoint_minus_frozen,preference,paired_preference,lora-step25,vision,frozen-base,vision,color,50,13.0,11.0,0.26,0.22,0.04,6,4,40,-0.08,0.18,2000,20260822
endpoint_minus_frozen,preference,sample_preference,lora-step25,vision,frozen-base,vision,color,50,31.5,30.5,0.63,0.61,0.02,6,4,40,-0.04,0.08,2000,20260823
endpoint_minus_frozen,preference,mean_margin,lora-step25,vision,frozen-base,vision,color,50,35.531248807907104,30.125000536441803,0.7106249761581421,0.6025000107288361,0.10812496542930602,43,1,6,0.08124999046325683,0.13624995231628417,2000,20260824
endpoint_minus_frozen,preference,paired_preference,lora-step25,vision,frozen-base,vision,coordinate,50,1.0,1.0,0.02,0.02,0.0,0,0,50,0.0,0.0,2000,20260825
endpoint_minus_frozen,preference,sample_preference,lora-step25,vision,frozen-base,vision,coordinate,50,25.5,25.5,0.51,0.51,0.0,0,0,50,0.0,0.0,2000,20260826
endpoint_minus_frozen,preference,mean_margin,lora-step25,vision,frozen-base,vision,coordinate,50,2.598874509334564,3.2378735542297363,0.05197749018669128,0.06475747108459473,-0.012779980897903442,19,30,1,-0.019469376802444458,-0.006466618776321411,2000,20260827
endpoint_minus_frozen,preference,paired_preference,lora-step25,vision,frozen-base,vision,count,50,1.0,8.0,0.02,0.16,-0.14,0,7,43,-0.24,-0.06,2000,20260828
endpoint_minus_frozen,preference,sample_preference,lora-step25,vision,frozen-base,vision,count,50,23.0,28.0,0.46,0.56,-0.1,1,11,38,-0.16,-0.04,2000,20260829
endpoint_minus_frozen,preference,mean_margin,lora-step25,vision,frozen-base,vision,count,50,1.7499995827674866,2.2187501192092896,0.034999991655349734,0.04437500238418579,-0.009375010728836059,17,25,8,-0.023750017285346984,0.0037499946355819703,2000,20260830
endpoint_minus_frozen,preference,paired_preference,lora-step25,vision,frozen-base,vision,ocr,50,8.0,5.0,0.16,0.1,0.06,3,0,47,0.0,0.14,2000,20260831
endpoint_minus_frozen,preference,sample_preference,lora-step25,vision,frozen-base,vision,ocr,50,29.0,27.5,0.58,0.55,0.03,3,0,47,0.0,0.07,2000,20260832
endpoint_minus_frozen,preference,mean_margin,lora-step25,vision,frozen-base,vision,ocr,50,28.169230042185102,24.095561588378178,0.563384600843702,0.48191123176756356,0.08147336907613849,35,14,1,0.04357634544372559,0.12052373933792121,2000,20260833
endpoint_minus_frozen,preference,paired_preference,lora-step25,vision,frozen-base,vision,shape,50,40.0,28.0,0.8,0.56,0.24,12,0,38,0.12,0.36,2000,20260834
endpoint_minus_frozen,preference,sample_preference,lora-step25,vision,frozen-base,vision,shape,50,45.0,39.0,0.9,0.78,0.12,12,0,38,0.06,0.18,2000,20260835
endpoint_minus_frozen,preference,mean_margin,lora-step25,vision,frozen-base,vision,shape,50,227.06250116042793,225.34375235065818,4.541250023208558,4.506875047013164,0.03437497619539499,28,22,0,-0.06000006061047316,0.12125003106892109,2000,20260836
endpoint_minus_frozen,preference,paired_preference,lora-step25,vision,frozen-base,vision,spatial,50,0.0,13.0,0.0,0.26,-0.26,0,13,37,-0.38,-0.14,2000,20260837
endpoint_minus_frozen,preference,sample_preference,lora-step25,vision,frozen-base,vision,spatial,50,25.0,31.5,0.5,0.63,-0.13,0,13,37,-0.19,-0.07,2000,20260838
endpoint_minus_frozen,preference,mean_margin,lora-step25,vision,frozen-base,vision,spatial,50,9.988006666302681,7.004206113517284,0.1997601333260536,0.1400841222703457,0.05967601105570793,50,0,0,0.04701400190591812,0.07350701287388801,2000,20260839
endpoint_minus_frozen,preference,paired_preference,lora-step50,vision,frozen-base,vision,overall,300,70.0,66.0,0.23333333333333334,0.22,0.013333333333333334,30,26,244,-0.03333333333333333,0.06333333333333334,2000,20260840
endpoint_minus_frozen,preference,sample_preference,lora-step50,vision,frozen-base,vision,overall,300,179.5,182.0,0.5983333333333334,0.6066666666666667,-0.008333333333333333,31,36,233,-0.03333333333333333,0.018333333333333333,2000,20260841
endpoint_minus_frozen,preference,mean_margin,lora-step50,vision,frozen-base,vision,overall,300,356.3347453342307,292.0251442624345,1.1877824844474356,0.9734171475414483,0.2143653369059875,235,55,10,0.17010115845383159,0.26284485112390815,2000,20260842
endpoint_minus_frozen,preference,paired_preference,lora-step50,vision,frozen-base,vision,color,50,14.0,11.0,0.28,0.22,0.06,7,4,39,-0.06,0.18,2000,20260843
endpoint_minus_frozen,preference,sample_preference,lora-step50,vision,frozen-base,vision,color,50,32.0,30.5,0.64,0.61,0.03,7,4,39,-0.03,0.09,2000,20260844
endpoint_minus_frozen,preference,mean_margin,lora-step50,vision,frozen-base,vision,color,50,39.96875214576721,30.125000536441803,0.7993750429153442,0.6025000107288361,0.19687503218650818,43,3,4,0.15875003814697267,0.23625006198883056,2000,20260845
endpoint_minus_frozen,preference,paired_preference,lora-step50,vision,frozen-base,vision,coordinate,50,2.0,1.0,0.04,0.02,0.02,2,1,47,-0.04,0.1,2000,20260846
endpoint_minus_frozen,preference,sample_preference,lora-step50,vision,frozen-base,vision,coordinate,50,26.0,25.5,0.52,0.51,0.01,2,1,47,-0.02,0.04,2000,20260847
endpoint_minus_frozen,preference,mean_margin,lora-step50,vision,frozen-base,vision,coordinate,50,3.6476290822029114,3.2378735542297363,0.07295258164405823,0.06475747108459473,0.008195110559463502,30,17,3,-0.003785865306854248,0.020480926036834716,2000,20260848
endpoint_minus_frozen,preference,paired_preference,lora-step50,vision,frozen-base,vision,count,50,0.0,8.0,0.0,0.16,-0.16,0,8,42,-0.26,-0.06,2000,20260849
endpoint_minus_frozen,preference,sample_preference,lora-step50,vision,frozen-base,vision,count,50,19.5,28.0,0.39,0.56,-0.17,1,18,31,-0.24,-0.1,2000,20260850
endpoint_minus_frozen,preference,mean_margin,lora-step50,vision,frozen-base,vision,count,50,1.4062501788139343,2.2187501192092896,0.028125003576278687,0.04437500238418579,-0.016249998807907104,23,24,3,-0.05062499463558197,0.014375,2000,20260851
endpoint_minus_frozen,preference,paired_preference,lora-step50,vision,frozen-base,vision,ocr,50,7.0,5.0,0.14,0.1,0.04,2,0,48,0.0,0.1,2000,20260852
endpoint_minus_frozen,preference,sample_preference,lora-step50,vision,frozen-base,vision,ocr,50,28.5,27.5,0.57,0.55,0.02,2,0,48,0.0,0.05,2000,20260853
endpoint_minus_frozen,preference,mean_margin,lora-step50,vision,frozen-base,vision,ocr,50,31.934724459194,24.095561588378178,0.63869448918388,0.48191123176756356,0.15678325741631646,39,11,0,0.109590616385142,0.2057977636655172,2000,20260854
endpoint_minus_frozen,preference,paired_preference,lora-step50,vision,frozen-base,vision,shape,50,47.0,28.0,0.94,0.56,0.38,19,0,31,0.24,0.52,2000,20260855
endpoint_minus_frozen,preference,sample_preference,lora-step50,vision,frozen-base,vision,shape,50,48.5,39.0,0.97,0.78,0.19,19,0,31,0.12,0.26,2000,20260856
endpoint_minus_frozen,preference,mean_margin,lora-step50,vision,frozen-base,vision,shape,50,270.28124622255564,225.34375235065818,5.4056249244511125,4.506875047013164,0.8987498774379492,50,0,0,0.7665623651817441,1.0465623695030808,2000,20260857
endpoint_minus_frozen,preference,paired_preference,lora-step50,vision,frozen-base,vision,spatial,50,0.0,13.0,0.0,0.26,-0.26,0,13,37,-0.4,-0.14,2000,20260858
endpoint_minus_frozen,preference,sample_preference,lora-step50,vision,frozen-base,vision,spatial,50,25.0,31.5,0.5,0.63,-0.13,0,13,37,-0.19,-0.07,2000,20260859
endpoint_minus_frozen,preference,mean_margin,lora-step50,vision,frozen-base,vision,spatial,50,9.096143245697021,7.004206113517284,0.18192286491394044,0.1400841222703457,0.041838742643594745,50,0,0,0.02674062818288803,0.058860915005207064,2000,20260860
endpoint_minus_frozen,preference,paired_preference,lora-step100,vision,frozen-base,vision,overall,300,73.0,66.0,0.24333333333333335,0.22,0.023333333333333334,36,29,235,-0.02666666666666667,0.07666666666666666,2000,20260861
endpoint_minus_frozen,preference,sample_preference,lora-step100,vision,frozen-base,vision,overall,300,179.0,182.0,0.5966666666666667,0.6066666666666667,-0.01,37,43,220,-0.03833333333333333,0.018333333333333333,2000,20260862
endpoint_minus_frozen,preference,mean_margin,lora-step100,vision,frozen-base,vision,overall,300,422.380020189303,292.0251442624345,1.40793340063101,0.9734171475414483,0.4345162530895618,235,57,8,0.3397312192809546,0.535440062959368,2000,20260863
endpoint_minus_frozen,preference,paired_preference,lora-step100,vision,frozen-base,vision,color,50,13.0,11.0,0.26,0.22,0.04,7,5,38,-0.1,0.18,2000,20260864
endpoint_minus_frozen,preference,sample_preference,lora-step100,vision,frozen-base,vision,color,50,31.5,30.5,0.63,0.61,0.02,7,5,38,-0.05,0.09,2000,20260865
endpoint_minus_frozen,preference,mean_margin,lora-step100,vision,frozen-base,vision,color,50,48.93749815225601,30.125000536441803,0.9787499630451202,0.6025000107288361,0.37624995231628416,45,5,0,0.2718749731779099,0.49249993622303007,2000,20260866
endpoint_minus_frozen,preference,paired_preference,lora-step100,vision,frozen-base,vision,coordinate,50,5.0,1.0,0.1,0.02,0.08,5,1,44,0.0,0.18,2000,20260867
endpoint_minus_frozen,preference,sample_preference,lora-step100,vision,frozen-base,vision,coordinate,50,27.5,25.5,0.55,0.51,0.04,5,1,44,0.0,0.09,2000,20260868
endpoint_minus_frozen,preference,mean_margin,lora-step100,vision,frozen-base,vision,coordinate,50,5.1246286034584045,3.2378735542297363,0.10249257206916809,0.06475747108459473,0.03773510098457336,25,19,6,0.013791674375534057,0.06402989268302918,2000,20260869
endpoint_minus_frozen,preference,paired_preference,lora-step100,vision,frozen-base,vision,count,50,0.0,8.0,0.0,0.16,-0.16,0,8,42,-0.26,-0.06,2000,20260870
endpoint_minus_frozen,preference,sample_preference,lora-step100,vision,frozen-base,vision,count,50,17.5,28.0,0.35,0.56,-0.21,1,22,27,-0.28,-0.14,2000,20260871
endpoint_minus_frozen,preference,mean_margin,lora-step100,vision,frozen-base,vision,count,50,-7.437500149011612,2.2187501192092896,-0.14875000298023225,0.04437500238418579,-0.19312500536441804,23,26,1,-0.38562498420476915,-0.016875003576278687,2000,20260872
endpoint_minus_frozen,preference,paired_preference,lora-step100,vision,frozen-base,vision,ocr,50,10.0,5.0,0.2,0.1,0.1,5,0,45,0.02,0.18,2000,20260873
endpoint_minus_frozen,preference,sample_preference,lora-step100,vision,frozen-base,vision,ocr,50,30.0,27.5,0.6,0.55,0.05,5,0,45,0.01,0.09,2000,20260874
endpoint_minus_frozen,preference,mean_margin,lora-step100,vision,frozen-base,vision,ocr,50,35.79496359938667,24.095561588378178,0.7158992719877334,0.48191123176756356,0.23398804022016984,42,7,1,0.1756363915715899,0.2913987069129944,2000,20260875
endpoint_minus_frozen,preference,paired_preference,lora-step100,vision,frozen-base,vision,shape,50,45.0,28.0,0.9,0.56,0.34,19,2,29,0.18,0.5,2000,20260876
endpoint_minus_frozen,preference,sample_preference,lora-step100,vision,frozen-base,vision,shape,50,47.5,39.0,0.95,0.78,0.17,19,2,29,0.09,0.25,2000,20260877
endpoint_minus_frozen,preference,mean_margin,lora-step100,vision,frozen-base,vision,shape,50,321.54687488637865,225.34375235065818,6.430937497727573,4.506875047013164,1.9240624507144093,50,0,0,1.6721874385885895,2.1790624675899744,2000,20260878
endpoint_minus_frozen,preference,paired_preference,lora-step100,vision,frozen-base,vision,spatial,50,0.0,13.0,0.0,0.26,-0.26,0,13,37,-0.4,-0.14,2000,20260879
endpoint_minus_frozen,preference,sample_preference,lora-step100,vision,frozen-base,vision,spatial,50,25.0,31.5,0.5,0.63,-0.13,0,13,37,-0.19,-0.07,2000,20260880
endpoint_minus_frozen,preference,mean_margin,lora-step100,vision,frozen-base,vision,spatial,50,18.413555096834898,7.004206113517284,0.368271101936698,0.1400841222703457,0.22818697966635226,50,0,0,0.14450013788416982,0.3217983496002853,2000,20260881
endpoint_minus_frozen,preference,paired_preference,projector-step25,vision,frozen-base,vision,overall,300,61.0,66.0,0.20333333333333334,0.22,-0.016666666666666666,33,38,229,-0.07333333333333333,0.03666666666666667,2000,20260882
endpoint_minus_frozen,preference,sample_preference,projector-step25,vision,frozen-base,vision,overall,300,177.5,182.0,0.5916666666666667,0.6066666666666667,-0.015,34,43,223,-0.043333333333333335,0.013333333333333334,2000,20260883
endpoint_minus_frozen,preference,mean_margin,projector-step25,vision,frozen-base,vision,overall,300,254.79568572612035,292.0251442624345,0.8493189524204012,0.9734171475414483,-0.12409819512104704,174,120,6,-0.20402620772721747,-0.050736933634039895,2000,20260884
endpoint_minus_frozen,preference,paired_preference,projector-step25,vision,frozen-base,vision,color,50,9.0,11.0,0.18,0.22,-0.04,5,7,38,-0.18,0.1,2000,20260885
endpoint_minus_frozen,preference,sample_preference,projector-step25,vision,frozen-base,vision,color,50,29.5,30.5,0.59,0.61,-0.02,5,7,38,-0.09,0.05,2000,20260886
endpoint_minus_frozen,preference,mean_margin,projector-step25,vision,frozen-base,vision,color,50,37.812499701976776,30.125000536441803,0.7562499940395355,0.6025000107288361,0.15374998331069947,42,8,0,0.10749997973442077,0.2043749988079071,2000,20260887
endpoint_minus_frozen,preference,paired_preference,projector-step25,vision,frozen-base,vision,coordinate,50,4.0,1.0,0.08,0.02,0.06,3,0,47,0.0,0.14,2000,20260888
endpoint_minus_frozen,preference,sample_preference,projector-step25,vision,frozen-base,vision,coordinate,50,27.0,25.5,0.54,0.51,0.03,3,0,47,0.0,0.07,2000,20260889
endpoint_minus_frozen,preference,mean_margin,projector-step25,vision,frozen-base,vision,coordinate,50,4.423322975635529,3.2378735542297363,0.08846645951271057,0.06475747108459473,0.023708988428115845,33,13,4,0.012007936239242553,0.034994871616363527,2000,20260890
endpoint_minus_frozen,preference,paired_preference,projector-step25,vision,frozen-base,vision,count,50,16.0,8.0,0.32,0.16,0.16,11,3,36,0.02,0.3,2000,20260891
endpoint_minus_frozen,preference,sample_preference,projector-step25,vision,frozen-base,vision,count,50,30.5,28.0,0.61,0.56,0.05,12,7,31,-0.03,0.14,2000,20260892
endpoint_minus_frozen,preference,mean_margin,projector-step25,vision,frozen-base,vision,count,50,5.218750298023224,2.2187501192092896,0.10437500596046448,0.04437500238418579,0.06000000357627869,36,12,2,0.030625006556510924,0.08874999821186065,2000,20260893
endpoint_minus_frozen,preference,paired_preference,projector-step25,vision,frozen-base,vision,ocr,50,5.0,5.0,0.1,0.1,0.0,3,3,44,-0.1,0.1,2000,20260894
endpoint_minus_frozen,preference,sample_preference,projector-step25,vision,frozen-base,vision,ocr,50,27.0,27.5,0.54,0.55,-0.01,3,4,43,-0.06,0.04,2000,20260895
endpoint_minus_frozen,preference,mean_margin,projector-step25,vision,frozen-base,vision,ocr,50,21.448933797790893,24.095561588378178,0.42897867595581785,0.48191123176756356,-0.052932555811745746,14,36,0,-0.08795031749634509,-0.02155675091062276,2000,20260896
endpoint_minus_frozen,preference,paired_preference,projector-step25,vision,frozen-base,vision,shape,50,27.0,28.0,0.54,0.56,-0.02,11,12,27,-0.2,0.18,2000,20260897
endpoint_minus_frozen,preference,sample_preference,projector-step25,vision,frozen-base,vision,shape,50,38.5,39.0,0.77,0.78,-0.01,11,12,27,-0.1,0.08,2000,20260898
endpoint_minus_frozen,preference,mean_margin,projector-step25,vision,frozen-base,vision,shape,50,178.09375,225.34375235065818,3.561875,4.506875047013164,-0.9450000470131635,11,39,0,-1.3234375479072333,-0.5793750689551235,2000,20260899
endpoint_minus_frozen,preference,paired_preference,projector-step25,vision,frozen-base,vision,spatial,50,0.0,13.0,0.0,0.26,-0.26,0,13,37,-0.38,-0.14,2000,20260900
endpoint_minus_frozen,preference,sample_preference,projector-step25,vision,frozen-base,vision,spatial,50,25.0,31.5,0.5,0.63,-0.13,0,13,37,-0.2,-0.07,2000,20260901
endpoint_minus_frozen,preference,mean_margin,projector-step25,vision,frozen-base,vision,spatial,50,7.798428952693939,7.004206113517284,0.1559685790538788,0.1400841222703457,0.015884456783533098,38,12,0,0.002073532044887543,0.029543064832687378,2000,20260902
endpoint_minus_frozen,preference,paired_preference,projector-step50,vision,frozen-base,vision,overall,300,158.0,66.0,0.5266666666666666,0.22,0.30666666666666664,94,2,204,0.25333333333333335,0.36333333333333334,2000,20260903
endpoint_minus_frozen,preference,sample_preference,projector-step50,vision,frozen-base,vision,overall,300,227.5,182.0,0.7583333333333333,0.6066666666666667,0.15166666666666667,95,5,200,0.12333333333333334,0.18166666666666667,2000,20260904
endpoint_minus_frozen,preference,mean_margin,projector-step50,vision,frozen-base,vision,overall,300,543.7104052717054,292.0251442624345,1.8123680175723516,0.9734171475414483,0.8389508700309033,283,16,1,0.7385532558128933,0.9423091829927224,2000,20260905
endpoint_minus_frozen,preference,paired_preference,projector-step50,vision,frozen-base,vision,color,50,29.0,11.0,0.58,0.22,0.36,18,0,32,0.24,0.5,2000,20260906
endpoint_minus_frozen,preference,sample_preference,projector-step50,vision,frozen-base,vision,color,50,39.5,30.5,0.79,0.61,0.18,18,0,32,0.11,0.25,2000,20260907
endpoint_minus_frozen,preference,mean_margin,projector-step50,vision,frozen-base,vision,color,50,102.81249975413084,30.125000536441803,2.056249995082617,0.6025000107288361,1.4537499843537807,50,0,0,1.1462499684095382,1.7624999471008778,2000,20260908
endpoint_minus_frozen,preference,paired_preference,projector-step50,vision,frozen-base,vision,coordinate,50,22.0,1.0,0.44,0.02,0.42,22,1,27,0.26,0.56,2000,20260909
endpoint_minus_frozen,preference,sample_preference,projector-step50,vision,frozen-base,vision,coordinate,50,36.0,25.5,0.72,0.51,0.21,22,1,27,0.13,0.29,2000,20260910
endpoint_minus_frozen,preference,mean_margin,projector-step50,vision,frozen-base,vision,coordinate,50,35.5944567322731,3.2378735542297363,0.711889134645462,0.06475747108459473,0.6471316635608673,50,0,0,0.5042691943049431,0.7977680942416191,2000,20260911
endpoint_minus_frozen,preference,paired_preference,projector-step50,vision,frozen-base,vision,count,50,21.0,8.0,0.42,0.16,0.26,14,1,35,0.14,0.4,2000,20260912
endpoint_minus_frozen,preference,sample_preference,projector-step50,vision,frozen-base,vision,count,50,34.0,28.0,0.68,0.56,0.12,15,4,31,0.04,0.21,2000,20260913
endpoint_minus_frozen,preference,mean_margin,projector-step50,vision,frozen-base,vision,count,50,18.281249701976776,2.2187501192092896,0.3656249940395355,0.04437500238418579,0.32124999165534973,44,5,1,0.24812498867511748,0.39749998807907105,2000,20260914
endpoint_minus_frozen,preference,paired_preference,projector-step50,vision,frozen-base,vision,ocr,50,9.0,5.0,0.18,0.1,0.08,4,0,46,0.02,0.16,2000,20260915
endpoint_minus_frozen,preference,sample_preference,projector-step50,vision,frozen-base,vision,ocr,50,29.5,27.5,0.59,0.55,0.04,4,0,46,0.01,0.08,2000,20260916
endpoint_minus_frozen,preference,mean_margin,projector-step50,vision,frozen-base,vision,ocr,50,30.80309904189337,24.095561588378178,0.6160619808378673,0.48191123176756356,0.1341507490703038,40,10,0,0.07646910431271504,0.19226766179856805,2000,20260917
endpoint_minus_frozen,preference,paired_preference,projector-step50,vision,frozen-base,vision,shape,50,40.0,28.0,0.8,0.56,0.24,12,0,38,0.12,0.36,2000,20260918
endpoint_minus_frozen,preference,sample_preference,projector-step50,vision,frozen-base,vision,shape,50,45.0,39.0,0.9,0.78,0.12,12,0,38,0.06,0.18,2000,20260919
endpoint_minus_frozen,preference,mean_margin,projector-step50,vision,frozen-base,vision,shape,50,307.96874961827416,225.34375235065818,6.159374992365483,4.506875047013164,1.6524999453523197,49,1,0,1.3921874928707256,1.9328124660998582,2000,20260920
endpoint_minus_frozen,preference,paired_preference,projector-step50,vision,frozen-base,vision,spatial,50,37.0,13.0,0.74,0.26,0.48,24,0,26,0.34,0.62,2000,20260921
endpoint_minus_frozen,preference,sample_preference,projector-step50,vision,frozen-base,vision,spatial,50,43.5,31.5,0.87,0.63,0.24,24,0,26,0.17,0.31,2000,20260922
endpoint_minus_frozen,preference,mean_margin,projector-step50,vision,frozen-base,vision,spatial,50,48.250350423157215,7.004206113517284,0.9650070084631444,0.1400841222703457,0.8249228861927986,50,0,0,0.6668313194811344,0.9853652721643448,2000,20260923
endpoint_minus_frozen,preference,paired_preference,projector-step100,vision,frozen-base,vision,overall,300,155.0,66.0,0.5166666666666667,0.22,0.2966666666666667,105,16,179,0.23333333333333334,0.36333333333333334,2000,20260924
endpoint_minus_frozen,preference,sample_preference,projector-step100,vision,frozen-base,vision,overall,300,225.0,182.0,0.75,0.6066666666666667,0.14333333333333334,106,21,173,0.11166666666666666,0.17666666666666667,2000,20260925
endpoint_minus_frozen,preference,mean_margin,projector-step100,vision,frozen-base,vision,overall,300,759.686394495463,292.0251442624345,2.5322879816515433,0.9734171475414483,1.558870834110095,263,36,1,1.3436728626470478,1.7705246941291723,2000,20260926
endpoint_minus_frozen,preference,paired_preference,projector-step100,vision,frozen-base,vision,color,50,37.0,11.0,0.74,0.22,0.52,26,0,24,0.38,0.66,2000,20260927
endpoint_minus_frozen,preference,sample_preference,projector-step100,vision,frozen-base,vision,color,50,43.5,30.5,0.87,0.61,0.26,26,0,24,0.19,0.33,2000,20260928
endpoint_minus_frozen,preference,mean_margin,projector-step100,vision,frozen-base,vision,color,50,180.0000012210803,30.125000536441803,3.600000024421606,0.6025000107288361,2.99750001369277,50,0,0,2.572500003622845,3.4737500112457202,2000,20260929
endpoint_minus_frozen,preference,paired_preference,projector-step100,vision,frozen-base,vision,coordinate,50,27.0,1.0,0.54,0.02,0.52,26,0,24,0.38,0.66,2000,20260930
endpoint_minus_frozen,preference,sample_preference,projector-step100,vision,frozen-base,vision,coordinate,50,38.5,25.5,0.77,0.51,0.26,26,0,24,0.19,0.33,2000,20260931
endpoint_minus_frozen,preference,mean_margin,projector-step100,vision,frozen-base,vision,coordinate,50,76.88749706745148,3.2378735542297363,1.5377499413490296,0.06475747108459473,1.4729924702644348,50,0,0,1.2336167612671851,1.722411286830902,2000,20260932
endpoint_minus_frozen,preference,paired_preference,projector-step100,vision,frozen-base,vision,count,50,6.0,8.0,0.12,0.16,-0.04,4,6,40,-0.16,0.08,2000,20260933
endpoint_minus_frozen,preference,sample_preference,projector-step100,vision,frozen-base,vision,count,50,25.5,28.0,0.51,0.56,-0.05,5,11,34,-0.13,0.03,2000,20260934
endpoint_minus_frozen,preference,mean_margin,projector-step100,vision,frozen-base,vision,count,50,17.562500208616257,2.2187501192092896,0.35125000417232516,0.04437500238418579,0.30687500178813937,38,11,1,0.18312500685453414,0.4443749967217445,2000,20260935
endpoint_minus_frozen,preference,paired_preference,projector-step100,vision,frozen-base,vision,ocr,50,11.0,5.0,0.22,0.1,0.12,6,0,44,0.04,0.22,2000,20260936
endpoint_minus_frozen,preference,sample_preference,projector-step100,vision,frozen-base,vision,ocr,50,30.5,27.5,0.61,0.55,0.06,6,0,44,0.02,0.11,2000,20260937
endpoint_minus_frozen,preference,mean_margin,projector-step100,vision,frozen-base,vision,ocr,50,38.66087416921343,24.095561588378178,0.7732174833842685,0.48191123176756356,0.29130625161670504,45,5,0,0.22645347381773448,0.3642661635989235,2000,20260938
endpoint_minus_frozen,preference,paired_preference,projector-step100,vision,frozen-base,vision,shape,50,24.0,28.0,0.48,0.56,-0.08,6,10,34,-0.24,0.06,2000,20260939
endpoint_minus_frozen,preference,sample_preference,projector-step100,vision,frozen-base,vision,shape,50,37.0,39.0,0.74,0.78,-0.04,6,10,34,-0.11,0.03,2000,20260940
endpoint_minus_frozen,preference,mean_margin,projector-step100,vision,frozen-base,vision,shape,50,247.32812554389238,225.34375235065818,4.946562510877848,4.506875047013164,0.4396874638646841,30,20,0,-0.051562584389466794,0.8709374594409018,2000,20260941
endpoint_minus_frozen,preference,paired_preference,projector-step100,vision,frozen-base,vision,spatial,50,50.0,13.0,1.0,0.26,0.74,37,0,13,0.62,0.86,2000,20260942
endpoint_minus_frozen,preference,sample_preference,projector-step100,vision,frozen-base,vision,spatial,50,50.0,31.5,1.0,0.63,0.37,37,0,13,0.31,0.43,2000,20260943
endpoint_minus_frozen,preference,mean_margin,projector-step100,vision,frozen-base,vision,spatial,50,199.2473962852091,7.004206113517284,3.984947925704182,0.1400841222703457,3.8448638034338365,50,0,0,3.5026195659907535,4.204306893047178,2000,20260944
lora_minus_projector,preference,paired_preference,lora-step25,vision,projector-step25,vision,overall,300,63.0,61.0,0.21,0.20333333333333334,0.006666666666666667,31,29,240,-0.043333333333333335,0.056666666666666664,2000,20260945
lora_minus_projector,preference,sample_preference,lora-step25,vision,projector-step25,vision,overall,300,179.0,177.5,0.5966666666666667,0.5916666666666667,0.005,35,32,233,-0.021666666666666667,0.03,2000,20260946
lora_minus_projector,preference,mean_margin,lora-step25,vision,projector-step25,vision,overall,300,305.0998607689249,254.79568572612035,1.0169995358964163,0.8493189524204012,0.16768058347601503,153,145,2,0.10050750301323004,0.23958144532173634,2000,20260947
lora_minus_projector,preference,paired_preference,lora-step25,vision,projector-step25,vision,color,50,13.0,9.0,0.26,0.18,0.08,11,7,32,-0.08,0.24,2000,20260948
lora_minus_projector,preference,sample_preference,lora-step25,vision,projector-step25,vision,color,50,31.5,29.5,0.63,0.59,0.04,11,7,32,-0.04,0.13,2000,20260949
lora_minus_projector,preference,mean_margin,lora-step25,vision,projector-step25,vision,color,50,35.531248807907104,37.812499701976776,0.7106249761581421,0.7562499940395355,-0.045625017881393434,18,32,0,-0.0943750262260437,0.0037499749660491943,2000,20260950
lora_minus_projector,preference,paired_preference,lora-step25,vision,projector-step25,vision,coordinate,50,1.0,4.0,0.02,0.08,-0.06,0,3,47,-0.14,0.0,2000,20260951
lora_minus_projector,preference,sample_preference,lora-step25,vision,projector-step25,vision,coordinate,50,25.5,27.0,0.51,0.54,-0.03,0,3,47,-0.07,0.0,2000,20260952
lora_minus_projector,preference,mean_margin,lora-step25,vision,projector-step25,vision,coordinate,50,2.598874509334564,4.423322975635529,0.05197749018669128,0.08846645951271057,-0.036488969326019284,9,41,0,-0.047849681377410885,-0.025272430181503297,2000,20260953
lora_minus_projector,preference,paired_preference,lora-step25,vision,projector-step25,vision,count,50,1.0,16.0,0.02,0.32,-0.3,0,15,35,-0.42,-0.18,2000,20260954
lora_minus_projector,preference,sample_preference,lora-step25,vision,projector-step25,vision,count,50,23.0,30.5,0.46,0.61,-0.15,3,18,29,-0.23,-0.07,2000,20260955
lora_minus_projector,preference,mean_margin,lora-step25,vision,projector-step25,vision,count,50,1.7499995827674866,5.218750298023224,0.034999991655349734,0.10437500596046448,-0.06937501430511475,12,36,2,-0.09500001192092895,-0.04375001013278961,2000,20260956
lora_minus_projector,preference,paired_preference,lora-step25,vision,projector-step25,vision,ocr,50,8.0,5.0,0.16,0.1,0.06,5,2,43,-0.04,0.16,2000,20260957
lora_minus_projector,preference,sample_preference,lora-step25,vision,projector-step25,vision,ocr,50,29.0,27.0,0.58,0.54,0.04,6,2,42,-0.01,0.1,2000,20260958
lora_minus_projector,preference,mean_margin,lora-step25,vision,projector-step25,vision,ocr,50,28.169230042185102,21.448933797790893,0.563384600843702,0.42897867595581785,0.13440592488788425,36,14,0,0.06482885694503793,0.20520907363437474,2000,20260959
lora_minus_projector,preference,paired_preference,lora-step25,vision,projector-step25,vision,shape,50,40.0,27.0,0.8,0.54,0.26,15,2,33,0.12,0.4,2000,20260960
lora_minus_projector,preference,sample_preference,lora-step25,vision,projector-step25,vision,shape,50,45.0,38.5,0.9,0.77,0.13,15,2,33,0.06,0.2,2000,20260961
lora_minus_projector,preference,mean_margin,lora-step25,vision,projector-step25,vision,shape,50,227.06250116042793,178.09375,4.541250023208558,3.561875,0.9793750232085585,40,10,0,0.6493750474601984,1.3087499592453242,2000,20260962
lora_minus_projector,preference,paired_preference,lora-step25,vision,projector-step25,vision,spatial,50,0.0,0.0,0.0,0.0,0.0,0,0,50,0.0,0.0,2000,20260963
lora_minus_projector,preference,sample_preference,lora-step25,vision,projector-step25,vision,spatial,50,25.0,25.0,0.5,0.5,0.0,0,0,50,0.0,0.0,2000,20260964
lora_minus_projector,preference,mean_margin,lora-step25,vision,projector-step25,vision,spatial,50,9.988006666302681,7.798428952693939,0.1997601333260536,0.1559685790538788,0.043791554272174835,38,12,0,0.021715143620967867,0.06669437423348427,2000,20260965
lora_minus_projector,preference,paired_preference,lora-step50,vision,projector-step50,vision,overall,300,70.0,158.0,0.23333333333333334,0.5266666666666666,-0.29333333333333333,8,96,196,-0.35333333333333333,-0.23333333333333334,2000,20260966
lora_minus_projector,preference,sample_preference,lora-step50,vision,projector-step50,vision,overall,300,179.5,227.5,0.5983333333333334,0.7583333333333333,-0.16,8,99,193,-0.19166666666666668,-0.12833333333333333,2000,20260967
lora_minus_projector,preference,mean_margin,lora-step50,vision,projector-step50,vision,overall,300,356.3347453342307,543.7104052717054,1.1877824844474356,1.8123680175723516,-0.6245855331249158,32,264,4,-0.7094625363019295,-0.5416061395809557,2000,20260968
lora_minus_projector,preference,paired_preference,lora-step50,vision,projector-step50,vision,color,50,14.0,29.0,0.28,0.58,-0.3,0,15,35,-0.44,-0.18,2000,20260969
lora_minus_projector,preference,sample_preference,lora-step50,vision,projector-step50,vision,color,50,32.0,39.5,0.64,0.79,-0.15,0,15,35,-0.21,-0.09,2000,20260970
lora_minus_projector,preference,mean_margin,lora-step50,vision,projector-step50,vision,color,50,39.96875214576721,102.81249975413084,0.7993750429153442,2.056249995082617,-1.2568749521672726,0,50,0,-1.5406248843669892,-0.996874962002039,2000,20260971
lora_minus_projector,preference,paired_preference,lora-step50,vision,projector-step50,vision,coordinate,50,2.0,22.0,0.04,0.44,-0.4,0,20,30,-0.52,-0.26,2000,20260972
lora_minus_projector,preference,sample_preference,lora-step50,vision,projector-step50,vision,coordinate,50,26.0,36.0,0.52,0.72,-0.2,0,20,30,-0.27,-0.13,2000,20260973
lora_minus_projector,preference,mean_margin,lora-step50,vision,projector-step50,vision,coordinate,50,3.6476290822029114,35.5944567322731,0.07295258164405823,0.711889134645462,-0.6389365530014038,0,50,0,-0.7806595742702485,-0.5142842647433281,2000,20260974
lora_minus_projector,preference,paired_preference,lora-step50,vision,projector-step50,vision,count,50,0.0,21.0,0.0,0.42,-0.42,0,21,29,-0.56,-0.28,2000,20260975
lora_minus_projector,preference,sample_preference,lora-step50,vision,projector-step50,vision,count,50,19.5,34.0,0.39,0.68,-0.29,0,24,26,-0.39,-0.2,2000,20260976
lora_minus_projector,preference,mean_margin,lora-step50,vision,projector-step50,vision,count,50,1.4062501788139343,18.281249701976776,0.028125003576278687,0.3656249940395355,-0.33749999046325685,2,44,4,-0.41749999225139617,-0.25687499284744264,2000,20260977
lora_minus_projector,preference,paired_preference,lora-step50,vision,projector-step50,vision,ocr,50,7.0,9.0,0.14,0.18,-0.04,1,3,46,-0.12,0.04,2000,20260978
lora_minus_projector,preference,sample_preference,lora-step50,vision,projector-step50,vision,ocr,50,28.5,29.5,0.57,0.59,-0.02,1,3,46,-0.06,0.02,2000,20260979
lora_minus_projector,preference,mean_margin,lora-step50,vision,projector-step50,vision,ocr,50,31.934724459194,30.80309904189337,0.63869448918388,0.6160619808378673,0.02263250834601267,27,23,0,-0.04241923134667539,0.08976741654532296,2000,20260980
lora_minus_projector,preference,paired_preference,lora-step50,vision,projector-step50,vision,shape,50,47.0,40.0,0.94,0.8,0.14,7,0,43,0.06,0.24,2000,20260981
lora_minus_projector,preference,sample_preference,lora-step50,vision,projector-step50,vision,shape,50,48.5,45.0,0.97,0.9,0.07,7,0,43,0.03,0.12,2000,20260982
lora_minus_projector,preference,mean_margin,lora-step50,vision,projector-step50,vision,shape,50,270.28124622255564,307.96874961827416,5.4056249244511125,6.159374992365483,-0.7537500679143705,3,47,0,-0.9656250541796908,-0.5575000960868783,2000,20260983
lora_minus_projector,preference,paired_preference,lora-step50,vision,projector-step50,vision,spatial,50,0.0,37.0,0.0,0.74,-0.74,0,37,13,-0.86,-0.62,2000,20260984
lora_minus_projector,preference,sample_preference,lora-step50,vision,projector-step50,vision,spatial,50,25.0,43.5,0.5,0.87,-0.37,0,37,13,-0.43,-0.31,2000,20260985
lora_minus_projector,preference,mean_margin,lora-step50,vision,projector-step50,vision,spatial,50,9.096143245697021,48.250350423157215,0.18192286491394044,0.9650070084631444,-0.7830841435492039,0,50,0,-0.9476324261724949,-0.6382438018918037,2000,20260986
lora_minus_projector,preference,paired_preference,lora-step100,vision,projector-step100,vision,overall,300,73.0,155.0,0.24333333333333335,0.5166666666666667,-0.2733333333333333,24,106,170,-0.3433333333333333,-0.21,2000,20260987
lora_minus_projector,preference,sample_preference,lora-step100,vision,projector-step100,vision,overall,300,179.0,225.0,0.5966666666666667,0.75,-0.15333333333333332,24,114,162,-0.18833333333333332,-0.11666666666666667,2000,20260988
lora_minus_projector,preference,mean_margin,lora-step100,vision,projector-step100,vision,overall,300,422.380020189303,759.686394495463,1.40793340063101,2.5322879816515433,-1.1243545810205333,53,246,1,-1.3520581569391006,-0.8937306385515646,2000,20260989
lora_minus_projector,preference,paired_preference,lora-step100,vision,projector-step100,vision,color,50,13.0,37.0,0.26,0.74,-0.48,1,25,24,-0.64,-0.34,2000,20260990
lora_minus_projector,preference,sample_preference,lora-step100,vision,projector-step100,vision,color,50,31.5,43.5,0.63,0.87,-0.24,1,25,24,-0.31,-0.17,2000,20260991
lora_minus_projector,preference,mean_margin,lora-step100,vision,projector-step100,vision,color,50,48.93749815225601,180.0000012210803,0.9787499630451202,3.600000024421606,-2.621250061376486,0,50,0,-3.0062500807084143,-2.266250065737404,2000,20260992
lora_minus_projector,preference,paired_preference,lora-step100,vision,projector-step100,vision,coordinate,50,5.0,27.0,0.1,0.54,-0.44,1,23,26,-0.58,-0.3,2000,20260993
lora_minus_projector,preference,sample_preference,lora-step100,vision,projector-step100,vision,coordinate,50,27.5,38.5,0.55,0.77,-0.22,1,23,26,-0.29,-0.15,2000,20260994
lora_minus_projector,preference,mean_margin,lora-step100,vision,projector-step100,vision,coordinate,50,5.1246286034584045,76.88749706745148,0.10249257206916809,1.5377499413490296,-1.4352573692798614,0,50,0,-1.6864543521404267,-1.1870709931850434,2000,20260995
lora_minus_projector,preference,paired_preference,lora-step100,vision,projector-step100,vision,count,50,0.0,6.0,0.0,0.12,-0.12,0,6,44,-0.22,-0.04,2000,20260996
lora_minus_projector,preference,sample_preference,lora-step100,vision,projector-step100,vision,count,50,17.5,25.5,0.35,0.51,-0.16,0,14,36,-0.24,-0.09,2000,20260997
lora_minus_projector,preference,mean_margin,lora-step100,vision,projector-step100,vision,count,50,-7.437500149011612,17.562500208616257,-0.14875000298023225,0.35125000417232516,-0.5000000071525573,5,44,1,-0.6306249940395355,-0.37124999284744264,2000,20260998
lora_minus_projector,preference,paired_preference,lora-step100,vision,projector-step100,vision,ocr,50,10.0,11.0,0.2,0.22,-0.02,1,2,47,-0.1,0.04,2000,20260999
lora_minus_projector,preference,sample_preference,lora-step100,vision,projector-step100,vision,ocr,50,30.0,30.5,0.6,0.61,-0.01,1,2,47,-0.05,0.02,2000,20261000
lora_minus_projector,preference,mean_margin,lora-step100,vision,projector-step100,vision,ocr,50,35.79496359938667,38.66087416921343,0.7158992719877334,0.7732174833842685,-0.05731821139653523,14,36,0,-0.0916731074651082,-0.025354271729787173,2000,20261001
lora_minus_projector,preference,paired_preference,lora-step100,vision,projector-step100,vision,shape,50,45.0,24.0,0.9,0.48,0.42,21,0,29,0.28,0.56,2000,20261002
lora_minus_projector,preference,sample_preference,lora-step100,vision,projector-step100,vision,shape,50,47.5,37.0,0.95,0.74,0.21,21,0,29,0.14,0.28,2000,20261003
lora_minus_projector,preference,mean_margin,lora-step100,vision,projector-step100,vision,shape,50,321.54687488637865,247.32812554389238,6.430937497727573,4.946562510877848,1.4843749868497254,34,16,0,0.9168749648635276,2.0924999809777365,2000,20261004
lora_minus_projector,preference,paired_preference,lora-step100,vision,projector-step100,vision,spatial,50,0.0,50.0,0.0,1.0,-1.0,0,50,0,-1.0,-1.0,2000,20261005
lora_minus_projector,preference,sample_preference,lora-step100,vision,projector-step100,vision,spatial,50,25.0,50.0,0.5,1.0,-0.5,0,50,0,-0.5,-0.5,2000,20261006
lora_minus_projector,preference,mean_margin,lora-step100,vision,projector-step100,vision,spatial,50,18.413555096834898,199.2473962852091,0.368271101936698,3.984947925704182,-3.616676823767484,0,50,0,-3.9832494461064925,-3.274544009633246,2000,20261007
vision_minus_shuffle,preference,paired_preference,frozen-base,vision,frozen-base,shuffled_image,overall,300,66.0,13.0,0.22,0.043333333333333335,0.17666666666666667,59,6,235,0.13,0.22666666666666666,2000,20261008
vision_minus_shuffle,preference,sample_preference,frozen-base,vision,frozen-base,shuffled_image,overall,300,182.0,137.5,0.6066666666666667,0.4583333333333333,0.14833333333333334,72,7,221,0.11166666666666666,0.185,2000,20261009
vision_minus_shuffle,preference,mean_margin,frozen-base,vision,frozen-base,shuffled_image,overall,300,292.0251442624345,-8.710227746374551,0.9734171475414483,-0.02903409248791517,1.0024512400293633,222,71,7,0.773064056038147,1.2635832339545918,2000,20261010
vision_minus_shuffle,preference,paired_preference,frozen-base,vision,frozen-base,shuffled_image,color,50,11.0,4.0,0.22,0.08,0.14,10,3,37,0.02,0.28,2000,20261011
vision_minus_shuffle,preference,sample_preference,frozen-base,vision,frozen-base,shuffled_image,color,50,30.5,22.0,0.61,0.44,0.17,17,3,30,0.08,0.27,2000,20261012
vision_minus_shuffle,preference,mean_margin,frozen-base,vision,frozen-base,shuffled_image,color,50,30.125000536441803,-3.5000004172325134,0.6025000107288361,-0.07000000834465027,0.6725000190734863,40,8,2,0.42187501907348635,0.9425000500679016,2000,20261013
vision_minus_shuffle,preference,paired_preference,frozen-base,vision,frozen-base,shuffled_image,coordinate,50,1.0,0.0,0.02,0.0,0.02,1,0,49,0.0,0.06,2000,20261014
vision_minus_shuffle,preference,sample_preference,frozen-base,vision,frozen-base,shuffled_image,coordinate,50,25.5,25.0,0.51,0.5,0.01,1,0,49,0.0,0.03,2000,20261015
vision_minus_shuffle,preference,mean_margin,frozen-base,vision,frozen-base,shuffled_image,coordinate,50,3.2378735542297363,0.16907954216003418,0.06475747108459473,0.0033815908432006836,0.061375880241394044,37,12,1,0.033791575431823734,0.08791614413261413,2000,20261016
vision_minus_shuffle,preference,paired_preference,frozen-base,vision,frozen-base,shuffled_image,count,50,8.0,2.0,0.16,0.04,0.12,7,1,42,0.02,0.22,2000,20261017
vision_minus_shuffle,preference,sample_preference,frozen-base,vision,frozen-base,shuffled_image,count,50,28.0,22.0,0.56,0.44,0.12,12,2,36,0.05,0.2,2000,20261018
vision_minus_shuffle,preference,mean_margin,frozen-base,vision,frozen-base,shuffled_image,count,50,2.2187501192092896,0.0625,0.04437500238418579,0.00125,0.04312500238418579,25,21,4,-0.0012499994039535522,0.08874999642372132,2000,20261019
vision_minus_shuffle,preference,paired_preference,frozen-base,vision,frozen-base,shuffled_image,ocr,50,5.0,0.0,0.1,0.0,0.1,5,0,45,0.02,0.18,2000,20261020
vision_minus_shuffle,preference,sample_preference,frozen-base,vision,frozen-base,shuffled_image,ocr,50,27.5,24.0,0.55,0.48,0.07,6,0,44,0.02,0.13,2000,20261021
vision_minus_shuffle,preference,mean_margin,frozen-base,vision,frozen-base,shuffled_image,ocr,50,24.095561588378178,-2.4812132267724913,0.48191123176756356,-0.049624264535449825,0.5315354963030134,38,12,0,0.34411604141053703,0.751850677558354,2000,20261022
vision_minus_shuffle,preference,paired_preference,frozen-base,vision,frozen-base,shuffled_image,shape,50,28.0,7.0,0.56,0.14,0.42,23,2,25,0.26,0.58,2000,20261023
vision_minus_shuffle,preference,sample_preference,frozen-base,vision,frozen-base,shuffled_image,shape,50,39.0,26.0,0.78,0.52,0.26,23,2,25,0.16,0.36,2000,20261024
vision_minus_shuffle,preference,mean_margin,frozen-base,vision,frozen-base,shuffled_image,shape,50,225.34375235065818,2.5937500409781933,4.506875047013164,0.051875000819563866,4.4550000461936,45,5,0,3.5771875569969414,5.340312561839819,2000,20261025
vision_minus_shuffle,preference,paired_preference,frozen-base,vision,frozen-base,shuffled_image,spatial,50,13.0,0.0,0.26,0.0,0.26,13,0,37,0.14,0.38,2000,20261026
vision_minus_shuffle,preference,sample_preference,frozen-base,vision,frozen-base,shuffled_image,spatial,50,31.5,18.5,0.63,0.37,0.26,13,0,37,0.14,0.38,2000,20261027
vision_minus_shuffle,preference,mean_margin,frozen-base,vision,frozen-base,shuffled_image,spatial,50,7.004206113517284,-5.554343685507774,0.1400841222703457,-0.11108687371015549,0.2511709959805012,37,13,0,0.187401242852211,0.3182609181106091,2000,20261028
vision_minus_shuffle,preference,paired_preference,lora-step25,vision,lora-step25,shuffled_image,overall,300,63.0,21.0,0.21,0.07,0.14,48,6,246,0.09666666666666666,0.18666666666666668,2000,20261029
vision_minus_shuffle,preference,sample_preference,lora-step25,vision,lora-step25,shuffled_image,overall,300,179.0,150.5,0.5966666666666667,0.5016666666666667,0.095,59,11,230,0.065,0.12666666666666668,2000,20261030
vision_minus_shuffle,preference,mean_margin,lora-step25,vision,lora-step25,shuffled_image,overall,300,305.0998607689249,-8.5335553946417,1.0169995358964163,-0.028445184648805667,1.0454447205452218,240,53,7,0.8117040788278812,1.2900592191563476,2000,20261031
vision_minus_shuffle,preference,paired_preference,lora-step25,vision,lora-step25,shuffled_image,color,50,13.0,6.0,0.26,0.12,0.14,10,3,37,0.0,0.28,2000,20261032
vision_minus_shuffle,preference,sample_preference,lora-step25,vision,lora-step25,shuffled_image,color,50,31.5,23.5,0.63,0.47,0.16,18,3,29,0.07,0.25,2000,20261033
vision_minus_shuffle,preference,mean_margin,lora-step25,vision,lora-step25,shuffled_image,color,50,35.531248807907104,-2.8125004172325134,0.7106249761581421,-0.05625000834465027,0.7668749845027923,43,6,1,0.4812499916553497,1.048749977350235,2000,20261034
vision_minus_shuffle,preference,paired_preference,lora-step25,vision,lora-step25,shuffled_image,coordinate,50,1.0,0.0,0.02,0.0,0.02,1,0,49,0.0,0.06,2000,20261035
vision_minus_shuffle,preference,sample_preference,lora-step25,vision,lora-step25,shuffled_image,coordinate,50,25.5,25.0,0.51,0.5,0.01,1,0,49,0.0,0.03,2000,20261036
vision_minus_shuffle,preference,mean_margin,lora-step25,vision,lora-step25,shuffled_image,coordinate,50,2.598874509334564,-0.06789028644561768,0.05197749018669128,-0.0013578057289123536,0.05333529591560364,36,13,1,0.02570693016052246,0.0826970660686493,2000,20261037
vision_minus_shuffle,preference,paired_preference,lora-step25,vision,lora-step25,shuffled_image,count,50,1.0,0.0,0.02,0.0,0.02,1,0,49,0.0,0.06,2000,20261038
vision_minus_shuffle,preference,sample_preference,lora-step25,vision,lora-step25,shuffled_image,count,50,23.0,24.0,0.46,0.48,-0.02,3,5,42,-0.08,0.03,2000,20261039
vision_minus_shuffle,preference,mean_margin,lora-step25,vision,lora-step25,shuffled_image,count,50,1.7499995827674866,-0.1562499701976776,0.034999991655349734,-0.0031249994039535523,0.03812499105930328,27,18,5,-0.014375019073486327,0.08999998688697815,2000,20261040
vision_minus_shuffle,preference,paired_preference,lora-step25,vision,lora-step25,shuffled_image,ocr,50,8.0,2.0,0.16,0.04,0.12,6,0,44,0.04,0.22,2000,20261041
vision_minus_shuffle,preference,sample_preference,lora-step25,vision,lora-step25,shuffled_image,ocr,50,29.0,24.5,0.58,0.49,0.09,7,0,43,0.03,0.16,2000,20261042
vision_minus_shuffle,preference,mean_margin,lora-step25,vision,lora-step25,shuffled_image,ocr,50,28.169230042185102,-2.825022426105681,0.563384600843702,-0.056500448522113625,0.6198850493658157,38,12,0,0.39911145941416437,0.8826593516667686,2000,20261043
vision_minus_shuffle,preference,paired_preference,lora-step25,vision,lora-step25,shuffled_image,shape,50,40.0,13.0,0.8,0.26,0.54,30,3,17,0.36,0.7,2000,20261044
vision_minus_shuffle,preference,sample_preference,lora-step25,vision,lora-step25,shuffled_image,shape,50,45.0,28.5,0.9,0.57,0.33,30,3,17,0.22,0.44,2000,20261045
vision_minus_shuffle,preference,mean_margin,lora-step25,vision,lora-step25,shuffled_image,shape,50,227.06250116042793,4.781249513849616,4.541250023208558,0.09562499027699232,4.4456250329315665,46,4,0,3.557187506109476,5.369687522165477,2000,20261046
vision_minus_shuffle,preference,paired_preference,lora-step25,vision,lora-step25,shuffled_image,spatial,50,0.0,0.0,0.0,0.0,0.0,0,0,50,0.0,0.0,2000,20261047
vision_minus_shuffle,preference,sample_preference,lora-step25,vision,lora-step25,shuffled_image,spatial,50,25.0,25.0,0.5,0.5,0.0,0,0,50,0.0,0.0,2000,20261048
vision_minus_shuffle,preference,mean_margin,lora-step25,vision,lora-step25,shuffled_image,spatial,50,9.988006666302681,-7.453141808509827,0.1997601333260536,-0.14906283617019653,0.34882296949625013,50,0,0,0.2711450316011906,0.4344297364354134,2000,20261049
vision_minus_shuffle,preference,paired_preference,lora-step50,vision,lora-step50,shuffled_image,overall,300,70.0,20.0,0.23333333333333334,0.06666666666666667,0.16666666666666666,55,5,240,0.12,0.21666666666666667,2000,20261050
vision_minus_shuffle,preference,sample_preference,lora-step50,vision,lora-step50,shuffled_image,overall,300,179.5,149.5,0.5983333333333334,0.49833333333333335,0.1,63,15,222,0.07,0.135,2000,20261051
vision_minus_shuffle,preference,mean_margin,lora-step50,vision,lora-step50,shuffled_image,overall,300,356.3347453342307,-11.813238430377986,1.1877824844474356,-0.03937746143459329,1.227159945882029,235,47,18,0.9541572905840974,1.5161011100374162,2000,20261052
vision_minus_shuffle,preference,paired_preference,lora-step50,vision,lora-step50,shuffled_image,color,50,14.0,5.0,0.28,0.1,0.18,11,2,37,0.04,0.32,2000,20261053
vision_minus_shuffle,preference,sample_preference,lora-step50,vision,lora-step50,shuffled_image,color,50,32.0,23.5,0.64,0.47,0.17,17,2,31,0.08,0.26,2000,20261054
vision_minus_shuffle,preference,mean_margin,lora-step50,vision,lora-step50,shuffled_image,color,50,39.96875214576721,-3.968749523162842,0.7993750429153442,-0.07937499046325684,0.878750033378601,43,5,2,0.5862500047683716,1.2093750464916229,2000,20261055
vision_minus_shuffle,preference,paired_preference,lora-step50,vision,lora-step50,shuffled_image,coordinate,50,2.0,0.0,0.04,0.0,0.04,2,0,48,0.0,0.1,2000,20261056
vision_minus_shuffle,preference,sample_preference,lora-step50,vision,lora-step50,shuffled_image,coordinate,50,26.0,25.0,0.52,0.5,0.02,2,0,48,0.0,0.05,2000,20261057
vision_minus_shuffle,preference,mean_margin,lora-step50,vision,lora-step50,shuffled_image,coordinate,50,3.6476290822029114,-0.26272886991500854,0.07295258164405823,-0.0052545773983001705,0.07820715904235839,39,11,0,0.04534735202789306,0.11273582816123963,2000,20261058
vision_minus_shuffle,preference,paired_preference,lora-step50,vision,lora-step50,shuffled_image,count,50,0.0,0.0,0.0,0.0,0.0,0,0,50,0.0,0.0,2000,20261059
vision_minus_shuffle,preference,sample_preference,lora-step50,vision,lora-step50,shuffled_image,count,50,19.5,23.5,0.39,0.47,-0.08,2,10,38,-0.15,-0.02,2000,20261060
vision_minus_shuffle,preference,mean_margin,lora-step50,vision,lora-step50,shuffled_image,count,50,1.4062501788139343,-0.4374995082616806,0.028125003576278687,-0.008749990165233612,0.0368749937415123,29,18,3,-0.0393750062584877,0.11249999582767486,2000,20261061
vision_minus_shuffle,preference,paired_preference,lora-step50,vision,lora-step50,shuffled_image,ocr,50,7.0,4.0,0.14,0.08,0.06,5,2,43,-0.04,0.16,2000,20261062
vision_minus_shuffle,preference,sample_preference,lora-step50,vision,lora-step50,shuffled_image,ocr,50,28.5,26.0,0.57,0.52,0.05,5,2,43,-0.01,0.12,2000,20261063
vision_minus_shuffle,preference,mean_margin,lora-step50,vision,lora-step50,shuffled_image,ocr,50,31.934724459194,-3.6762501705260533,0.63869448918388,-0.07352500341052107,0.7122194925944011,40,10,0,0.46035191679000853,0.995306492805481,2000,20261064
vision_minus_shuffle,preference,paired_preference,lora-step50,vision,lora-step50,shuffled_image,shape,50,47.0,11.0,0.94,0.22,0.72,37,1,12,0.58,0.84,2000,20261065
vision_minus_shuffle,preference,sample_preference,lora-step50,vision,lora-step50,shuffled_image,shape,50,48.5,26.5,0.97,0.53,0.44,37,1,12,0.34,0.53,2000,20261066
vision_minus_shuffle,preference,mean_margin,lora-step50,vision,lora-step50,shuffled_image,shape,50,270.28124622255564,3.0156266018748283,5.4056249244511125,0.06031253203749656,5.345312392413616,47,3,0,4.274062447249889,6.409374878033995,2000,20261067
vision_minus_shuffle,preference,paired_preference,lora-step50,vision,lora-step50,shuffled_image,spatial,50,0.0,0.0,0.0,0.0,0.0,0,0,50,0.0,0.0,2000,20261068
vision_minus_shuffle,preference,sample_preference,lora-step50,vision,lora-step50,shuffled_image,spatial,50,25.0,25.0,0.5,0.5,0.0,0,0,50,0.0,0.0,2000,20261069
vision_minus_shuffle,preference,mean_margin,lora-step50,vision,lora-step50,shuffled_image,spatial,50,9.096143245697021,-6.48363696038723,0.18192286491394044,-0.1296727392077446,0.311595604121685,37,0,13,0.2212365336716175,0.41659560188651085,2000,20261070
vision_minus_shuffle,preference,paired_preference,lora-step100,vision,lora-step100,shuffled_image,overall,300,73.0,20.0,0.24333333333333335,0.06666666666666667,0.17666666666666667,57,4,239,0.13,0.22666666666666666,2000,20261071
vision_minus_shuffle,preference,sample_preference,lora-step100,vision,lora-step100,shuffled_image,overall,300,179.0,146.5,0.5966666666666667,0.48833333333333334,0.10833333333333334,68,13,219,0.075,0.14333333333333334,2000,20261072
vision_minus_shuffle,preference,mean_margin,lora-step100,vision,lora-step100,shuffled_image,overall,300,422.380020189303,-24.482534145368707,1.40793340063101,-0.08160844715122902,1.489541847782239,230,56,14,1.1597771497333629,1.8298100379007973,2000,20261073
vision_minus_shuffle,preference,paired_preference,lora-step100,vision,lora-step100,shuffled_image,color,50,13.0,4.0,0.26,0.08,0.18,10,1,39,0.06,0.3,2000,20261074
vision_minus_shuffle,preference,sample_preference,lora-step100,vision,lora-step100,shuffled_image,color,50,31.5,22.5,0.63,0.45,0.18,18,1,31,0.1,0.26,2000,20261075
vision_minus_shuffle,preference,mean_margin,lora-step100,vision,lora-step100,shuffled_image,color,50,48.93749815225601,-4.9062501192092896,0.9787499630451202,-0.0981250023841858,1.076874965429306,44,5,1,0.696249948143959,1.4774999755620957,2000,20261076
vision_minus_shuffle,preference,paired_preference,lora-step100,vision,lora-step100,shuffled_image,coordinate,50,5.0,1.0,0.1,0.02,0.08,4,0,46,0.02,0.16,2000,20261077
vision_minus_shuffle,preference,sample_preference,lora-step100,vision,lora-step100,shuffled_image,coordinate,50,27.5,25.5,0.55,0.51,0.04,4,0,46,0.01,0.08,2000,20261078
vision_minus_shuffle,preference,mean_margin,lora-step100,vision,lora-step100,shuffled_image,coordinate,50,5.1246286034584045,-0.7593338489532471,0.10249257206916809,-0.015186676979064942,0.11767924904823303,37,13,0,0.0662136733531952,0.17127711415290833,2000,20261079
vision_minus_shuffle,preference,paired_preference,lora-step100,vision,lora-step100,shuffled_image,count,50,0.0,3.0,0.0,0.06,-0.06,0,3,47,-0.14,0.0,2000,20261080
vision_minus_shuffle,preference,sample_preference,lora-step100,vision,lora-step100,shuffled_image,count,50,17.5,23.5,0.35,0.47,-0.12,2,12,36,-0.21,-0.04,2000,20261081
vision_minus_shuffle,preference,mean_margin,lora-step100,vision,lora-step100,shuffled_image,count,50,-7.437500149011612,-3.0312499403953552,-0.14875000298023225,-0.0606249988079071,-0.08812500417232513,25,25,0,-0.3050000154972076,0.1212499749660492,2000,20261082
vision_minus_shuffle,preference,paired_preference,lora-step100,vision,lora-step100,shuffled_image,ocr,50,10.0,3.0,0.2,0.06,0.14,7,0,43,0.06,0.24,2000,20261083
vision_minus_shuffle,preference,sample_preference,lora-step100,vision,lora-step100,shuffled_image,ocr,50,30.0,25.0,0.6,0.5,0.1,8,0,42,0.04,0.17,2000,20261084
vision_minus_shuffle,preference,mean_margin,lora-step100,vision,lora-step100,shuffled_image,ocr,50,35.79496359938667,-3.2142708891914014,0.7158992719877334,-0.06428541778382803,0.7801846897715614,40,10,0,0.5206280269849869,1.0885441711062476,2000,20261085
vision_minus_shuffle,preference,paired_preference,lora-step100,vision,lora-step100,shuffled_image,shape,50,45.0,9.0,0.9,0.18,0.72,36,0,14,0.6,0.84,2000,20261086
vision_minus_shuffle,preference,sample_preference,lora-step100,vision,lora-step100,shuffled_image,shape,50,47.5,25.0,0.95,0.5,0.45,36,0,14,0.36,0.54,2000,20261087
vision_minus_shuffle,preference,mean_margin,lora-step100,vision,lora-step100,shuffled_image,shape,50,321.54687488637865,1.187501149252057,6.430937497727573,0.02375002298504114,6.407187474742532,47,3,0,5.125624967385083,7.612812435533852,2000,20261088
vision_minus_shuffle,preference,paired_preference,lora-step100,vision,lora-step100,shuffled_image,spatial,50,0.0,0.0,0.0,0.0,0.0,0,0,50,0.0,0.0,2000,20261089
vision_minus_shuffle,preference,sample_preference,lora-step100,vision,lora-step100,shuffled_image,spatial,50,25.0,25.0,0.5,0.5,0.0,0,0,50,0.0,0.0,2000,20261090
vision_minus_shuffle,preference,mean_margin,lora-step100,vision,lora-step100,shuffled_image,spatial,50,18.413555096834898,-13.758930496871471,0.368271101936698,-0.27517860993742943,0.6434497118741274,37,0,13,0.4438691713474691,0.8654115039482713,2000,20261091
vision_minus_shuffle,preference,paired_preference,projector-step25,vision,projector-step25,shuffled_image,overall,300,61.0,22.0,0.20333333333333334,0.07333333333333333,0.13,46,7,247,0.08333333333333333,0.17666666666666667,2000,20261092
vision_minus_shuffle,preference,sample_preference,projector-step25,vision,projector-step25,shuffled_image,overall,300,177.5,147.5,0.5916666666666667,0.49166666666666664,0.1,63,12,225,0.07,0.13166666666666665,2000,20261093
vision_minus_shuffle,preference,mean_margin,projector-step25,vision,projector-step25,shuffled_image,overall,300,254.79568572612035,12.635175334910551,0.8493189524204012,0.042117251116368506,0.8072017013040327,240,57,3,0.6425164196712394,1.0027944947703489,2000,20261094
vision_minus_shuffle,preference,paired_preference,projector-step25,vision,projector-step25,shuffled_image,color,50,9.0,3.0,0.18,0.06,0.12,9,3,38,-0.02,0.26,2000,20261095
vision_minus_shuffle,preference,sample_preference,projector-step25,vision,projector-step25,shuffled_image,color,50,29.5,22.5,0.59,0.45,0.14,15,3,32,0.05,0.23,2000,20261096
vision_minus_shuffle,preference,mean_margin,projector-step25,vision,projector-step25,shuffled_image,color,50,37.812499701976776,-1.71875,0.7562499940395355,-0.034375,0.7906249940395356,40,7,3,0.5375,1.073749988079071,2000,20261097
vision_minus_shuffle,preference,paired_preference,projector-step25,vision,projector-step25,shuffled_image,coordinate,50,4.0,0.0,0.08,0.0,0.08,4,0,46,0.02,0.16,2000,20261098
vision_minus_shuffle,preference,sample_preference,projector-step25,vision,projector-step25,shuffled_image,coordinate,50,27.0,25.0,0.54,0.5,0.04,4,0,46,0.01,0.08,2000,20261099
vision_minus_shuffle,preference,mean_margin,projector-step25,vision,projector-step25,shuffled_image,coordinate,50,4.423322975635529,0.057166993618011475,0.08846645951271057,0.0011433398723602296,0.08732311964035035,38,12,0,0.06001427412033081,0.11799812436103821,2000,20261100
vision_minus_shuffle,preference,paired_preference,projector-step25,vision,projector-step25,shuffled_image,count,50,16.0,8.0,0.32,0.16,0.16,10,2,38,0.04,0.3,2000,20261101
vision_minus_shuffle,preference,sample_preference,projector-step25,vision,projector-step25,shuffled_image,count,50,30.5,22.0,0.61,0.44,0.17,18,6,26,0.06,0.29,2000,20261102
vision_minus_shuffle,preference,mean_margin,projector-step25,vision,projector-step25,shuffled_image,count,50,5.218750298023224,-0.2187502086162567,0.10437500596046448,-0.004375004172325134,0.1087500101327896,31,19,0,0.0343750137090683,0.18437502562999725,2000,20261103
vision_minus_shuffle,preference,paired_preference,projector-step25,vision,projector-step25,shuffled_image,ocr,50,5.0,2.0,0.1,0.04,0.06,3,0,47,0.0,0.14,2000,20261104
vision_minus_shuffle,preference,sample_preference,projector-step25,vision,projector-step25,shuffled_image,ocr,50,27.0,26.0,0.54,0.52,0.02,3,1,46,-0.02,0.06,2000,20261105
vision_minus_shuffle,preference,mean_margin,projector-step25,vision,projector-step25,shuffled_image,ocr,50,21.448933797790893,-0.24105091889699315,0.42897867595581785,-0.004821018377939863,0.4337996943337577,35,15,0,0.2537174160821098,0.639032406602587,2000,20261106
vision_minus_shuffle,preference,paired_preference,projector-step25,vision,projector-step25,shuffled_image,shape,50,27.0,9.0,0.54,0.18,0.36,20,2,28,0.22,0.52,2000,20261107
vision_minus_shuffle,preference,sample_preference,projector-step25,vision,projector-step25,shuffled_image,shape,50,38.5,27.0,0.77,0.54,0.23,23,2,25,0.15,0.33,2000,20261108
vision_minus_shuffle,preference,mean_margin,projector-step25,vision,projector-step25,shuffled_image,shape,50,178.09375,18.843750454485416,3.561875,0.37687500908970833,3.1849999909102915,46,4,0,2.48999998241663,3.906874969378114,2000,20261109
vision_minus_shuffle,preference,paired_preference,projector-step25,vision,projector-step25,shuffled_image,spatial,50,0.0,0.0,0.0,0.0,0.0,0,0,50,0.0,0.0,2000,20261110
vision_minus_shuffle,preference,sample_preference,projector-step25,vision,projector-step25,shuffled_image,spatial,50,25.0,25.0,0.5,0.5,0.0,0,0,50,0.0,0.0,2000,20261111
vision_minus_shuffle,preference,mean_margin,projector-step25,vision,projector-step25,shuffled_image,spatial,50,7.798428952693939,-4.0871909856796265,0.1559685790538788,-0.08174381971359253,0.2377123987674713,50,0,0,0.2002831995487213,0.2752123975753784,2000,20261112
vision_minus_shuffle,preference,paired_preference,projector-step50,vision,projector-step50,shuffled_image,overall,300,158.0,38.0,0.5266666666666666,0.12666666666666668,0.4,130,10,160,0.33666666666666667,0.4633333333333333,2000,20261113
vision_minus_shuffle,preference,sample_preference,projector-step50,vision,projector-step50,shuffled_image,overall,300,227.5,134.5,0.7583333333333333,0.4483333333333333,0.31,140,12,148,0.2633333333333333,0.35833333333333334,2000,20261114
vision_minus_shuffle,preference,mean_margin,projector-step50,vision,projector-step50,shuffled_image,overall,300,543.7104052717054,-26.943934770109173,1.8123680175723516,-0.08981311590036391,1.9021811334727154,260,37,3,1.6116660874676116,2.2252588911159847,2000,20261115
vision_minus_shuffle,preference,paired_preference,projector-step50,vision,projector-step50,shuffled_image,color,50,29.0,8.0,0.58,0.16,0.42,22,1,27,0.28,0.56,2000,20261116
vision_minus_shuffle,preference,sample_preference,projector-step50,vision,projector-step50,shuffled_image,color,50,39.5,23.0,0.79,0.46,0.33,25,1,24,0.22,0.44,2000,20261117
vision_minus_shuffle,preference,mean_margin,projector-step50,vision,projector-step50,shuffled_image,color,50,102.81249975413084,-6.218749165534973,2.056249995082617,-0.12437498331069946,2.1806249783933165,43,6,1,1.4612499915063382,2.9024999864399432,2000,20261118
vision_minus_shuffle,preference,paired_preference,projector-step50,vision,projector-step50,shuffled_image,coordinate,50,22.0,8.0,0.44,0.16,0.28,15,1,34,0.14,0.42,2000,20261119
vision_minus_shuffle,preference,sample_preference,projector-step50,vision,projector-step50,shuffled_image,coordinate,50,36.0,28.0,0.72,0.56,0.16,16,1,33,0.09,0.24,2000,20261120
vision_minus_shuffle,preference,mean_margin,projector-step50,vision,projector-step50,shuffled_image,coordinate,50,35.5944567322731,2.739195689558983,0.711889134645462,0.05478391379117966,0.6571052208542824,43,7,0,0.4715429431200027,0.8547246351838111,2000,20261121
vision_minus_shuffle,preference,paired_preference,projector-step50,vision,projector-step50,shuffled_image,count,50,21.0,6.0,0.42,0.12,0.3,18,3,29,0.14,0.46,2000,20261122
vision_minus_shuffle,preference,sample_preference,projector-step50,vision,projector-step50,shuffled_image,count,50,34.0,23.0,0.68,0.46,0.22,24,5,21,0.12,0.32,2000,20261123
vision_minus_shuffle,preference,mean_margin,projector-step50,vision,projector-step50,shuffled_image,count,50,18.281249701976776,0.06249997019767761,0.3656249940395355,0.0012499994039535522,0.364374994635582,38,10,2,0.24687498152256013,0.5006249964237213,2000,20261124
vision_minus_shuffle,preference,paired_preference,projector-step50,vision,projector-step50,shuffled_image,ocr,50,9.0,5.0,0.18,0.1,0.08,7,3,40,-0.04,0.2,2000,20261125
vision_minus_shuffle,preference,sample_preference,projector-step50,vision,projector-step50,shuffled_image,ocr,50,29.5,26.5,0.59,0.53,0.06,7,3,40,-0.01,0.14,2000,20261126
vision_minus_shuffle,preference,mean_margin,projector-step50,vision,projector-step50,shuffled_image,ocr,50,30.80309904189337,-1.0064349662689922,0.6160619808378673,-0.020128699325379844,0.6361906801632472,40,10,0,0.40686364221572874,0.8723847436677841,2000,20261127
vision_minus_shuffle,preference,paired_preference,projector-step50,vision,projector-step50,shuffled_image,shape,50,40.0,11.0,0.8,0.22,0.58,31,2,17,0.42,0.74,2000,20261128
vision_minus_shuffle,preference,sample_preference,projector-step50,vision,projector-step50,shuffled_image,shape,50,45.0,27.5,0.9,0.55,0.35,31,2,17,0.25,0.45,2000,20261129
vision_minus_shuffle,preference,mean_margin,projector-step50,vision,projector-step50,shuffled_image,shape,50,307.96874961827416,13.187497662962414,6.159374992365483,0.26374995325924827,5.895625039106235,46,4,0,4.750312555236742,7.0662500290176835,2000,20261130
vision_minus_shuffle,preference,paired_preference,projector-step50,vision,projector-step50,shuffled_image,spatial,50,37.0,0.0,0.74,0.0,0.74,37,0,13,0.62,0.86,2000,20261131
vision_minus_shuffle,preference,sample_preference,projector-step50,vision,projector-step50,shuffled_image,spatial,50,43.5,6.5,0.87,0.13,0.74,37,0,13,0.62,0.86,2000,20261132
vision_minus_shuffle,preference,mean_margin,projector-step50,vision,projector-step50,shuffled_image,spatial,50,48.250350423157215,-35.707943961024284,0.9650070084631444,-0.7141588792204857,1.67916588768363,50,0,0,1.323367203772068,2.026909286528826,2000,20261133
vision_minus_shuffle,preference,paired_preference,projector-step100,vision,projector-step100,shuffled_image,overall,300,155.0,44.0,0.5166666666666667,0.14666666666666667,0.37,124,13,163,0.30666666666666664,0.43333333333333335,2000,20261134
vision_minus_shuffle,preference,sample_preference,projector-step100,vision,projector-step100,shuffled_image,overall,300,225.0,132.5,0.75,0.44166666666666665,0.30833333333333335,141,16,143,0.26,0.3566666666666667,2000,20261135
vision_minus_shuffle,preference,mean_margin,projector-step100,vision,projector-step100,shuffled_image,overall,300,759.686394495463,-91.41913952703084,2.5322879816515433,-0.30473046509010276,2.837018446741646,259,37,4,2.477114503309428,3.209716144339978,2000,20261136
vision_minus_shuffle,preference,paired_preference,projector-step100,vision,projector-step100,shuffled_image,color,50,37.0,14.0,0.74,0.28,0.46,25,2,23,0.3,0.62,2000,20261137
vision_minus_shuffle,preference,sample_preference,projector-step100,vision,projector-step100,shuffled_image,color,50,43.5,25.5,0.87,0.51,0.36,28,2,20,0.25,0.48,2000,20261138
vision_minus_shuffle,preference,mean_margin,projector-step100,vision,projector-step100,shuffled_image,color,50,180.0000012210803,0.4999992549419403,3.600000024421606,0.009999985098838806,3.5900000393227676,43,6,1,2.7012500285473653,4.587500035723206,2000,20261139
vision_minus_shuffle,preference,paired_preference,projector-step100,vision,projector-step100,shuffled_image,coordinate,50,27.0,8.0,0.54,0.16,0.38,19,0,31,0.24,0.52,2000,20261140
vision_minus_shuffle,preference,sample_preference,projector-step100,vision,projector-step100,shuffled_image,coordinate,50,38.5,26.0,0.77,0.52,0.25,22,0,28,0.17,0.34,2000,20261141
vision_minus_shuffle,preference,mean_margin,projector-step100,vision,projector-step100,shuffled_image,coordinate,50,76.88749706745148,5.277882695198059,1.5377499413490296,0.10555765390396118,1.4321922874450683,46,4,0,1.0958529686927796,1.7975823733210563,2000,20261142
vision_minus_shuffle,preference,paired_preference,projector-step100,vision,projector-step100,shuffled_image,count,50,6.0,8.0,0.12,0.16,-0.04,6,8,36,-0.2,0.12,2000,20261143
vision_minus_shuffle,preference,sample_preference,projector-step100,vision,projector-step100,shuffled_image,count,50,25.5,22.5,0.51,0.45,0.06,14,11,25,-0.04,0.18,2000,20261144
vision_minus_shuffle,preference,mean_margin,projector-step100,vision,projector-step100,shuffled_image,count,50,17.562500208616257,-1.9999999329447746,0.35125000417232516,-0.039999998658895496,0.39125000283122063,33,14,3,0.17125000089406966,0.6187500052154065,2000,20261145
vision_minus_shuffle,preference,paired_preference,projector-step100,vision,projector-step100,shuffled_image,ocr,50,11.0,6.0,0.22,0.12,0.1,6,1,43,0.0,0.2,2000,20261146
vision_minus_shuffle,preference,sample_preference,projector-step100,vision,projector-step100,shuffled_image,ocr,50,30.5,26.0,0.61,0.52,0.09,8,1,41,0.02,0.16,2000,20261147
vision_minus_shuffle,preference,mean_margin,projector-step100,vision,projector-step100,shuffled_image,ocr,50,38.66087416921343,-0.894407089551289,0.7732174833842685,-0.01788814179102578,0.7911056251752945,40,10,0,0.49448947874704996,1.1093656761078605,2000,20261148
vision_minus_shuffle,preference,paired_preference,projector-step100,vision,projector-step100,shuffled_image,shape,50,24.0,8.0,0.48,0.16,0.32,18,2,30,0.18,0.48,2000,20261149
vision_minus_shuffle,preference,sample_preference,projector-step100,vision,projector-step100,shuffled_image,shape,50,37.0,26.0,0.74,0.52,0.22,19,2,29,0.12,0.32,2000,20261150
vision_minus_shuffle,preference,mean_margin,projector-step100,vision,projector-step100,shuffled_image,shape,50,247.32812554389238,20.640626314096153,4.946562510877848,0.41281252628192305,4.533749984595925,47,3,0,3.645937407296151,5.450937439515255,2000,20261151
vision_minus_shuffle,preference,paired_preference,projector-step100,vision,projector-step100,shuffled_image,spatial,50,50.0,0.0,1.0,0.0,1.0,50,0,0,1.0,1.0,2000,20261152
vision_minus_shuffle,preference,sample_preference,projector-step100,vision,projector-step100,shuffled_image,spatial,50,50.0,6.5,1.0,0.13,0.87,50,0,0,0.81,0.93,2000,20261153
vision_minus_shuffle,preference,mean_margin,projector-step100,vision,projector-step100,shuffled_image,spatial,50,199.2473962852091,-114.94324076877092,3.984947925704182,-2.2988648153754183,6.2838127410796005,50,0,0,5.480906547099584,7.067953268345446,2000,20261154
within_arm_later_minus_earlier,preference,paired_preference,lora-step50,vision,lora-step25,vision,overall,300,70.0,63.0,0.23333333333333334,0.21,0.023333333333333334,13,6,281,-0.0033333333333333335,0.05333333333333334,2000,20261155
within_arm_later_minus_earlier,preference,sample_preference,lora-step50,vision,lora-step25,vision,overall,300,179.5,179.0,0.5983333333333334,0.5966666666666667,0.0016666666666666668,14,13,273,-0.015,0.018333333333333333,2000,20261156
within_arm_later_minus_earlier,preference,mean_margin,lora-step50,vision,lora-step25,vision,overall,300,356.3347453342307,305.0998607689249,1.1877824844474356,1.0169995358964163,0.17078294855101953,199,90,11,0.13240280510562044,0.21256815641828708,2000,20261157
within_arm_later_minus_earlier,preference,paired_preference,lora-step50,vision,lora-step25,vision,color,50,14.0,13.0,0.28,0.26,0.02,3,2,45,-0.08,0.1,2000,20261158
within_arm_later_minus_earlier,preference,sample_preference,lora-step50,vision,lora-step25,vision,color,50,32.0,31.5,0.64,0.63,0.01,3,2,45,-0.03,0.06,2000,20261159
within_arm_later_minus_earlier,preference,mean_margin,lora-step50,vision,lora-step25,vision,color,50,39.96875214576721,35.531248807907104,0.7993750429153442,0.7106249761581421,0.08875006675720215,37,6,7,0.06312503695487975,0.11812504649162292,2000,20261160
within_arm_later_minus_earlier,preference,paired_preference,lora-step50,vision,lora-step25,vision,coordinate,50,2.0,1.0,0.04,0.02,0.02,2,1,47,-0.06,0.08,2000,20261161
within_arm_later_minus_earlier,preference,sample_preference,lora-step50,vision,lora-step25,vision,coordinate,50,26.0,25.5,0.52,0.51,0.01,2,1,47,-0.02,0.04,2000,20261162
within_arm_later_minus_earlier,preference,mean_margin,lora-step50,vision,lora-step25,vision,coordinate,50,3.6476290822029114,2.598874509334564,0.07295258164405823,0.05197749018669128,0.020975091457366944,36,14,0,0.01141742467880249,0.0318506646156311,2000,20261163
within_arm_later_minus_earlier,preference,paired_preference,lora-step50,vision,lora-step25,vision,count,50,0.0,1.0,0.0,0.02,-0.02,0,1,49,-0.06,0.0,2000,20261164
within_arm_later_minus_earlier,preference,sample_preference,lora-step50,vision,lora-step25,vision,count,50,19.5,23.0,0.39,0.46,-0.07,1,8,41,-0.13,-0.02,2000,20261165
within_arm_later_minus_earlier,preference,mean_margin,lora-step50,vision,lora-step25,vision,count,50,1.4062501788139343,1.7499995827674866,0.028125003576278687,0.034999991655349734,-0.006874988079071045,23,23,4,-0.029374992847442626,0.015000020861625671,2000,20261166
within_arm_later_minus_earlier,preference,paired_preference,lora-step50,vision,lora-step25,vision,ocr,50,7.0,8.0,0.14,0.16,-0.02,1,2,47,-0.08,0.04,2000,20261167
within_arm_later_minus_earlier,preference,sample_preference,lora-step50,vision,lora-step25,vision,ocr,50,28.5,29.0,0.57,0.58,-0.01,1,2,47,-0.05,0.02,2000,20261168
within_arm_later_minus_earlier,preference,mean_margin,lora-step50,vision,lora-step25,vision,ocr,50,31.934724459194,28.169230042185102,0.63869448918388,0.563384600843702,0.07530988834017797,41,9,0,0.047418978668394604,0.10318427115394957,2000,20261169
within_arm_later_minus_earlier,preference,paired_preference,lora-step50,vision,lora-step25,vision,shape,50,47.0,40.0,0.94,0.8,0.14,7,0,43,0.06,0.24,2000,20261170
within_arm_later_minus_earlier,preference,sample_preference,lora-step50,vision,lora-step25,vision,shape,50,48.5,45.0,0.97,0.9,0.07,7,0,43,0.03,0.12,2000,20261171
within_arm_later_minus_earlier,preference,mean_margin,lora-step50,vision,lora-step25,vision,shape,50,270.28124622255564,227.06250116042793,5.4056249244511125,4.541250023208558,0.8643749012425542,50,0,0,0.7478123766928911,0.990624872930348,2000,20261172
within_arm_later_minus_earlier,preference,paired_preference,lora-step50,vision,lora-step25,vision,spatial,50,0.0,0.0,0.0,0.0,0.0,0,0,50,0.0,0.0,2000,20261173
within_arm_later_minus_earlier,preference,sample_preference,lora-step50,vision,lora-step25,vision,spatial,50,25.0,25.0,0.5,0.5,0.0,0,0,50,0.0,0.0,2000,20261174
within_arm_later_minus_earlier,preference,mean_margin,lora-step50,vision,lora-step25,vision,spatial,50,9.096143245697021,9.988006666302681,0.18192286491394044,0.1997601333260536,-0.01783726841211319,12,38,0,-0.02921953782439232,-0.006719541847705841,2000,20261175
within_arm_later_minus_earlier,preference,paired_preference,lora-step100,vision,lora-step50,vision,overall,300,73.0,70.0,0.24333333333333335,0.23333333333333334,0.01,18,15,267,-0.02666666666666667,0.04666666666666667,2000,20261176
within_arm_later_minus_earlier,preference,sample_preference,lora-step100,vision,lora-step50,vision,overall,300,179.0,179.5,0.5966666666666667,0.5983333333333334,-0.0016666666666666668,18,19,263,-0.023333333333333334,0.018333333333333333,2000,20261177
within_arm_later_minus_earlier,preference,mean_margin,lora-step100,vision,lora-step50,vision,overall,300,422.380020189303,356.3347453342307,1.40793340063101,1.1877824844474356,0.22015091618357435,198,83,19,0.1601963008756025,0.28266140310466287,2000,20261178
within_arm_later_minus_earlier,preference,paired_preference,lora-step100,vision,lora-step50,vision,color,50,13.0,14.0,0.26,0.28,-0.02,6,7,37,-0.16,0.12,2000,20261179
within_arm_later_minus_earlier,preference,sample_preference,lora-step100,vision,lora-step50,vision,color,50,31.5,32.0,0.63,0.64,-0.01,6,7,37,-0.08,0.06,2000,20261180
within_arm_later_minus_earlier,preference,mean_margin,lora-step100,vision,lora-step50,vision,color,50,48.93749815225601,39.96875214576721,0.9787499630451202,0.7993750429153442,0.179374920129776,38,9,3,0.0949999612569809,0.2693748939037323,2000,20261181
within_arm_later_minus_earlier,preference,paired_preference,lora-step100,vision,lora-step50,vision,coordinate,50,5.0,2.0,0.1,0.04,0.06,5,2,43,-0.04,0.16,2000,20261182
within_arm_later_minus_earlier,preference,sample_preference,lora-step100,vision,lora-step50,vision,coordinate,50,27.5,26.0,0.55,0.52,0.03,5,2,43,-0.02,0.08,2000,20261183
within_arm_later_minus_earlier,preference,mean_margin,lora-step100,vision,lora-step50,vision,coordinate,50,5.1246286034584045,3.6476290822029114,0.10249257206916809,0.07295258164405823,0.029539990425109863,23,24,3,0.011153322458267213,0.049027650356292723,2000,20261184
within_arm_later_minus_earlier,preference,paired_preference,lora-step100,vision,lora-step50,vision,count,50,0.0,0.0,0.0,0.0,0.0,0,0,50,0.0,0.0,2000,20261185
within_arm_later_minus_earlier,preference,sample_preference,lora-step100,vision,lora-step50,vision,count,50,17.5,19.5,0.35,0.39,-0.04,0,4,46,-0.08,-0.01,2000,20261186
within_arm_later_minus_earlier,preference,mean_margin,lora-step100,vision,lora-step50,vision,count,50,-7.437500149011612,1.4062501788139343,-0.14875000298023225,0.028125003576278687,-0.17687500655651092,24,26,0,-0.3268750062584877,-0.03374999821186066,2000,20261187
within_arm_later_minus_earlier,preference,paired_preference,lora-step100,vision,lora-step50,vision,ocr,50,10.0,7.0,0.2,0.14,0.06,4,1,45,-0.02,0.16,2000,20261188
within_arm_later_minus_earlier,preference,sample_preference,lora-step100,vision,lora-step50,vision,ocr,50,30.0,28.5,0.6,0.57,0.03,4,1,45,-0.01,0.08,2000,20261189
within_arm_later_minus_earlier,preference,mean_margin,lora-step100,vision,lora-step50,vision,ocr,50,35.79496359938667,31.934724459194,0.7158992719877334,0.63869448918388,0.07720478280385336,40,10,0,0.044743640581766775,0.10966678984959916,2000,20261190
within_arm_later_minus_earlier,preference,paired_preference,lora-step100,vision,lora-step50,vision,shape,50,45.0,47.0,0.9,0.94,-0.04,3,5,42,-0.16,0.06,2000,20261191
within_arm_later_minus_earlier,preference,sample_preference,lora-step100,vision,lora-step50,vision,shape,50,47.5,48.5,0.95,0.97,-0.02,3,5,42,-0.07,0.03,2000,20261192
within_arm_later_minus_earlier,preference,mean_margin,lora-step100,vision,lora-step50,vision,shape,50,321.54687488637865,270.28124622255564,6.430937497727573,5.4056249244511125,1.02531257327646,48,2,0,0.8506250927038491,1.1850000723823906,2000,20261193
within_arm_later_minus_earlier,preference,paired_preference,lora-step100,vision,lora-step50,vision,spatial,50,0.0,0.0,0.0,0.0,0.0,0,0,50,0.0,0.0,2000,20261194
within_arm_later_minus_earlier,preference,sample_preference,lora-step100,vision,lora-step50,vision,spatial,50,25.0,25.0,0.5,0.5,0.0,0,0,50,0.0,0.0,2000,20261195
within_arm_later_minus_earlier,preference,mean_margin,lora-step100,vision,lora-step50,vision,spatial,50,18.413555096834898,9.096143245697021,0.368271101936698,0.18192286491394044,0.18634823702275752,25,12,13,0.1150017205066979,0.26446073707193135,2000,20261196
within_arm_later_minus_earlier,preference,paired_preference,projector-step50,vision,projector-step25,vision,overall,300,158.0,61.0,0.5266666666666666,0.20333333333333334,0.3233333333333333,113,16,171,0.25666666666666665,0.39,2000,20261197
within_arm_later_minus_earlier,preference,sample_preference,projector-step50,vision,projector-step25,vision,overall,300,227.5,177.5,0.7583333333333333,0.5916666666666667,0.16666666666666666,116,16,168,0.135,0.19833333333333333,2000,20261198
within_arm_later_minus_earlier,preference,mean_margin,projector-step50,vision,projector-step25,vision,overall,300,543.7104052717054,254.79568572612035,1.8123680175723516,0.8493189524204012,0.9630490651519504,285,13,2,0.836934858669113,1.0930755410115751,2000,20261199
within_arm_later_minus_earlier,preference,paired_preference,projector-step50,vision,projector-step25,vision,color,50,29.0,9.0,0.58,0.18,0.4,25,5,20,0.22,0.58,2000,20261200
within_arm_later_minus_earlier,preference,sample_preference,projector-step50,vision,projector-step25,vision,color,50,39.5,29.5,0.79,0.59,0.2,25,5,20,0.11,0.29,2000,20261201
within_arm_later_minus_earlier,preference,mean_margin,projector-step50,vision,projector-step25,vision,color,50,102.81249975413084,37.812499701976776,2.056249995082617,0.7562499940395355,1.3000000010430812,50,0,0,1.0037499989569187,1.6243750144541265,2000,20261202
within_arm_later_minus_earlier,preference,paired_preference,projector-step50,vision,projector-step25,vision,coordinate,50,22.0,4.0,0.44,0.08,0.36,20,2,28,0.2,0.5,2000,20261203
within_arm_later_minus_earlier,preference,sample_preference,projector-step50,vision,projector-step25,vision,coordinate,50,36.0,27.0,0.72,0.54,0.18,20,2,28,0.1,0.26,2000,20261204
within_arm_later_minus_earlier,preference,mean_margin,projector-step50,vision,projector-step25,vision,coordinate,50,35.5944567322731,4.423322975635529,0.711889134645462,0.08846645951271057,0.6234226751327515,50,0,0,0.4810507994890213,0.7668922111392021,2000,20261205
within_arm_later_minus_earlier,preference,paired_preference,projector-step50,vision,projector-step25,vision,count,50,21.0,16.0,0.42,0.32,0.1,11,6,33,-0.06,0.26,2000,20261206
within_arm_later_minus_earlier,preference,sample_preference,projector-step50,vision,projector-step25,vision,count,50,34.0,30.5,0.68,0.61,0.07,13,6,31,-0.01,0.15,2000,20261207
within_arm_later_minus_earlier,preference,mean_margin,projector-step50,vision,projector-step25,vision,count,50,18.281249701976776,5.218750298023224,0.3656249940395355,0.10437500596046448,0.26124998807907107,45,3,2,0.2031249886751175,0.3206250011920929,2000,20261208
within_arm_later_minus_earlier,preference,paired_preference,projector-step50,vision,projector-step25,vision,ocr,50,9.0,5.0,0.18,0.1,0.08,4,0,46,0.02,0.16,2000,20261209
within_arm_later_minus_earlier,preference,sample_preference,projector-step50,vision,projector-step25,vision,ocr,50,29.5,27.0,0.59,0.54,0.05,5,0,45,0.01,0.09,2000,20261210
within_arm_later_minus_earlier,preference,mean_margin,projector-step50,vision,projector-step25,vision,ocr,50,30.80309904189337,21.448933797790893,0.6160619808378673,0.42897867595581785,0.18708330488204955,40,10,0,0.12756370162963857,0.24899423646926885,2000,20261211
within_arm_later_minus_earlier,preference,paired_preference,projector-step50,vision,projector-step25,vision,shape,50,40.0,27.0,0.8,0.54,0.26,16,3,31,0.1,0.42,2000,20261212
within_arm_later_minus_earlier,preference,sample_preference,projector-step50,vision,projector-step25,vision,shape,50,45.0,38.5,0.9,0.77,0.13,16,3,31,0.05,0.21,2000,20261213
within_arm_later_minus_earlier,preference,mean_margin,projector-step50,vision,projector-step25,vision,shape,50,307.96874961827416,178.09375,6.159374992365483,3.561875,2.597499992365483,50,0,0,2.2353125329036265,2.9715624908497555,2000,20261214
within_arm_later_minus_earlier,preference,paired_preference,projector-step50,vision,projector-step25,vision,spatial,50,37.0,0.0,0.74,0.0,0.74,37,0,13,0.62,0.86,2000,20261215
within_arm_later_minus_earlier,preference,sample_preference,projector-step50,vision,projector-step25,vision,spatial,50,43.5,25.0,0.87,0.5,0.37,37,0,13,0.31,0.43,2000,20261216
within_arm_later_minus_earlier,preference,mean_margin,projector-step50,vision,projector-step25,vision,spatial,50,48.250350423157215,7.798428952693939,0.9650070084631444,0.1559685790538788,0.8090384294092655,50,0,0,0.6517627574503422,0.971153834015131,2000,20261217
within_arm_later_minus_earlier,preference,paired_preference,projector-step100,vision,projector-step50,vision,overall,300,155.0,158.0,0.5166666666666667,0.5266666666666666,-0.01,38,41,221,-0.06666666666666667,0.04666666666666667,2000,20261218
within_arm_later_minus_earlier,preference,sample_preference,projector-step100,vision,projector-step50,vision,overall,300,225.0,227.5,0.75,0.7583333333333333,-0.008333333333333333,38,42,220,-0.03833333333333333,0.021666666666666667,2000,20261219
within_arm_later_minus_earlier,preference,mean_margin,projector-step100,vision,projector-step50,vision,overall,300,759.686394495463,543.7104052717054,2.5322879816515433,1.8123680175723516,0.7199199640791917,233,65,2,0.5390801207223226,0.8966091818458147,2000,20261220
within_arm_later_minus_earlier,preference,paired_preference,projector-step100,vision,projector-step50,vision,color,50,37.0,29.0,0.74,0.58,0.16,12,4,34,0.0,0.32,2000,20261221
within_arm_later_minus_earlier,preference,sample_preference,projector-step100,vision,projector-step50,vision,color,50,43.5,39.5,0.87,0.79,0.08,12,4,34,0.0,0.16,2000,20261222
within_arm_later_minus_earlier,preference,mean_margin,projector-step100,vision,projector-step50,vision,color,50,180.0000012210803,102.81249975413084,3.600000024421606,2.056249995082617,1.5437500293389894,49,1,0,1.3393750182026998,1.7506250174413436,2000,20261223
within_arm_later_minus_earlier,preference,paired_preference,projector-step100,vision,projector-step50,vision,coordinate,50,27.0,22.0,0.54,0.44,0.1,8,3,39,-0.02,0.24,2000,20261224
within_arm_later_minus_earlier,preference,sample_preference,projector-step100,vision,projector-step50,vision,coordinate,50,38.5,36.0,0.77,0.72,0.05,8,3,39,-0.01,0.11,2000,20261225
within_arm_later_minus_earlier,preference,mean_margin,projector-step100,vision,projector-step50,vision,coordinate,50,76.88749706745148,35.5944567322731,1.5377499413490296,0.711889134645462,0.8258608067035675,50,0,0,0.6973649969696999,0.9715363398194313,2000,20261226
within_arm_later_minus_earlier,preference,paired_preference,projector-step100,vision,projector-step50,vision,count,50,6.0,21.0,0.12,0.42,-0.3,0,15,35,-0.42,-0.18,2000,20261227
within_arm_later_minus_earlier,preference,sample_preference,projector-step100,vision,projector-step50,vision,count,50,25.5,34.0,0.51,0.68,-0.17,0,16,34,-0.25,-0.1,2000,20261228
within_arm_later_minus_earlier,preference,mean_margin,projector-step100,vision,projector-step50,vision,count,50,17.562500208616257,18.281249701976776,0.35125000417232516,0.3656249940395355,-0.014374989867210388,30,18,2,-0.11937500059604644,0.09250000298023224,2000,20261229
within_arm_later_minus_earlier,preference,paired_preference,projector-step100,vision,projector-step50,vision,ocr,50,11.0,9.0,0.22,0.18,0.04,5,3,42,-0.06,0.14,2000,20261230
within_arm_later_minus_earlier,preference,sample_preference,projector-step100,vision,projector-step50,vision,ocr,50,30.5,29.5,0.61,0.59,0.02,5,3,42,-0.03,0.07,2000,20261231
within_arm_later_minus_earlier,preference,mean_margin,projector-step100,vision,projector-step50,vision,ocr,50,38.66087416921343,30.80309904189337,0.7732174833842685,0.6160619808378673,0.15715550254640126,38,12,0,0.0876259573073614,0.23999687719345097,2000,20261232
within_arm_later_minus_earlier,preference,paired_preference,projector-step100,vision,projector-step50,vision,shape,50,24.0,40.0,0.48,0.8,-0.32,0,16,34,-0.46,-0.2,2000,20261233
within_arm_later_minus_earlier,preference,sample_preference,projector-step100,vision,projector-step50,vision,shape,50,37.0,45.0,0.74,0.9,-0.16,0,16,34,-0.22,-0.1,2000,20261234
within_arm_later_minus_earlier,preference,mean_margin,projector-step100,vision,projector-step50,vision,shape,50,247.32812554389238,307.96874961827416,4.946562510877848,6.159374992365483,-1.2128124814876355,16,34,0,-1.6809374548122287,-0.7775000247638673,2000,20261235
within_arm_later_minus_earlier,preference,paired_preference,projector-step100,vision,projector-step50,vision,spatial,50,50.0,37.0,1.0,0.74,0.26,13,0,37,0.14,0.38,2000,20261236
within_arm_later_minus_earlier,preference,sample_preference,projector-step100,vision,projector-step50,vision,spatial,50,50.0,43.5,1.0,0.87,0.13,13,0,37,0.07,0.19,2000,20261237
within_arm_later_minus_earlier,preference,mean_margin,projector-step100,vision,projector-step50,vision,spatial,50,199.2473962852091,48.250350423157215,3.984947925704182,0.9650070084631444,3.019940917241038,50,0,0,2.8126246641250328,3.235610199747607,2000,20261238
endpoint_minus_frozen,generation,generation_paired,lora-step25,vision,frozen-base,vision,overall,300,26.0,19.0,0.08666666666666667,0.06333333333333334,0.023333333333333334,18,11,271,-0.01,0.06,2000,20261239
endpoint_minus_frozen,generation,generation_sample,lora-step25,vision,frozen-base,vision,overall,300,65.0,63.5,0.21666666666666667,0.21166666666666667,0.005,22,19,259,-0.016666666666666666,0.025,2000,20261240
endpoint_minus_frozen,generation,prediction_flip,lora-step25,vision,frozen-base,vision,overall,300,117.0,111.0,0.39,0.37,0.02,40,34,226,-0.03333333333333333,0.07666666666666666,2000,20261241
endpoint_minus_frozen,generation,generation_paired,lora-step25,vision,frozen-base,vision,color,50,0.0,0.0,0.0,0.0,0.0,0,0,50,0.0,0.0,2000,20261242
endpoint_minus_frozen,generation,generation_sample,lora-step25,vision,frozen-base,vision,color,50,0.5,3.0,0.01,0.06,-0.05,0,5,45,-0.1,-0.01,2000,20261243
endpoint_minus_frozen,generation,prediction_flip,lora-step25,vision,frozen-base,vision,color,50,4.0,11.0,0.08,0.22,-0.14,0,7,43,-0.24,-0.06,2000,20261244
endpoint_minus_frozen,generation,generation_paired,lora-step25,vision,frozen-base,vision,coordinate,50,0.0,0.0,0.0,0.0,0.0,0,0,50,0.0,0.0,2000,20261245
endpoint_minus_frozen,generation,generation_sample,lora-step25,vision,frozen-base,vision,coordinate,50,0.0,0.0,0.0,0.0,0.0,0,0,50,0.0,0.0,2000,20261246
endpoint_minus_frozen,generation,prediction_flip,lora-step25,vision,frozen-base,vision,coordinate,50,0.0,0.0,0.0,0.0,0.0,0,0,50,0.0,0.0,2000,20261247
endpoint_minus_frozen,generation,generation_paired,lora-step25,vision,frozen-base,vision,count,50,0.0,0.0,0.0,0.0,0.0,0,0,50,0.0,0.0,2000,20261248
endpoint_minus_frozen,generation,generation_sample,lora-step25,vision,frozen-base,vision,count,50,4.0,4.0,0.08,0.08,0.0,3,3,44,-0.05,0.05,2000,20261249
endpoint_minus_frozen,generation,prediction_flip,lora-step25,vision,frozen-base,vision,count,50,25.0,15.0,0.5,0.3,0.2,15,5,30,0.04,0.38,2000,20261250
endpoint_minus_frozen,generation,generation_paired,lora-step25,vision,frozen-base,vision,ocr,50,0.0,0.0,0.0,0.0,0.0,0,0,50,0.0,0.0,2000,20261251
endpoint_minus_frozen,generation,generation_sample,lora-step25,vision,frozen-base,vision,ocr,50,0.0,0.0,0.0,0.0,0.0,0,0,50,0.0,0.0,2000,20261252
endpoint_minus_frozen,generation,prediction_flip,lora-step25,vision,frozen-base,vision,ocr,50,31.0,38.0,0.62,0.76,-0.14,3,10,37,-0.28,0.0,2000,20261253
endpoint_minus_frozen,generation,generation_paired,lora-step25,vision,frozen-base,vision,shape,50,9.0,8.0,0.18,0.16,0.02,1,0,49,0.0,0.06,2000,20261254
endpoint_minus_frozen,generation,generation_sample,lora-step25,vision,frozen-base,vision,shape,50,27.0,26.0,0.54,0.52,0.02,2,0,48,0.0,0.05,2000,20261255
endpoint_minus_frozen,generation,prediction_flip,lora-step25,vision,frozen-base,vision,shape,50,40.0,36.0,0.8,0.72,0.08,5,1,44,0.0,0.18,2000,20261256
endpoint_minus_frozen,generation,generation_paired,lora-step25,vision,frozen-base,vision,spatial,50,17.0,11.0,0.34,0.22,0.12,17,11,22,-0.08,0.32,2000,20261257
endpoint_minus_frozen,generation,generation_sample,lora-step25,vision,frozen-base,vision,spatial,50,33.5,30.5,0.67,0.61,0.06,17,11,22,-0.04,0.16,2000,20261258
endpoint_minus_frozen,generation,prediction_flip,lora-step25,vision,frozen-base,vision,spatial,50,17.0,11.0,0.34,0.22,0.12,17,11,22,-0.1,0.32,2000,20261259
endpoint_minus_frozen,generation,generation_paired,lora-step50,vision,frozen-base,vision,overall,300,30.0,19.0,0.1,0.06333333333333334,0.03666666666666667,22,11,267,0.0,0.07333333333333333,2000,20261260
endpoint_minus_frozen,generation,generation_sample,lora-step50,vision,frozen-base,vision,overall,300,68.0,63.5,0.22666666666666666,0.21166666666666667,0.015,27,19,254,-0.006666666666666667,0.03666666666666667,2000,20261261
endpoint_minus_frozen,generation,prediction_flip,lora-step50,vision,frozen-base,vision,overall,300,122.0,111.0,0.4066666666666667,0.37,0.03666666666666667,36,25,239,-0.013333333333333334,0.08666666666666667,2000,20261262
endpoint_minus_frozen,generation,generation_paired,lora-step50,vision,frozen-base,vision,color,50,0.0,0.0,0.0,0.0,0.0,0,0,50,0.0,0.0,2000,20261263
endpoint_minus_frozen,generation,generation_sample,lora-step50,vision,frozen-base,vision,color,50,3.0,3.0,0.06,0.06,0.0,0,0,50,0.0,0.0,2000,20261264
endpoint_minus_frozen,generation,prediction_flip,lora-step50,vision,frozen-base,vision,color,50,11.0,11.0,0.22,0.22,0.0,0,0,50,0.0,0.0,2000,20261265
endpoint_minus_frozen,generation,generation_paired,lora-step50,vision,frozen-base,vision,coordinate,50,0.0,0.0,0.0,0.0,0.0,0,0,50,0.0,0.0,2000,20261266
endpoint_minus_frozen,generation,generation_sample,lora-step50,vision,frozen-base,vision,coordinate,50,0.0,0.0,0.0,0.0,0.0,0,0,50,0.0,0.0,2000,20261267
endpoint_minus_frozen,generation,prediction_flip,lora-step50,vision,frozen-base,vision,coordinate,50,0.0,0.0,0.0,0.0,0.0,0,0,50,0.0,0.0,2000,20261268
endpoint_minus_frozen,generation,generation_paired,lora-step50,vision,frozen-base,vision,count,50,0.0,0.0,0.0,0.0,0.0,0,0,50,0.0,0.0,2000,20261269
endpoint_minus_frozen,generation,generation_sample,lora-step50,vision,frozen-base,vision,count,50,0.0,4.0,0.0,0.08,-0.08,0,8,42,-0.14,-0.03,2000,20261270
endpoint_minus_frozen,generation,prediction_flip,lora-step50,vision,frozen-base,vision,count,50,31.0,15.0,0.62,0.3,0.32,21,5,24,0.14,0.5,2000,20261271
endpoint_minus_frozen,generation,generation_paired,lora-step50,vision,frozen-base,vision,ocr,50,0.0,0.0,0.0,0.0,0.0,0,0,50,0.0,0.0,2000,20261272
endpoint_minus_frozen,generation,generation_sample,lora-step50,vision,frozen-base,vision,ocr,50,0.0,0.0,0.0,0.0,0.0,0,0,50,0.0,0.0,2000,20261273
endpoint_minus_frozen,generation,prediction_flip,lora-step50,vision,frozen-base,vision,ocr,50,35.0,38.0,0.7,0.76,-0.06,6,9,35,-0.22,0.08,2000,20261274
endpoint_minus_frozen,generation,generation_paired,lora-step50,vision,frozen-base,vision,shape,50,30.0,8.0,0.6,0.16,0.44,22,0,28,0.3,0.58,2000,20261275
endpoint_minus_frozen,generation,generation_sample,lora-step50,vision,frozen-base,vision,shape,50,40.0,26.0,0.8,0.52,0.28,27,0,23,0.2,0.35,2000,20261276
endpoint_minus_frozen,generation,prediction_flip,lora-step50,vision,frozen-base,vision,shape,50,45.0,36.0,0.9,0.72,0.18,9,0,41,0.08,0.3,2000,20261277
endpoint_minus_frozen,generation,generation_paired,lora-step50,vision,frozen-base,vision,spatial,50,0.0,11.0,0.0,0.22,-0.22,0,11,39,-0.34,-0.12,2000,20261278
endpoint_minus_frozen,generation,generation_sample,lora-step50,vision,frozen-base,vision,spatial,50,25.0,30.5,0.5,0.61,-0.11,0,11,39,-0.17,-0.05,2000,20261279
endpoint_minus_frozen,generation,prediction_flip,lora-step50,vision,frozen-base,vision,spatial,50,0.0,11.0,0.0,0.22,-0.22,0,11,39,-0.34,-0.1,2000,20261280
endpoint_minus_frozen,generation,generation_paired,lora-step100,vision,frozen-base,vision,overall,300,24.0,19.0,0.08,0.06333333333333334,0.016666666666666666,16,11,273,-0.016666666666666666,0.05,2000,20261281
endpoint_minus_frozen,generation,generation_sample,lora-step100,vision,frozen-base,vision,overall,300,65.0,63.5,0.21666666666666667,0.21166666666666667,0.005,27,24,249,-0.018333333333333333,0.028333333333333332,2000,20261282
endpoint_minus_frozen,generation,prediction_flip,lora-step100,vision,frozen-base,vision,overall,300,169.0,111.0,0.5633333333333334,0.37,0.19333333333333333,87,29,184,0.12666666666666668,0.26,2000,20261283
endpoint_minus_frozen,generation,generation_paired,lora-step100,vision,frozen-base,vision,color,50,0.0,0.0,0.0,0.0,0.0,0,0,50,0.0,0.0,2000,20261284
endpoint_minus_frozen,generation,generation_sample,lora-step100,vision,frozen-base,vision,color,50,3.0,3.0,0.06,0.06,0.0,5,5,40,-0.06,0.06,2000,20261285
endpoint_minus_frozen,generation,prediction_flip,lora-step100,vision,frozen-base,vision,color,50,13.0,11.0,0.26,0.22,0.04,9,7,34,-0.12,0.2,2000,20261286
endpoint_minus_frozen,generation,generation_paired,lora-step100,vision,frozen-base,vision,coordinate,50,0.0,0.0,0.0,0.0,0.0,0,0,50,0.0,0.0,2000,20261287
endpoint_minus_frozen,generation,generation_sample,lora-step100,vision,frozen-base,vision,coordinate,50,0.0,0.0,0.0,0.0,0.0,0,0,50,0.0,0.0,2000,20261288
endpoint_minus_frozen,generation,prediction_flip,lora-step100,vision,frozen-base,vision,coordinate,50,29.0,0.0,0.58,0.0,0.58,29,0,21,0.44,0.72,2000,20261289
endpoint_minus_frozen,generation,generation_paired,lora-step100,vision,frozen-base,vision,count,50,0.0,0.0,0.0,0.0,0.0,0,0,50,0.0,0.0,2000,20261290
endpoint_minus_frozen,generation,generation_sample,lora-step100,vision,frozen-base,vision,count,50,0.0,4.0,0.0,0.08,-0.08,0,8,42,-0.13,-0.03,2000,20261291
endpoint_minus_frozen,generation,prediction_flip,lora-step100,vision,frozen-base,vision,count,50,38.0,15.0,0.76,0.3,0.46,24,1,25,0.32,0.6,2000,20261292
endpoint_minus_frozen,generation,generation_paired,lora-step100,vision,frozen-base,vision,ocr,50,0.0,0.0,0.0,0.0,0.0,0,0,50,0.0,0.0,2000,20261293
endpoint_minus_frozen,generation,generation_sample,lora-step100,vision,frozen-base,vision,ocr,50,0.0,0.0,0.0,0.0,0.0,0,0,50,0.0,0.0,2000,20261294
endpoint_minus_frozen,generation,prediction_flip,lora-step100,vision,frozen-base,vision,ocr,50,45.0,38.0,0.9,0.76,0.14,11,4,35,0.0,0.28,2000,20261295
endpoint_minus_frozen,generation,generation_paired,lora-step100,vision,frozen-base,vision,shape,50,24.0,8.0,0.48,0.16,0.32,16,0,34,0.2,0.46,2000,20261296
endpoint_minus_frozen,generation,generation_sample,lora-step100,vision,frozen-base,vision,shape,50,37.0,26.0,0.74,0.52,0.22,22,0,28,0.15,0.29,2000,20261297
endpoint_minus_frozen,generation,prediction_flip,lora-step100,vision,frozen-base,vision,shape,50,44.0,36.0,0.88,0.72,0.16,14,6,30,0.0,0.34,2000,20261298
endpoint_minus_frozen,generation,generation_paired,lora-step100,vision,frozen-base,vision,spatial,50,0.0,11.0,0.0,0.22,-0.22,0,11,39,-0.34,-0.1,2000,20261299
endpoint_minus_frozen,generation,generation_sample,lora-step100,vision,frozen-base,vision,spatial,50,25.0,30.5,0.5,0.61,-0.11,0,11,39,-0.17,-0.05,2000,20261300
endpoint_minus_frozen,generation,prediction_flip,lora-step100,vision,frozen-base,vision,spatial,50,0.0,11.0,0.0,0.22,-0.22,0,11,39,-0.34,-0.1,2000,20261301
endpoint_minus_frozen,generation,generation_paired,projector-step25,vision,frozen-base,vision,overall,300,11.0,19.0,0.03666666666666667,0.06333333333333334,-0.02666666666666667,11,19,270,-0.06333333333333334,0.006666666666666667,2000,20261302
endpoint_minus_frozen,generation,generation_sample,projector-step25,vision,frozen-base,vision,overall,300,57.5,63.5,0.19166666666666668,0.21166666666666667,-0.02,30,45,225,-0.051666666666666666,0.01,2000,20261303
endpoint_minus_frozen,generation,prediction_flip,projector-step25,vision,frozen-base,vision,overall,300,140.0,111.0,0.4666666666666667,0.37,0.09666666666666666,67,38,195,0.03,0.16333333333333333,2000,20261304
endpoint_minus_frozen,generation,generation_paired,projector-step25,vision,frozen-base,vision,color,50,1.0,0.0,0.02,0.0,0.02,1,0,49,0.0,0.06,2000,20261305
endpoint_minus_frozen,generation,generation_sample,projector-step25,vision,frozen-base,vision,color,50,6.5,3.0,0.13,0.06,0.07,11,5,34,-0.02,0.16,2000,20261306
endpoint_minus_frozen,generation,prediction_flip,projector-step25,vision,frozen-base,vision,color,50,17.0,11.0,0.34,0.22,0.12,13,7,30,-0.06,0.28,2000,20261307
endpoint_minus_frozen,generation,generation_paired,projector-step25,vision,frozen-base,vision,coordinate,50,0.0,0.0,0.0,0.0,0.0,0,0,50,0.0,0.0,2000,20261308
endpoint_minus_frozen,generation,generation_sample,projector-step25,vision,frozen-base,vision,coordinate,50,0.0,0.0,0.0,0.0,0.0,0,0,50,0.0,0.0,2000,20261309
endpoint_minus_frozen,generation,prediction_flip,projector-step25,vision,frozen-base,vision,coordinate,50,13.0,0.0,0.26,0.0,0.26,13,0,37,0.16,0.38,2000,20261310
endpoint_minus_frozen,generation,generation_paired,projector-step25,vision,frozen-base,vision,count,50,2.0,0.0,0.04,0.0,0.04,2,0,48,0.0,0.1,2000,20261311
endpoint_minus_frozen,generation,generation_sample,projector-step25,vision,frozen-base,vision,count,50,5.5,4.0,0.11,0.08,0.03,8,7,35,-0.06,0.12,2000,20261312
endpoint_minus_frozen,generation,prediction_flip,projector-step25,vision,frozen-base,vision,count,50,37.0,15.0,0.74,0.3,0.44,23,1,26,0.3,0.58,2000,20261313
endpoint_minus_frozen,generation,generation_paired,projector-step25,vision,frozen-base,vision,ocr,50,0.0,0.0,0.0,0.0,0.0,0,0,50,0.0,0.0,2000,20261314
endpoint_minus_frozen,generation,generation_sample,projector-step25,vision,frozen-base,vision,ocr,50,0.0,0.0,0.0,0.0,0.0,0,0,50,0.0,0.0,2000,20261315
endpoint_minus_frozen,generation,prediction_flip,projector-step25,vision,frozen-base,vision,ocr,50,47.0,38.0,0.94,0.76,0.18,10,1,39,0.06,0.3,2000,20261316
endpoint_minus_frozen,generation,generation_paired,projector-step25,vision,frozen-base,vision,shape,50,8.0,8.0,0.16,0.16,0.0,8,8,34,-0.16,0.16,2000,20261317
endpoint_minus_frozen,generation,generation_sample,projector-step25,vision,frozen-base,vision,shape,50,20.5,26.0,0.41,0.52,-0.11,11,22,17,-0.21,0.0,2000,20261318
endpoint_minus_frozen,generation,prediction_flip,projector-step25,vision,frozen-base,vision,shape,50,26.0,36.0,0.52,0.72,-0.2,8,18,24,-0.38,0.0,2000,20261319
endpoint_minus_frozen,generation,generation_paired,projector-step25,vision,frozen-base,vision,spatial,50,0.0,11.0,0.0,0.22,-0.22,0,11,39,-0.34,-0.12,2000,20261320
endpoint_minus_frozen,generation,generation_sample,projector-step25,vision,frozen-base,vision,spatial,50,25.0,30.5,0.5,0.61,-0.11,0,11,39,-0.17,-0.06,2000,20261321
endpoint_minus_frozen,generation,prediction_flip,projector-step25,vision,frozen-base,vision,spatial,50,0.0,11.0,0.0,0.22,-0.22,0,11,39,-0.34,-0.1,2000,20261322
endpoint_minus_frozen,generation,generation_paired,projector-step50,vision,frozen-base,vision,overall,300,68.0,19.0,0.22666666666666666,0.06333333333333334,0.16333333333333333,51,2,247,0.12,0.20666666666666667,2000,20261323
endpoint_minus_frozen,generation,generation_sample,projector-step50,vision,frozen-base,vision,overall,300,113.0,63.5,0.37666666666666665,0.21166666666666667,0.165,99,10,191,0.13166666666666665,0.19833333333333333,2000,20261324
endpoint_minus_frozen,generation,prediction_flip,projector-step50,vision,frozen-base,vision,overall,300,218.0,111.0,0.7266666666666667,0.37,0.3566666666666667,116,9,175,0.29333333333333333,0.4166666666666667,2000,20261325
endpoint_minus_frozen,generation,generation_paired,projector-step50,vision,frozen-base,vision,color,50,7.0,0.0,0.14,0.0,0.14,7,0,43,0.06,0.24,2000,20261326
endpoint_minus_frozen,generation,generation_sample,projector-step50,vision,frozen-base,vision,color,50,18.5,3.0,0.37,0.06,0.31,24,0,26,0.22,0.4,2000,20261327
endpoint_minus_frozen,generation,prediction_flip,projector-step50,vision,frozen-base,vision,color,50,36.0,11.0,0.72,0.22,0.5,25,0,25,0.36,0.64,2000,20261328
endpoint_minus_frozen,generation,generation_paired,projector-step50,vision,frozen-base,vision,coordinate,50,1.0,0.0,0.02,0.0,0.02,1,0,49,0.0,0.06,2000,20261329
endpoint_minus_frozen,generation,generation_sample,projector-step50,vision,frozen-base,vision,coordinate,50,8.5,0.0,0.17,0.0,0.17,16,0,34,0.1,0.25,2000,20261330
endpoint_minus_frozen,generation,prediction_flip,projector-step50,vision,frozen-base,vision,coordinate,50,21.0,0.0,0.42,0.0,0.42,21,0,29,0.28,0.56,2000,20261331
endpoint_minus_frozen,generation,generation_paired,projector-step50,vision,frozen-base,vision,count,50,1.0,0.0,0.02,0.0,0.02,1,0,49,0.0,0.06,2000,20261332
endpoint_minus_frozen,generation,generation_sample,projector-step50,vision,frozen-base,vision,count,50,10.0,4.0,0.2,0.08,0.12,15,4,31,0.04,0.21,2000,20261333
endpoint_minus_frozen,generation,prediction_flip,projector-step50,vision,frozen-base,vision,count,50,38.0,15.0,0.76,0.3,0.46,27,4,19,0.28,0.64,2000,20261334
endpoint_minus_frozen,generation,generation_paired,projector-step50,vision,frozen-base,vision,ocr,50,0.0,0.0,0.0,0.0,0.0,0,0,50,0.0,0.0,2000,20261335
endpoint_minus_frozen,generation,generation_sample,projector-step50,vision,frozen-base,vision,ocr,50,0.0,0.0,0.0,0.0,0.0,0,0,50,0.0,0.0,2000,20261336
endpoint_minus_frozen,generation,prediction_flip,projector-step50,vision,frozen-base,vision,ocr,50,40.0,38.0,0.8,0.76,0.04,7,5,38,-0.1,0.18,2000,20261337
endpoint_minus_frozen,generation,generation_paired,projector-step50,vision,frozen-base,vision,shape,50,20.0,8.0,0.4,0.16,0.24,14,2,34,0.1,0.38,2000,20261338
endpoint_minus_frozen,generation,generation_sample,projector-step50,vision,frozen-base,vision,shape,50,31.5,26.0,0.63,0.52,0.11,16,6,28,0.02,0.2,2000,20261339
endpoint_minus_frozen,generation,prediction_flip,projector-step50,vision,frozen-base,vision,shape,50,44.0,36.0,0.88,0.72,0.16,8,0,42,0.06,0.28,2000,20261340
endpoint_minus_frozen,generation,generation_paired,projector-step50,vision,frozen-base,vision,spatial,50,39.0,11.0,0.78,0.22,0.56,28,0,22,0.42,0.7,2000,20261341
endpoint_minus_frozen,generation,generation_sample,projector-step50,vision,frozen-base,vision,spatial,50,44.5,30.5,0.89,0.61,0.28,28,0,22,0.21,0.35,2000,20261342
endpoint_minus_frozen,generation,prediction_flip,projector-step50,vision,frozen-base,vision,spatial,50,39.0,11.0,0.78,0.22,0.56,28,0,22,0.42,0.7,2000,20261343
endpoint_minus_frozen,generation,generation_paired,projector-step100,vision,frozen-base,vision,overall,300,77.0,19.0,0.25666666666666665,0.06333333333333334,0.19333333333333333,60,2,238,0.15,0.24,2000,20261344
endpoint_minus_frozen,generation,generation_sample,projector-step100,vision,frozen-base,vision,overall,300,123.0,63.5,0.41,0.21166666666666667,0.19833333333333333,112,13,175,0.16,0.23833333333333334,2000,20261345
endpoint_minus_frozen,generation,prediction_flip,projector-step100,vision,frozen-base,vision,overall,300,239.0,111.0,0.7966666666666666,0.37,0.4266666666666667,147,19,134,0.3566666666666667,0.49333333333333335,2000,20261346
endpoint_minus_frozen,generation,generation_paired,projector-step100,vision,frozen-base,vision,color,50,8.0,0.0,0.16,0.0,0.16,8,0,42,0.06,0.26,2000,20261347
endpoint_minus_frozen,generation,generation_sample,projector-step100,vision,frozen-base,vision,color,50,19.0,3.0,0.38,0.06,0.32,27,3,20,0.21,0.43,2000,20261348
endpoint_minus_frozen,generation,prediction_flip,projector-step100,vision,frozen-base,vision,color,50,35.0,11.0,0.7,0.22,0.48,26,2,22,0.32,0.64,2000,20261349
endpoint_minus_frozen,generation,generation_paired,projector-step100,vision,frozen-base,vision,coordinate,50,12.0,0.0,0.24,0.0,0.24,12,0,38,0.12,0.36,2000,20261350
endpoint_minus_frozen,generation,generation_sample,projector-step100,vision,frozen-base,vision,coordinate,50,25.5,0.0,0.51,0.0,0.51,39,0,11,0.42,0.61,2000,20261351
endpoint_minus_frozen,generation,prediction_flip,projector-step100,vision,frozen-base,vision,coordinate,50,44.0,0.0,0.88,0.0,0.88,44,0,6,0.78,0.96,2000,20261352
endpoint_minus_frozen,generation,generation_paired,projector-step100,vision,frozen-base,vision,count,50,1.0,0.0,0.02,0.0,0.02,1,0,49,0.0,0.06,2000,20261353
endpoint_minus_frozen,generation,generation_sample,projector-step100,vision,frozen-base,vision,count,50,5.5,4.0,0.11,0.08,0.03,7,4,39,-0.03,0.09,2000,20261354
endpoint_minus_frozen,generation,prediction_flip,projector-step100,vision,frozen-base,vision,count,50,34.0,15.0,0.68,0.3,0.38,23,4,23,0.2,0.56,2000,20261355
endpoint_minus_frozen,generation,generation_paired,projector-step100,vision,frozen-base,vision,ocr,50,0.0,0.0,0.0,0.0,0.0,0,0,50,0.0,0.0,2000,20261356
endpoint_minus_frozen,generation,generation_sample,projector-step100,vision,frozen-base,vision,ocr,50,0.0,0.0,0.0,0.0,0.0,0,0,50,0.0,0.0,2000,20261357
endpoint_minus_frozen,generation,prediction_flip,projector-step100,vision,frozen-base,vision,ocr,50,48.0,38.0,0.96,0.76,0.2,11,1,38,0.08,0.32,2000,20261358
endpoint_minus_frozen,generation,generation_paired,projector-step100,vision,frozen-base,vision,shape,50,6.0,8.0,0.12,0.16,-0.04,0,2,48,-0.1,0.0,2000,20261359
endpoint_minus_frozen,generation,generation_sample,projector-step100,vision,frozen-base,vision,shape,50,23.0,26.0,0.46,0.52,-0.06,0,6,44,-0.11,-0.02,2000,20261360
endpoint_minus_frozen,generation,prediction_flip,projector-step100,vision,frozen-base,vision,shape,50,28.0,36.0,0.56,0.72,-0.16,4,12,34,-0.3,0.0,2000,20261361
endpoint_minus_frozen,generation,generation_paired,projector-step100,vision,frozen-base,vision,spatial,50,50.0,11.0,1.0,0.22,0.78,39,0,11,0.66,0.88,2000,20261362
endpoint_minus_frozen,generation,generation_sample,projector-step100,vision,frozen-base,vision,spatial,50,50.0,30.5,1.0,0.61,0.39,39,0,11,0.33,0.44,2000,20261363
endpoint_minus_frozen,generation,prediction_flip,projector-step100,vision,frozen-base,vision,spatial,50,50.0,11.0,1.0,0.22,0.78,39,0,11,0.66,0.9,2000,20261364
lora_minus_projector,generation,generation_paired,lora-step25,vision,projector-step25,vision,overall,300,26.0,11.0,0.08666666666666667,0.03666666666666667,0.05,26,11,263,0.01,0.08666666666666667,2000,20261365
lora_minus_projector,generation,generation_sample,lora-step25,vision,projector-step25,vision,overall,300,65.0,57.5,0.21666666666666667,0.19166666666666668,0.025,47,29,224,-0.005,0.055,2000,20261366
lora_minus_projector,generation,prediction_flip,lora-step25,vision,projector-step25,vision,overall,300,117.0,140.0,0.39,0.4666666666666667,-0.07666666666666666,37,60,203,-0.14,-0.01,2000,20261367
lora_minus_projector,generation,generation_paired,lora-step25,vision,projector-step25,vision,color,50,0.0,1.0,0.0,0.02,-0.02,0,1,49,-0.06,0.0,2000,20261368
lora_minus_projector,generation,generation_sample,lora-step25,vision,projector-step25,vision,color,50,0.5,6.5,0.01,0.13,-0.12,0,11,39,-0.19,-0.06,2000,20261369
lora_minus_projector,generation,prediction_flip,lora-step25,vision,projector-step25,vision,color,50,4.0,17.0,0.08,0.34,-0.26,0,13,37,-0.38,-0.14,2000,20261370
lora_minus_projector,generation,generation_paired,lora-step25,vision,projector-step25,vision,coordinate,50,0.0,0.0,0.0,0.0,0.0,0,0,50,0.0,0.0,2000,20261371
lora_minus_projector,generation,generation_sample,lora-step25,vision,projector-step25,vision,coordinate,50,0.0,0.0,0.0,0.0,0.0,0,0,50,0.0,0.0,2000,20261372
lora_minus_projector,generation,prediction_flip,lora-step25,vision,projector-step25,vision,coordinate,50,0.0,13.0,0.0,0.26,-0.26,0,13,37,-0.38,-0.14,2000,20261373
lora_minus_projector,generation,generation_paired,lora-step25,vision,projector-step25,vision,count,50,0.0,2.0,0.0,0.04,-0.04,0,2,48,-0.1,0.0,2000,20261374
lora_minus_projector,generation,generation_sample,lora-step25,vision,projector-step25,vision,count,50,4.0,5.5,0.08,0.11,-0.03,7,8,35,-0.13,0.06,2000,20261375
lora_minus_projector,generation,prediction_flip,lora-step25,vision,projector-step25,vision,count,50,25.0,37.0,0.5,0.74,-0.24,1,13,36,-0.38,-0.12,2000,20261376
lora_minus_projector,generation,generation_paired,lora-step25,vision,projector-step25,vision,ocr,50,0.0,0.0,0.0,0.0,0.0,0,0,50,0.0,0.0,2000,20261377
lora_minus_projector,generation,generation_sample,lora-step25,vision,projector-step25,vision,ocr,50,0.0,0.0,0.0,0.0,0.0,0,0,50,0.0,0.0,2000,20261378
lora_minus_projector,generation,prediction_flip,lora-step25,vision,projector-step25,vision,ocr,50,31.0,47.0,0.62,0.94,-0.32,0,16,34,-0.44,-0.2,2000,20261379
lora_minus_projector,generation,generation_paired,lora-step25,vision,projector-step25,vision,shape,50,9.0,8.0,0.18,0.16,0.02,9,8,33,-0.14,0.18,2000,20261380
lora_minus_projector,generation,generation_sample,lora-step25,vision,projector-step25,vision,shape,50,27.0,20.5,0.54,0.41,0.13,23,10,17,0.02,0.23,2000,20261381
lora_minus_projector,generation,prediction_flip,lora-step25,vision,projector-step25,vision,shape,50,40.0,26.0,0.8,0.52,0.28,19,5,26,0.1,0.46,2000,20261382
lora_minus_projector,generation,generation_paired,lora-step25,vision,projector-step25,vision,spatial,50,17.0,0.0,0.34,0.0,0.34,17,0,33,0.22,0.46,2000,20261383
lora_minus_projector,generation,generation_sample,lora-step25,vision,projector-step25,vision,spatial,50,33.5,25.0,0.67,0.5,0.17,17,0,33,0.1,0.23,2000,20261384
lora_minus_projector,generation,prediction_flip,lora-step25,vision,projector-step25,vision,spatial,50,17.0,0.0,0.34,0.0,0.34,17,0,33,0.22,0.48,2000,20261385
lora_minus_projector,generation,generation_paired,lora-step50,vision,projector-step50,vision,overall,300,30.0,68.0,0.1,0.22666666666666666,-0.12666666666666668,10,48,242,-0.17666666666666667,-0.08,2000,20261386
lora_minus_projector,generation,generation_sample,lora-step50,vision,projector-step50,vision,overall,300,68.0,113.0,0.22666666666666666,0.37666666666666665,-0.15,14,98,188,-0.18666666666666668,-0.11333333333333333,2000,20261387
lora_minus_projector,generation,prediction_flip,lora-step50,vision,projector-step50,vision,overall,300,122.0,218.0,0.4066666666666667,0.7266666666666667,-0.32,9,105,186,-0.38,-0.2633333333333333,2000,20261388
lora_minus_projector,generation,generation_paired,lora-step50,vision,projector-step50,vision,color,50,0.0,7.0,0.0,0.14,-0.14,0,7,43,-0.24,-0.06,2000,20261389
lora_minus_projector,generation,generation_sample,lora-step50,vision,projector-step50,vision,color,50,3.0,18.5,0.06,0.37,-0.31,0,24,26,-0.41,-0.22,2000,20261390
lora_minus_projector,generation,prediction_flip,lora-step50,vision,projector-step50,vision,color,50,11.0,36.0,0.22,0.72,-0.5,0,25,25,-0.64,-0.36,2000,20261391
lora_minus_projector,generation,generation_paired,lora-step50,vision,projector-step50,vision,coordinate,50,0.0,1.0,0.0,0.02,-0.02,0,1,49,-0.06,0.0,2000,20261392
lora_minus_projector,generation,generation_sample,lora-step50,vision,projector-step50,vision,coordinate,50,0.0,8.5,0.0,0.17,-0.17,0,16,34,-0.24,-0.1,2000,20261393
lora_minus_projector,generation,prediction_flip,lora-step50,vision,projector-step50,vision,coordinate,50,0.0,21.0,0.0,0.42,-0.42,0,21,29,-0.56,-0.3,2000,20261394
lora_minus_projector,generation,generation_paired,lora-step50,vision,projector-step50,vision,count,50,0.0,1.0,0.0,0.02,-0.02,0,1,49,-0.06,0.0,2000,20261395
lora_minus_projector,generation,generation_sample,lora-step50,vision,projector-step50,vision,count,50,0.0,10.0,0.0,0.2,-0.2,0,19,31,-0.27,-0.13,2000,20261396
lora_minus_projector,generation,prediction_flip,lora-step50,vision,projector-step50,vision,count,50,31.0,38.0,0.62,0.76,-0.14,2,9,39,-0.26,-0.02,2000,20261397
lora_minus_projector,generation,generation_paired,lora-step50,vision,projector-step50,vision,ocr,50,0.0,0.0,0.0,0.0,0.0,0,0,50,0.0,0.0,2000,20261398
lora_minus_projector,generation,generation_sample,lora-step50,vision,projector-step50,vision,ocr,50,0.0,0.0,0.0,0.0,0.0,0,0,50,0.0,0.0,2000,20261399
lora_minus_projector,generation,prediction_flip,lora-step50,vision,projector-step50,vision,ocr,50,35.0,40.0,0.7,0.8,-0.1,6,11,33,-0.26,0.06,2000,20261400
lora_minus_projector,generation,generation_paired,lora-step50,vision,projector-step50,vision,shape,50,30.0,20.0,0.6,0.4,0.2,10,0,40,0.1,0.32,2000,20261401
lora_minus_projector,generation,generation_sample,lora-step50,vision,projector-step50,vision,shape,50,40.0,31.5,0.8,0.63,0.17,14,0,36,0.1,0.26,2000,20261402
lora_minus_projector,generation,prediction_flip,lora-step50,vision,projector-step50,vision,shape,50,45.0,44.0,0.9,0.88,0.02,1,0,49,0.0,0.06,2000,20261403
lora_minus_projector,generation,generation_paired,lora-step50,vision,projector-step50,vision,spatial,50,0.0,39.0,0.0,0.78,-0.78,0,39,11,-0.9,-0.66,2000,20261404
lora_minus_projector,generation,generation_sample,lora-step50,vision,projector-step50,vision,spatial,50,25.0,44.5,0.5,0.89,-0.39,0,39,11,-0.44,-0.33,2000,20261405
lora_minus_projector,generation,prediction_flip,lora-step50,vision,projector-step50,vision,spatial,50,0.0,39.0,0.0,0.78,-0.78,0,39,11,-0.9,-0.66,2000,20261406
lora_minus_projector,generation,generation_paired,lora-step100,vision,projector-step100,vision,overall,300,24.0,77.0,0.08,0.25666666666666665,-0.17666666666666667,18,71,211,-0.23333333333333334,-0.12,2000,20261407
lora_minus_projector,generation,generation_sample,lora-step100,vision,projector-step100,vision,overall,300,65.0,123.0,0.21666666666666667,0.41,-0.19333333333333333,27,124,149,-0.23833333333333334,-0.15,2000,20261408
lora_minus_projector,generation,prediction_flip,lora-step100,vision,projector-step100,vision,overall,300,169.0,239.0,0.5633333333333334,0.7966666666666666,-0.23333333333333334,32,102,166,-0.30666666666666664,-0.16333333333333333,2000,20261409
lora_minus_projector,generation,generation_paired,lora-step100,vision,projector-step100,vision,color,50,0.0,8.0,0.0,0.16,-0.16,0,8,42,-0.28,-0.08,2000,20261410
lora_minus_projector,generation,generation_sample,lora-step100,vision,projector-step100,vision,color,50,3.0,19.0,0.06,0.38,-0.32,0,25,25,-0.42,-0.22,2000,20261411
lora_minus_projector,generation,prediction_flip,lora-step100,vision,projector-step100,vision,color,50,13.0,35.0,0.26,0.7,-0.44,1,23,26,-0.58,-0.3,2000,20261412
lora_minus_projector,generation,generation_paired,lora-step100,vision,projector-step100,vision,coordinate,50,0.0,12.0,0.0,0.24,-0.24,0,12,38,-0.36,-0.14,2000,20261413
lora_minus_projector,generation,generation_sample,lora-step100,vision,projector-step100,vision,coordinate,50,0.0,25.5,0.0,0.51,-0.51,0,39,11,-0.61,-0.41,2000,20261414
lora_minus_projector,generation,prediction_flip,lora-step100,vision,projector-step100,vision,coordinate,50,29.0,44.0,0.58,0.88,-0.3,0,15,35,-0.42,-0.18,2000,20261415
lora_minus_projector,generation,generation_paired,lora-step100,vision,projector-step100,vision,count,50,0.0,1.0,0.0,0.02,-0.02,0,1,49,-0.06,0.0,2000,20261416
lora_minus_projector,generation,generation_sample,lora-step100,vision,projector-step100,vision,count,50,0.0,5.5,0.0,0.11,-0.11,0,10,40,-0.18,-0.05,2000,20261417
lora_minus_projector,generation,prediction_flip,lora-step100,vision,projector-step100,vision,count,50,38.0,34.0,0.76,0.68,0.08,11,7,32,-0.08,0.24,2000,20261418
lora_minus_projector,generation,generation_paired,lora-step100,vision,projector-step100,vision,ocr,50,0.0,0.0,0.0,0.0,0.0,0,0,50,0.0,0.0,2000,20261419
lora_minus_projector,generation,generation_sample,lora-step100,vision,projector-step100,vision,ocr,50,0.0,0.0,0.0,0.0,0.0,0,0,50,0.0,0.0,2000,20261420
lora_minus_projector,generation,prediction_flip,lora-step100,vision,projector-step100,vision,ocr,50,45.0,48.0,0.9,0.96,-0.06,2,5,43,-0.16,0.04,2000,20261421
lora_minus_projector,generation,generation_paired,lora-step100,vision,projector-step100,vision,shape,50,24.0,6.0,0.48,0.12,0.36,18,0,32,0.22,0.5,2000,20261422
lora_minus_projector,generation,generation_sample,lora-step100,vision,projector-step100,vision,shape,50,37.0,23.0,0.74,0.46,0.28,27,0,23,0.21,0.35,2000,20261423
lora_minus_projector,generation,prediction_flip,lora-step100,vision,projector-step100,vision,shape,50,44.0,28.0,0.88,0.56,0.32,18,2,30,0.18,0.46,2000,20261424
lora_minus_projector,generation,generation_paired,lora-step100,vision,projector-step100,vision,spatial,50,0.0,50.0,0.0,1.0,-1.0,0,50,0,-1.0,-1.0,2000,20261425
lora_minus_projector,generation,generation_sample,lora-step100,vision,projector-step100,vision,spatial,50,25.0,50.0,0.5,1.0,-0.5,0,50,0,-0.5,-0.5,2000,20261426
lora_minus_projector,generation,prediction_flip,lora-step100,vision,projector-step100,vision,spatial,50,0.0,50.0,0.0,1.0,-1.0,0,50,0,-1.0,-1.0,2000,20261427
within_arm_later_minus_earlier,generation,generation_paired,lora-step50,vision,lora-step25,vision,overall,300,30.0,26.0,0.1,0.08666666666666667,0.013333333333333334,21,17,262,-0.03,0.05333333333333334,2000,20261428
within_arm_later_minus_earlier,generation,generation_sample,lora-step50,vision,lora-step25,vision,overall,300,68.0,65.0,0.22666666666666666,0.21666666666666667,0.01,31,25,244,-0.015,0.03333333333333333,2000,20261429
within_arm_later_minus_earlier,generation,prediction_flip,lora-step50,vision,lora-step25,vision,overall,300,122.0,117.0,0.4066666666666667,0.39,0.016666666666666666,34,29,237,-0.03333333333333333,0.07333333333333333,2000,20261430
within_arm_later_minus_earlier,generation,generation_paired,lora-step50,vision,lora-step25,vision,color,50,0.0,0.0,0.0,0.0,0.0,0,0,50,0.0,0.0,2000,20261431
within_arm_later_minus_earlier,generation,generation_sample,lora-step50,vision,lora-step25,vision,color,50,3.0,0.5,0.06,0.01,0.05,5,0,45,0.01,0.09,2000,20261432
within_arm_later_minus_earlier,generation,prediction_flip,lora-step50,vision,lora-step25,vision,color,50,11.0,4.0,0.22,0.08,0.14,7,0,43,0.04,0.24,2000,20261433
within_arm_later_minus_earlier,generation,generation_paired,lora-step50,vision,lora-step25,vision,coordinate,50,0.0,0.0,0.0,0.0,0.0,0,0,50,0.0,0.0,2000,20261434
within_arm_later_minus_earlier,generation,generation_sample,lora-step50,vision,lora-step25,vision,coordinate,50,0.0,0.0,0.0,0.0,0.0,0,0,50,0.0,0.0,2000,20261435
within_arm_later_minus_earlier,generation,prediction_flip,lora-step50,vision,lora-step25,vision,coordinate,50,0.0,0.0,0.0,0.0,0.0,0,0,50,0.0,0.0,2000,20261436
within_arm_later_minus_earlier,generation,generation_paired,lora-step50,vision,lora-step25,vision,count,50,0.0,0.0,0.0,0.0,0.0,0,0,50,0.0,0.0,2000,20261437
within_arm_later_minus_earlier,generation,generation_sample,lora-step50,vision,lora-step25,vision,count,50,0.0,4.0,0.0,0.08,-0.08,0,8,42,-0.13,-0.03,2000,20261438
within_arm_later_minus_earlier,generation,prediction_flip,lora-step50,vision,lora-step25,vision,count,50,31.0,25.0,0.62,0.5,0.12,14,8,28,-0.06,0.3,2000,20261439
within_arm_later_minus_earlier,generation,generation_paired,lora-step50,vision,lora-step25,vision,ocr,50,0.0,0.0,0.0,0.0,0.0,0,0,50,0.0,0.0,2000,20261440
within_arm_later_minus_earlier,generation,generation_sample,lora-step50,vision,lora-step25,vision,ocr,50,0.0,0.0,0.0,0.0,0.0,0,0,50,0.0,0.0,2000,20261441
within_arm_later_minus_earlier,generation,prediction_flip,lora-step50,vision,lora-step25,vision,ocr,50,35.0,31.0,0.7,0.62,0.08,8,4,38,-0.04,0.22,2000,20261442
within_arm_later_minus_earlier,generation,generation_paired,lora-step50,vision,lora-step25,vision,shape,50,30.0,9.0,0.6,0.18,0.42,21,0,29,0.28,0.56,2000,20261443
within_arm_later_minus_earlier,generation,generation_sample,lora-step50,vision,lora-step25,vision,shape,50,40.0,27.0,0.8,0.54,0.26,26,0,24,0.19,0.33,2000,20261444
within_arm_later_minus_earlier,generation,prediction_flip,lora-step50,vision,lora-step25,vision,shape,50,45.0,40.0,0.9,0.8,0.1,5,0,45,0.02,0.18,2000,20261445
within_arm_later_minus_earlier,generation,generation_paired,lora-step50,vision,lora-step25,vision,spatial,50,0.0,17.0,0.0,0.34,-0.34,0,17,33,-0.48,-0.22,2000,20261446
within_arm_later_minus_earlier,generation,generation_sample,lora-step50,vision,lora-step25,vision,spatial,50,25.0,33.5,0.5,0.67,-0.17,0,17,33,-0.24,-0.11,2000,20261447
within_arm_later_minus_earlier,generation,prediction_flip,lora-step50,vision,lora-step25,vision,spatial,50,0.0,17.0,0.0,0.34,-0.34,0,17,33,-0.48,-0.22,2000,20261448
within_arm_later_minus_earlier,generation,generation_paired,lora-step100,vision,lora-step50,vision,overall,300,24.0,30.0,0.08,0.1,-0.02,15,21,264,-0.06,0.02,2000,20261449
within_arm_later_minus_earlier,generation,generation_sample,lora-step100,vision,lora-step50,vision,overall,300,65.0,68.0,0.21666666666666667,0.22666666666666666,-0.01,20,26,254,-0.03166666666666667,0.013333333333333334,2000,20261450
within_arm_later_minus_earlier,generation,prediction_flip,lora-step100,vision,lora-step50,vision,overall,300,169.0,122.0,0.5633333333333334,0.4066666666666667,0.15666666666666668,66,19,215,0.1,0.21333333333333335,2000,20261451
within_arm_later_minus_earlier,generation,generation_paired,lora-step100,vision,lora-step50,vision,color,50,0.0,0.0,0.0,0.0,0.0,0,0,50,0.0,0.0,2000,20261452
within_arm_later_minus_earlier,generation,generation_sample,lora-step100,vision,lora-step50,vision,color,50,3.0,3.0,0.06,0.06,0.0,5,5,40,-0.06,0.06,2000,20261453
within_arm_later_minus_earlier,generation,prediction_flip,lora-step100,vision,lora-step50,vision,color,50,13.0,11.0,0.26,0.22,0.04,9,7,34,-0.12,0.2,2000,20261454
within_arm_later_minus_earlier,generation,generation_paired,lora-step100,vision,lora-step50,vision,coordinate,50,0.0,0.0,0.0,0.0,0.0,0,0,50,0.0,0.0,2000,20261455
within_arm_later_minus_earlier,generation,generation_sample,lora-step100,vision,lora-step50,vision,coordinate,50,0.0,0.0,0.0,0.0,0.0,0,0,50,0.0,0.0,2000,20261456
within_arm_later_minus_earlier,generation,prediction_flip,lora-step100,vision,lora-step50,vision,coordinate,50,29.0,0.0,0.58,0.0,0.58,29,0,21,0.44,0.7,2000,20261457
within_arm_later_minus_earlier,generation,generation_paired,lora-step100,vision,lora-step50,vision,count,50,0.0,0.0,0.0,0.0,0.0,0,0,50,0.0,0.0,2000,20261458
within_arm_later_minus_earlier,generation,generation_sample,lora-step100,vision,lora-step50,vision,count,50,0.0,0.0,0.0,0.0,0.0,0,0,50,0.0,0.0,2000,20261459
within_arm_later_minus_earlier,generation,prediction_flip,lora-step100,vision,lora-step50,vision,count,50,38.0,31.0,0.76,0.62,0.14,9,2,39,0.02,0.26,2000,20261460
within_arm_later_minus_earlier,generation,generation_paired,lora-step100,vision,lora-step50,vision,ocr,50,0.0,0.0,0.0,0.0,0.0,0,0,50,0.0,0.0,2000,20261461
within_arm_later_minus_earlier,generation,generation_sample,lora-step100,vision,lora-step50,vision,ocr,50,0.0,0.0,0.0,0.0,0.0,0,0,50,0.0,0.0,2000,20261462
within_arm_later_minus_earlier,generation,prediction_flip,lora-step100,vision,lora-step50,vision,ocr,50,45.0,35.0,0.9,0.7,0.2,14,4,32,0.04,0.36,2000,20261463
within_arm_later_minus_earlier,generation,generation_paired,lora-step100,vision,lora-step50,vision,shape,50,24.0,30.0,0.48,0.6,-0.12,15,21,14,-0.36,0.12,2000,20261464
within_arm_later_minus_earlier,generation,generation_sample,lora-step100,vision,lora-step50,vision,shape,50,37.0,40.0,0.74,0.8,-0.06,15,21,14,-0.17,0.06,2000,20261465
within_arm_later_minus_earlier,generation,prediction_flip,lora-step100,vision,lora-step50,vision,shape,50,44.0,45.0,0.88,0.9,-0.02,5,6,39,-0.16,0.12,2000,20261466
within_arm_later_minus_earlier,generation,generation_paired,lora-step100,vision,lora-step50,vision,spatial,50,0.0,0.0,0.0,0.0,0.0,0,0,50,0.0,0.0,2000,20261467
within_arm_later_minus_earlier,generation,generation_sample,lora-step100,vision,lora-step50,vision,spatial,50,25.0,25.0,0.5,0.5,0.0,0,0,50,0.0,0.0,2000,20261468
within_arm_later_minus_earlier,generation,prediction_flip,lora-step100,vision,lora-step50,vision,spatial,50,0.0,0.0,0.0,0.0,0.0,0,0,50,0.0,0.0,2000,20261469
within_arm_later_minus_earlier,generation,generation_paired,projector-step50,vision,projector-step25,vision,overall,300,68.0,11.0,0.22666666666666666,0.03666666666666667,0.19,59,2,239,0.14666666666666667,0.23333333333333334,2000,20261470
within_arm_later_minus_earlier,generation,generation_sample,projector-step50,vision,projector-step25,vision,overall,300,113.0,57.5,0.37666666666666665,0.19166666666666668,0.185,114,5,181,0.155,0.215,2000,20261471
within_arm_later_minus_earlier,generation,prediction_flip,projector-step50,vision,projector-step25,vision,overall,300,218.0,140.0,0.7266666666666667,0.4666666666666667,0.26,101,23,176,0.19333333333333333,0.32666666666666666,2000,20261472
within_arm_later_minus_earlier,generation,generation_paired,projector-step50,vision,projector-step25,vision,color,50,7.0,1.0,0.14,0.02,0.12,6,0,44,0.04,0.22,2000,20261473
within_arm_later_minus_earlier,generation,generation_sample,projector-step50,vision,projector-step25,vision,color,50,18.5,6.5,0.37,0.13,0.24,23,0,27,0.17,0.32,2000,20261474
within_arm_later_minus_earlier,generation,prediction_flip,projector-step50,vision,projector-step25,vision,color,50,36.0,17.0,0.72,0.34,0.38,21,2,27,0.22,0.54,2000,20261475
within_arm_later_minus_earlier,generation,generation_paired,projector-step50,vision,projector-step25,vision,coordinate,50,1.0,0.0,0.02,0.0,0.02,1,0,49,0.0,0.06,2000,20261476
within_arm_later_minus_earlier,generation,generation_sample,projector-step50,vision,projector-step25,vision,coordinate,50,8.5,0.0,0.17,0.0,0.17,16,0,34,0.1,0.25,2000,20261477
within_arm_later_minus_earlier,generation,prediction_flip,projector-step50,vision,projector-step25,vision,coordinate,50,21.0,13.0,0.42,0.26,0.16,15,7,28,-0.02,0.32,2000,20261478
within_arm_later_minus_earlier,generation,generation_paired,projector-step50,vision,projector-step25,vision,count,50,1.0,2.0,0.02,0.04,-0.02,1,2,47,-0.1,0.04,2000,20261479
within_arm_later_minus_earlier,generation,generation_sample,projector-step50,vision,projector-step25,vision,count,50,10.0,5.5,0.2,0.11,0.09,14,5,31,0.01,0.17,2000,20261480
within_arm_later_minus_earlier,generation,prediction_flip,projector-step50,vision,projector-step25,vision,count,50,38.0,37.0,0.76,0.74,0.02,5,4,41,-0.1,0.14,2000,20261481
within_arm_later_minus_earlier,generation,generation_paired,projector-step50,vision,projector-step25,vision,ocr,50,0.0,0.0,0.0,0.0,0.0,0,0,50,0.0,0.0,2000,20261482
within_arm_later_minus_earlier,generation,generation_sample,projector-step50,vision,projector-step25,vision,ocr,50,0.0,0.0,0.0,0.0,0.0,0,0,50,0.0,0.0,2000,20261483
within_arm_later_minus_earlier,generation,prediction_flip,projector-step50,vision,projector-step25,vision,ocr,50,40.0,47.0,0.8,0.94,-0.14,2,9,39,-0.28,-0.02,2000,20261484
within_arm_later_minus_earlier,generation,generation_paired,projector-step50,vision,projector-step25,vision,shape,50,20.0,8.0,0.4,0.16,0.24,12,0,38,0.14,0.36,2000,20261485
within_arm_later_minus_earlier,generation,generation_sample,projector-step50,vision,projector-step25,vision,shape,50,31.5,20.5,0.63,0.41,0.22,22,0,28,0.15,0.29,2000,20261486
within_arm_later_minus_earlier,generation,prediction_flip,projector-step50,vision,projector-step25,vision,shape,50,44.0,26.0,0.88,0.52,0.36,19,1,30,0.22,0.52,2000,20261487
within_arm_later_minus_earlier,generation,generation_paired,projector-step50,vision,projector-step25,vision,spatial,50,39.0,0.0,0.78,0.0,0.78,39,0,11,0.66,0.9,2000,20261488
within_arm_later_minus_earlier,generation,generation_sample,projector-step50,vision,projector-step25,vision,spatial,50,44.5,25.0,0.89,0.5,0.39,39,0,11,0.33,0.45,2000,20261489
within_arm_later_minus_earlier,generation,prediction_flip,projector-step50,vision,projector-step25,vision,spatial,50,39.0,0.0,0.78,0.0,0.78,39,0,11,0.66,0.88,2000,20261490
within_arm_later_minus_earlier,generation,generation_paired,projector-step100,vision,projector-step50,vision,overall,300,77.0,68.0,0.25666666666666665,0.22666666666666666,0.03,30,21,249,-0.02,0.07666666666666666,2000,20261491
within_arm_later_minus_earlier,generation,generation_sample,projector-step100,vision,projector-step50,vision,overall,300,123.0,113.0,0.41,0.37666666666666665,0.03333333333333333,55,42,203,-0.006666666666666667,0.06833333333333333,2000,20261492
within_arm_later_minus_earlier,generation,prediction_flip,projector-step100,vision,projector-step50,vision,overall,300,239.0,218.0,0.7966666666666666,0.7266666666666667,0.07,57,36,207,0.006666666666666667,0.13333333333333333,2000,20261493
within_arm_later_minus_earlier,generation,generation_paired,projector-step100,vision,projector-step50,vision,color,50,8.0,7.0,0.16,0.14,0.02,7,6,37,-0.12,0.16,2000,20261494
within_arm_later_minus_earlier,generation,generation_sample,projector-step100,vision,projector-step50,vision,color,50,19.0,18.5,0.38,0.37,0.01,13,15,22,-0.11,0.13,2000,20261495
within_arm_later_minus_earlier,generation,prediction_flip,projector-step100,vision,projector-step50,vision,color,50,35.0,36.0,0.7,0.72,-0.02,6,7,37,-0.16,0.12,2000,20261496
within_arm_later_minus_earlier,generation,generation_paired,projector-step100,vision,projector-step50,vision,coordinate,50,12.0,1.0,0.24,0.02,0.22,11,0,39,0.1,0.34,2000,20261497
within_arm_later_minus_earlier,generation,generation_sample,projector-step100,vision,projector-step50,vision,coordinate,50,25.5,8.5,0.51,0.17,0.34,28,0,22,0.25,0.44,2000,20261498
within_arm_later_minus_earlier,generation,prediction_flip,projector-step100,vision,projector-step50,vision,coordinate,50,44.0,21.0,0.88,0.42,0.46,24,1,25,0.32,0.6,2000,20261499
within_arm_later_minus_earlier,generation,generation_paired,projector-step100,vision,projector-step50,vision,count,50,1.0,1.0,0.02,0.02,0.0,1,1,48,-0.06,0.06,2000,20261500
within_arm_later_minus_earlier,generation,generation_sample,projector-step100,vision,projector-step50,vision,count,50,5.5,10.0,0.11,0.2,-0.09,3,11,36,-0.17,-0.02,2000,20261501
within_arm_later_minus_earlier,generation,prediction_flip,projector-step100,vision,projector-step50,vision,count,50,34.0,38.0,0.68,0.76,-0.08,6,10,34,-0.22,0.08,2000,20261502
within_arm_later_minus_earlier,generation,generation_paired,projector-step100,vision,projector-step50,vision,ocr,50,0.0,0.0,0.0,0.0,0.0,0,0,50,0.0,0.0,2000,20261503
within_arm_later_minus_earlier,generation,generation_sample,projector-step100,vision,projector-step50,vision,ocr,50,0.0,0.0,0.0,0.0,0.0,0,0,50,0.0,0.0,2000,20261504
within_arm_later_minus_earlier,generation,prediction_flip,projector-step100,vision,projector-step50,vision,ocr,50,48.0,40.0,0.96,0.8,0.16,10,2,38,0.02,0.3,2000,20261505
within_arm_later_minus_earlier,generation,generation_paired,projector-step100,vision,projector-step50,vision,shape,50,6.0,20.0,0.12,0.4,-0.28,0,14,36,-0.4,-0.16,2000,20261506
within_arm_later_minus_earlier,generation,generation_sample,projector-step100,vision,projector-step50,vision,shape,50,23.0,31.5,0.46,0.63,-0.17,0,16,34,-0.24,-0.1,2000,20261507
within_arm_later_minus_earlier,generation,prediction_flip,projector-step100,vision,projector-step50,vision,shape,50,28.0,44.0,0.56,0.88,-0.32,0,16,34,-0.44,-0.18,2000,20261508
within_arm_later_minus_earlier,generation,generation_paired,projector-step100,vision,projector-step50,vision,spatial,50,50.0,39.0,1.0,0.78,0.22,11,0,39,0.12,0.34,2000,20261509
within_arm_later_minus_earlier,generation,generation_sample,projector-step100,vision,projector-step50,vision,spatial,50,50.0,44.5,1.0,0.89,0.11,11,0,39,0.06,0.17,2000,20261510
within_arm_later_minus_earlier,generation,prediction_flip,projector-step100,vision,projector-step50,vision,spatial,50,50.0,39.0,1.0,0.78,0.22,11,0,39,0.1,0.34,2000,20261511
