pairs_per_task,trial,task,mean_gap,ci95_low,ci95_high,triggered,sampling_seed,bootstrap_seed
8,0,color,0.5,0.125,0.875,False,28260826,28260827
8,0,coordinate,-0.125,-0.375,0.0,False,28260827,28260828
8,0,count,-0.25,-0.5,0.0,False,28260828,28260829
8,0,ocr,-0.125,-0.375,0.0,False,28260829,28260830
8,0,shape,-0.25,-0.5,0.0,False,28260830,28260831
8,0,spatial,0.0,0.0,0.0,False,28260831,28260832
8,1,color,0.25,0.0,0.625,False,28260926,28260927
8,1,coordinate,0.125,0.0,0.375,False,28260927,28260928
8,1,count,-0.125,-0.375,0.0,False,28260928,28260929
8,1,ocr,0.125,0.0,0.375,False,28260929,28260930
8,1,shape,0.0,0.0,0.0,False,28260930,28260931
8,1,spatial,0.25,0.0,0.625,False,28260931,28260932
8,2,color,0.125,0.0,0.375,False,28261026,28261027
8,2,coordinate,0.125,0.0,0.375,False,28261027,28261028
8,2,count,-0.25,-0.5,0.0,False,28261028,28261029
8,2,ocr,0.375,0.0,0.75,False,28261029,28261030
8,2,shape,0.0,-0.375,0.375,False,28261030,28261031
8,2,spatial,0.25,0.0,0.625,False,28261031,28261032
8,3,color,0.5,0.125,0.875,False,28261126,28261127
8,3,coordinate,0.375,0.125,0.75,False,28261127,28261128
8,3,count,-0.25,-0.625,0.0,False,28261128,28261129
8,3,ocr,0.0,-0.375,0.375,False,28261129,28261130
8,3,shape,0.0,-0.375,0.375,False,28261130,28261131
8,3,spatial,0.125,0.0,0.375,False,28261131,28261132
8,4,color,0.125,-0.25,0.5,False,28261226,28261227
8,4,coordinate,0.25,-0.25,0.75,False,28261227,28261228
8,4,count,-0.375,-0.75,-0.125,True,28261228,28261229
8,4,ocr,0.0,0.0,0.0,False,28261229,28261230
8,4,shape,-0.125,-0.375,0.0,False,28261230,28261231
8,4,spatial,0.25,0.0,0.625,False,28261231,28261232
8,5,color,0.25,0.0,0.625,False,28261326,28261327
8,5,coordinate,0.125,-0.25,0.5,False,28261327,28261328
8,5,count,0.0,0.0,0.0,False,28261328,28261329
8,5,ocr,0.0,0.0,0.0,False,28261329,28261330
8,5,shape,0.0,-0.375,0.375,False,28261330,28261331
8,5,spatial,0.0,0.0,0.0,False,28261331,28261332
8,6,color,0.25,0.0,0.625,False,28261426,28261427
8,6,coordinate,-0.25,-0.625,0.0,False,28261427,28261428
8,6,count,-0.625,-1.0,-0.25,True,28261428,28261429
8,6,ocr,0.125,-0.25,0.5,False,28261429,28261430
8,6,shape,-0.125,-0.375,0.0,False,28261430,28261431
8,6,spatial,0.375,0.0,0.75,False,28261431,28261432
8,7,color,0.375,0.0,0.75,False,28261526,28261527
8,7,coordinate,0.25,0.0,0.625,False,28261527,28261528
8,7,count,-0.25,-0.625,0.0,False,28261528,28261529
8,7,ocr,0.0,0.0,0.0,False,28261529,28261530
8,7,shape,-0.125,-0.375,0.0,False,28261530,28261531
8,7,spatial,0.25,0.0,0.625,False,28261531,28261532
8,8,color,0.125,0.0,0.375,False,28261626,28261627
8,8,coordinate,0.0,0.0,0.0,False,28261627,28261628
8,8,count,-0.5,-0.875,-0.125,True,28261628,28261629
8,8,ocr,0.0,0.0,0.0,False,28261629,28261630
8,8,shape,0.125,0.0,0.375,False,28261630,28261631
8,8,spatial,0.0,0.0,0.0,False,28261631,28261632
8,9,color,0.0,-0.375,0.375,False,28261726,28261727
8,9,coordinate,0.375,0.125,0.75,False,28261727,28261728
8,9,count,-0.375,-0.75,-0.125,True,28261728,28261729
8,9,ocr,0.0,0.0,0.0,False,28261729,28261730
8,9,shape,0.125,0.0,0.375,False,28261730,28261731
8,9,spatial,0.25,0.0,0.625,False,28261731,28261732
8,10,color,-0.125,-0.375,0.0,False,28261826,28261827
8,10,coordinate,0.125,-0.25,0.5,False,28261827,28261828
8,10,count,-0.5,-0.875,-0.125,True,28261828,28261829
8,10,ocr,-0.125,-0.375,0.0,False,28261829,28261830
8,10,shape,0.0,0.0,0.0,False,28261830,28261831
8,10,spatial,0.25,0.0,0.625,False,28261831,28261832
8,11,color,0.5,0.125,0.875,False,28261926,28261927
8,11,coordinate,-0.125,-0.375,0.0,False,28261927,28261928
8,11,count,-0.5,-0.875,-0.125,True,28261928,28261929
8,11,ocr,0.0,-0.375,0.375,False,28261929,28261930
8,11,shape,0.125,-0.25,0.5,False,28261930,28261931
8,11,spatial,0.0,0.0,0.0,False,28261931,28261932
8,12,color,0.125,0.0,0.375,False,28262026,28262027
8,12,coordinate,0.25,0.0,0.5,False,28262027,28262028
8,12,count,-0.5,-0.875,-0.125,True,28262028,28262029
8,12,ocr,0.125,0.0,0.375,False,28262029,28262030
8,12,shape,-0.125,-0.375,0.0,False,28262030,28262031
8,12,spatial,0.375,0.125,0.75,False,28262031,28262032
8,13,color,0.375,-0.125,0.75,False,28262126,28262127
8,13,coordinate,-0.125,-0.375,0.0,False,28262127,28262128
8,13,count,-0.5,-0.875,-0.125,True,28262128,28262129
8,13,ocr,0.0,0.0,0.0,False,28262129,28262130
8,13,shape,-0.25,-0.625,0.0,False,28262130,28262131
8,13,spatial,0.125,0.0,0.375,False,28262131,28262132
8,14,color,0.125,-0.25,0.5,False,28262226,28262227
8,14,coordinate,0.375,0.125,0.75,False,28262227,28262228
8,14,count,-0.375,-0.75,-0.125,True,28262228,28262229
8,14,ocr,0.0,0.0,0.0,False,28262229,28262230
8,14,shape,0.25,0.0,0.5,False,28262230,28262231
8,14,spatial,0.25,0.0,0.625,False,28262231,28262232
8,15,color,-0.125,-0.5,0.25,False,28262326,28262327
8,15,coordinate,0.125,0.0,0.375,False,28262327,28262328
8,15,count,-0.375,-0.75,-0.125,True,28262328,28262329
8,15,ocr,0.0,0.0,0.0,False,28262329,28262330
8,15,shape,0.0,-0.375,0.375,False,28262330,28262331
8,15,spatial,0.25,0.0,0.625,False,28262331,28262332
8,16,color,0.25,0.0,0.5,False,28262426,28262427
8,16,coordinate,0.0,-0.375,0.375,False,28262427,28262428
8,16,count,-0.25,-0.625,0.0,False,28262428,28262429
8,16,ocr,0.125,0.0,0.375,False,28262429,28262430
8,16,shape,-0.125,-0.375,0.0,False,28262430,28262431
8,16,spatial,0.375,0.125,0.75,False,28262431,28262432
8,17,color,0.375,0.125,0.75,False,28262526,28262527
8,17,coordinate,-0.25,-0.625,0.0,False,28262527,28262528
8,17,count,-0.25,-0.625,0.0,False,28262528,28262529
8,17,ocr,0.25,0.0,0.5,False,28262529,28262530
8,17,shape,0.0,-0.375,0.375,False,28262530,28262531
8,17,spatial,0.125,0.0,0.375,False,28262531,28262532
8,18,color,0.5,0.125,0.875,False,28262626,28262627
8,18,coordinate,-0.125,-0.5,0.25,False,28262627,28262628
8,18,count,-0.375,-0.75,-0.125,True,28262628,28262629
8,18,ocr,0.125,0.0,0.375,False,28262629,28262630
8,18,shape,0.0,0.0,0.0,False,28262630,28262631
8,18,spatial,0.0,0.0,0.0,False,28262631,28262632
8,19,color,0.125,-0.25,0.5,False,28262726,28262727
8,19,coordinate,-0.125,-0.375,0.0,False,28262727,28262728
8,19,count,-0.25,-0.625,0.0,False,28262728,28262729
8,19,ocr,0.125,0.0,0.375,False,28262729,28262730
8,19,shape,0.0,0.0,0.0,False,28262730,28262731
8,19,spatial,0.25,0.0,0.625,False,28262731,28262732
8,20,color,0.5,0.0,1.0,False,28262826,28262827
8,20,coordinate,-0.125,-0.375,0.0,False,28262827,28262828
8,20,count,-0.125,-0.375,0.0,False,28262828,28262829
8,20,ocr,0.0,0.0,0.0,False,28262829,28262830
8,20,shape,0.0,0.0,0.0,False,28262830,28262831
8,20,spatial,0.25,0.0,0.625,False,28262831,28262832
8,21,color,0.125,0.0,0.375,False,28262926,28262927
8,21,coordinate,0.0,-0.375,0.375,False,28262927,28262928
8,21,count,-0.5,-0.875,-0.125,True,28262928,28262929
8,21,ocr,0.125,0.0,0.375,False,28262929,28262930
8,21,shape,0.125,0.0,0.375,False,28262930,28262931
8,21,spatial,0.25,0.0,0.625,False,28262931,28262932
8,22,color,0.0,-0.5,0.5,False,28263026,28263027
8,22,coordinate,0.125,-0.25,0.5,False,28263027,28263028
8,22,count,-0.25,-0.625,0.0,False,28263028,28263029
8,22,ocr,-0.125,-0.375,0.0,False,28263029,28263030
8,22,shape,-0.125,-0.5,0.25,False,28263030,28263031
8,22,spatial,0.5,0.125,0.875,False,28263031,28263032
8,23,color,0.75,0.375,1.0,False,28263126,28263127
8,23,coordinate,0.0,-0.5,0.5,False,28263127,28263128
8,23,count,-0.25,-0.625,0.0,False,28263128,28263129
8,23,ocr,0.0,0.0,0.0,False,28263129,28263130
8,23,shape,-0.125,-0.375,0.0,False,28263130,28263131
8,23,spatial,0.0,0.0,0.0,False,28263131,28263132
8,24,color,0.375,0.125,0.75,False,28263226,28263227
8,24,coordinate,-0.125,-0.5,0.25,False,28263227,28263228
8,24,count,-0.5,-0.875,-0.125,True,28263228,28263229
8,24,ocr,0.0,0.0,0.0,False,28263229,28263230
8,24,shape,-0.125,-0.375,0.0,False,28263230,28263231
8,24,spatial,0.625,0.25,0.875,False,28263231,28263232
8,25,color,0.375,-0.125,0.875,False,28263326,28263327
8,25,coordinate,0.125,0.0,0.375,False,28263327,28263328
8,25,count,-0.375,-0.75,-0.125,True,28263328,28263329
8,25,ocr,0.0,-0.375,0.375,False,28263329,28263330
8,25,shape,-0.125,-0.375,0.0,False,28263330,28263331
8,25,spatial,0.5,0.125,0.875,False,28263331,28263332
8,26,color,0.5,0.0,0.875,False,28263426,28263427
8,26,coordinate,0.375,0.0,0.75,False,28263427,28263428
8,26,count,-0.375,-0.75,0.0,False,28263428,28263429
8,26,ocr,0.0,0.0,0.0,False,28263429,28263430
8,26,shape,-0.125,-0.375,0.0,False,28263430,28263431
8,26,spatial,0.25,0.0,0.625,False,28263431,28263432
8,27,color,0.375,0.0,0.75,False,28263526,28263527
8,27,coordinate,0.0,-0.375,0.375,False,28263527,28263528
8,27,count,-0.375,-0.75,-0.125,True,28263528,28263529
8,27,ocr,0.0,0.0,0.0,False,28263529,28263530
8,27,shape,0.0,0.0,0.0,False,28263530,28263531
8,27,spatial,0.375,0.0,0.75,False,28263531,28263532
8,28,color,0.375,0.125,0.75,False,28263626,28263627
8,28,coordinate,0.125,0.0,0.375,False,28263627,28263628
8,28,count,-0.375,-0.75,-0.125,True,28263628,28263629
8,28,ocr,0.125,0.0,0.375,False,28263629,28263630
8,28,shape,-0.125,-0.375,0.0,False,28263630,28263631
8,28,spatial,0.375,0.125,0.75,False,28263631,28263632
8,29,color,0.375,0.125,0.75,False,28263726,28263727
8,29,coordinate,0.0,-0.375,0.375,False,28263727,28263728
8,29,count,-0.125,-0.375,0.0,False,28263728,28263729
8,29,ocr,0.125,0.0,0.375,False,28263729,28263730
8,29,shape,-0.125,-0.375,0.0,False,28263730,28263731
8,29,spatial,0.375,0.0,0.75,False,28263731,28263732
8,30,color,0.25,0.0,0.625,False,28263826,28263827
8,30,coordinate,0.125,0.0,0.375,False,28263827,28263828
8,30,count,-0.375,-0.75,-0.125,True,28263828,28263829
8,30,ocr,0.0,0.0,0.0,False,28263829,28263830
8,30,shape,-0.5,-0.875,-0.125,True,28263830,28263831
8,30,spatial,0.5,0.125,0.875,False,28263831,28263832
8,31,color,0.0,-0.375,0.375,False,28263926,28263927
8,31,coordinate,0.0,-0.375,0.375,False,28263927,28263928
8,31,count,-0.25,-0.625,0.0,False,28263928,28263929
8,31,ocr,0.0,0.0,0.0,False,28263929,28263930
8,31,shape,0.0,0.0,0.0,False,28263930,28263931
8,31,spatial,0.125,0.0,0.375,False,28263931,28263932
8,32,color,0.125,0.0,0.375,False,28264026,28264027
8,32,coordinate,0.125,0.0,0.375,False,28264027,28264028
8,32,count,-0.25,-0.625,0.0,False,28264028,28264029
8,32,ocr,0.0,0.0,0.0,False,28264029,28264030
8,32,shape,0.25,0.0,0.625,False,28264030,28264031
8,32,spatial,0.5,0.125,0.875,False,28264031,28264032
8,33,color,0.25,-0.25,0.75,False,28264126,28264127
8,33,coordinate,0.25,0.0,0.625,False,28264127,28264128
8,33,count,-0.125,-0.375,0.0,False,28264128,28264129
8,33,ocr,0.0,-0.375,0.375,False,28264129,28264130
8,33,shape,0.125,0.0,0.375,False,28264130,28264131
8,33,spatial,0.375,0.0,0.75,False,28264131,28264132
8,34,color,0.125,0.0,0.375,False,28264226,28264227
8,34,coordinate,-0.125,-0.5,0.25,False,28264227,28264228
8,34,count,-0.25,-0.625,0.0,False,28264228,28264229
8,34,ocr,0.0,0.0,0.0,False,28264229,28264230
8,34,shape,0.0,0.0,0.0,False,28264230,28264231
8,34,spatial,0.5,0.125,0.875,False,28264231,28264232
8,35,color,-0.25,-0.625,0.25,False,28264326,28264327
8,35,coordinate,0.125,0.0,0.375,False,28264327,28264328
8,35,count,-0.25,-0.5,0.0,False,28264328,28264329
8,35,ocr,0.125,0.0,0.375,False,28264329,28264330
8,35,shape,0.125,-0.25,0.5,False,28264330,28264331
8,35,spatial,0.5,0.125,0.875,False,28264331,28264332
8,36,color,0.125,-0.5,0.625,False,28264426,28264427
8,36,coordinate,-0.125,-0.375,0.0,False,28264427,28264428
8,36,count,-0.5,-0.875,-0.125,True,28264428,28264429
8,36,ocr,-0.125,-0.375,0.0,False,28264429,28264430
8,36,shape,-0.125,-0.375,0.0,False,28264430,28264431
8,36,spatial,0.125,0.0,0.375,False,28264431,28264432
8,37,color,0.25,-0.25,0.75,False,28264526,28264527
8,37,coordinate,0.375,0.0,0.75,False,28264527,28264528
8,37,count,-0.375,-0.75,-0.125,True,28264528,28264529
8,37,ocr,0.125,0.0,0.375,False,28264529,28264530
8,37,shape,-0.375,-0.75,-0.125,True,28264530,28264531
8,37,spatial,0.125,0.0,0.375,False,28264531,28264532
8,38,color,0.125,-0.25,0.5,False,28264626,28264627
8,38,coordinate,0.0,-0.5,0.5,False,28264627,28264628
8,38,count,-0.25,-0.625,0.0,False,28264628,28264629
8,38,ocr,0.0,0.0,0.0,False,28264629,28264630
8,38,shape,-0.125,-0.375,0.0,False,28264630,28264631
8,38,spatial,0.5,0.125,0.875,False,28264631,28264632
8,39,color,0.25,0.0,0.625,False,28264726,28264727
8,39,coordinate,0.25,0.0,0.625,False,28264727,28264728
8,39,count,-0.25,-0.625,0.0,False,28264728,28264729
8,39,ocr,0.0,0.0,0.0,False,28264729,28264730
8,39,shape,-0.25,-0.625,0.0,False,28264730,28264731
8,39,spatial,0.0,0.0,0.0,False,28264731,28264732
8,40,color,0.125,0.0,0.375,False,28264826,28264827
8,40,coordinate,-0.125,-0.375,0.0,False,28264827,28264828
8,40,count,-0.375,-0.75,0.0,False,28264828,28264829
8,40,ocr,0.0,-0.375,0.375,False,28264829,28264830
8,40,shape,-0.125,-0.375,0.0,False,28264830,28264831
8,40,spatial,0.125,0.0,0.375,False,28264831,28264832
8,41,color,-0.125,-0.625,0.375,False,28264926,28264927
8,41,coordinate,0.0,-0.375,0.375,False,28264927,28264928
8,41,count,-0.375,-0.75,-0.125,True,28264928,28264929
8,41,ocr,-0.125,-0.375,0.0,False,28264929,28264930
8,41,shape,0.0,-0.375,0.375,False,28264930,28264931
8,41,spatial,0.25,0.0,0.625,False,28264931,28264932
8,42,color,0.375,0.125,0.75,False,28265026,28265027
8,42,coordinate,0.0,0.0,0.0,False,28265027,28265028
8,42,count,-0.25,-0.625,0.0,False,28265028,28265029
8,42,ocr,0.0,0.0,0.0,False,28265029,28265030
8,42,shape,0.125,0.0,0.375,False,28265030,28265031
8,42,spatial,0.0,0.0,0.0,False,28265031,28265032
8,43,color,0.375,0.0,0.75,False,28265126,28265127
8,43,coordinate,-0.125,-0.5,0.25,False,28265127,28265128
8,43,count,-0.375,-0.75,0.0,False,28265128,28265129
8,43,ocr,0.0,0.0,0.0,False,28265129,28265130
8,43,shape,0.125,0.0,0.375,False,28265130,28265131
8,43,spatial,0.25,0.0,0.625,False,28265131,28265132
8,44,color,-0.125,-0.375,0.0,False,28265226,28265227
8,44,coordinate,0.25,0.0,0.625,False,28265227,28265228
8,44,count,0.0,0.0,0.0,False,28265228,28265229
8,44,ocr,0.125,0.0,0.375,False,28265229,28265230
8,44,shape,0.125,0.0,0.375,False,28265230,28265231
8,44,spatial,0.125,0.0,0.375,False,28265231,28265232
8,45,color,0.0,-0.375,0.375,False,28265326,28265327
8,45,coordinate,-0.125,-0.5,0.25,False,28265327,28265328
8,45,count,-0.25,-0.625,0.0,False,28265328,28265329
8,45,ocr,0.0,0.0,0.0,False,28265329,28265330
8,45,shape,0.0,0.0,0.0,False,28265330,28265331
8,45,spatial,0.375,0.125,0.75,False,28265331,28265332
8,46,color,0.375,-0.125,0.875,False,28265426,28265427
8,46,coordinate,-0.125,-0.375,0.0,False,28265427,28265428
8,46,count,-0.25,-0.625,0.0,False,28265428,28265429
8,46,ocr,0.125,0.0,0.375,False,28265429,28265430
8,46,shape,0.125,0.0,0.375,False,28265430,28265431
8,46,spatial,0.125,0.0,0.375,False,28265431,28265432
8,47,color,0.0,-0.375,0.375,False,28265526,28265527
8,47,coordinate,-0.125,-0.375,0.0,False,28265527,28265528
8,47,count,-0.375,-0.75,-0.125,True,28265528,28265529
8,47,ocr,0.0,0.0,0.0,False,28265529,28265530
8,47,shape,0.0,0.0,0.0,False,28265530,28265531
8,47,spatial,0.0,0.0,0.0,False,28265531,28265532
8,48,color,0.125,-0.25,0.5,False,28265626,28265627
8,48,coordinate,0.125,-0.25,0.5,False,28265627,28265628
8,48,count,-0.25,-0.625,0.0,False,28265628,28265629
8,48,ocr,-0.125,-0.375,0.0,False,28265629,28265630
8,48,shape,0.0,0.0,0.0,False,28265630,28265631
8,48,spatial,0.125,0.0,0.375,False,28265631,28265632
8,49,color,0.0,-0.375,0.375,False,28265726,28265727
8,49,coordinate,0.125,0.0,0.375,False,28265727,28265728
8,49,count,-0.375,-0.75,-0.125,True,28265728,28265729
8,49,ocr,0.0,0.0,0.0,False,28265729,28265730
8,49,shape,0.0,0.0,0.0,False,28265730,28265731
8,49,spatial,0.375,0.125,0.75,False,28265731,28265732
8,50,color,0.0,-0.5,0.5,False,28265826,28265827
8,50,coordinate,0.125,0.0,0.375,False,28265827,28265828
8,50,count,-0.375,-0.75,-0.125,True,28265828,28265829
8,50,ocr,0.0,0.0,0.0,False,28265829,28265830
8,50,shape,0.125,0.0,0.375,False,28265830,28265831
8,50,spatial,0.125,0.0,0.375,False,28265831,28265832
8,51,color,0.0,-0.5,0.5,False,28265926,28265927
8,51,coordinate,0.25,0.0,0.5,False,28265927,28265928
8,51,count,-0.375,-0.75,-0.125,True,28265928,28265929
8,51,ocr,0.0,0.0,0.0,False,28265929,28265930
8,51,shape,-0.125,-0.375,0.0,False,28265930,28265931
8,51,spatial,0.0,0.0,0.0,False,28265931,28265932
8,52,color,0.25,0.0,0.625,False,28266026,28266027
8,52,coordinate,0.125,0.0,0.375,False,28266027,28266028
8,52,count,-0.5,-0.875,-0.125,True,28266028,28266029
8,52,ocr,0.0,0.0,0.0,False,28266029,28266030
8,52,shape,0.0,0.0,0.0,False,28266030,28266031
8,52,spatial,0.25,0.0,0.625,False,28266031,28266032
8,53,color,0.375,0.0,0.75,False,28266126,28266127
8,53,coordinate,0.0,0.0,0.0,False,28266127,28266128
8,53,count,0.0,0.0,0.0,False,28266128,28266129
8,53,ocr,0.25,0.0,0.5,False,28266129,28266130
8,53,shape,0.0,0.0,0.0,False,28266130,28266131
8,53,spatial,0.125,0.0,0.375,False,28266131,28266132
8,54,color,0.125,-0.25,0.5,False,28266226,28266227
8,54,coordinate,0.0,-0.5,0.5,False,28266227,28266228
8,54,count,-0.25,-0.625,0.0,False,28266228,28266229
8,54,ocr,0.125,0.0,0.375,False,28266229,28266230
8,54,shape,0.0,-0.375,0.375,False,28266230,28266231
8,54,spatial,0.5,0.125,0.875,False,28266231,28266232
8,55,color,0.0,-0.5,0.5,False,28266326,28266327
8,55,coordinate,0.125,-0.25,0.5,False,28266327,28266328
8,55,count,-0.5,-0.875,-0.125,True,28266328,28266329
8,55,ocr,0.0,-0.375,0.375,False,28266329,28266330
8,55,shape,0.125,0.0,0.375,False,28266330,28266331
8,55,spatial,0.5,0.125,0.875,False,28266331,28266332
8,56,color,-0.25,-0.625,0.0,False,28266426,28266427
8,56,coordinate,-0.25,-0.625,0.25,False,28266427,28266428
8,56,count,-0.25,-0.625,0.0,False,28266428,28266429
8,56,ocr,0.0,0.0,0.0,False,28266429,28266430
8,56,shape,0.125,0.0,0.375,False,28266430,28266431
8,56,spatial,0.125,0.0,0.375,False,28266431,28266432
8,57,color,0.125,0.0,0.375,False,28266526,28266527
8,57,coordinate,-0.25,-0.625,0.0,False,28266527,28266528
8,57,count,-0.5,-0.875,-0.125,True,28266528,28266529
8,57,ocr,0.0,0.0,0.0,False,28266529,28266530
8,57,shape,0.0,0.0,0.0,False,28266530,28266531
8,57,spatial,0.25,0.0,0.625,False,28266531,28266532
8,58,color,0.25,0.0,0.625,False,28266626,28266627
8,58,coordinate,0.25,0.0,0.5,False,28266627,28266628
8,58,count,-0.125,-0.375,0.0,False,28266628,28266629
8,58,ocr,-0.125,-0.375,0.0,False,28266629,28266630
8,58,shape,-0.125,-0.375,0.0,False,28266630,28266631
8,58,spatial,0.125,0.0,0.375,False,28266631,28266632
8,59,color,0.25,-0.25,0.75,False,28266726,28266727
8,59,coordinate,0.0,-0.375,0.375,False,28266727,28266728
8,59,count,-0.5,-0.875,-0.125,True,28266728,28266729
8,59,ocr,0.125,0.0,0.375,False,28266729,28266730
8,59,shape,-0.125,-0.375,0.0,False,28266730,28266731
8,59,spatial,0.125,0.0,0.375,False,28266731,28266732
8,60,color,0.0,-0.375,0.375,False,28266826,28266827
8,60,coordinate,0.0,-0.375,0.375,False,28266827,28266828
8,60,count,-0.25,-0.625,0.0,False,28266828,28266829
8,60,ocr,0.125,0.0,0.375,False,28266829,28266830
8,60,shape,0.0,-0.375,0.375,False,28266830,28266831
8,60,spatial,0.375,0.125,0.75,False,28266831,28266832
8,61,color,0.25,0.0,0.625,False,28266926,28266927
8,61,coordinate,0.125,0.0,0.375,False,28266927,28266928
8,61,count,-0.25,-0.625,0.0,False,28266928,28266929
8,61,ocr,0.0,-0.375,0.375,False,28266929,28266930
8,61,shape,0.0,0.0,0.0,False,28266930,28266931
8,61,spatial,0.25,0.0,0.625,False,28266931,28266932
8,62,color,0.625,0.25,0.875,False,28267026,28267027
8,62,coordinate,0.0,-0.5,0.5,False,28267027,28267028
8,62,count,-0.25,-0.625,0.0,False,28267028,28267029
8,62,ocr,0.0,-0.375,0.375,False,28267029,28267030
8,62,shape,0.0,0.0,0.0,False,28267030,28267031
8,62,spatial,0.0,0.0,0.0,False,28267031,28267032
8,63,color,0.0,-0.5,0.5,False,28267126,28267127
8,63,coordinate,0.125,-0.25,0.5,False,28267127,28267128
8,63,count,-0.125,-0.375,0.0,False,28267128,28267129
8,63,ocr,0.0,0.0,0.0,False,28267129,28267130
8,63,shape,-0.125,-0.375,0.0,False,28267130,28267131
8,63,spatial,0.375,0.125,0.75,False,28267131,28267132
8,64,color,0.0,-0.5,0.5,False,28267226,28267227
8,64,coordinate,0.5,0.125,0.875,False,28267227,28267228
8,64,count,-0.375,-0.75,0.0,False,28267228,28267229
8,64,ocr,0.0,0.0,0.0,False,28267229,28267230
8,64,shape,0.0,0.0,0.0,False,28267230,28267231
8,64,spatial,0.625,0.25,0.875,False,28267231,28267232
8,65,color,0.25,-0.25,0.75,False,28267326,28267327
8,65,coordinate,-0.125,-0.375,0.0,False,28267327,28267328
8,65,count,-0.25,-0.625,0.0,False,28267328,28267329
8,65,ocr,0.0,0.0,0.0,False,28267329,28267330
8,65,shape,0.125,0.0,0.375,False,28267330,28267331
8,65,spatial,0.5,0.125,0.875,False,28267331,28267332
8,66,color,0.5,0.125,0.875,False,28267426,28267427
8,66,coordinate,0.125,-0.375,0.625,False,28267427,28267428
8,66,count,-0.5,-0.875,-0.125,True,28267428,28267429
8,66,ocr,0.0,0.0,0.0,False,28267429,28267430
8,66,shape,0.125,0.0,0.375,False,28267430,28267431
8,66,spatial,0.5,0.125,0.875,False,28267431,28267432
8,67,color,0.375,0.125,0.75,False,28267526,28267527
8,67,coordinate,-0.125,-0.375,0.0,False,28267527,28267528
8,67,count,-0.25,-0.625,0.0,False,28267528,28267529
8,67,ocr,0.125,0.0,0.375,False,28267529,28267530
8,67,shape,-0.25,-0.5,0.0,False,28267530,28267531
8,67,spatial,0.375,0.125,0.75,False,28267531,28267532
8,68,color,0.25,-0.25,0.75,False,28267626,28267627
8,68,coordinate,0.125,-0.25,0.5,False,28267627,28267628
8,68,count,0.0,0.0,0.0,False,28267628,28267629
8,68,ocr,0.375,0.125,0.75,False,28267629,28267630
8,68,shape,0.125,0.0,0.375,False,28267630,28267631
8,68,spatial,0.5,0.125,0.875,False,28267631,28267632
8,69,color,0.375,0.0,0.75,False,28267726,28267727
8,69,coordinate,0.125,0.0,0.375,False,28267727,28267728
8,69,count,-0.25,-0.625,0.0,False,28267728,28267729
8,69,ocr,0.0,0.0,0.0,False,28267729,28267730
8,69,shape,-0.125,-0.375,0.0,False,28267730,28267731
8,69,spatial,0.625,0.25,0.875,False,28267731,28267732
8,70,color,0.125,0.0,0.375,False,28267826,28267827
8,70,coordinate,0.25,0.0,0.625,False,28267827,28267828
8,70,count,-0.375,-0.75,-0.125,True,28267828,28267829
8,70,ocr,0.0,0.0,0.0,False,28267829,28267830
8,70,shape,-0.125,-0.375,0.0,False,28267830,28267831
8,70,spatial,0.125,0.0,0.375,False,28267831,28267832
8,71,color,0.25,0.0,0.5,False,28267926,28267927
8,71,coordinate,-0.125,-0.375,0.0,False,28267927,28267928
8,71,count,-0.125,-0.375,0.0,False,28267928,28267929
8,71,ocr,0.125,0.0,0.375,False,28267929,28267930
8,71,shape,0.125,0.0,0.375,False,28267930,28267931
8,71,spatial,0.25,0.0,0.625,False,28267931,28267932
8,72,color,0.125,0.0,0.375,False,28268026,28268027
8,72,coordinate,0.0,-0.375,0.375,False,28268027,28268028
8,72,count,-0.5,-0.875,-0.125,True,28268028,28268029
8,72,ocr,0.0,0.0,0.0,False,28268029,28268030
8,72,shape,0.125,0.0,0.375,False,28268030,28268031
8,72,spatial,0.125,0.0,0.375,False,28268031,28268032
8,73,color,0.25,0.0,0.625,False,28268126,28268127
8,73,coordinate,0.125,-0.25,0.5,False,28268127,28268128
8,73,count,-0.625,-0.875,-0.25,True,28268128,28268129
8,73,ocr,0.0,0.0,0.0,False,28268129,28268130
8,73,shape,0.0,0.0,0.0,False,28268130,28268131
8,73,spatial,0.0,0.0,0.0,False,28268131,28268132
8,74,color,0.5,0.125,0.875,False,28268226,28268227
8,74,coordinate,0.25,0.0,0.625,False,28268227,28268228
8,74,count,-0.125,-0.375,0.0,False,28268228,28268229
8,74,ocr,0.0,0.0,0.0,False,28268229,28268230
8,74,shape,0.0,0.0,0.0,False,28268230,28268231
8,74,spatial,0.25,0.0,0.5,False,28268231,28268232
8,75,color,0.125,-0.375,0.625,False,28268326,28268327
8,75,coordinate,0.25,0.0,0.5,False,28268327,28268328
8,75,count,-0.125,-0.375,0.0,False,28268328,28268329
8,75,ocr,0.0,0.0,0.0,False,28268329,28268330
8,75,shape,0.0,-0.375,0.375,False,28268330,28268331
8,75,spatial,0.25,0.0,0.625,False,28268331,28268332
8,76,color,0.25,-0.25,0.625,False,28268426,28268427
8,76,coordinate,0.0,0.0,0.0,False,28268427,28268428
8,76,count,-0.25,-0.625,0.0,False,28268428,28268429
8,76,ocr,0.0,0.0,0.0,False,28268429,28268430
8,76,shape,0.125,0.0,0.375,False,28268430,28268431
8,76,spatial,0.5,0.125,0.875,False,28268431,28268432
8,77,color,0.25,0.0,0.625,False,28268526,28268527
8,77,coordinate,0.0,-0.5,0.5,False,28268527,28268528
8,77,count,-0.375,-0.75,0.0,False,28268528,28268529
8,77,ocr,0.0,0.0,0.0,False,28268529,28268530
8,77,shape,0.0,0.0,0.0,False,28268530,28268531
8,77,spatial,0.25,0.0,0.5,False,28268531,28268532
8,78,color,0.375,0.0,0.75,False,28268626,28268627
8,78,coordinate,0.125,-0.25,0.5,False,28268627,28268628
8,78,count,-0.375,-0.75,-0.125,True,28268628,28268629
8,78,ocr,0.0,0.0,0.0,False,28268629,28268630
8,78,shape,0.125,0.0,0.375,False,28268630,28268631
8,78,spatial,0.125,0.0,0.375,False,28268631,28268632
8,79,color,0.5,0.125,0.875,False,28268726,28268727
8,79,coordinate,0.0,-0.375,0.375,False,28268727,28268728
8,79,count,-0.375,-0.75,-0.125,True,28268728,28268729
8,79,ocr,0.125,0.0,0.375,False,28268729,28268730
8,79,shape,-0.125,-0.5,0.25,False,28268730,28268731
8,79,spatial,0.0,0.0,0.0,False,28268731,28268732
8,80,color,0.125,-0.25,0.5,False,28268826,28268827
8,80,coordinate,0.25,-0.25,0.75,False,28268827,28268828
8,80,count,-0.25,-0.625,0.0,False,28268828,28268829
8,80,ocr,0.125,0.0,0.375,False,28268829,28268830
8,80,shape,0.0,0.0,0.0,False,28268830,28268831
8,80,spatial,0.375,0.0,0.75,False,28268831,28268832
8,81,color,0.125,0.0,0.375,False,28268926,28268927
8,81,coordinate,0.0,0.0,0.0,False,28268927,28268928
8,81,count,-0.375,-0.75,-0.125,True,28268928,28268929
8,81,ocr,0.0,0.0,0.0,False,28268929,28268930
8,81,shape,0.125,0.0,0.375,False,28268930,28268931
8,81,spatial,0.25,0.0,0.625,False,28268931,28268932
8,82,color,0.125,0.0,0.375,False,28269026,28269027
8,82,coordinate,0.0,-0.375,0.375,False,28269027,28269028
8,82,count,-0.375,-0.75,-0.125,True,28269028,28269029
8,82,ocr,0.0,0.0,0.0,False,28269029,28269030
8,82,shape,-0.125,-0.375,0.0,False,28269030,28269031
8,82,spatial,0.375,0.125,0.75,False,28269031,28269032
8,83,color,0.125,-0.25,0.5,False,28269126,28269127
8,83,coordinate,0.25,-0.25,0.625,False,28269127,28269128
8,83,count,-0.25,-0.625,0.0,False,28269128,28269129
8,83,ocr,-0.125,-0.375,0.0,False,28269129,28269130
8,83,shape,-0.125,-0.375,0.0,False,28269130,28269131
8,83,spatial,0.125,0.0,0.375,False,28269131,28269132
8,84,color,0.5,0.0,0.875,False,28269226,28269227
8,84,coordinate,0.125,-0.25,0.5,False,28269227,28269228
8,84,count,-0.125,-0.375,0.0,False,28269228,28269229
8,84,ocr,0.0,0.0,0.0,False,28269229,28269230
8,84,shape,0.0,-0.375,0.375,False,28269230,28269231
8,84,spatial,0.25,0.0,0.5,False,28269231,28269232
8,85,color,0.25,-0.25,0.75,False,28269326,28269327
8,85,coordinate,0.125,0.0,0.375,False,28269327,28269328
8,85,count,-0.25,-0.625,0.0,False,28269328,28269329
8,85,ocr,0.125,0.0,0.375,False,28269329,28269330
8,85,shape,0.0,0.0,0.0,False,28269330,28269331
8,85,spatial,0.375,0.0,0.75,False,28269331,28269332
8,86,color,0.5,0.0,0.875,False,28269426,28269427
8,86,coordinate,0.0,-0.375,0.375,False,28269427,28269428
8,86,count,-0.375,-0.75,0.0,False,28269428,28269429
8,86,ocr,0.0,0.0,0.0,False,28269429,28269430
8,86,shape,0.125,0.0,0.375,False,28269430,28269431
8,86,spatial,0.125,0.0,0.375,False,28269431,28269432
8,87,color,0.25,-0.25,0.625,False,28269526,28269527
8,87,coordinate,0.0,-0.375,0.375,False,28269527,28269528
8,87,count,-0.25,-0.625,0.0,False,28269528,28269529
8,87,ocr,0.125,0.0,0.375,False,28269529,28269530
8,87,shape,0.125,0.0,0.375,False,28269530,28269531
8,87,spatial,0.375,0.125,0.75,False,28269531,28269532
8,88,color,-0.375,-0.75,-0.125,True,28269626,28269627
8,88,coordinate,0.125,-0.25,0.5,False,28269627,28269628
8,88,count,-0.375,-0.75,-0.125,True,28269628,28269629
8,88,ocr,0.0,0.0,0.0,False,28269629,28269630
8,88,shape,0.0,0.0,0.0,False,28269630,28269631
8,88,spatial,0.625,0.25,0.875,False,28269631,28269632
8,89,color,0.375,0.125,0.75,False,28269726,28269727
8,89,coordinate,0.25,-0.25,0.625,False,28269727,28269728
8,89,count,-0.25,-0.625,0.0,False,28269728,28269729
8,89,ocr,-0.125,-0.375,0.0,False,28269729,28269730
8,89,shape,0.0,0.0,0.0,False,28269730,28269731
8,89,spatial,0.5,0.125,0.875,False,28269731,28269732
8,90,color,0.5,0.125,0.875,False,28269826,28269827
8,90,coordinate,-0.125,-0.375,0.0,False,28269827,28269828
8,90,count,-0.375,-0.75,0.0,False,28269828,28269829
8,90,ocr,0.0,-0.375,0.375,False,28269829,28269830
8,90,shape,0.125,0.0,0.375,False,28269830,28269831
8,90,spatial,0.125,0.0,0.375,False,28269831,28269832
8,91,color,0.375,0.125,0.75,False,28269926,28269927
8,91,coordinate,0.125,-0.25,0.5,False,28269927,28269928
8,91,count,-0.25,-0.5,0.0,False,28269928,28269929
8,91,ocr,0.0,0.0,0.0,False,28269929,28269930
8,91,shape,0.0,0.0,0.0,False,28269930,28269931
8,91,spatial,0.375,0.125,0.75,False,28269931,28269932
8,92,color,0.5,0.125,0.875,False,28270026,28270027
8,92,coordinate,0.125,-0.25,0.5,False,28270027,28270028
8,92,count,-0.25,-0.5,0.0,False,28270028,28270029
8,92,ocr,0.125,0.0,0.375,False,28270029,28270030
8,92,shape,-0.125,-0.375,0.0,False,28270030,28270031
8,92,spatial,0.125,0.0,0.375,False,28270031,28270032
8,93,color,0.125,-0.25,0.5,False,28270126,28270127
8,93,coordinate,0.125,0.0,0.375,False,28270127,28270128
8,93,count,-0.125,-0.375,0.0,False,28270128,28270129
8,93,ocr,0.125,0.0,0.375,False,28270129,28270130
8,93,shape,0.125,0.0,0.375,False,28270130,28270131
8,93,spatial,0.25,0.0,0.625,False,28270131,28270132
8,94,color,0.125,-0.25,0.5,False,28270226,28270227
8,94,coordinate,0.125,-0.375,0.5,False,28270227,28270228
8,94,count,-0.375,-0.75,-0.125,True,28270228,28270229
8,94,ocr,0.125,0.0,0.375,False,28270229,28270230
8,94,shape,-0.125,-0.375,0.0,False,28270230,28270231
8,94,spatial,0.375,0.125,0.75,False,28270231,28270232
8,95,color,-0.25,-0.75,0.25,False,28270326,28270327
8,95,coordinate,0.375,-0.125,0.875,False,28270327,28270328
8,95,count,-0.25,-0.5,0.0,False,28270328,28270329
8,95,ocr,0.125,0.0,0.375,False,28270329,28270330
8,95,shape,0.0,-0.375,0.375,False,28270330,28270331
8,95,spatial,0.25,0.0,0.5,False,28270331,28270332
8,96,color,-0.125,-0.5,0.25,False,28270426,28270427
8,96,coordinate,0.0,-0.375,0.375,False,28270427,28270428
8,96,count,-0.25,-0.625,0.0,False,28270428,28270429
8,96,ocr,-0.125,-0.375,0.0,False,28270429,28270430
8,96,shape,0.125,0.0,0.375,False,28270430,28270431
8,96,spatial,0.125,0.0,0.375,False,28270431,28270432
8,97,color,0.0,-0.5,0.5,False,28270526,28270527
8,97,coordinate,0.0,-0.5,0.5,False,28270527,28270528
8,97,count,-0.125,-0.375,0.0,False,28270528,28270529
8,97,ocr,0.0,0.0,0.0,False,28270529,28270530
8,97,shape,0.0,0.0,0.0,False,28270530,28270531
8,97,spatial,0.125,0.0,0.375,False,28270531,28270532
8,98,color,0.0,-0.375,0.375,False,28270626,28270627
8,98,coordinate,0.125,-0.25,0.5,False,28270627,28270628
8,98,count,-0.25,-0.625,0.0,False,28270628,28270629
8,98,ocr,0.25,0.0,0.625,False,28270629,28270630
8,98,shape,0.125,-0.25,0.5,False,28270630,28270631
8,98,spatial,0.25,0.0,0.5,False,28270631,28270632
8,99,color,0.375,0.0,0.75,False,28270726,28270727
8,99,coordinate,0.25,0.0,0.5,False,28270727,28270728
8,99,count,-0.625,-0.875,-0.25,True,28270728,28270729
8,99,ocr,0.0,0.0,0.0,False,28270729,28270730
8,99,shape,0.0,0.0,0.0,False,28270730,28270731
8,99,spatial,0.125,0.0,0.375,False,28270731,28270732
8,100,color,0.375,0.0,0.75,False,28270826,28270827
8,100,coordinate,0.25,-0.25,0.625,False,28270827,28270828
8,100,count,-0.125,-0.375,0.0,False,28270828,28270829
8,100,ocr,0.25,0.0,0.5,False,28270829,28270830
8,100,shape,0.0,0.0,0.0,False,28270830,28270831
8,100,spatial,0.25,0.0,0.625,False,28270831,28270832
8,101,color,0.125,0.0,0.375,False,28270926,28270927
8,101,coordinate,0.25,0.0,0.5,False,28270927,28270928
8,101,count,-0.25,-0.5,0.0,False,28270928,28270929
8,101,ocr,-0.125,-0.375,0.0,False,28270929,28270930
8,101,shape,0.0,0.0,0.0,False,28270930,28270931
8,101,spatial,0.25,0.0,0.625,False,28270931,28270932
8,102,color,0.125,-0.25,0.5,False,28271026,28271027
8,102,coordinate,-0.25,-0.5,0.0,False,28271027,28271028
8,102,count,-0.25,-0.5,0.0,False,28271028,28271029
8,102,ocr,-0.125,-0.375,0.0,False,28271029,28271030
8,102,shape,0.0,0.0,0.0,False,28271030,28271031
8,102,spatial,0.125,0.0,0.375,False,28271031,28271032
8,103,color,0.25,0.0,0.625,False,28271126,28271127
8,103,coordinate,0.125,-0.25,0.5,False,28271127,28271128
8,103,count,-0.375,-0.75,-0.125,True,28271128,28271129
8,103,ocr,0.0,0.0,0.0,False,28271129,28271130
8,103,shape,0.0,-0.375,0.375,False,28271130,28271131
8,103,spatial,0.0,0.0,0.0,False,28271131,28271132
8,104,color,0.0,-0.375,0.375,False,28271226,28271227
8,104,coordinate,0.0,-0.5,0.5,False,28271227,28271228
8,104,count,-0.375,-0.75,-0.125,True,28271228,28271229
8,104,ocr,0.0,0.0,0.0,False,28271229,28271230
8,104,shape,-0.125,-0.375,0.0,False,28271230,28271231
8,104,spatial,0.125,0.0,0.375,False,28271231,28271232
8,105,color,0.0,0.0,0.0,False,28271326,28271327
8,105,coordinate,0.125,-0.5,0.625,False,28271327,28271328
8,105,count,-0.25,-0.625,0.0,False,28271328,28271329
8,105,ocr,0.0,0.0,0.0,False,28271329,28271330
8,105,shape,0.0,0.0,0.0,False,28271330,28271331
8,105,spatial,0.25,0.0,0.5,False,28271331,28271332
8,106,color,0.125,-0.25,0.5,False,28271426,28271427
8,106,coordinate,0.125,-0.25,0.5,False,28271427,28271428
8,106,count,-0.375,-0.75,0.0,False,28271428,28271429
8,106,ocr,0.0,0.0,0.0,False,28271429,28271430
8,106,shape,0.0,-0.375,0.375,False,28271430,28271431
8,106,spatial,0.125,0.0,0.375,False,28271431,28271432
8,107,color,0.625,0.25,0.875,False,28271526,28271527
8,107,coordinate,0.0,0.0,0.0,False,28271527,28271528
8,107,count,-0.125,-0.375,0.0,False,28271528,28271529
8,107,ocr,0.0,0.0,0.0,False,28271529,28271530
8,107,shape,-0.125,-0.375,0.0,False,28271530,28271531
8,107,spatial,0.0,0.0,0.0,False,28271531,28271532
8,108,color,0.125,0.0,0.375,False,28271626,28271627
8,108,coordinate,-0.125,-0.5,0.25,False,28271627,28271628
8,108,count,-0.125,-0.375,0.0,False,28271628,28271629
8,108,ocr,0.0,0.0,0.0,False,28271629,28271630
8,108,shape,0.0,-0.375,0.375,False,28271630,28271631
8,108,spatial,0.0,0.0,0.0,False,28271631,28271632
8,109,color,0.375,0.0,0.75,False,28271726,28271727
8,109,coordinate,-0.125,-0.375,0.0,False,28271727,28271728
8,109,count,-0.25,-0.625,0.0,False,28271728,28271729
8,109,ocr,0.125,0.0,0.375,False,28271729,28271730
8,109,shape,0.125,0.0,0.375,False,28271730,28271731
8,109,spatial,0.25,0.0,0.625,False,28271731,28271732
8,110,color,0.5,0.125,0.875,False,28271826,28271827
8,110,coordinate,0.0,-0.375,0.375,False,28271827,28271828
8,110,count,-0.625,-0.875,-0.25,True,28271828,28271829
8,110,ocr,0.0,0.0,0.0,False,28271829,28271830
8,110,shape,0.125,0.0,0.375,False,28271830,28271831
8,110,spatial,0.125,0.0,0.375,False,28271831,28271832
8,111,color,0.0,-0.5,0.5,False,28271926,28271927
8,111,coordinate,0.0,-0.375,0.375,False,28271927,28271928
8,111,count,-0.25,-0.625,0.0,False,28271928,28271929
8,111,ocr,0.0,0.0,0.0,False,28271929,28271930
8,111,shape,-0.125,-0.375,0.0,False,28271930,28271931
8,111,spatial,0.125,0.0,0.375,False,28271931,28271932
8,112,color,0.375,0.125,0.75,False,28272026,28272027
8,112,coordinate,-0.125,-0.375,0.0,False,28272027,28272028
8,112,count,-0.375,-0.75,0.0,False,28272028,28272029
8,112,ocr,0.0,0.0,0.0,False,28272029,28272030
8,112,shape,-0.125,-0.375,0.0,False,28272030,28272031
8,112,spatial,0.125,0.0,0.375,False,28272031,28272032
8,113,color,0.125,-0.25,0.5,False,28272126,28272127
8,113,coordinate,0.125,0.0,0.375,False,28272127,28272128
8,113,count,0.0,0.0,0.0,False,28272128,28272129
8,113,ocr,-0.125,-0.375,0.0,False,28272129,28272130
8,113,shape,0.25,0.0,0.625,False,28272130,28272131
8,113,spatial,0.375,0.125,0.75,False,28272131,28272132
8,114,color,0.25,0.0,0.625,False,28272226,28272227
8,114,coordinate,0.25,0.0,0.625,False,28272227,28272228
8,114,count,-0.25,-0.625,0.0,False,28272228,28272229
8,114,ocr,0.25,0.0,0.625,False,28272229,28272230
8,114,shape,-0.125,-0.375,0.0,False,28272230,28272231
8,114,spatial,0.125,0.0,0.375,False,28272231,28272232
8,115,color,0.25,0.0,0.625,False,28272326,28272327
8,115,coordinate,-0.125,-0.5,0.25,False,28272327,28272328
8,115,count,-0.25,-0.625,0.0,False,28272328,28272329
8,115,ocr,0.0,-0.375,0.375,False,28272329,28272330
8,115,shape,-0.125,-0.375,0.0,False,28272330,28272331
8,115,spatial,0.5,0.125,0.875,False,28272331,28272332
8,116,color,0.375,0.0,0.75,False,28272426,28272427
8,116,coordinate,0.25,0.0,0.625,False,28272427,28272428
8,116,count,-0.25,-0.625,0.0,False,28272428,28272429
8,116,ocr,0.0,0.0,0.0,False,28272429,28272430
8,116,shape,-0.125,-0.375,0.0,False,28272430,28272431
8,116,spatial,0.0,0.0,0.0,False,28272431,28272432
8,117,color,0.5,0.0,0.875,False,28272526,28272527
8,117,coordinate,0.125,0.0,0.375,False,28272527,28272528
8,117,count,-0.5,-0.875,-0.125,True,28272528,28272529
8,117,ocr,0.125,0.0,0.375,False,28272529,28272530
8,117,shape,0.0,0.0,0.0,False,28272530,28272531
8,117,spatial,0.125,0.0,0.375,False,28272531,28272532
8,118,color,0.375,-0.125,0.875,False,28272626,28272627
8,118,coordinate,0.125,0.0,0.375,False,28272627,28272628
8,118,count,-0.375,-0.75,0.0,False,28272628,28272629
8,118,ocr,0.0,0.0,0.0,False,28272629,28272630
8,118,shape,0.0,0.0,0.0,False,28272630,28272631
8,118,spatial,0.25,0.0,0.625,False,28272631,28272632
8,119,color,0.375,-0.125,0.875,False,28272726,28272727
8,119,coordinate,0.25,-0.25,0.625,False,28272727,28272728
8,119,count,-0.125,-0.375,0.0,False,28272728,28272729
8,119,ocr,0.375,0.0,0.75,False,28272729,28272730
8,119,shape,0.0,-0.375,0.375,False,28272730,28272731
8,119,spatial,0.25,0.0,0.5,False,28272731,28272732
8,120,color,0.375,0.125,0.75,False,28272826,28272827
8,120,coordinate,0.375,0.0,0.75,False,28272827,28272828
8,120,count,-0.25,-0.625,0.0,False,28272828,28272829
8,120,ocr,0.125,0.0,0.375,False,28272829,28272830
8,120,shape,0.125,0.0,0.375,False,28272830,28272831
8,120,spatial,0.25,0.0,0.5,False,28272831,28272832
8,121,color,0.625,0.125,1.0,False,28272926,28272927
8,121,coordinate,0.125,0.0,0.375,False,28272927,28272928
8,121,count,-0.125,-0.375,0.0,False,28272928,28272929
8,121,ocr,-0.25,-0.625,0.0,False,28272929,28272930
8,121,shape,0.0,0.0,0.0,False,28272930,28272931
8,121,spatial,0.25,0.0,0.5,False,28272931,28272932
8,122,color,0.0,0.0,0.0,False,28273026,28273027
8,122,coordinate,-0.125,-0.5,0.25,False,28273027,28273028
8,122,count,-0.375,-0.75,0.0,False,28273028,28273029
8,122,ocr,0.125,-0.25,0.5,False,28273029,28273030
8,122,shape,0.0,0.0,0.0,False,28273030,28273031
8,122,spatial,0.5,0.125,0.875,False,28273031,28273032
8,123,color,0.5,0.125,0.875,False,28273126,28273127
8,123,coordinate,0.0,0.0,0.0,False,28273127,28273128
8,123,count,0.0,0.0,0.0,False,28273128,28273129
8,123,ocr,0.125,0.0,0.375,False,28273129,28273130
8,123,shape,-0.25,-0.625,0.0,False,28273130,28273131
8,123,spatial,0.375,0.125,0.75,False,28273131,28273132
8,124,color,0.0,0.0,0.0,False,28273226,28273227
8,124,coordinate,0.0,-0.375,0.375,False,28273227,28273228
8,124,count,-0.375,-0.75,0.0,False,28273228,28273229
8,124,ocr,0.0,0.0,0.0,False,28273229,28273230
8,124,shape,0.0,-0.375,0.375,False,28273230,28273231
8,124,spatial,0.125,0.0,0.375,False,28273231,28273232
8,125,color,0.375,-0.125,0.875,False,28273326,28273327
8,125,coordinate,-0.125,-0.5,0.25,False,28273327,28273328
8,125,count,-0.5,-0.875,-0.125,True,28273328,28273329
8,125,ocr,0.0,-0.375,0.375,False,28273329,28273330
8,125,shape,0.0,0.0,0.0,False,28273330,28273331
8,125,spatial,0.25,0.0,0.625,False,28273331,28273332
8,126,color,0.5,0.0,0.875,False,28273426,28273427
8,126,coordinate,0.0,-0.375,0.375,False,28273427,28273428
8,126,count,-0.25,-0.625,0.0,False,28273428,28273429
8,126,ocr,0.0,-0.375,0.375,False,28273429,28273430
8,126,shape,0.25,-0.25,0.625,False,28273430,28273431
8,126,spatial,0.375,0.125,0.75,False,28273431,28273432
8,127,color,0.25,0.0,0.625,False,28273526,28273527
8,127,coordinate,0.375,0.0,0.75,False,28273527,28273528
8,127,count,-0.375,-0.75,0.0,False,28273528,28273529
8,127,ocr,0.125,0.0,0.375,False,28273529,28273530
8,127,shape,-0.25,-0.75,0.25,False,28273530,28273531
8,127,spatial,0.0,0.0,0.0,False,28273531,28273532
8,128,color,0.5,0.125,0.875,False,28273626,28273627
8,128,coordinate,0.25,0.0,0.625,False,28273627,28273628
8,128,count,-0.25,-0.625,0.0,False,28273628,28273629
8,128,ocr,0.125,0.0,0.375,False,28273629,28273630
8,128,shape,0.0,0.0,0.0,False,28273630,28273631
8,128,spatial,0.125,0.0,0.375,False,28273631,28273632
8,129,color,0.375,0.125,0.75,False,28273726,28273727
8,129,coordinate,-0.125,-0.5,0.25,False,28273727,28273728
8,129,count,-0.5,-0.875,-0.125,True,28273728,28273729
8,129,ocr,0.125,0.0,0.375,False,28273729,28273730
8,129,shape,-0.25,-0.75,0.25,False,28273730,28273731
8,129,spatial,0.25,0.0,0.625,False,28273731,28273732
8,130,color,0.25,0.0,0.625,False,28273826,28273827
8,130,coordinate,-0.125,-0.375,0.0,False,28273827,28273828
8,130,count,-0.25,-0.625,0.0,False,28273828,28273829
8,130,ocr,0.375,0.125,0.75,False,28273829,28273830
8,130,shape,-0.125,-0.375,0.0,False,28273830,28273831
8,130,spatial,0.25,0.0,0.625,False,28273831,28273832
8,131,color,0.5,0.125,0.875,False,28273926,28273927
8,131,coordinate,-0.25,-0.75,0.25,False,28273927,28273928
8,131,count,-0.25,-0.625,0.0,False,28273928,28273929
8,131,ocr,0.125,0.0,0.375,False,28273929,28273930
8,131,shape,-0.125,-0.5,0.25,False,28273930,28273931
8,131,spatial,0.25,0.0,0.625,False,28273931,28273932
8,132,color,0.375,-0.125,0.875,False,28274026,28274027
8,132,coordinate,0.0,-0.375,0.375,False,28274027,28274028
8,132,count,-0.125,-0.375,0.0,False,28274028,28274029
8,132,ocr,0.25,0.0,0.625,False,28274029,28274030
8,132,shape,-0.125,-0.375,0.0,False,28274030,28274031
8,132,spatial,0.25,0.0,0.625,False,28274031,28274032
8,133,color,0.25,-0.25,0.75,False,28274126,28274127
8,133,coordinate,0.25,0.0,0.5,False,28274127,28274128
8,133,count,-0.75,-1.0,-0.375,True,28274128,28274129
8,133,ocr,0.25,0.0,0.625,False,28274129,28274130
8,133,shape,0.0,0.0,0.0,False,28274130,28274131
8,133,spatial,0.25,0.0,0.625,False,28274131,28274132
8,134,color,0.5,0.125,0.875,False,28274226,28274227
8,134,coordinate,0.0,-0.625,0.625,False,28274227,28274228
8,134,count,-0.125,-0.375,0.0,False,28274228,28274229
8,134,ocr,0.0,0.0,0.0,False,28274229,28274230
8,134,shape,0.0,0.0,0.0,False,28274230,28274231
8,134,spatial,0.25,0.0,0.5,False,28274231,28274232
8,135,color,0.25,0.0,0.5,False,28274326,28274327
8,135,coordinate,-0.25,-0.625,0.0,False,28274327,28274328
8,135,count,-0.125,-0.375,0.0,False,28274328,28274329
8,135,ocr,0.0,0.0,0.0,False,28274329,28274330
8,135,shape,0.0,0.0,0.0,False,28274330,28274331
8,135,spatial,0.25,0.0,0.625,False,28274331,28274332
8,136,color,-0.125,-0.375,0.0,False,28274426,28274427
8,136,coordinate,0.0,0.0,0.0,False,28274427,28274428
8,136,count,-0.5,-0.875,-0.125,True,28274428,28274429
8,136,ocr,0.0,0.0,0.0,False,28274429,28274430
8,136,shape,-0.125,-0.375,0.0,False,28274430,28274431
8,136,spatial,0.125,0.0,0.375,False,28274431,28274432
8,137,color,0.0,-0.375,0.375,False,28274526,28274527
8,137,coordinate,0.125,-0.25,0.5,False,28274527,28274528
8,137,count,-0.125,-0.375,0.0,False,28274528,28274529
8,137,ocr,0.125,0.0,0.375,False,28274529,28274530
8,137,shape,-0.125,-0.375,0.0,False,28274530,28274531
8,137,spatial,0.25,0.0,0.625,False,28274531,28274532
8,138,color,0.25,-0.375,0.75,False,28274626,28274627
8,138,coordinate,0.0,-0.375,0.375,False,28274627,28274628
8,138,count,-0.375,-0.75,-0.125,True,28274628,28274629
8,138,ocr,0.0,0.0,0.0,False,28274629,28274630
8,138,shape,0.0,0.0,0.0,False,28274630,28274631
8,138,spatial,0.375,0.125,0.75,False,28274631,28274632
8,139,color,0.0,-0.375,0.375,False,28274726,28274727
8,139,coordinate,0.125,0.0,0.375,False,28274727,28274728
8,139,count,-0.375,-0.75,-0.125,True,28274728,28274729
8,139,ocr,0.125,0.0,0.375,False,28274729,28274730
8,139,shape,-0.125,-0.375,0.0,False,28274730,28274731
8,139,spatial,0.0,0.0,0.0,False,28274731,28274732
8,140,color,0.0,-0.5,0.5,False,28274826,28274827
8,140,coordinate,0.25,-0.25,0.75,False,28274827,28274828
8,140,count,-0.375,-0.75,-0.125,True,28274828,28274829
8,140,ocr,0.0,-0.375,0.375,False,28274829,28274830
8,140,shape,0.0,0.0,0.0,False,28274830,28274831
8,140,spatial,0.375,0.125,0.75,False,28274831,28274832
8,141,color,0.5,0.125,0.875,False,28274926,28274927
8,141,coordinate,0.0,-0.375,0.375,False,28274927,28274928
8,141,count,0.0,0.0,0.0,False,28274928,28274929
8,141,ocr,0.25,0.0,0.625,False,28274929,28274930
8,141,shape,-0.25,-0.625,0.0,False,28274930,28274931
8,141,spatial,0.0,0.0,0.0,False,28274931,28274932
8,142,color,0.125,0.0,0.375,False,28275026,28275027
8,142,coordinate,0.125,0.0,0.375,False,28275027,28275028
8,142,count,-0.25,-0.625,0.0,False,28275028,28275029
8,142,ocr,0.125,0.0,0.375,False,28275029,28275030
8,142,shape,-0.125,-0.5,0.25,False,28275030,28275031
8,142,spatial,0.125,0.0,0.375,False,28275031,28275032
8,143,color,0.5,0.125,0.875,False,28275126,28275127
8,143,coordinate,0.0,-0.5,0.5,False,28275127,28275128
8,143,count,-0.5,-0.875,-0.125,True,28275128,28275129
8,143,ocr,0.0,0.0,0.0,False,28275129,28275130
8,143,shape,0.0,0.0,0.0,False,28275130,28275131
8,143,spatial,0.125,0.0,0.375,False,28275131,28275132
8,144,color,0.25,0.0,0.625,False,28275226,28275227
8,144,coordinate,-0.125,-0.375,0.0,False,28275227,28275228
8,144,count,-0.25,-0.625,0.0,False,28275228,28275229
8,144,ocr,0.125,0.0,0.375,False,28275229,28275230
8,144,shape,0.0,0.0,0.0,False,28275230,28275231
8,144,spatial,0.25,0.0,0.625,False,28275231,28275232
8,145,color,0.375,0.125,0.75,False,28275326,28275327
8,145,coordinate,-0.125,-0.5,0.25,False,28275327,28275328
8,145,count,-0.5,-0.875,-0.125,True,28275328,28275329
8,145,ocr,0.0,0.0,0.0,False,28275329,28275330
8,145,shape,0.25,0.0,0.625,False,28275330,28275331
8,145,spatial,0.125,0.0,0.375,False,28275331,28275332
8,146,color,0.5,0.125,0.875,False,28275426,28275427
8,146,coordinate,0.25,0.0,0.625,False,28275427,28275428
8,146,count,-0.5,-0.875,-0.125,True,28275428,28275429
8,146,ocr,0.125,0.0,0.375,False,28275429,28275430
8,146,shape,0.125,0.0,0.375,False,28275430,28275431
8,146,spatial,0.125,0.0,0.375,False,28275431,28275432
8,147,color,0.0,-0.375,0.375,False,28275526,28275527
8,147,coordinate,-0.125,-0.375,0.0,False,28275527,28275528
8,147,count,-0.5,-0.875,-0.125,True,28275528,28275529
8,147,ocr,0.0,0.0,0.0,False,28275529,28275530
8,147,shape,-0.125,-0.375,0.0,False,28275530,28275531
8,147,spatial,0.125,0.0,0.375,False,28275531,28275532
8,148,color,0.25,0.0,0.625,False,28275626,28275627
8,148,coordinate,-0.125,-0.375,0.0,False,28275627,28275628
8,148,count,-0.375,-0.75,-0.125,True,28275628,28275629
8,148,ocr,0.0,0.0,0.0,False,28275629,28275630
8,148,shape,0.0,0.0,0.0,False,28275630,28275631
8,148,spatial,0.5,0.125,0.875,False,28275631,28275632
8,149,color,0.0,-0.5,0.5,False,28275726,28275727
8,149,coordinate,0.125,0.0,0.375,False,28275727,28275728
8,149,count,-0.25,-0.625,0.0,False,28275728,28275729
8,149,ocr,0.0,0.0,0.0,False,28275729,28275730
8,149,shape,-0.125,-0.375,0.0,False,28275730,28275731
8,149,spatial,0.25,0.0,0.625,False,28275731,28275732
8,150,color,0.25,-0.25,0.75,False,28275826,28275827
8,150,coordinate,-0.25,-0.5,0.0,False,28275827,28275828
8,150,count,-0.125,-0.375,0.0,False,28275828,28275829
8,150,ocr,0.125,0.0,0.375,False,28275829,28275830
8,150,shape,-0.25,-0.625,0.0,False,28275830,28275831
8,150,spatial,0.125,0.0,0.375,False,28275831,28275832
8,151,color,0.375,0.125,0.75,False,28275926,28275927
8,151,coordinate,0.375,0.0,0.75,False,28275927,28275928
8,151,count,-0.125,-0.375,0.0,False,28275928,28275929
8,151,ocr,-0.125,-0.375,0.0,False,28275929,28275930
8,151,shape,0.125,0.0,0.375,False,28275930,28275931
8,151,spatial,0.125,0.0,0.375,False,28275931,28275932
8,152,color,-0.125,-0.375,0.0,False,28276026,28276027
8,152,coordinate,-0.125,-0.5,0.25,False,28276027,28276028
8,152,count,-0.5,-0.875,-0.125,True,28276028,28276029
8,152,ocr,-0.125,-0.375,0.0,False,28276029,28276030
8,152,shape,0.0,0.0,0.0,False,28276030,28276031
8,152,spatial,0.25,0.0,0.625,False,28276031,28276032
8,153,color,0.125,0.0,0.375,False,28276126,28276127
8,153,coordinate,0.125,-0.25,0.625,False,28276127,28276128
8,153,count,-0.5,-0.875,-0.125,True,28276128,28276129
8,153,ocr,0.0,-0.375,0.375,False,28276129,28276130
8,153,shape,-0.125,-0.375,0.0,False,28276130,28276131
8,153,spatial,0.5,0.125,0.875,False,28276131,28276132
8,154,color,0.375,0.125,0.75,False,28276226,28276227
8,154,coordinate,0.25,0.0,0.5,False,28276227,28276228
8,154,count,-0.375,-0.75,-0.125,True,28276228,28276229
8,154,ocr,0.0,0.0,0.0,False,28276229,28276230
8,154,shape,-0.125,-0.375,0.0,False,28276230,28276231
8,154,spatial,0.375,0.0,0.75,False,28276231,28276232
8,155,color,0.25,-0.25,0.625,False,28276326,28276327
8,155,coordinate,0.125,0.0,0.375,False,28276327,28276328
8,155,count,-0.375,-0.75,0.0,False,28276328,28276329
8,155,ocr,0.0,-0.375,0.375,False,28276329,28276330
8,155,shape,0.0,0.0,0.0,False,28276330,28276331
8,155,spatial,0.0,0.0,0.0,False,28276331,28276332
8,156,color,0.25,-0.375,0.75,False,28276426,28276427
8,156,coordinate,0.5,0.125,0.875,False,28276427,28276428
8,156,count,-0.25,-0.625,0.0,False,28276428,28276429
8,156,ocr,0.125,-0.25,0.5,False,28276429,28276430
8,156,shape,0.0,0.0,0.0,False,28276430,28276431
8,156,spatial,0.25,0.0,0.5,False,28276431,28276432
8,157,color,0.25,-0.25,0.75,False,28276526,28276527
8,157,coordinate,0.125,0.0,0.375,False,28276527,28276528
8,157,count,-0.625,-0.875,-0.25,True,28276528,28276529
8,157,ocr,0.0,0.0,0.0,False,28276529,28276530
8,157,shape,0.0,-0.375,0.375,False,28276530,28276531
8,157,spatial,0.375,0.0,0.75,False,28276531,28276532
8,158,color,-0.125,-0.5,0.25,False,28276626,28276627
8,158,coordinate,0.25,-0.25,0.625,False,28276627,28276628
8,158,count,-0.625,-0.875,-0.25,True,28276628,28276629
8,158,ocr,0.125,0.0,0.375,False,28276629,28276630
8,158,shape,0.125,0.0,0.375,False,28276630,28276631
8,158,spatial,0.375,0.125,0.75,False,28276631,28276632
8,159,color,0.0,-0.375,0.375,False,28276726,28276727
8,159,coordinate,0.0,-0.5,0.5,False,28276727,28276728
8,159,count,-0.375,-0.75,0.0,False,28276728,28276729
8,159,ocr,0.0,0.0,0.0,False,28276729,28276730
8,159,shape,-0.125,-0.375,0.0,False,28276730,28276731
8,159,spatial,0.25,0.0,0.625,False,28276731,28276732
8,160,color,0.5,0.125,0.875,False,28276826,28276827
8,160,coordinate,0.0,0.0,0.0,False,28276827,28276828
8,160,count,-0.5,-0.875,-0.125,True,28276828,28276829
8,160,ocr,0.125,0.0,0.375,False,28276829,28276830
8,160,shape,-0.125,-0.375,0.0,False,28276830,28276831
8,160,spatial,0.25,0.0,0.5,False,28276831,28276832
8,161,color,0.375,-0.125,0.875,False,28276926,28276927
8,161,coordinate,-0.125,-0.375,0.0,False,28276927,28276928
8,161,count,-0.375,-0.75,-0.125,True,28276928,28276929
8,161,ocr,0.0,0.0,0.0,False,28276929,28276930
8,161,shape,0.125,-0.25,0.5,False,28276930,28276931
8,161,spatial,0.375,0.125,0.75,False,28276931,28276932
8,162,color,0.25,0.0,0.625,False,28277026,28277027
8,162,coordinate,0.25,-0.25,0.75,False,28277027,28277028
8,162,count,-0.375,-0.75,-0.125,True,28277028,28277029
8,162,ocr,0.0,0.0,0.0,False,28277029,28277030
8,162,shape,-0.125,-0.375,0.0,False,28277030,28277031
8,162,spatial,0.375,0.125,0.75,False,28277031,28277032
8,163,color,0.0,-0.375,0.375,False,28277126,28277127
8,163,coordinate,0.5,0.125,0.875,False,28277127,28277128
8,163,count,-0.25,-0.5,0.0,False,28277128,28277129
8,163,ocr,-0.125,-0.375,0.0,False,28277129,28277130
8,163,shape,0.125,0.0,0.375,False,28277130,28277131
8,163,spatial,0.25,0.0,0.5,False,28277131,28277132
8,164,color,0.375,0.125,0.75,False,28277226,28277227
8,164,coordinate,0.0,-0.5,0.5,False,28277227,28277228
8,164,count,-0.125,-0.375,0.0,False,28277228,28277229
8,164,ocr,0.125,0.0,0.375,False,28277229,28277230
8,164,shape,0.0,-0.375,0.375,False,28277230,28277231
8,164,spatial,0.125,0.0,0.375,False,28277231,28277232
8,165,color,0.25,-0.25,0.75,False,28277326,28277327
8,165,coordinate,0.0,-0.5,0.5,False,28277327,28277328
8,165,count,0.0,0.0,0.0,False,28277328,28277329
8,165,ocr,0.125,0.0,0.375,False,28277329,28277330
8,165,shape,-0.125,-0.375,0.0,False,28277330,28277331
8,165,spatial,0.25,0.0,0.5,False,28277331,28277332
8,166,color,-0.25,-0.625,0.0,False,28277426,28277427
8,166,coordinate,-0.25,-0.5,0.0,False,28277427,28277428
8,166,count,-0.5,-0.875,-0.125,True,28277428,28277429
8,166,ocr,-0.125,-0.375,0.0,False,28277429,28277430
8,166,shape,0.0,0.0,0.0,False,28277430,28277431
8,166,spatial,0.375,0.0,0.75,False,28277431,28277432
8,167,color,0.375,0.0,0.75,False,28277526,28277527
8,167,coordinate,0.25,-0.25,0.625,False,28277527,28277528
8,167,count,-0.375,-0.75,-0.125,True,28277528,28277529
8,167,ocr,-0.125,-0.375,0.0,False,28277529,28277530
8,167,shape,0.125,0.0,0.375,False,28277530,28277531
8,167,spatial,0.375,0.125,0.75,False,28277531,28277532
8,168,color,0.0,-0.375,0.375,False,28277626,28277627
8,168,coordinate,0.25,-0.375,0.75,False,28277627,28277628
8,168,count,-0.375,-0.75,-0.125,True,28277628,28277629
8,168,ocr,0.0,0.0,0.0,False,28277629,28277630
8,168,shape,-0.125,-0.375,0.0,False,28277630,28277631
8,168,spatial,0.25,0.0,0.5,False,28277631,28277632
8,169,color,0.125,-0.25,0.5,False,28277726,28277727
8,169,coordinate,0.25,0.0,0.625,False,28277727,28277728
8,169,count,-0.25,-0.5,0.0,False,28277728,28277729
8,169,ocr,0.0,0.0,0.0,False,28277729,28277730
8,169,shape,0.0,-0.375,0.375,False,28277730,28277731
8,169,spatial,0.375,0.125,0.75,False,28277731,28277732
8,170,color,0.125,0.0,0.375,False,28277826,28277827
8,170,coordinate,0.25,-0.25,0.625,False,28277827,28277828
8,170,count,-0.125,-0.375,0.0,False,28277828,28277829
8,170,ocr,0.0,0.0,0.0,False,28277829,28277830
8,170,shape,-0.25,-0.625,0.0,False,28277830,28277831
8,170,spatial,0.25,0.0,0.625,False,28277831,28277832
8,171,color,0.125,0.0,0.375,False,28277926,28277927
8,171,coordinate,0.0,-0.375,0.375,False,28277927,28277928
8,171,count,-0.125,-0.375,0.0,False,28277928,28277929
8,171,ocr,0.0,0.0,0.0,False,28277929,28277930
8,171,shape,-0.125,-0.375,0.0,False,28277930,28277931
8,171,spatial,0.25,0.0,0.5,False,28277931,28277932
8,172,color,-0.125,-0.375,0.0,False,28278026,28278027
8,172,coordinate,0.25,0.0,0.625,False,28278027,28278028
8,172,count,-0.375,-0.75,0.0,False,28278028,28278029
8,172,ocr,0.0,0.0,0.0,False,28278029,28278030
8,172,shape,-0.125,-0.5,0.25,False,28278030,28278031
8,172,spatial,0.25,0.0,0.625,False,28278031,28278032
8,173,color,0.125,0.0,0.375,False,28278126,28278127
8,173,coordinate,0.375,0.125,0.75,False,28278127,28278128
8,173,count,-0.25,-0.625,0.0,False,28278128,28278129
8,173,ocr,0.125,0.0,0.375,False,28278129,28278130
8,173,shape,-0.125,-0.375,0.0,False,28278130,28278131
8,173,spatial,0.0,0.0,0.0,False,28278131,28278132
8,174,color,-0.125,-0.375,0.0,False,28278226,28278227
8,174,coordinate,0.25,-0.25,0.625,False,28278227,28278228
8,174,count,0.0,0.0,0.0,False,28278228,28278229
8,174,ocr,0.0,0.0,0.0,False,28278229,28278230
8,174,shape,0.0,-0.375,0.375,False,28278230,28278231
8,174,spatial,0.125,0.0,0.375,False,28278231,28278232
8,175,color,0.0,0.0,0.0,False,28278326,28278327
8,175,coordinate,0.125,-0.25,0.5,False,28278327,28278328
8,175,count,-0.375,-0.75,-0.125,True,28278328,28278329
8,175,ocr,0.25,0.0,0.5,False,28278329,28278330
8,175,shape,-0.125,-0.375,0.0,False,28278330,28278331
8,175,spatial,0.125,0.0,0.375,False,28278331,28278332
8,176,color,-0.125,-0.375,0.0,False,28278426,28278427
8,176,coordinate,0.0,-0.5,0.5,False,28278427,28278428
8,176,count,-0.25,-0.625,0.0,False,28278428,28278429
8,176,ocr,0.0,0.0,0.0,False,28278429,28278430
8,176,shape,0.125,0.0,0.375,False,28278430,28278431
8,176,spatial,0.125,0.0,0.375,False,28278431,28278432
8,177,color,0.125,0.0,0.375,False,28278526,28278527
8,177,coordinate,0.125,0.0,0.375,False,28278527,28278528
8,177,count,-0.625,-1.0,-0.25,True,28278528,28278529
8,177,ocr,0.0,0.0,0.0,False,28278529,28278530
8,177,shape,0.0,-0.375,0.375,False,28278530,28278531
8,177,spatial,0.5,0.125,0.875,False,28278531,28278532
8,178,color,0.125,0.0,0.375,False,28278626,28278627
8,178,coordinate,0.25,0.0,0.625,False,28278627,28278628
8,178,count,-0.125,-0.375,0.0,False,28278628,28278629
8,178,ocr,0.125,0.0,0.375,False,28278629,28278630
8,178,shape,-0.125,-0.375,0.0,False,28278630,28278631
8,178,spatial,0.125,0.0,0.375,False,28278631,28278632
8,179,color,0.0,-0.5,0.5,False,28278726,28278727
8,179,coordinate,0.125,-0.25,0.5,False,28278727,28278728
8,179,count,-0.25,-0.625,0.0,False,28278728,28278729
8,179,ocr,0.0,0.0,0.0,False,28278729,28278730
8,179,shape,0.125,0.0,0.375,False,28278730,28278731
8,179,spatial,0.125,0.0,0.375,False,28278731,28278732
8,180,color,0.25,0.0,0.625,False,28278826,28278827
8,180,coordinate,0.25,-0.375,0.75,False,28278827,28278828
8,180,count,-0.375,-0.75,-0.125,True,28278828,28278829
8,180,ocr,0.125,0.0,0.375,False,28278829,28278830
8,180,shape,0.125,0.0,0.375,False,28278830,28278831
8,180,spatial,0.25,0.0,0.5,False,28278831,28278832
8,181,color,0.125,-0.25,0.5,False,28278926,28278927
8,181,coordinate,-0.125,-0.5,0.25,False,28278927,28278928
8,181,count,-0.375,-0.75,-0.125,True,28278928,28278929
8,181,ocr,0.125,0.0,0.375,False,28278929,28278930
8,181,shape,0.0,0.0,0.0,False,28278930,28278931
8,181,spatial,0.125,0.0,0.375,False,28278931,28278932
8,182,color,0.125,-0.25,0.5,False,28279026,28279027
8,182,coordinate,0.375,-0.125,0.875,False,28279027,28279028
8,182,count,-0.25,-0.625,0.0,False,28279028,28279029
8,182,ocr,-0.125,-0.375,0.0,False,28279029,28279030
8,182,shape,0.0,-0.375,0.375,False,28279030,28279031
8,182,spatial,0.125,0.0,0.375,False,28279031,28279032
8,183,color,0.0,-0.375,0.375,False,28279126,28279127
8,183,coordinate,0.0,-0.375,0.375,False,28279127,28279128
8,183,count,-0.375,-0.75,-0.125,True,28279128,28279129
8,183,ocr,0.0,0.0,0.0,False,28279129,28279130
8,183,shape,0.25,0.0,0.5,False,28279130,28279131
8,183,spatial,0.125,0.0,0.375,False,28279131,28279132
8,184,color,0.0,-0.5,0.5,False,28279226,28279227
8,184,coordinate,0.125,0.0,0.375,False,28279227,28279228
8,184,count,-0.75,-1.0,-0.375,True,28279228,28279229
8,184,ocr,0.125,0.0,0.375,False,28279229,28279230
8,184,shape,-0.125,-0.375,0.0,False,28279230,28279231
8,184,spatial,0.375,0.0,0.75,False,28279231,28279232
8,185,color,0.25,0.0,0.5,False,28279326,28279327
8,185,coordinate,0.25,-0.25,0.625,False,28279327,28279328
8,185,count,0.0,0.0,0.0,False,28279328,28279329
8,185,ocr,0.0,0.0,0.0,False,28279329,28279330
8,185,shape,-0.125,-0.375,0.0,False,28279330,28279331
8,185,spatial,0.125,0.0,0.375,False,28279331,28279332
8,186,color,0.25,0.0,0.625,False,28279426,28279427
8,186,coordinate,0.0,-0.375,0.375,False,28279427,28279428
8,186,count,-0.375,-0.75,-0.125,True,28279428,28279429
8,186,ocr,-0.125,-0.375,0.0,False,28279429,28279430
8,186,shape,0.0,-0.375,0.375,False,28279430,28279431
8,186,spatial,0.5,0.125,0.875,False,28279431,28279432
8,187,color,-0.125,-0.375,0.0,False,28279526,28279527
8,187,coordinate,0.125,0.0,0.375,False,28279527,28279528
8,187,count,-0.25,-0.5,0.0,False,28279528,28279529
8,187,ocr,0.125,0.0,0.375,False,28279529,28279530
8,187,shape,0.0,0.0,0.0,False,28279530,28279531
8,187,spatial,0.0,0.0,0.0,False,28279531,28279532
8,188,color,0.5,0.0,1.0,False,28279626,28279627
8,188,coordinate,0.375,0.0,0.75,False,28279627,28279628
8,188,count,-0.375,-0.75,0.0,False,28279628,28279629
8,188,ocr,-0.125,-0.375,0.0,False,28279629,28279630
8,188,shape,-0.125,-0.5,0.25,False,28279630,28279631
8,188,spatial,0.25,0.0,0.5,False,28279631,28279632
8,189,color,0.25,0.0,0.625,False,28279726,28279727
8,189,coordinate,-0.125,-0.5,0.25,False,28279727,28279728
8,189,count,-0.125,-0.375,0.0,False,28279728,28279729
8,189,ocr,0.0,0.0,0.0,False,28279729,28279730
8,189,shape,0.0,0.0,0.0,False,28279730,28279731
8,189,spatial,0.25,0.0,0.625,False,28279731,28279732
8,190,color,0.125,-0.25,0.5,False,28279826,28279827
8,190,coordinate,0.25,0.0,0.625,False,28279827,28279828
8,190,count,-0.25,-0.625,0.0,False,28279828,28279829
8,190,ocr,0.0,-0.375,0.375,False,28279829,28279830
8,190,shape,0.0,0.0,0.0,False,28279830,28279831
8,190,spatial,0.125,0.0,0.375,False,28279831,28279832
8,191,color,0.25,0.0,0.625,False,28279926,28279927
8,191,coordinate,-0.25,-0.75,0.25,False,28279927,28279928
8,191,count,-0.125,-0.375,0.0,False,28279928,28279929
8,191,ocr,0.0,0.0,0.0,False,28279929,28279930
8,191,shape,0.25,0.0,0.5,False,28279930,28279931
8,191,spatial,0.375,0.0,0.75,False,28279931,28279932
8,192,color,0.125,-0.25,0.5,False,28280026,28280027
8,192,coordinate,0.25,-0.25,0.75,False,28280027,28280028
8,192,count,-0.125,-0.375,0.0,False,28280028,28280029
8,192,ocr,0.0,0.0,0.0,False,28280029,28280030
8,192,shape,0.125,0.0,0.375,False,28280030,28280031
8,192,spatial,0.25,0.0,0.625,False,28280031,28280032
8,193,color,0.25,0.0,0.5,False,28280126,28280127
8,193,coordinate,0.125,0.0,0.375,False,28280127,28280128
8,193,count,-0.25,-0.625,0.0,False,28280128,28280129
8,193,ocr,0.0,0.0,0.0,False,28280129,28280130
8,193,shape,-0.125,-0.375,0.0,False,28280130,28280131
8,193,spatial,0.125,0.0,0.375,False,28280131,28280132
8,194,color,0.25,0.0,0.625,False,28280226,28280227
8,194,coordinate,0.375,-0.125,0.875,False,28280227,28280228
8,194,count,-0.375,-0.75,0.0,False,28280228,28280229
8,194,ocr,0.0,0.0,0.0,False,28280229,28280230
8,194,shape,-0.25,-0.625,0.0,False,28280230,28280231
8,194,spatial,0.25,0.0,0.625,False,28280231,28280232
8,195,color,0.0,0.0,0.0,False,28280326,28280327
8,195,coordinate,0.125,0.0,0.375,False,28280327,28280328
8,195,count,-0.25,-0.5,0.0,False,28280328,28280329
8,195,ocr,0.0,0.0,0.0,False,28280329,28280330
8,195,shape,-0.125,-0.375,0.0,False,28280330,28280331
8,195,spatial,0.375,0.125,0.75,False,28280331,28280332
8,196,color,0.25,0.0,0.625,False,28280426,28280427
8,196,coordinate,0.125,-0.25,0.5,False,28280427,28280428
8,196,count,-0.25,-0.625,0.0,False,28280428,28280429
8,196,ocr,0.0,0.0,0.0,False,28280429,28280430
8,196,shape,-0.125,-0.375,0.0,False,28280430,28280431
8,196,spatial,0.0,0.0,0.0,False,28280431,28280432
8,197,color,0.125,0.0,0.375,False,28280526,28280527
8,197,coordinate,0.0,-0.375,0.375,False,28280527,28280528
8,197,count,-0.625,-1.0,-0.25,True,28280528,28280529
8,197,ocr,0.0,-0.375,0.375,False,28280529,28280530
8,197,shape,-0.125,-0.375,0.0,False,28280530,28280531
8,197,spatial,0.375,0.0,0.75,False,28280531,28280532
8,198,color,0.0,-0.5,0.5,False,28280626,28280627
8,198,coordinate,0.125,-0.25,0.5,False,28280627,28280628
8,198,count,-0.625,-0.875,-0.25,True,28280628,28280629
8,198,ocr,-0.125,-0.375,0.0,False,28280629,28280630
8,198,shape,0.0,0.0,0.0,False,28280630,28280631
8,198,spatial,0.125,0.0,0.375,False,28280631,28280632
8,199,color,0.5,0.125,0.875,False,28280726,28280727
8,199,coordinate,0.125,-0.25,0.5,False,28280727,28280728
8,199,count,-0.25,-0.5,0.0,False,28280728,28280729
8,199,ocr,0.0,0.0,0.0,False,28280729,28280730
8,199,shape,-0.125,-0.5,0.25,False,28280730,28280731
8,199,spatial,0.125,0.0,0.375,False,28280731,28280732
16,0,color,0.3125,0.125,0.5625,False,36260826,36260827
16,0,coordinate,0.1875,-0.0625,0.4375,False,36260827,36260828
16,0,count,-0.3125,-0.5625,-0.125,True,36260828,36260829
16,0,ocr,0.0625,0.0,0.1875,False,36260829,36260830
16,0,shape,-0.0625,-0.3125,0.1875,False,36260830,36260831
16,0,spatial,0.5,0.25,0.75,False,36260831,36260832
16,1,color,0.0625,-0.1875,0.3125,False,36260926,36260927
16,1,coordinate,0.1875,-0.0625,0.4375,False,36260927,36260928
16,1,count,-0.1875,-0.375,0.0,False,36260928,36260929
16,1,ocr,0.0625,0.0,0.1875,False,36260929,36260930
16,1,shape,-0.125,-0.4375,0.1875,False,36260930,36260931
16,1,spatial,0.125,0.0,0.3125,False,36260931,36260932
16,2,color,0.125,0.0,0.3125,False,36261026,36261027
16,2,coordinate,0.0625,0.0,0.1875,False,36261027,36261028
16,2,count,-0.25,-0.4375,-0.0625,True,36261028,36261029
16,2,ocr,0.0,0.0,0.0,False,36261029,36261030
16,2,shape,-0.0625,-0.1875,0.0,False,36261030,36261031
16,2,spatial,0.375,0.125,0.625,False,36261031,36261032
16,3,color,0.125,-0.25,0.4375,False,36261126,36261127
16,3,coordinate,0.375,0.125,0.625,False,36261127,36261128
16,3,count,-0.375,-0.625,-0.125,True,36261128,36261129
16,3,ocr,0.0625,-0.125,0.25,False,36261129,36261130
16,3,shape,0.0625,0.0,0.1875,False,36261130,36261131
16,3,spatial,0.25,0.0625,0.5,False,36261131,36261132
16,4,color,-0.125,-0.4375,0.1875,False,36261226,36261227
16,4,coordinate,0.0625,-0.3125,0.4375,False,36261227,36261228
16,4,count,-0.375,-0.625,-0.125,True,36261228,36261229
16,4,ocr,0.0625,0.0,0.1875,False,36261229,36261230
16,4,shape,-0.125,-0.375,0.125,False,36261230,36261231
16,4,spatial,0.0625,0.0,0.1875,False,36261231,36261232
16,5,color,0.5,0.1875,0.8125,False,36261326,36261327
16,5,coordinate,0.0625,-0.125,0.3125,False,36261327,36261328
16,5,count,-0.3125,-0.5625,-0.125,True,36261328,36261329
16,5,ocr,0.0,-0.1875,0.1875,False,36261329,36261330
16,5,shape,0.0,0.0,0.0,False,36261330,36261331
16,5,spatial,0.25,0.0625,0.5,False,36261331,36261332
16,6,color,0.375,0.0625,0.6875,False,36261426,36261427
16,6,coordinate,0.0,-0.25,0.25,False,36261427,36261428
16,6,count,-0.3125,-0.5625,-0.125,True,36261428,36261429
16,6,ocr,0.0,-0.25,0.25,False,36261429,36261430
16,6,shape,0.0625,0.0,0.1875,False,36261430,36261431
16,6,spatial,0.25,0.0625,0.4375,False,36261431,36261432
16,7,color,0.5,0.25,0.75,False,36261526,36261527
16,7,coordinate,0.375,0.0625,0.6875,False,36261527,36261528
16,7,count,-0.3125,-0.5625,-0.125,True,36261528,36261529
16,7,ocr,0.0625,0.0,0.1875,False,36261529,36261530
16,7,shape,-0.125,-0.375,0.125,False,36261530,36261531
16,7,spatial,0.0625,0.0,0.1875,False,36261531,36261532
16,8,color,0.0625,-0.125,0.25,False,36261626,36261627
16,8,coordinate,0.1875,0.0,0.375,False,36261627,36261628
16,8,count,-0.3125,-0.5625,-0.125,True,36261628,36261629
16,8,ocr,0.0625,0.0,0.1875,False,36261629,36261630
16,8,shape,-0.125,-0.3125,0.0,False,36261630,36261631
16,8,spatial,0.1875,0.0,0.375,False,36261631,36261632
16,9,color,0.3125,0.0,0.5625,False,36261726,36261727
16,9,coordinate,0.0625,-0.125,0.25,False,36261727,36261728
16,9,count,-0.25,-0.4375,-0.0625,True,36261728,36261729
16,9,ocr,0.0,0.0,0.0,False,36261729,36261730
16,9,shape,-0.0625,-0.25,0.125,False,36261730,36261731
16,9,spatial,0.3125,0.125,0.5625,False,36261731,36261732
16,10,color,0.1875,-0.125,0.5,False,36261826,36261827
16,10,coordinate,0.125,-0.1875,0.4375,False,36261827,36261828
16,10,count,-0.25,-0.5,-0.0625,True,36261828,36261829
16,10,ocr,0.125,0.0,0.3125,False,36261829,36261830
16,10,shape,-0.0625,-0.25,0.125,False,36261830,36261831
16,10,spatial,0.1875,0.0,0.375,False,36261831,36261832
16,11,color,0.375,0.125,0.625,False,36261926,36261927
16,11,coordinate,0.25,0.0625,0.5,False,36261927,36261928
16,11,count,-0.125,-0.3125,0.0,False,36261928,36261929
16,11,ocr,0.0625,0.0,0.1875,False,36261929,36261930
16,11,shape,-0.0625,-0.25,0.125,False,36261930,36261931
16,11,spatial,0.25,0.0625,0.5,False,36261931,36261932
16,12,color,0.4375,0.1875,0.6875,False,36262026,36262027
16,12,coordinate,-0.0625,-0.3125,0.1875,False,36262027,36262028
16,12,count,-0.75,-0.9375,-0.5,True,36262028,36262029
16,12,ocr,0.0,0.0,0.0,False,36262029,36262030
16,12,shape,0.0,-0.1875,0.1875,False,36262030,36262031
16,12,spatial,0.3125,0.125,0.5625,False,36262031,36262032
16,13,color,0.0625,-0.125,0.25,False,36262126,36262127
16,13,coordinate,0.1875,0.0,0.375,False,36262127,36262128
16,13,count,-0.25,-0.5,-0.0625,True,36262128,36262129
16,13,ocr,0.0,-0.1875,0.1875,False,36262129,36262130
16,13,shape,0.125,0.0,0.3125,False,36262130,36262131
16,13,spatial,0.1875,0.0,0.375,False,36262131,36262132
16,14,color,0.1875,-0.0625,0.4375,False,36262226,36262227
16,14,coordinate,-0.0625,-0.25,0.125,False,36262227,36262228
16,14,count,-0.125,-0.3125,0.0,False,36262228,36262229
16,14,ocr,-0.0625,-0.1875,0.0,False,36262229,36262230
16,14,shape,-0.0625,-0.3125,0.125,False,36262230,36262231
16,14,spatial,0.1875,0.0,0.375,False,36262231,36262232
16,15,color,0.375,0.125,0.625,False,36262326,36262327
16,15,coordinate,0.0625,-0.125,0.25,False,36262327,36262328
16,15,count,-0.3125,-0.5625,-0.125,True,36262328,36262329
16,15,ocr,0.0625,0.0,0.1875,False,36262329,36262330
16,15,shape,0.0,0.0,0.0,False,36262330,36262331
16,15,spatial,0.1875,0.0,0.375,False,36262331,36262332
16,16,color,0.375,0.0625,0.6875,False,36262426,36262427
16,16,coordinate,0.25,0.0,0.5,False,36262427,36262428
16,16,count,-0.375,-0.625,-0.125,True,36262428,36262429
16,16,ocr,0.0625,0.0,0.1875,False,36262429,36262430
16,16,shape,-0.1875,-0.375,0.0,False,36262430,36262431
16,16,spatial,0.25,0.0625,0.4375,False,36262431,36262432
16,17,color,0.25,0.0625,0.5,False,36262526,36262527
16,17,coordinate,0.125,-0.125,0.375,False,36262527,36262528
16,17,count,-0.3125,-0.5625,-0.125,True,36262528,36262529
16,17,ocr,0.0625,0.0,0.1875,False,36262529,36262530
16,17,shape,0.0,0.0,0.0,False,36262530,36262531
16,17,spatial,0.3125,0.125,0.5625,False,36262531,36262532
16,18,color,0.25,0.0625,0.5,False,36262626,36262627
16,18,coordinate,0.1875,-0.0625,0.4375,False,36262627,36262628
16,18,count,-0.4375,-0.6875,-0.1875,True,36262628,36262629
16,18,ocr,0.0,0.0,0.0,False,36262629,36262630
16,18,shape,-0.0625,-0.1875,0.0,False,36262630,36262631
16,18,spatial,0.25,0.0625,0.5,False,36262631,36262632
16,19,color,0.5,0.25,0.75,False,36262726,36262727
16,19,coordinate,0.125,-0.125,0.375,False,36262727,36262728
16,19,count,-0.1875,-0.375,0.0,False,36262728,36262729
16,19,ocr,-0.0625,-0.1875,0.0,False,36262729,36262730
16,19,shape,-0.1875,-0.375,0.0,False,36262730,36262731
16,19,spatial,0.3125,0.125,0.5625,False,36262731,36262732
16,20,color,0.375,0.125,0.625,False,36262826,36262827
16,20,coordinate,0.1875,-0.0625,0.4375,False,36262827,36262828
16,20,count,-0.1875,-0.375,0.0,False,36262828,36262829
16,20,ocr,-0.0625,-0.1875,0.0,False,36262829,36262830
16,20,shape,-0.125,-0.3125,0.0,False,36262830,36262831
16,20,spatial,0.3125,0.125,0.5,False,36262831,36262832
16,21,color,0.0,-0.25,0.25,False,36262926,36262927
16,21,coordinate,0.0,-0.25,0.25,False,36262927,36262928
16,21,count,-0.4375,-0.6875,-0.1875,True,36262928,36262929
16,21,ocr,-0.0625,-0.1875,0.0,False,36262929,36262930
16,21,shape,-0.0625,-0.1875,0.0,False,36262930,36262931
16,21,spatial,0.25,0.0625,0.4375,False,36262931,36262932
16,22,color,0.1875,-0.0625,0.4375,False,36263026,36263027
16,22,coordinate,-0.0625,-0.3125,0.1875,False,36263027,36263028
16,22,count,-0.25,-0.5,-0.0625,True,36263028,36263029
16,22,ocr,0.0625,0.0,0.1875,False,36263029,36263030
16,22,shape,0.0,-0.1875,0.1875,False,36263030,36263031
16,22,spatial,0.125,0.0,0.3125,False,36263031,36263032
16,23,color,0.3125,0.125,0.5625,False,36263126,36263127
16,23,coordinate,0.0625,-0.25,0.375,False,36263127,36263128
16,23,count,-0.3125,-0.5625,-0.125,True,36263128,36263129
16,23,ocr,0.125,0.0,0.3125,False,36263129,36263130
16,23,shape,0.0,-0.1875,0.1875,False,36263130,36263131
16,23,spatial,0.3125,0.125,0.5625,False,36263131,36263132
16,24,color,0.3125,0.0,0.625,False,36263226,36263227
16,24,coordinate,-0.25,-0.5,-0.0625,True,36263227,36263228
16,24,count,-0.25,-0.5,-0.0625,True,36263228,36263229
16,24,ocr,0.0,-0.1875,0.1875,False,36263229,36263230
16,24,shape,0.0625,-0.125,0.25,False,36263230,36263231
16,24,spatial,0.3125,0.125,0.5625,False,36263231,36263232
16,25,color,0.25,0.0,0.5,False,36263326,36263327
16,25,coordinate,-0.0625,-0.25,0.125,False,36263327,36263328
16,25,count,-0.3125,-0.5625,-0.125,True,36263328,36263329
16,25,ocr,-0.0625,-0.1875,0.0,False,36263329,36263330
16,25,shape,-0.0625,-0.1875,0.0,False,36263330,36263331
16,25,spatial,0.3125,0.125,0.5625,False,36263331,36263332
16,26,color,0.1875,0.0,0.375,False,36263426,36263427
16,26,coordinate,0.0,-0.3125,0.3125,False,36263427,36263428
16,26,count,-0.375,-0.625,-0.125,True,36263428,36263429
16,26,ocr,0.125,0.0,0.3125,False,36263429,36263430
16,26,shape,0.0,-0.25,0.25,False,36263430,36263431
16,26,spatial,0.375,0.125,0.625,False,36263431,36263432
16,27,color,0.1875,-0.125,0.5,False,36263526,36263527
16,27,coordinate,0.25,0.0,0.5,False,36263527,36263528
16,27,count,-0.375,-0.625,-0.125,True,36263528,36263529
16,27,ocr,0.0625,-0.125,0.25,False,36263529,36263530
16,27,shape,-0.125,-0.3125,0.0,False,36263530,36263531
16,27,spatial,0.4375,0.1875,0.6875,False,36263531,36263532
16,28,color,0.125,-0.125,0.375,False,36263626,36263627
16,28,coordinate,0.125,-0.125,0.375,False,36263627,36263628
16,28,count,-0.5,-0.75,-0.25,True,36263628,36263629
16,28,ocr,0.0,0.0,0.0,False,36263629,36263630
16,28,shape,-0.0625,-0.1875,0.0,False,36263630,36263631
16,28,spatial,0.3125,0.125,0.5625,False,36263631,36263632
16,29,color,0.4375,0.1875,0.6875,False,36263726,36263727
16,29,coordinate,0.375,0.125,0.625,False,36263727,36263728
16,29,count,-0.375,-0.625,-0.125,True,36263728,36263729
16,29,ocr,0.125,0.0,0.3125,False,36263729,36263730
16,29,shape,-0.125,-0.3125,0.0,False,36263730,36263731
16,29,spatial,0.1875,0.0,0.375,False,36263731,36263732
16,30,color,0.25,0.0625,0.5,False,36263826,36263827
16,30,coordinate,-0.1875,-0.375,0.0,False,36263827,36263828
16,30,count,-0.25,-0.5,-0.0625,True,36263828,36263829
16,30,ocr,0.0,-0.1875,0.1875,False,36263829,36263830
16,30,shape,-0.125,-0.3125,0.0,False,36263830,36263831
16,30,spatial,0.25,0.0625,0.5,False,36263831,36263832
16,31,color,0.0625,0.0,0.1875,False,36263926,36263927
16,31,coordinate,0.125,-0.125,0.375,False,36263927,36263928
16,31,count,-0.3125,-0.5625,-0.125,True,36263928,36263929
16,31,ocr,0.125,0.0,0.3125,False,36263929,36263930
16,31,shape,-0.125,-0.375,0.125,False,36263930,36263931
16,31,spatial,0.1875,0.0,0.375,False,36263931,36263932
16,32,color,0.125,0.0,0.3125,False,36264026,36264027
16,32,coordinate,0.1875,0.0,0.375,False,36264027,36264028
16,32,count,-0.25,-0.5,-0.0625,True,36264028,36264029
16,32,ocr,0.0,0.0,0.0,False,36264029,36264030
16,32,shape,0.125,-0.125,0.375,False,36264030,36264031
16,32,spatial,0.125,0.0,0.3125,False,36264031,36264032
16,33,color,0.125,-0.1875,0.4375,False,36264126,36264127
16,33,coordinate,0.125,-0.125,0.375,False,36264127,36264128
16,33,count,-0.125,-0.3125,0.0,False,36264128,36264129
16,33,ocr,0.0,-0.1875,0.125,False,36264129,36264130
16,33,shape,0.0625,-0.125,0.25,False,36264130,36264131
16,33,spatial,0.3125,0.125,0.5625,False,36264131,36264132
16,34,color,0.375,0.125,0.625,False,36264226,36264227
16,34,coordinate,0.1875,-0.0625,0.4375,False,36264227,36264228
16,34,count,-0.25,-0.5,-0.0625,True,36264228,36264229
16,34,ocr,-0.0625,-0.1875,0.0,False,36264229,36264230
16,34,shape,-0.125,-0.3125,0.0,False,36264230,36264231
16,34,spatial,0.125,0.0,0.3125,False,36264231,36264232
16,35,color,0.4375,0.1875,0.6875,False,36264326,36264327
16,35,coordinate,0.0625,-0.125,0.3125,False,36264327,36264328
16,35,count,-0.125,-0.3125,0.0,False,36264328,36264329
16,35,ocr,0.125,0.0,0.3125,False,36264329,36264330
16,35,shape,-0.125,-0.375,0.125,False,36264330,36264331
16,35,spatial,0.25,0.0625,0.5,False,36264331,36264332
16,36,color,0.0625,0.0,0.1875,False,36264426,36264427
16,36,coordinate,0.125,-0.1875,0.375,False,36264427,36264428
16,36,count,-0.3125,-0.5625,-0.125,True,36264428,36264429
16,36,ocr,0.0,0.0,0.0,False,36264429,36264430
16,36,shape,-0.0625,-0.25,0.125,False,36264430,36264431
16,36,spatial,0.375,0.125,0.625,False,36264431,36264432
16,37,color,0.3125,0.0,0.625,False,36264526,36264527
16,37,coordinate,0.5,0.25,0.75,False,36264527,36264528
16,37,count,-0.5,-0.75,-0.25,True,36264528,36264529
16,37,ocr,0.0,-0.1875,0.1875,False,36264529,36264530
16,37,shape,0.0625,-0.125,0.25,False,36264530,36264531
16,37,spatial,0.0625,0.0,0.1875,False,36264531,36264532
16,38,color,-0.1875,-0.4375,0.0625,False,36264626,36264627
16,38,coordinate,0.25,0.0,0.5,False,36264627,36264628
16,38,count,-0.1875,-0.375,0.0,False,36264628,36264629
16,38,ocr,0.0625,0.0,0.1875,False,36264629,36264630
16,38,shape,0.0,-0.1875,0.1875,False,36264630,36264631
16,38,spatial,0.1875,0.0,0.4375,False,36264631,36264632
16,39,color,0.5,0.25,0.75,False,36264726,36264727
16,39,coordinate,0.3125,0.0625,0.5625,False,36264727,36264728
16,39,count,-0.3125,-0.5625,-0.125,True,36264728,36264729
16,39,ocr,0.0625,0.0,0.1875,False,36264729,36264730
16,39,shape,-0.25,-0.5,-0.0625,True,36264730,36264731
16,39,spatial,0.4375,0.1875,0.6875,False,36264731,36264732
16,40,color,0.25,0.0625,0.4375,False,36264826,36264827
16,40,coordinate,0.25,0.0,0.5,False,36264827,36264828
16,40,count,-0.25,-0.5,-0.0625,True,36264828,36264829
16,40,ocr,0.1875,0.0,0.375,False,36264829,36264830
16,40,shape,0.125,0.0,0.3125,False,36264830,36264831
16,40,spatial,0.3125,0.125,0.5625,False,36264831,36264832
16,41,color,0.125,-0.125,0.375,False,36264926,36264927
16,41,coordinate,0.0625,-0.1875,0.375,False,36264927,36264928
16,41,count,-0.375,-0.625,-0.125,True,36264928,36264929
16,41,ocr,0.0,-0.1875,0.1875,False,36264929,36264930
16,41,shape,-0.0625,-0.25,0.125,False,36264930,36264931
16,41,spatial,0.3125,0.125,0.5625,False,36264931,36264932
16,42,color,0.1875,-0.0625,0.4375,False,36265026,36265027
16,42,coordinate,0.0,-0.25,0.25,False,36265027,36265028
16,42,count,-0.1875,-0.375,0.0,False,36265028,36265029
16,42,ocr,0.0625,-0.1875,0.25,False,36265029,36265030
16,42,shape,-0.125,-0.3125,0.0,False,36265030,36265031
16,42,spatial,0.125,0.0,0.3125,False,36265031,36265032
16,43,color,0.3125,0.125,0.5625,False,36265126,36265127
16,43,coordinate,0.125,-0.1875,0.4375,False,36265127,36265128
16,43,count,-0.125,-0.3125,0.0,False,36265128,36265129
16,43,ocr,-0.0625,-0.1875,0.0,False,36265129,36265130
16,43,shape,-0.125,-0.3125,0.0,False,36265130,36265131
16,43,spatial,0.4375,0.1875,0.6875,False,36265131,36265132
16,44,color,0.1875,-0.0625,0.4375,False,36265226,36265227
16,44,coordinate,0.375,0.125,0.625,False,36265227,36265228
16,44,count,-0.3125,-0.5625,-0.125,True,36265228,36265229
16,44,ocr,0.0625,0.0,0.1875,False,36265229,36265230
16,44,shape,0.0625,0.0,0.1875,False,36265230,36265231
16,44,spatial,0.1875,0.0,0.375,False,36265231,36265232
16,45,color,0.5,0.25,0.75,False,36265326,36265327
16,45,coordinate,0.0,-0.3125,0.3125,False,36265327,36265328
16,45,count,-0.1875,-0.375,0.0,False,36265328,36265329
16,45,ocr,0.0,-0.1875,0.1875,False,36265329,36265330
16,45,shape,-0.0625,-0.3125,0.125,False,36265330,36265331
16,45,spatial,0.25,0.0625,0.5,False,36265331,36265332
16,46,color,0.125,0.0,0.3125,False,36265426,36265427
16,46,coordinate,0.3125,0.125,0.5625,False,36265427,36265428
16,46,count,-0.375,-0.625,-0.125,True,36265428,36265429
16,46,ocr,0.0,-0.1875,0.1875,False,36265429,36265430
16,46,shape,0.0,-0.1875,0.1875,False,36265430,36265431
16,46,spatial,0.1875,0.0,0.375,False,36265431,36265432
16,47,color,0.1875,-0.125,0.5,False,36265526,36265527
16,47,coordinate,0.0,-0.25,0.25,False,36265527,36265528
16,47,count,-0.1875,-0.375,0.0,False,36265528,36265529
16,47,ocr,0.0625,0.0,0.1875,False,36265529,36265530
16,47,shape,0.125,0.0,0.3125,False,36265530,36265531
16,47,spatial,0.25,0.0625,0.5,False,36265531,36265532
16,48,color,0.1875,-0.1875,0.5,False,36265626,36265627
16,48,coordinate,0.1875,-0.0625,0.4375,False,36265627,36265628
16,48,count,-0.4375,-0.6875,-0.1875,True,36265628,36265629
16,48,ocr,0.0625,0.0,0.1875,False,36265629,36265630
16,48,shape,-0.0625,-0.3125,0.125,False,36265630,36265631
16,48,spatial,0.125,0.0,0.3125,False,36265631,36265632
16,49,color,0.4375,0.1875,0.6875,False,36265726,36265727
16,49,coordinate,0.0625,-0.125,0.3125,False,36265727,36265728
16,49,count,-0.25,-0.5,-0.0625,True,36265728,36265729
16,49,ocr,0.25,0.0625,0.5,False,36265729,36265730
16,49,shape,0.0,-0.1875,0.1875,False,36265730,36265731
16,49,spatial,0.3125,0.125,0.5625,False,36265731,36265732
16,50,color,0.1875,0.0,0.375,False,36265826,36265827
16,50,coordinate,0.0625,-0.1875,0.3125,False,36265827,36265828
16,50,count,-0.3125,-0.5625,-0.125,True,36265828,36265829
16,50,ocr,0.0625,0.0,0.1875,False,36265829,36265830
16,50,shape,-0.0625,-0.375,0.1875,False,36265830,36265831
16,50,spatial,0.1875,0.0,0.375,False,36265831,36265832
16,51,color,0.125,-0.125,0.375,False,36265926,36265927
16,51,coordinate,-0.0625,-0.375,0.1875,False,36265927,36265928
16,51,count,-0.375,-0.625,-0.1875,True,36265928,36265929
16,51,ocr,0.0,-0.1875,0.1875,False,36265929,36265930
16,51,shape,-0.1875,-0.375,0.0,False,36265930,36265931
16,51,spatial,0.5,0.25,0.75,False,36265931,36265932
16,52,color,0.0,-0.3125,0.375,False,36266026,36266027
16,52,coordinate,0.125,-0.1875,0.4375,False,36266027,36266028
16,52,count,-0.4375,-0.6875,-0.1875,True,36266028,36266029
16,52,ocr,0.0,0.0,0.0,False,36266029,36266030
16,52,shape,0.1875,0.0,0.375,False,36266030,36266031
16,52,spatial,0.25,0.0625,0.4375,False,36266031,36266032
16,53,color,-0.1875,-0.4375,0.0625,False,36266126,36266127
16,53,coordinate,0.0,-0.1875,0.1875,False,36266127,36266128
16,53,count,-0.25,-0.5,-0.0625,True,36266128,36266129
16,53,ocr,0.0,0.0,0.0,False,36266129,36266130
16,53,shape,-0.125,-0.3125,0.0,False,36266130,36266131
16,53,spatial,0.1875,0.0,0.375,False,36266131,36266132
16,54,color,0.3125,0.125,0.5625,False,36266226,36266227
16,54,coordinate,0.0,-0.3125,0.3125,False,36266227,36266228
16,54,count,-0.25,-0.4375,-0.0625,True,36266228,36266229
16,54,ocr,0.0,-0.25,0.25,False,36266229,36266230
16,54,shape,0.0625,-0.1875,0.3125,False,36266230,36266231
16,54,spatial,0.25,0.0625,0.5,False,36266231,36266232
16,55,color,0.0625,-0.125,0.25,False,36266326,36266327
16,55,coordinate,-0.0625,-0.3125,0.125,False,36266327,36266328
16,55,count,-0.375,-0.625,-0.125,True,36266328,36266329
16,55,ocr,0.0625,0.0,0.1875,False,36266329,36266330
16,55,shape,0.0625,0.0,0.1875,False,36266330,36266331
16,55,spatial,0.125,0.0,0.3125,False,36266331,36266332
16,56,color,0.5625,0.3125,0.8125,False,36266426,36266427
16,56,coordinate,0.3125,0.125,0.5625,False,36266427,36266428
16,56,count,-0.3125,-0.5625,-0.125,True,36266428,36266429
16,56,ocr,-0.0625,-0.1875,0.0,False,36266429,36266430
16,56,shape,-0.0625,-0.1875,0.0,False,36266430,36266431
16,56,spatial,0.3125,0.125,0.5625,False,36266431,36266432
16,57,color,0.4375,0.125,0.75,False,36266526,36266527
16,57,coordinate,0.125,-0.125,0.375,False,36266527,36266528
16,57,count,-0.125,-0.3125,0.0,False,36266528,36266529
16,57,ocr,0.0625,0.0,0.1875,False,36266529,36266530
16,57,shape,0.0,-0.1875,0.1875,False,36266530,36266531
16,57,spatial,0.1875,0.0,0.375,False,36266531,36266532
16,58,color,-0.125,-0.375,0.125,False,36266626,36266627
16,58,coordinate,0.0,-0.25,0.25,False,36266627,36266628
16,58,count,-0.25,-0.5,-0.0625,True,36266628,36266629
16,58,ocr,0.0,-0.25,0.25,False,36266629,36266630
16,58,shape,-0.125,-0.375,0.125,False,36266630,36266631
16,58,spatial,0.3125,0.125,0.5625,False,36266631,36266632
16,59,color,0.1875,-0.0625,0.4375,False,36266726,36266727
16,59,coordinate,0.3125,0.125,0.5625,False,36266727,36266728
16,59,count,-0.25,-0.4375,-0.0625,True,36266728,36266729
16,59,ocr,0.0625,-0.125,0.25,False,36266729,36266730
16,59,shape,0.0,-0.1875,0.1875,False,36266730,36266731
16,59,spatial,0.125,0.0,0.3125,False,36266731,36266732
16,60,color,0.0625,-0.1875,0.3125,False,36266826,36266827
16,60,coordinate,0.0,-0.3125,0.3125,False,36266827,36266828
16,60,count,-0.3125,-0.5625,-0.125,True,36266828,36266829
16,60,ocr,0.125,-0.0625,0.375,False,36266829,36266830
16,60,shape,-0.0625,-0.1875,0.0,False,36266830,36266831
16,60,spatial,0.1875,0.0,0.375,False,36266831,36266832
16,61,color,0.0625,-0.3125,0.4375,False,36266926,36266927
16,61,coordinate,0.0,-0.25,0.25,False,36266927,36266928
16,61,count,-0.1875,-0.375,0.0,False,36266928,36266929
16,61,ocr,0.0,-0.1875,0.1875,False,36266929,36266930
16,61,shape,-0.125,-0.3125,0.0,False,36266930,36266931
16,61,spatial,0.375,0.125,0.625,False,36266931,36266932
16,62,color,0.0625,-0.3125,0.4375,False,36267026,36267027
16,62,coordinate,0.125,-0.125,0.375,False,36267027,36267028
16,62,count,-0.5,-0.75,-0.25,True,36267028,36267029
16,62,ocr,0.0,0.0,0.0,False,36267029,36267030
16,62,shape,-0.125,-0.3125,0.0,False,36267030,36267031
16,62,spatial,0.25,0.0625,0.5,False,36267031,36267032
16,63,color,0.125,-0.125,0.375,False,36267126,36267127
16,63,coordinate,0.0625,-0.125,0.25,False,36267127,36267128
16,63,count,-0.25,-0.5,-0.0625,True,36267128,36267129
16,63,ocr,0.1875,0.0,0.375,False,36267129,36267130
16,63,shape,-0.125,-0.3125,0.0,False,36267130,36267131
16,63,spatial,0.1875,0.0,0.375,False,36267131,36267132
16,64,color,0.3125,0.125,0.5625,False,36267226,36267227
16,64,coordinate,0.375,0.125,0.625,False,36267227,36267228
16,64,count,-0.3125,-0.5625,-0.125,True,36267228,36267229
16,64,ocr,0.0,0.0,0.0,False,36267229,36267230
16,64,shape,-0.1875,-0.4375,0.0625,False,36267230,36267231
16,64,spatial,0.1875,0.0,0.375,False,36267231,36267232
16,65,color,0.3125,0.0,0.625,False,36267326,36267327
16,65,coordinate,0.0,-0.3125,0.3125,False,36267327,36267328
16,65,count,-0.1875,-0.375,0.0,False,36267328,36267329
16,65,ocr,0.0,0.0,0.0,False,36267329,36267330
16,65,shape,0.0,0.0,0.0,False,36267330,36267331
16,65,spatial,0.25,0.0625,0.5,False,36267331,36267332
16,66,color,-0.0625,-0.3125,0.1875,False,36267426,36267427
16,66,coordinate,0.1875,-0.125,0.5,False,36267427,36267428
16,66,count,-0.25,-0.4375,-0.0625,True,36267428,36267429
16,66,ocr,-0.0625,-0.1875,0.0,False,36267429,36267430
16,66,shape,0.0,-0.1875,0.1875,False,36267430,36267431
16,66,spatial,0.1875,0.0,0.4375,False,36267431,36267432
16,67,color,0.25,0.0,0.5,False,36267526,36267527
16,67,coordinate,0.1875,-0.0625,0.4375,False,36267527,36267528
16,67,count,-0.375,-0.625,-0.125,True,36267528,36267529
16,67,ocr,0.0625,0.0,0.1875,False,36267529,36267530
16,67,shape,-0.125,-0.3125,0.0,False,36267530,36267531
16,67,spatial,0.1875,0.0,0.375,False,36267531,36267532
16,68,color,0.25,0.0,0.5,False,36267626,36267627
16,68,coordinate,0.125,-0.1875,0.4375,False,36267627,36267628
16,68,count,-0.3125,-0.5625,-0.125,True,36267628,36267629
16,68,ocr,-0.0625,-0.1875,0.0,False,36267629,36267630
16,68,shape,0.0,-0.25,0.25,False,36267630,36267631
16,68,spatial,0.3125,0.125,0.5625,False,36267631,36267632
16,69,color,0.25,-0.0625,0.5,False,36267726,36267727
16,69,coordinate,0.25,0.0,0.5,False,36267727,36267728
16,69,count,-0.3125,-0.5625,-0.125,True,36267728,36267729
16,69,ocr,0.0,0.0,0.0,False,36267729,36267730
16,69,shape,-0.125,-0.375,0.125,False,36267730,36267731
16,69,spatial,0.375,0.125,0.625,False,36267731,36267732
16,70,color,0.3125,0.0625,0.625,False,36267826,36267827
16,70,coordinate,-0.0625,-0.25,0.125,False,36267827,36267828
16,70,count,-0.25,-0.5,-0.0625,True,36267828,36267829
16,70,ocr,0.0625,0.0,0.1875,False,36267829,36267830
16,70,shape,-0.0625,-0.25,0.125,False,36267830,36267831
16,70,spatial,0.3125,0.0625,0.5625,False,36267831,36267832
16,71,color,0.0625,-0.125,0.25,False,36267926,36267927
16,71,coordinate,-0.125,-0.4375,0.1875,False,36267927,36267928
16,71,count,-0.3125,-0.5625,-0.125,True,36267928,36267929
16,71,ocr,0.125,-0.125,0.375,False,36267929,36267930
16,71,shape,0.0,-0.1875,0.1875,False,36267930,36267931
16,71,spatial,0.25,0.0625,0.5,False,36267931,36267932
16,72,color,0.375,0.1875,0.625,False,36268026,36268027
16,72,coordinate,0.0625,-0.3125,0.4375,False,36268027,36268028
16,72,count,-0.25,-0.5,-0.0625,True,36268028,36268029
16,72,ocr,0.125,-0.125,0.375,False,36268029,36268030
16,72,shape,0.0625,0.0,0.1875,False,36268030,36268031
16,72,spatial,0.375,0.1875,0.625,False,36268031,36268032
16,73,color,0.25,0.0,0.5,False,36268126,36268127
16,73,coordinate,0.125,-0.125,0.375,False,36268127,36268128
16,73,count,-0.125,-0.3125,0.0,False,36268128,36268129
16,73,ocr,0.125,0.0,0.3125,False,36268129,36268130
16,73,shape,0.0,-0.1875,0.1875,False,36268130,36268131
16,73,spatial,0.1875,0.0,0.375,False,36268131,36268132
16,74,color,0.3125,0.0625,0.625,False,36268226,36268227
16,74,coordinate,0.0625,0.0,0.1875,False,36268227,36268228
16,74,count,-0.5,-0.75,-0.25,True,36268228,36268229
16,74,ocr,0.0625,0.0,0.1875,False,36268229,36268230
16,74,shape,-0.0625,-0.1875,0.0,False,36268230,36268231
16,74,spatial,0.25,0.0625,0.4375,False,36268231,36268232
16,75,color,0.375,0.0625,0.6875,False,36268326,36268327
16,75,coordinate,-0.125,-0.375,0.125,False,36268327,36268328
16,75,count,-0.3125,-0.5625,-0.125,True,36268328,36268329
16,75,ocr,0.0625,0.0,0.1875,False,36268329,36268330
16,75,shape,-0.0625,-0.25,0.125,False,36268330,36268331
16,75,spatial,0.1875,0.0,0.375,False,36268331,36268332
16,76,color,0.125,-0.125,0.375,False,36268426,36268427
16,76,coordinate,-0.0625,-0.375,0.25,False,36268427,36268428
16,76,count,-0.375,-0.625,-0.125,True,36268428,36268429
16,76,ocr,0.125,-0.125,0.375,False,36268429,36268430
16,76,shape,0.0,-0.1875,0.1875,False,36268430,36268431
16,76,spatial,0.1875,0.0,0.375,False,36268431,36268432
16,77,color,0.1875,-0.0625,0.4375,False,36268526,36268527
16,77,coordinate,0.0625,-0.125,0.25,False,36268527,36268528
16,77,count,-0.25,-0.4375,-0.0625,True,36268528,36268529
16,77,ocr,0.125,0.0,0.3125,False,36268529,36268530
16,77,shape,0.0,0.0,0.0,False,36268530,36268531
16,77,spatial,0.0625,0.0,0.1875,False,36268531,36268532
16,78,color,0.25,0.0,0.5,False,36268626,36268627
16,78,coordinate,0.0,-0.25,0.25,False,36268627,36268628
16,78,count,-0.3125,-0.5625,-0.125,True,36268628,36268629
16,78,ocr,0.0,0.0,0.0,False,36268629,36268630
16,78,shape,-0.125,-0.3125,0.0,False,36268630,36268631
16,78,spatial,0.4375,0.1875,0.6875,False,36268631,36268632
16,79,color,0.3125,0.0,0.625,False,36268726,36268727
16,79,coordinate,0.3125,0.125,0.5625,False,36268727,36268728
16,79,count,-0.125,-0.3125,0.0,False,36268728,36268729
16,79,ocr,0.0625,-0.125,0.25,False,36268729,36268730
16,79,shape,0.125,-0.125,0.375,False,36268730,36268731
16,79,spatial,0.125,0.0,0.3125,False,36268731,36268732
16,80,color,0.0,-0.25,0.25,False,36268826,36268827
16,80,coordinate,0.0625,-0.125,0.25,False,36268827,36268828
16,80,count,-0.1875,-0.375,0.0,False,36268828,36268829
16,80,ocr,0.1875,-0.0625,0.4375,False,36268829,36268830
16,80,shape,-0.125,-0.3125,0.0,False,36268830,36268831
16,80,spatial,0.1875,0.0,0.375,False,36268831,36268832
16,81,color,0.125,-0.125,0.4375,False,36268926,36268927
16,81,coordinate,0.125,-0.125,0.375,False,36268927,36268928
16,81,count,-0.375,-0.625,-0.1875,True,36268928,36268929
16,81,ocr,0.0625,0.0,0.1875,False,36268929,36268930
16,81,shape,0.0,-0.1875,0.1875,False,36268930,36268931
16,81,spatial,0.125,0.0,0.3125,False,36268931,36268932
16,82,color,0.4375,0.125,0.75,False,36269026,36269027
16,82,coordinate,0.125,-0.1875,0.4375,False,36269027,36269028
16,82,count,-0.4375,-0.6875,-0.1875,True,36269028,36269029
16,82,ocr,0.125,0.0,0.3125,False,36269029,36269030
16,82,shape,0.0,-0.1875,0.1875,False,36269030,36269031
16,82,spatial,0.125,0.0,0.3125,False,36269031,36269032
16,83,color,0.125,-0.25,0.4375,False,36269126,36269127
16,83,coordinate,0.25,0.0625,0.5,False,36269127,36269128
16,83,count,-0.25,-0.4375,-0.0625,True,36269128,36269129
16,83,ocr,0.0,0.0,0.0,False,36269129,36269130
16,83,shape,0.0,-0.1875,0.1875,False,36269130,36269131
16,83,spatial,0.3125,0.125,0.5625,False,36269131,36269132
16,84,color,0.25,0.0625,0.5,False,36269226,36269227
16,84,coordinate,0.0625,0.0,0.1875,False,36269227,36269228
16,84,count,-0.3125,-0.5625,-0.125,True,36269228,36269229
16,84,ocr,0.0625,0.0,0.1875,False,36269229,36269230
16,84,shape,-0.0625,-0.1875,0.0,False,36269230,36269231
16,84,spatial,0.1875,0.0,0.375,False,36269231,36269232
16,85,color,0.25,0.0625,0.4375,False,36269326,36269327
16,85,coordinate,0.1875,0.0,0.375,False,36269327,36269328
16,85,count,-0.4375,-0.6875,-0.1875,True,36269328,36269329
16,85,ocr,0.1875,0.0,0.375,False,36269329,36269330
16,85,shape,-0.125,-0.3125,0.0,False,36269330,36269331
16,85,spatial,0.375,0.125,0.625,False,36269331,36269332
16,86,color,-0.0625,-0.375,0.25,False,36269426,36269427
16,86,coordinate,-0.0625,-0.3125,0.1875,False,36269427,36269428
16,86,count,-0.1875,-0.375,0.0,False,36269428,36269429
16,86,ocr,-0.0625,-0.1875,0.0,False,36269429,36269430
16,86,shape,0.0,-0.1875,0.1875,False,36269430,36269431
16,86,spatial,0.3125,0.125,0.5625,False,36269431,36269432
16,87,color,0.1875,-0.125,0.5,False,36269526,36269527
16,87,coordinate,0.0625,-0.1875,0.3125,False,36269527,36269528
16,87,count,-0.5625,-0.8125,-0.3125,True,36269528,36269529
16,87,ocr,0.0625,0.0,0.1875,False,36269529,36269530
16,87,shape,0.0,-0.1875,0.1875,False,36269530,36269531
16,87,spatial,0.1875,0.0,0.375,False,36269531,36269532
16,88,color,0.25,0.0,0.5,False,36269626,36269627
16,88,coordinate,-0.0625,-0.3125,0.1875,False,36269627,36269628
16,88,count,-0.3125,-0.5625,-0.125,True,36269628,36269629
16,88,ocr,0.0625,0.0,0.1875,False,36269629,36269630
16,88,shape,0.0625,0.0,0.1875,False,36269630,36269631
16,88,spatial,0.3125,0.125,0.5625,False,36269631,36269632
16,89,color,0.125,-0.125,0.375,False,36269726,36269727
16,89,coordinate,-0.125,-0.375,0.125,False,36269727,36269728
16,89,count,-0.5625,-0.8125,-0.3125,True,36269728,36269729
16,89,ocr,0.0625,-0.125,0.3125,False,36269729,36269730
16,89,shape,-0.0625,-0.1875,0.0,False,36269730,36269731
16,89,spatial,0.3125,0.125,0.5625,False,36269731,36269732
16,90,color,0.125,-0.125,0.375,False,36269826,36269827
16,90,coordinate,0.125,-0.1875,0.4375,False,36269827,36269828
16,90,count,-0.125,-0.3125,0.0,False,36269828,36269829
16,90,ocr,0.0625,0.0,0.1875,False,36269829,36269830
16,90,shape,0.125,-0.125,0.375,False,36269830,36269831
16,90,spatial,0.375,0.125,0.625,False,36269831,36269832
16,91,color,0.0625,-0.125,0.25,False,36269926,36269927
16,91,coordinate,0.0625,-0.25,0.375,False,36269927,36269928
16,91,count,-0.375,-0.625,-0.125,True,36269928,36269929
16,91,ocr,0.0,-0.1875,0.1875,False,36269929,36269930
16,91,shape,-0.1875,-0.375,0.0,False,36269930,36269931
16,91,spatial,0.3125,0.125,0.5625,False,36269931,36269932
16,92,color,0.0,-0.25,0.25,False,36270026,36270027
16,92,coordinate,0.0,-0.25,0.25,False,36270027,36270028
16,92,count,-0.0625,-0.1875,0.0,False,36270028,36270029
16,92,ocr,0.0625,0.0,0.1875,False,36270029,36270030
16,92,shape,0.0625,0.0,0.1875,False,36270030,36270031
16,92,spatial,0.3125,0.125,0.5625,False,36270031,36270032
16,93,color,0.1875,-0.1875,0.5625,False,36270126,36270127
16,93,coordinate,0.1875,-0.125,0.5,False,36270127,36270128
16,93,count,-0.4375,-0.6875,-0.1875,True,36270128,36270129
16,93,ocr,0.0625,0.0,0.1875,False,36270129,36270130
16,93,shape,-0.0625,-0.1875,0.0,False,36270130,36270131
16,93,spatial,0.25,0.0625,0.5,False,36270131,36270132
16,94,color,0.375,0.125,0.625,False,36270226,36270227
16,94,coordinate,0.0,-0.1875,0.1875,False,36270227,36270228
16,94,count,-0.25,-0.5,-0.0625,True,36270228,36270229
16,94,ocr,0.125,0.0,0.3125,False,36270229,36270230
16,94,shape,0.0,0.0,0.0,False,36270230,36270231
16,94,spatial,0.1875,0.0,0.375,False,36270231,36270232
16,95,color,0.25,0.0,0.5,False,36270326,36270327
16,95,coordinate,0.25,0.0625,0.4375,False,36270327,36270328
16,95,count,-0.4375,-0.6875,-0.1875,True,36270328,36270329
16,95,ocr,0.0,0.0,0.0,False,36270329,36270330
16,95,shape,-0.0625,-0.1875,0.0,False,36270330,36270331
16,95,spatial,0.0625,0.0,0.1875,False,36270331,36270332
16,96,color,0.25,0.0,0.5,False,36270426,36270427
16,96,coordinate,0.125,-0.25,0.5,False,36270427,36270428
16,96,count,-0.4375,-0.6875,-0.1875,True,36270428,36270429
16,96,ocr,0.0,-0.1875,0.1875,False,36270429,36270430
16,96,shape,0.125,0.0,0.3125,False,36270430,36270431
16,96,spatial,0.3125,0.125,0.5625,False,36270431,36270432
16,97,color,0.125,-0.125,0.375,False,36270526,36270527
16,97,coordinate,0.1875,-0.0625,0.4375,False,36270527,36270528
16,97,count,-0.3125,-0.5625,-0.125,True,36270528,36270529
16,97,ocr,0.125,0.0,0.3125,False,36270529,36270530
16,97,shape,-0.1875,-0.375,0.0,False,36270530,36270531
16,97,spatial,0.3125,0.125,0.5625,False,36270531,36270532
16,98,color,0.1875,-0.0625,0.4375,False,36270626,36270627
16,98,coordinate,-0.125,-0.3125,0.0,False,36270627,36270628
16,98,count,-0.375,-0.625,-0.125,True,36270628,36270629
16,98,ocr,0.0625,-0.125,0.25,False,36270629,36270630
16,98,shape,-0.0625,-0.3125,0.125,False,36270630,36270631
16,98,spatial,0.1875,0.0,0.375,False,36270631,36270632
16,99,color,0.375,0.1875,0.625,False,36270726,36270727
16,99,coordinate,0.125,-0.125,0.375,False,36270727,36270728
16,99,count,-0.4375,-0.6875,-0.1875,True,36270728,36270729
16,99,ocr,0.0,0.0,0.0,False,36270729,36270730
16,99,shape,0.0,0.0,0.0,False,36270730,36270731
16,99,spatial,0.25,0.0625,0.5,False,36270731,36270732
16,100,color,0.25,-0.0625,0.5625,False,36270826,36270827
16,100,coordinate,0.0,-0.25,0.3125,False,36270827,36270828
16,100,count,-0.375,-0.625,-0.125,True,36270828,36270829
16,100,ocr,0.0,0.0,0.0,False,36270829,36270830
16,100,shape,-0.0625,-0.25,0.125,False,36270830,36270831
16,100,spatial,0.4375,0.1875,0.6875,False,36270831,36270832
16,101,color,0.1875,-0.0625,0.4375,False,36270926,36270927
16,101,coordinate,0.1875,-0.125,0.5,False,36270927,36270928
16,101,count,-0.3125,-0.5625,-0.0625,True,36270928,36270929
16,101,ocr,-0.0625,-0.1875,0.0,False,36270929,36270930
16,101,shape,-0.0625,-0.3125,0.125,False,36270930,36270931
16,101,spatial,0.1875,0.0,0.375,False,36270931,36270932
16,102,color,0.4375,0.125,0.6875,False,36271026,36271027
16,102,coordinate,0.0625,-0.1875,0.375,False,36271027,36271028
16,102,count,-0.5,-0.75,-0.25,True,36271028,36271029
16,102,ocr,0.0625,0.0,0.1875,False,36271029,36271030
16,102,shape,-0.0625,-0.25,0.125,False,36271030,36271031
16,102,spatial,0.1875,0.0,0.375,False,36271031,36271032
16,103,color,0.25,-0.0625,0.5625,False,36271126,36271127
16,103,coordinate,0.0625,-0.1875,0.3125,False,36271127,36271128
16,103,count,-0.1875,-0.375,0.0,False,36271128,36271129
16,103,ocr,0.0625,-0.125,0.25,False,36271129,36271130
16,103,shape,-0.125,-0.3125,0.0,False,36271130,36271131
16,103,spatial,0.1875,0.0,0.375,False,36271131,36271132
16,104,color,0.25,0.0625,0.5,False,36271226,36271227
16,104,coordinate,-0.0625,-0.3125,0.1875,False,36271227,36271228
16,104,count,-0.3125,-0.5625,-0.125,True,36271228,36271229
16,104,ocr,0.0625,-0.125,0.25,False,36271229,36271230
16,104,shape,-0.1875,-0.375,0.0,False,36271230,36271231
16,104,spatial,0.25,0.0625,0.4375,False,36271231,36271232
16,105,color,0.25,0.0,0.5625,False,36271326,36271327
16,105,coordinate,0.0,-0.3125,0.3125,False,36271327,36271328
16,105,count,-0.125,-0.3125,0.0,False,36271328,36271329
16,105,ocr,0.0,0.0,0.0,False,36271329,36271330
16,105,shape,0.0625,-0.125,0.25,False,36271330,36271331
16,105,spatial,0.1875,0.0,0.375,False,36271331,36271332
16,106,color,0.25,-0.0625,0.5625,False,36271426,36271427
16,106,coordinate,-0.125,-0.375,0.125,False,36271427,36271428
16,106,count,-0.25,-0.4375,-0.0625,True,36271428,36271429
16,106,ocr,0.125,0.0,0.3125,False,36271429,36271430
16,106,shape,0.0625,-0.125,0.3125,False,36271430,36271431
16,106,spatial,0.3125,0.125,0.5625,False,36271431,36271432
16,107,color,0.0,-0.3125,0.3125,False,36271526,36271527
16,107,coordinate,0.125,-0.1875,0.4375,False,36271527,36271528
16,107,count,-0.375,-0.625,-0.125,True,36271528,36271529
16,107,ocr,0.0625,0.0,0.1875,False,36271529,36271530
16,107,shape,0.0625,0.0,0.1875,False,36271530,36271531
16,107,spatial,0.125,0.0,0.3125,False,36271531,36271532
16,108,color,0.3125,0.125,0.5625,False,36271626,36271627
16,108,coordinate,-0.0625,-0.375,0.1875,False,36271627,36271628
16,108,count,-0.25,-0.5,-0.0625,True,36271628,36271629
16,108,ocr,0.0625,0.0,0.1875,False,36271629,36271630
16,108,shape,-0.125,-0.375,0.125,False,36271630,36271631
16,108,spatial,0.25,0.0625,0.4375,False,36271631,36271632
16,109,color,-0.0625,-0.375,0.25,False,36271726,36271727
16,109,coordinate,0.3125,0.125,0.5625,False,36271727,36271728
16,109,count,-0.25,-0.5,-0.0625,True,36271728,36271729
16,109,ocr,0.0625,0.0,0.1875,False,36271729,36271730
16,109,shape,0.0625,-0.125,0.25,False,36271730,36271731
16,109,spatial,0.125,0.0,0.3125,False,36271731,36271732
16,110,color,0.4375,0.1875,0.6875,False,36271826,36271827
16,110,coordinate,-0.125,-0.375,0.125,False,36271827,36271828
16,110,count,-0.4375,-0.6875,-0.1875,True,36271828,36271829
16,110,ocr,0.0,-0.1875,0.1875,False,36271829,36271830
16,110,shape,0.0,0.0,0.0,False,36271830,36271831
16,110,spatial,0.25,0.0625,0.5,False,36271831,36271832
16,111,color,0.125,-0.25,0.4375,False,36271926,36271927
16,111,coordinate,0.0625,-0.1875,0.3125,False,36271927,36271928
16,111,count,-0.25,-0.4375,-0.0625,True,36271928,36271929
16,111,ocr,0.0625,0.0,0.1875,False,36271929,36271930
16,111,shape,0.0,-0.1875,0.1875,False,36271930,36271931
16,111,spatial,0.25,0.0625,0.5,False,36271931,36271932
16,112,color,0.125,0.0,0.3125,False,36272026,36272027
16,112,coordinate,0.125,0.0,0.3125,False,36272027,36272028
16,112,count,-0.3125,-0.5625,-0.125,True,36272028,36272029
16,112,ocr,0.0625,0.0,0.1875,False,36272029,36272030
16,112,shape,0.0625,-0.125,0.3125,False,36272030,36272031
16,112,spatial,0.125,0.0,0.3125,False,36272031,36272032
16,113,color,0.125,0.0,0.3125,False,36272126,36272127
16,113,coordinate,0.125,-0.1875,0.4375,False,36272127,36272128
16,113,count,-0.0625,-0.1875,0.0,False,36272128,36272129
16,113,ocr,0.125,0.0,0.3125,False,36272129,36272130
16,113,shape,0.0625,-0.125,0.25,False,36272130,36272131
16,113,spatial,0.1875,0.0,0.375,False,36272131,36272132
16,114,color,0.125,-0.1875,0.4375,False,36272226,36272227
16,114,coordinate,0.0,-0.25,0.25,False,36272227,36272228
16,114,count,-0.125,-0.3125,0.0,False,36272228,36272229
16,114,ocr,0.0,0.0,0.0,False,36272229,36272230
16,114,shape,0.125,-0.125,0.375,False,36272230,36272231
16,114,spatial,0.1875,0.0,0.375,False,36272231,36272232
16,115,color,0.25,0.0,0.5,False,36272326,36272327
16,115,coordinate,0.125,-0.1875,0.4375,False,36272327,36272328
16,115,count,-0.25,-0.5,-0.0625,True,36272328,36272329
16,115,ocr,0.125,0.0,0.3125,False,36272329,36272330
16,115,shape,0.0625,-0.125,0.3125,False,36272330,36272331
16,115,spatial,0.3125,0.125,0.5625,False,36272331,36272332
16,116,color,-0.0625,-0.375,0.25,False,36272426,36272427
16,116,coordinate,-0.3125,-0.625,0.0625,False,36272427,36272428
16,116,count,-0.25,-0.5,-0.0625,True,36272428,36272429
16,116,ocr,0.125,0.0,0.3125,False,36272429,36272430
16,116,shape,-0.25,-0.5,-0.0625,True,36272430,36272431
16,116,spatial,0.25,0.0625,0.4375,False,36272431,36272432
16,117,color,0.0,-0.25,0.25,False,36272526,36272527
16,117,coordinate,0.375,0.1875,0.625,False,36272527,36272528
16,117,count,-0.125,-0.3125,0.0,False,36272528,36272529
16,117,ocr,0.0,0.0,0.0,False,36272529,36272530
16,117,shape,-0.0625,-0.1875,0.0,False,36272530,36272531
16,117,spatial,0.375,0.125,0.625,False,36272531,36272532
16,118,color,0.1875,0.0,0.375,False,36272626,36272627
16,118,coordinate,0.0625,-0.125,0.3125,False,36272627,36272628
16,118,count,-0.1875,-0.375,0.0,False,36272628,36272629
16,118,ocr,-0.125,-0.3125,0.0,False,36272629,36272630
16,118,shape,0.0625,-0.125,0.3125,False,36272630,36272631
16,118,spatial,0.3125,0.125,0.5625,False,36272631,36272632
16,119,color,0.1875,-0.125,0.5,False,36272726,36272727
16,119,coordinate,0.1875,-0.0625,0.4375,False,36272727,36272728
16,119,count,-0.125,-0.3125,0.0,False,36272728,36272729
16,119,ocr,0.0,0.0,0.0,False,36272729,36272730
16,119,shape,-0.0625,-0.25,0.125,False,36272730,36272731
16,119,spatial,0.375,0.125,0.625,False,36272731,36272732
16,120,color,0.1875,0.0,0.375,False,36272826,36272827
16,120,coordinate,0.1875,-0.125,0.5,False,36272827,36272828
16,120,count,-0.375,-0.625,-0.125,True,36272828,36272829
16,120,ocr,0.125,0.0,0.3125,False,36272829,36272830
16,120,shape,-0.0625,-0.1875,0.0,False,36272830,36272831
16,120,spatial,0.0625,0.0,0.1875,False,36272831,36272832
16,121,color,0.375,0.125,0.625,False,36272926,36272927
16,121,coordinate,0.125,-0.125,0.375,False,36272927,36272928
16,121,count,-0.1875,-0.375,0.0,False,36272928,36272929
16,121,ocr,0.0625,0.0,0.1875,False,36272929,36272930
16,121,shape,0.0625,-0.125,0.25,False,36272930,36272931
16,121,spatial,0.3125,0.125,0.5625,False,36272931,36272932
16,122,color,0.25,0.0625,0.5,False,36273026,36273027
16,122,coordinate,0.0,-0.25,0.25,False,36273027,36273028
16,122,count,-0.25,-0.5,-0.0625,True,36273028,36273029
16,122,ocr,0.0,-0.1875,0.1875,False,36273029,36273030
16,122,shape,0.125,-0.125,0.375,False,36273030,36273031
16,122,spatial,0.0625,0.0,0.1875,False,36273031,36273032
16,123,color,0.1875,0.0,0.375,False,36273126,36273127
16,123,coordinate,0.0625,-0.25,0.375,False,36273127,36273128
16,123,count,-0.5625,-0.8125,-0.3125,True,36273128,36273129
16,123,ocr,0.0,0.0,0.0,False,36273129,36273130
16,123,shape,-0.3125,-0.5625,-0.125,True,36273130,36273131
16,123,spatial,0.125,0.0,0.3125,False,36273131,36273132
16,124,color,0.4375,0.1875,0.6875,False,36273226,36273227
16,124,coordinate,0.0625,-0.1875,0.3125,False,36273227,36273228
16,124,count,-0.1875,-0.375,0.0,False,36273228,36273229
16,124,ocr,0.125,0.0,0.3125,False,36273229,36273230
16,124,shape,-0.1875,-0.375,0.0,False,36273230,36273231
16,124,spatial,0.25,0.0625,0.5,False,36273231,36273232
16,125,color,0.125,-0.1875,0.4375,False,36273326,36273327
16,125,coordinate,0.0,-0.3125,0.3125,False,36273327,36273328
16,125,count,-0.3125,-0.5625,-0.125,True,36273328,36273329
16,125,ocr,0.125,0.0,0.3125,False,36273329,36273330
16,125,shape,-0.125,-0.375,0.125,False,36273330,36273331
16,125,spatial,0.1875,0.0,0.375,False,36273331,36273332
16,126,color,0.1875,-0.0625,0.4375,False,36273426,36273427
16,126,coordinate,-0.1875,-0.5,0.125,False,36273427,36273428
16,126,count,-0.375,-0.625,-0.125,True,36273428,36273429
16,126,ocr,0.0625,0.0,0.1875,False,36273429,36273430
16,126,shape,-0.125,-0.375,0.125,False,36273430,36273431
16,126,spatial,0.3125,0.0625,0.5625,False,36273431,36273432
16,127,color,0.125,-0.1875,0.4375,False,36273526,36273527
16,127,coordinate,0.3125,0.125,0.5625,False,36273527,36273528
16,127,count,-0.3125,-0.5625,-0.125,True,36273528,36273529
16,127,ocr,0.125,0.0,0.3125,False,36273529,36273530
16,127,shape,-0.1875,-0.375,0.0,False,36273530,36273531
16,127,spatial,0.125,0.0,0.3125,False,36273531,36273532
16,128,color,0.0625,-0.125,0.3125,False,36273626,36273627
16,128,coordinate,0.125,0.0,0.3125,False,36273627,36273628
16,128,count,-0.4375,-0.6875,-0.1875,True,36273628,36273629
16,128,ocr,-0.0625,-0.25,0.125,False,36273629,36273630
16,128,shape,-0.0625,-0.3125,0.125,False,36273630,36273631
16,128,spatial,0.375,0.125,0.625,False,36273631,36273632
16,129,color,0.0625,-0.1875,0.3125,False,36273726,36273727
16,129,coordinate,0.0,-0.1875,0.1875,False,36273727,36273728
16,129,count,-0.25,-0.4375,-0.0625,True,36273728,36273729
16,129,ocr,-0.0625,-0.1875,0.0,False,36273729,36273730
16,129,shape,0.0,-0.1875,0.1875,False,36273730,36273731
16,129,spatial,0.125,0.0,0.3125,False,36273731,36273732
16,130,color,0.25,-0.0625,0.5625,False,36273826,36273827
16,130,coordinate,0.125,-0.1875,0.4375,False,36273827,36273828
16,130,count,-0.25,-0.5,-0.0625,True,36273828,36273829
16,130,ocr,0.0,0.0,0.0,False,36273829,36273830
16,130,shape,0.0625,0.0,0.1875,False,36273830,36273831
16,130,spatial,0.1875,0.0,0.375,False,36273831,36273832
16,131,color,0.375,0.0625,0.6875,False,36273926,36273927
16,131,coordinate,0.3125,0.0,0.625,False,36273927,36273928
16,131,count,-0.1875,-0.375,0.0,False,36273928,36273929
16,131,ocr,0.0625,0.0,0.1875,False,36273929,36273930
16,131,shape,-0.3125,-0.5625,-0.125,True,36273930,36273931
16,131,spatial,0.0625,0.0,0.1875,False,36273931,36273932
16,132,color,0.25,0.0,0.5,False,36274026,36274027
16,132,coordinate,0.1875,0.0,0.375,False,36274027,36274028
16,132,count,-0.375,-0.625,-0.125,True,36274028,36274029
16,132,ocr,0.125,0.0,0.3125,False,36274029,36274030
16,132,shape,0.0,-0.1875,0.1875,False,36274030,36274031
16,132,spatial,0.375,0.1875,0.625,False,36274031,36274032
16,133,color,0.375,0.125,0.625,False,36274126,36274127
16,133,coordinate,0.1875,0.0,0.375,False,36274127,36274128
16,133,count,-0.3125,-0.5625,-0.125,True,36274128,36274129
16,133,ocr,0.0,0.0,0.0,False,36274129,36274130
16,133,shape,0.0,-0.1875,0.1875,False,36274130,36274131
16,133,spatial,0.3125,0.125,0.5625,False,36274131,36274132
16,134,color,0.3125,0.0625,0.5625,False,36274226,36274227
16,134,coordinate,0.0,-0.25,0.25,False,36274227,36274228
16,134,count,-0.1875,-0.375,0.0,False,36274228,36274229
16,134,ocr,0.0,0.0,0.0,False,36274229,36274230
16,134,shape,-0.125,-0.3125,0.0,False,36274230,36274231
16,134,spatial,0.25,0.0625,0.5,False,36274231,36274232
16,135,color,0.1875,0.0,0.375,False,36274326,36274327
16,135,coordinate,0.3125,0.0,0.5625,False,36274327,36274328
16,135,count,-0.375,-0.625,-0.125,True,36274328,36274329
16,135,ocr,0.0625,0.0,0.1875,False,36274329,36274330
16,135,shape,-0.1875,-0.375,0.0,False,36274330,36274331
16,135,spatial,0.125,0.0,0.3125,False,36274331,36274332
16,136,color,0.1875,0.0,0.375,False,36274426,36274427
16,136,coordinate,0.0,-0.1875,0.1875,False,36274427,36274428
16,136,count,-0.4375,-0.6875,-0.1875,True,36274428,36274429
16,136,ocr,-0.0625,-0.1875,0.0,False,36274429,36274430
16,136,shape,0.0625,0.0,0.1875,False,36274430,36274431
16,136,spatial,0.3125,0.125,0.5625,False,36274431,36274432
16,137,color,0.4375,0.125,0.75,False,36274526,36274527
16,137,coordinate,-0.125,-0.375,0.125,False,36274527,36274528
16,137,count,-0.1875,-0.375,0.0,False,36274528,36274529
16,137,ocr,-0.0625,-0.1875,0.0,False,36274529,36274530
16,137,shape,-0.0625,-0.1875,0.0,False,36274530,36274531
16,137,spatial,0.0,0.0,0.0,False,36274531,36274532
16,138,color,0.0,-0.25,0.25,False,36274626,36274627
16,138,coordinate,-0.125,-0.4375,0.1875,False,36274627,36274628
16,138,count,-0.3125,-0.5625,-0.125,True,36274628,36274629
16,138,ocr,0.0625,0.0,0.1875,False,36274629,36274630
16,138,shape,-0.0625,-0.3125,0.125,False,36274630,36274631
16,138,spatial,0.1875,0.0,0.375,False,36274631,36274632
16,139,color,0.4375,0.125,0.75,False,36274726,36274727
16,139,coordinate,-0.0625,-0.25,0.125,False,36274727,36274728
16,139,count,-0.375,-0.625,-0.125,True,36274728,36274729
16,139,ocr,0.0,-0.1875,0.1875,False,36274729,36274730
16,139,shape,-0.1875,-0.4375,0.0625,False,36274730,36274731
16,139,spatial,0.375,0.125,0.625,False,36274731,36274732
16,140,color,0.1875,-0.125,0.5,False,36274826,36274827
16,140,coordinate,0.125,-0.0625,0.375,False,36274827,36274828
16,140,count,-0.4375,-0.6875,-0.1875,True,36274828,36274829
16,140,ocr,0.125,0.0,0.3125,False,36274829,36274830
16,140,shape,0.0,-0.1875,0.1875,False,36274830,36274831
16,140,spatial,0.1875,0.0,0.375,False,36274831,36274832
16,141,color,0.1875,-0.0625,0.4375,False,36274926,36274927
16,141,coordinate,0.0,-0.3125,0.3125,False,36274927,36274928
16,141,count,-0.3125,-0.5625,-0.125,True,36274928,36274929
16,141,ocr,-0.0625,-0.1875,0.0,False,36274929,36274930
16,141,shape,-0.0625,-0.25,0.125,False,36274930,36274931
16,141,spatial,0.1875,0.0,0.375,False,36274931,36274932
16,142,color,0.125,-0.125,0.375,False,36275026,36275027
16,142,coordinate,0.0625,0.0,0.1875,False,36275027,36275028
16,142,count,-0.375,-0.625,-0.125,True,36275028,36275029
16,142,ocr,0.0,0.0,0.0,False,36275029,36275030
16,142,shape,-0.0625,-0.1875,0.0,False,36275030,36275031
16,142,spatial,0.25,0.0625,0.5,False,36275031,36275032
16,143,color,0.3125,0.0625,0.5625,False,36275126,36275127
16,143,coordinate,0.0625,-0.25,0.375,False,36275127,36275128
16,143,count,-0.375,-0.625,-0.125,True,36275128,36275129
16,143,ocr,-0.0625,-0.1875,0.0,False,36275129,36275130
16,143,shape,0.0625,-0.125,0.25,False,36275130,36275131
16,143,spatial,0.375,0.125,0.625,False,36275131,36275132
16,144,color,0.0625,-0.1875,0.3125,False,36275226,36275227
16,144,coordinate,0.125,-0.125,0.375,False,36275227,36275228
16,144,count,-0.0625,-0.1875,0.0,False,36275228,36275229
16,144,ocr,0.0625,0.0,0.1875,False,36275229,36275230
16,144,shape,0.0,-0.1875,0.1875,False,36275230,36275231
16,144,spatial,0.125,0.0,0.3125,False,36275231,36275232
16,145,color,0.0625,-0.25,0.375,False,36275326,36275327
16,145,coordinate,0.1875,-0.0625,0.4375,False,36275327,36275328
16,145,count,-0.25,-0.4375,-0.0625,True,36275328,36275329
16,145,ocr,0.0,-0.25,0.25,False,36275329,36275330
16,145,shape,-0.125,-0.3125,0.0,False,36275330,36275331
16,145,spatial,0.1875,0.0,0.375,False,36275331,36275332
16,146,color,0.375,0.125,0.625,False,36275426,36275427
16,146,coordinate,0.25,-0.0625,0.5625,False,36275427,36275428
16,146,count,-0.25,-0.5,-0.0625,True,36275428,36275429
16,146,ocr,0.0625,0.0,0.1875,False,36275429,36275430
16,146,shape,-0.0625,-0.1875,0.0,False,36275430,36275431
16,146,spatial,0.3125,0.125,0.5625,False,36275431,36275432
16,147,color,0.125,0.0,0.3125,False,36275526,36275527
16,147,coordinate,-0.125,-0.375,0.125,False,36275527,36275528
16,147,count,-0.25,-0.4375,-0.0625,True,36275528,36275529
16,147,ocr,-0.0625,-0.1875,0.0,False,36275529,36275530
16,147,shape,-0.25,-0.4375,-0.0625,True,36275530,36275531
16,147,spatial,0.25,0.0625,0.5,False,36275531,36275532
16,148,color,0.3125,0.125,0.5625,False,36275626,36275627
16,148,coordinate,-0.25,-0.5,-0.0625,True,36275627,36275628
16,148,count,-0.3125,-0.5625,-0.125,True,36275628,36275629
16,148,ocr,0.0,0.0,0.0,False,36275629,36275630
16,148,shape,-0.0625,-0.1875,0.0,False,36275630,36275631
16,148,spatial,0.1875,0.0,0.375,False,36275631,36275632
16,149,color,0.1875,-0.0625,0.4375,False,36275726,36275727
16,149,coordinate,0.0,-0.3125,0.3125,False,36275727,36275728
16,149,count,-0.25,-0.5,-0.0625,True,36275728,36275729
16,149,ocr,-0.0625,-0.1875,0.0,False,36275729,36275730
16,149,shape,-0.0625,-0.1875,0.0,False,36275730,36275731
16,149,spatial,0.25,0.0625,0.5,False,36275731,36275732
16,150,color,0.0625,-0.25,0.375,False,36275826,36275827
16,150,coordinate,0.1875,-0.125,0.5,False,36275827,36275828
16,150,count,-0.1875,-0.375,0.0,False,36275828,36275829
16,150,ocr,-0.0625,-0.1875,0.0,False,36275829,36275830
16,150,shape,0.125,-0.125,0.375,False,36275830,36275831
16,150,spatial,0.1875,0.0,0.375,False,36275831,36275832
16,151,color,-0.0625,-0.375,0.25,False,36275926,36275927
16,151,coordinate,0.1875,-0.0625,0.4375,False,36275927,36275928
16,151,count,-0.375,-0.625,-0.125,True,36275928,36275929
16,151,ocr,0.0,-0.1875,0.1875,False,36275929,36275930
16,151,shape,0.0625,-0.125,0.25,False,36275930,36275931
16,151,spatial,0.375,0.125,0.625,False,36275931,36275932
16,152,color,0.25,0.0,0.5,False,36276026,36276027
16,152,coordinate,0.0625,-0.1875,0.375,False,36276027,36276028
16,152,count,-0.375,-0.625,-0.125,True,36276028,36276029
16,152,ocr,0.0,0.0,0.0,False,36276029,36276030
16,152,shape,0.0,-0.1875,0.1875,False,36276030,36276031
16,152,spatial,0.125,0.0,0.3125,False,36276031,36276032
16,153,color,0.1875,0.0,0.375,False,36276126,36276127
16,153,coordinate,0.0,-0.1875,0.1875,False,36276127,36276128
16,153,count,-0.3125,-0.5625,-0.125,True,36276128,36276129
16,153,ocr,0.0,-0.1875,0.1875,False,36276129,36276130
16,153,shape,-0.0625,-0.1875,0.0,False,36276130,36276131
16,153,spatial,0.125,0.0,0.3125,False,36276131,36276132
16,154,color,0.3125,0.0,0.625,False,36276226,36276227
16,154,coordinate,0.3125,0.125,0.5625,False,36276227,36276228
16,154,count,-0.5,-0.75,-0.25,True,36276228,36276229
16,154,ocr,-0.0625,-0.25,0.125,False,36276229,36276230
16,154,shape,-0.125,-0.375,0.125,False,36276230,36276231
16,154,spatial,0.1875,0.0,0.375,False,36276231,36276232
16,155,color,0.125,-0.125,0.375,False,36276326,36276327
16,155,coordinate,0.125,-0.1875,0.375,False,36276327,36276328
16,155,count,-0.1875,-0.375,0.0,False,36276328,36276329
16,155,ocr,0.0625,0.0,0.1875,False,36276329,36276330
16,155,shape,-0.125,-0.3125,0.0,False,36276330,36276331
16,155,spatial,0.125,0.0,0.3125,False,36276331,36276332
16,156,color,0.125,0.0,0.3125,False,36276426,36276427
16,156,coordinate,0.0,-0.1875,0.1875,False,36276427,36276428
16,156,count,-0.1875,-0.375,0.0,False,36276428,36276429
16,156,ocr,-0.0625,-0.25,0.125,False,36276429,36276430
16,156,shape,0.0,-0.25,0.25,False,36276430,36276431
16,156,spatial,0.25,0.0625,0.5,False,36276431,36276432
16,157,color,0.125,-0.1875,0.5,False,36276526,36276527
16,157,coordinate,0.0625,-0.125,0.25,False,36276527,36276528
16,157,count,-0.375,-0.625,-0.125,True,36276528,36276529
16,157,ocr,0.125,0.0,0.3125,False,36276529,36276530
16,157,shape,-0.0625,-0.1875,0.0,False,36276530,36276531
16,157,spatial,0.0625,0.0,0.1875,False,36276531,36276532
16,158,color,0.1875,0.0,0.375,False,36276626,36276627
16,158,coordinate,0.25,0.0625,0.5,False,36276627,36276628
16,158,count,-0.3125,-0.5625,-0.125,True,36276628,36276629
16,158,ocr,-0.0625,-0.1875,0.0,False,36276629,36276630
16,158,shape,-0.0625,-0.1875,0.0,False,36276630,36276631
16,158,spatial,0.125,0.0,0.3125,False,36276631,36276632
16,159,color,0.1875,-0.0625,0.4375,False,36276726,36276727
16,159,coordinate,0.125,-0.1875,0.4375,False,36276727,36276728
16,159,count,-0.3125,-0.5625,-0.125,True,36276728,36276729
16,159,ocr,0.0,-0.1875,0.1875,False,36276729,36276730
16,159,shape,0.0,-0.1875,0.1875,False,36276730,36276731
16,159,spatial,0.125,0.0,0.3125,False,36276731,36276732
16,160,color,0.3125,0.125,0.5625,False,36276826,36276827
16,160,coordinate,0.125,0.0,0.3125,False,36276827,36276828
16,160,count,-0.3125,-0.5625,-0.125,True,36276828,36276829
16,160,ocr,0.0,0.0,0.0,False,36276829,36276830
16,160,shape,0.0625,0.0,0.1875,False,36276830,36276831
16,160,spatial,0.3125,0.125,0.5625,False,36276831,36276832
16,161,color,0.0,-0.3125,0.3125,False,36276926,36276927
16,161,coordinate,0.0,-0.3125,0.3125,False,36276927,36276928
16,161,count,-0.4375,-0.6875,-0.1875,True,36276928,36276929
16,161,ocr,-0.0625,-0.1875,0.0,False,36276929,36276930
16,161,shape,-0.0625,-0.3125,0.125,False,36276930,36276931
16,161,spatial,0.0625,0.0,0.1875,False,36276931,36276932
16,162,color,0.0,-0.25,0.25,False,36277026,36277027
16,162,coordinate,0.0625,-0.1875,0.3125,False,36277027,36277028
16,162,count,-0.125,-0.3125,0.0,False,36277028,36277029
16,162,ocr,0.0,-0.1875,0.1875,False,36277029,36277030
16,162,shape,-0.0625,-0.25,0.125,False,36277030,36277031
16,162,spatial,0.1875,0.0,0.375,False,36277031,36277032
16,163,color,0.25,0.0625,0.5,False,36277126,36277127
16,163,coordinate,0.0,-0.1875,0.1875,False,36277127,36277128
16,163,count,-0.1875,-0.375,0.0,False,36277128,36277129
16,163,ocr,0.0,-0.1875,0.1875,False,36277129,36277130
16,163,shape,-0.125,-0.375,0.125,False,36277130,36277131
16,163,spatial,0.1875,0.0,0.375,False,36277131,36277132
16,164,color,0.1875,-0.0625,0.4375,False,36277226,36277227
16,164,coordinate,-0.0625,-0.375,0.25,False,36277227,36277228
16,164,count,-0.25,-0.5,-0.0625,True,36277228,36277229
16,164,ocr,0.125,0.0,0.3125,False,36277229,36277230
16,164,shape,-0.125,-0.375,0.125,False,36277230,36277231
16,164,spatial,0.375,0.125,0.625,False,36277231,36277232
16,165,color,-0.0625,-0.375,0.25,False,36277326,36277327
16,165,coordinate,0.125,-0.125,0.375,False,36277327,36277328
16,165,count,-0.3125,-0.5625,-0.125,True,36277328,36277329
16,165,ocr,0.125,0.0,0.3125,False,36277329,36277330
16,165,shape,0.125,0.0,0.3125,False,36277330,36277331
16,165,spatial,0.3125,0.125,0.5625,False,36277331,36277332
16,166,color,0.125,-0.125,0.375,False,36277426,36277427
16,166,coordinate,0.125,-0.125,0.375,False,36277427,36277428
16,166,count,-0.25,-0.5,-0.0625,True,36277428,36277429
16,166,ocr,0.0625,-0.125,0.25,False,36277429,36277430
16,166,shape,-0.0625,-0.25,0.125,False,36277430,36277431
16,166,spatial,0.3125,0.125,0.5625,False,36277431,36277432
16,167,color,0.125,-0.125,0.375,False,36277526,36277527
16,167,coordinate,0.125,-0.1875,0.375,False,36277527,36277528
16,167,count,-0.1875,-0.375,0.0,False,36277528,36277529
16,167,ocr,0.0,0.0,0.0,False,36277529,36277530
16,167,shape,0.0625,0.0,0.1875,False,36277530,36277531
16,167,spatial,0.25,0.0625,0.5,False,36277531,36277532
16,168,color,0.1875,0.0,0.375,False,36277626,36277627
16,168,coordinate,0.1875,-0.125,0.5,False,36277627,36277628
16,168,count,-0.375,-0.625,-0.125,True,36277628,36277629
16,168,ocr,-0.0625,-0.1875,0.0,False,36277629,36277630
16,168,shape,-0.125,-0.375,0.125,False,36277630,36277631
16,168,spatial,0.3125,0.125,0.5625,False,36277631,36277632
16,169,color,0.375,0.125,0.625,False,36277726,36277727
16,169,coordinate,-0.0625,-0.25,0.125,False,36277727,36277728
16,169,count,-0.4375,-0.6875,-0.1875,True,36277728,36277729
16,169,ocr,0.0625,0.0,0.1875,False,36277729,36277730
16,169,shape,0.0,-0.1875,0.1875,False,36277730,36277731
16,169,spatial,0.1875,0.0,0.375,False,36277731,36277732
16,170,color,0.125,-0.1875,0.4375,False,36277826,36277827
16,170,coordinate,-0.0625,-0.3125,0.1875,False,36277827,36277828
16,170,count,-0.25,-0.5,-0.0625,True,36277828,36277829
16,170,ocr,0.0625,0.0,0.1875,False,36277829,36277830
16,170,shape,-0.125,-0.3125,0.0,False,36277830,36277831
16,170,spatial,0.1875,0.0,0.375,False,36277831,36277832
16,171,color,0.1875,0.0,0.375,False,36277926,36277927
16,171,coordinate,-0.0625,-0.25,0.125,False,36277927,36277928
16,171,count,-0.25,-0.5,-0.0625,True,36277928,36277929
16,171,ocr,0.0625,0.0,0.1875,False,36277929,36277930
16,171,shape,0.0,0.0,0.0,False,36277930,36277931
16,171,spatial,0.125,0.0,0.3125,False,36277931,36277932
16,172,color,0.1875,-0.125,0.5,False,36278026,36278027
16,172,coordinate,-0.125,-0.375,0.125,False,36278027,36278028
16,172,count,-0.1875,-0.375,0.0,False,36278028,36278029
16,172,ocr,0.1875,0.0,0.375,False,36278029,36278030
16,172,shape,0.0,-0.1875,0.1875,False,36278030,36278031
16,172,spatial,0.3125,0.125,0.5625,False,36278031,36278032
16,173,color,0.1875,-0.125,0.5,False,36278126,36278127
16,173,coordinate,0.125,-0.0625,0.375,False,36278127,36278128
16,173,count,-0.3125,-0.5625,-0.125,True,36278128,36278129
16,173,ocr,0.0625,0.0,0.1875,False,36278129,36278130
16,173,shape,0.0,-0.1875,0.1875,False,36278130,36278131
16,173,spatial,0.0625,0.0,0.1875,False,36278131,36278132
16,174,color,0.0625,-0.25,0.3125,False,36278226,36278227
16,174,coordinate,0.0,-0.25,0.25,False,36278227,36278228
16,174,count,-0.3125,-0.5625,-0.125,True,36278228,36278229
16,174,ocr,0.0,0.0,0.0,False,36278229,36278230
16,174,shape,-0.125,-0.375,0.125,False,36278230,36278231
16,174,spatial,0.3125,0.125,0.5625,False,36278231,36278232
16,175,color,0.125,0.0,0.3125,False,36278326,36278327
16,175,coordinate,0.1875,-0.1875,0.5,False,36278327,36278328
16,175,count,-0.4375,-0.6875,-0.1875,True,36278328,36278329
16,175,ocr,0.0,-0.1875,0.1875,False,36278329,36278330
16,175,shape,-0.0625,-0.3125,0.1875,False,36278330,36278331
16,175,spatial,0.1875,0.0,0.375,False,36278331,36278332
16,176,color,0.1875,-0.125,0.5,False,36278426,36278427
16,176,coordinate,0.1875,-0.0625,0.4375,False,36278427,36278428
16,176,count,-0.3125,-0.5625,-0.125,True,36278428,36278429
16,176,ocr,0.125,0.0,0.3125,False,36278429,36278430
16,176,shape,-0.1875,-0.375,0.0,False,36278430,36278431
16,176,spatial,0.25,0.0625,0.5,False,36278431,36278432
16,177,color,0.375,0.125,0.625,False,36278526,36278527
16,177,coordinate,0.0625,-0.25,0.375,False,36278527,36278528
16,177,count,-0.1875,-0.375,0.0,False,36278528,36278529
16,177,ocr,-0.0625,-0.1875,0.0,False,36278529,36278530
16,177,shape,-0.0625,-0.1875,0.0,False,36278530,36278531
16,177,spatial,0.1875,0.0,0.375,False,36278531,36278532
16,178,color,0.125,-0.1875,0.4375,False,36278626,36278627
16,178,coordinate,0.125,-0.25,0.4375,False,36278627,36278628
16,178,count,-0.1875,-0.375,0.0,False,36278628,36278629
16,178,ocr,0.0,-0.1875,0.1875,False,36278629,36278630
16,178,shape,-0.125,-0.375,0.0625,False,36278630,36278631
16,178,spatial,0.1875,0.0,0.375,False,36278631,36278632
16,179,color,0.125,-0.125,0.375,False,36278726,36278727
16,179,coordinate,0.0,-0.3125,0.3125,False,36278727,36278728
16,179,count,-0.5625,-0.8125,-0.3125,True,36278728,36278729
16,179,ocr,0.0,0.0,0.0,False,36278729,36278730
16,179,shape,0.0,-0.1875,0.1875,False,36278730,36278731
16,179,spatial,0.1875,0.0,0.375,False,36278731,36278732
16,180,color,0.0,-0.25,0.25,False,36278826,36278827
16,180,coordinate,0.0,-0.25,0.25,False,36278827,36278828
16,180,count,-0.3125,-0.5625,-0.125,True,36278828,36278829
16,180,ocr,0.0625,0.0,0.1875,False,36278829,36278830
16,180,shape,-0.0625,-0.25,0.125,False,36278830,36278831
16,180,spatial,0.25,0.0625,0.4375,False,36278831,36278832
16,181,color,0.0,-0.3125,0.3125,False,36278926,36278927
16,181,coordinate,0.0,-0.25,0.25,False,36278927,36278928
16,181,count,-0.375,-0.625,-0.125,True,36278928,36278929
16,181,ocr,0.0,0.0,0.0,False,36278929,36278930
16,181,shape,0.0,-0.1875,0.1875,False,36278930,36278931
16,181,spatial,0.125,0.0,0.3125,False,36278931,36278932
16,182,color,0.3125,0.0,0.625,False,36279026,36279027
16,182,coordinate,0.1875,0.0,0.375,False,36279027,36279028
16,182,count,-0.375,-0.625,-0.125,True,36279028,36279029
16,182,ocr,0.125,0.0,0.3125,False,36279029,36279030
16,182,shape,-0.1875,-0.375,0.0,False,36279030,36279031
16,182,spatial,0.125,0.0,0.3125,False,36279031,36279032
16,183,color,0.25,0.0,0.5625,False,36279126,36279127
16,183,coordinate,0.0,-0.25,0.25,False,36279127,36279128
16,183,count,-0.25,-0.5,-0.0625,True,36279128,36279129
16,183,ocr,0.0625,0.0,0.1875,False,36279129,36279130
16,183,shape,-0.125,-0.375,0.125,False,36279130,36279131
16,183,spatial,0.25,0.0625,0.5,False,36279131,36279132
16,184,color,0.1875,-0.125,0.5,False,36279226,36279227
16,184,coordinate,0.125,0.0,0.3125,False,36279227,36279228
16,184,count,-0.5,-0.75,-0.25,True,36279228,36279229
16,184,ocr,0.0625,0.0,0.1875,False,36279229,36279230
16,184,shape,0.0,-0.25,0.25,False,36279230,36279231
16,184,spatial,0.1875,0.0,0.375,False,36279231,36279232
16,185,color,0.0625,-0.1875,0.3125,False,36279326,36279327
16,185,coordinate,0.0625,-0.3125,0.375,False,36279327,36279328
16,185,count,-0.3125,-0.5625,-0.125,True,36279328,36279329
16,185,ocr,-0.125,-0.3125,0.0,False,36279329,36279330
16,185,shape,-0.25,-0.5,-0.0625,True,36279330,36279331
16,185,spatial,0.3125,0.0625,0.5625,False,36279331,36279332
16,186,color,0.1875,-0.125,0.5,False,36279426,36279427
16,186,coordinate,-0.375,-0.625,-0.125,True,36279427,36279428
16,186,count,-0.3125,-0.5625,-0.125,True,36279428,36279429
16,186,ocr,0.0,-0.1875,0.1875,False,36279429,36279430
16,186,shape,0.0625,-0.125,0.25,False,36279430,36279431
16,186,spatial,0.3125,0.125,0.5625,False,36279431,36279432
16,187,color,0.0625,-0.1875,0.3125,False,36279526,36279527
16,187,coordinate,0.0625,-0.125,0.25,False,36279527,36279528
16,187,count,-0.125,-0.3125,0.0,False,36279528,36279529
16,187,ocr,0.125,0.0,0.3125,False,36279529,36279530
16,187,shape,0.0,-0.1875,0.1875,False,36279530,36279531
16,187,spatial,0.375,0.125,0.625,False,36279531,36279532
16,188,color,0.0625,-0.1875,0.3125,False,36279626,36279627
16,188,coordinate,0.25,0.0625,0.5,False,36279627,36279628
16,188,count,-0.3125,-0.5625,-0.0625,True,36279628,36279629
16,188,ocr,0.0625,0.0,0.1875,False,36279629,36279630
16,188,shape,0.0625,-0.1875,0.3125,False,36279630,36279631
16,188,spatial,0.25,0.0625,0.5,False,36279631,36279632
16,189,color,0.1875,-0.0625,0.4375,False,36279726,36279727
16,189,coordinate,-0.0625,-0.25,0.125,False,36279727,36279728
16,189,count,-0.25,-0.5,-0.0625,True,36279728,36279729
16,189,ocr,-0.0625,-0.1875,0.0,False,36279729,36279730
16,189,shape,-0.0625,-0.1875,0.0,False,36279730,36279731
16,189,spatial,0.3125,0.125,0.5625,False,36279731,36279732
16,190,color,0.1875,-0.0625,0.4375,False,36279826,36279827
16,190,coordinate,0.25,0.0625,0.5,False,36279827,36279828
16,190,count,-0.375,-0.625,-0.125,True,36279828,36279829
16,190,ocr,-0.0625,-0.1875,0.0,False,36279829,36279830
16,190,shape,0.0,-0.1875,0.1875,False,36279830,36279831
16,190,spatial,0.3125,0.125,0.5625,False,36279831,36279832
16,191,color,0.1875,0.0,0.375,False,36279926,36279927
16,191,coordinate,0.1875,-0.0625,0.4375,False,36279927,36279928
16,191,count,-0.375,-0.625,-0.1875,True,36279928,36279929
16,191,ocr,0.0,-0.1875,0.1875,False,36279929,36279930
16,191,shape,-0.125,-0.375,0.0625,False,36279930,36279931
16,191,spatial,0.4375,0.1875,0.6875,False,36279931,36279932
16,192,color,0.125,-0.1875,0.4375,False,36280026,36280027
16,192,coordinate,0.0625,-0.25,0.375,False,36280027,36280028
16,192,count,-0.125,-0.3125,0.0,False,36280028,36280029
16,192,ocr,0.125,-0.125,0.375,False,36280029,36280030
16,192,shape,-0.125,-0.3125,0.0,False,36280030,36280031
16,192,spatial,0.25,0.0625,0.4375,False,36280031,36280032
16,193,color,0.125,0.0,0.3125,False,36280126,36280127
16,193,coordinate,0.125,-0.125,0.375,False,36280127,36280128
16,193,count,-0.1875,-0.375,0.0,False,36280128,36280129
16,193,ocr,-0.125,-0.3125,0.0,False,36280129,36280130
16,193,shape,-0.0625,-0.25,0.125,False,36280130,36280131
16,193,spatial,0.375,0.125,0.625,False,36280131,36280132
16,194,color,0.4375,0.1875,0.6875,False,36280226,36280227
16,194,coordinate,0.0,-0.3125,0.3125,False,36280227,36280228
16,194,count,-0.4375,-0.6875,-0.1875,True,36280228,36280229
16,194,ocr,-0.0625,-0.25,0.125,False,36280229,36280230
16,194,shape,0.0,-0.25,0.25,False,36280230,36280231
16,194,spatial,0.25,0.0625,0.4375,False,36280231,36280232
16,195,color,0.25,0.0625,0.4375,False,36280326,36280327
16,195,coordinate,0.0625,-0.3125,0.4375,False,36280327,36280328
16,195,count,-0.5,-0.75,-0.25,True,36280328,36280329
16,195,ocr,0.0,0.0,0.0,False,36280329,36280330
16,195,shape,-0.125,-0.3125,0.0,False,36280330,36280331
16,195,spatial,0.25,0.0625,0.5,False,36280331,36280332
16,196,color,0.125,0.0,0.3125,False,36280426,36280427
16,196,coordinate,0.0,-0.1875,0.1875,False,36280427,36280428
16,196,count,-0.5,-0.75,-0.25,True,36280428,36280429
16,196,ocr,0.0625,0.0,0.1875,False,36280429,36280430
16,196,shape,-0.0625,-0.25,0.125,False,36280430,36280431
16,196,spatial,0.25,0.0625,0.5,False,36280431,36280432
16,197,color,0.125,0.0,0.3125,False,36280526,36280527
16,197,coordinate,0.0625,-0.25,0.375,False,36280527,36280528
16,197,count,-0.3125,-0.5625,-0.125,True,36280528,36280529
16,197,ocr,0.0625,0.0,0.1875,False,36280529,36280530
16,197,shape,0.125,-0.125,0.375,False,36280530,36280531
16,197,spatial,0.3125,0.125,0.5625,False,36280531,36280532
16,198,color,0.0625,-0.125,0.25,False,36280626,36280627
16,198,coordinate,0.0625,-0.1875,0.3125,False,36280627,36280628
16,198,count,-0.125,-0.3125,0.0,False,36280628,36280629
16,198,ocr,0.0625,0.0,0.1875,False,36280629,36280630
16,198,shape,-0.125,-0.375,0.125,False,36280630,36280631
16,198,spatial,0.125,0.0,0.3125,False,36280631,36280632
16,199,color,0.125,-0.1875,0.4375,False,36280726,36280727
16,199,coordinate,0.1875,-0.0625,0.4375,False,36280727,36280728
16,199,count,-0.1875,-0.4375,0.0,False,36280728,36280729
16,199,ocr,0.0625,0.0,0.1875,False,36280729,36280730
16,199,shape,-0.125,-0.3125,0.0,False,36280730,36280731
16,199,spatial,0.125,0.0,0.3125,False,36280731,36280732
25,0,color,0.24,0.04,0.44,False,45260826,45260827
25,0,coordinate,0.04,-0.2,0.28,False,45260827,45260828
25,0,count,-0.36,-0.56,-0.16,True,45260828,45260829
25,0,ocr,0.08,0.0,0.2,False,45260829,45260830
25,0,shape,-0.12,-0.28,0.04,False,45260830,45260831
25,0,spatial,0.48,0.28,0.68,False,45260831,45260832
25,1,color,0.24,0.0,0.48,False,45260926,45260927
25,1,coordinate,0.08,-0.16,0.28,False,45260927,45260928
25,1,count,-0.24,-0.4,-0.08,True,45260928,45260929
25,1,ocr,-0.04,-0.2,0.08,False,45260929,45260930
25,1,shape,-0.08,-0.24,0.08,False,45260930,45260931
25,1,spatial,0.28,0.12,0.48,False,45260931,45260932
25,2,color,0.08,-0.08,0.24,False,45261026,45261027
25,2,coordinate,0.08,-0.16,0.32,False,45261027,45261028
25,2,count,-0.32,-0.52,-0.16,True,45261028,45261029
25,2,ocr,0.08,0.0,0.2,False,45261029,45261030
25,2,shape,-0.24,-0.44,-0.04,True,45261030,45261031
25,2,spatial,0.24,0.08,0.4,False,45261031,45261032
25,3,color,0.2,-0.04,0.44,False,45261126,45261127
25,3,coordinate,0.08,-0.16,0.32,False,45261127,45261128
25,3,count,-0.32,-0.52,-0.16,True,45261128,45261129
25,3,ocr,0.04,-0.08,0.2,False,45261129,45261130
25,3,shape,0.0,-0.12,0.12,False,45261130,45261131
25,3,spatial,0.24,0.08,0.44,False,45261131,45261132
25,4,color,0.36,0.08,0.6,False,45261226,45261227
25,4,coordinate,0.12,-0.12,0.36,False,45261227,45261228
25,4,count,-0.32,-0.52,-0.16,True,45261228,45261229
25,4,ocr,-0.04,-0.12,0.0,False,45261229,45261230
25,4,shape,0.04,0.0,0.12,False,45261230,45261231
25,4,spatial,0.4,0.2,0.6,False,45261231,45261232
25,5,color,0.24,0.0,0.48,False,45261326,45261327
25,5,coordinate,0.12,-0.12,0.36,False,45261327,45261328
25,5,count,-0.24,-0.4,-0.08,True,45261328,45261329
25,5,ocr,0.08,0.0,0.2,False,45261329,45261330
25,5,shape,0.04,-0.08,0.16,False,45261330,45261331
25,5,spatial,0.24,0.08,0.4,False,45261331,45261332
25,6,color,0.36,0.12,0.56,False,45261426,45261427
25,6,coordinate,0.16,-0.04,0.36,False,45261427,45261428
25,6,count,-0.28,-0.48,-0.12,True,45261428,45261429
25,6,ocr,0.0,0.0,0.0,False,45261429,45261430
25,6,shape,0.04,-0.08,0.16,False,45261430,45261431
25,6,spatial,0.24,0.08,0.44,False,45261431,45261432
25,7,color,0.16,-0.12,0.4,False,45261526,45261527
25,7,coordinate,0.04,-0.16,0.24,False,45261527,45261528
25,7,count,-0.4,-0.6,-0.2,True,45261528,45261529
25,7,ocr,0.0,0.0,0.0,False,45261529,45261530
25,7,shape,0.04,-0.12,0.24,False,45261530,45261531
25,7,spatial,0.28,0.12,0.48,False,45261531,45261532
25,8,color,0.2,0.04,0.36,False,45261626,45261627
25,8,coordinate,0.08,-0.08,0.24,False,45261627,45261628
25,8,count,-0.32,-0.52,-0.12,True,45261628,45261629
25,8,ocr,-0.04,-0.16,0.08,False,45261629,45261630
25,8,shape,-0.04,-0.2,0.12,False,45261630,45261631
25,8,spatial,0.2,0.04,0.36,False,45261631,45261632
25,9,color,0.28,0.08,0.48,False,45261726,45261727
25,9,coordinate,-0.04,-0.28,0.2,False,45261727,45261728
25,9,count,-0.24,-0.4,-0.08,True,45261728,45261729
25,9,ocr,0.04,-0.12,0.24,False,45261729,45261730
25,9,shape,-0.08,-0.28,0.12,False,45261730,45261731
25,9,spatial,0.24,0.08,0.4,False,45261731,45261732
25,10,color,0.08,-0.12,0.28,False,45261826,45261827
25,10,coordinate,0.12,-0.08,0.32,False,45261827,45261828
25,10,count,-0.28,-0.48,-0.12,True,45261828,45261829
25,10,ocr,0.04,0.0,0.12,False,45261829,45261830
25,10,shape,0.0,-0.16,0.16,False,45261830,45261831
25,10,spatial,0.24,0.08,0.44,False,45261831,45261832
25,11,color,0.04,-0.16,0.24,False,45261926,45261927
25,11,coordinate,0.0,-0.24,0.2,False,45261927,45261928
25,11,count,-0.28,-0.48,-0.12,True,45261928,45261929
25,11,ocr,-0.04,-0.12,0.0,False,45261929,45261930
25,11,shape,-0.08,-0.24,0.08,False,45261930,45261931
25,11,spatial,0.2,0.04,0.36,False,45261931,45261932
25,12,color,0.0,-0.2,0.2,False,45262026,45262027
25,12,coordinate,0.08,-0.12,0.28,False,45262027,45262028
25,12,count,-0.2,-0.36,-0.08,True,45262028,45262029
25,12,ocr,0.12,0.0,0.24,False,45262029,45262030
25,12,shape,0.04,-0.12,0.2,False,45262030,45262031
25,12,spatial,0.36,0.16,0.56,False,45262031,45262032
25,13,color,0.24,0.0,0.48,False,45262126,45262127
25,13,coordinate,0.04,-0.12,0.2,False,45262127,45262128
25,13,count,-0.24,-0.4,-0.08,True,45262128,45262129
25,13,ocr,-0.04,-0.16,0.08,False,45262129,45262130
25,13,shape,-0.08,-0.24,0.08,False,45262130,45262131
25,13,spatial,0.28,0.12,0.44,False,45262131,45262132
25,14,color,0.2,0.0,0.44,False,45262226,45262227
25,14,coordinate,0.04,-0.12,0.24,False,45262227,45262228
25,14,count,-0.24,-0.4,-0.08,True,45262228,45262229
25,14,ocr,-0.04,-0.16,0.08,False,45262229,45262230
25,14,shape,-0.08,-0.24,0.08,False,45262230,45262231
25,14,spatial,0.28,0.12,0.44,False,45262231,45262232
25,15,color,-0.04,-0.28,0.2,False,45262326,45262327
25,15,coordinate,0.08,-0.16,0.32,False,45262327,45262328
25,15,count,-0.32,-0.52,-0.16,True,45262328,45262329
25,15,ocr,0.04,-0.12,0.2,False,45262329,45262330
25,15,shape,0.04,-0.12,0.24,False,45262330,45262331
25,15,spatial,0.28,0.12,0.48,False,45262331,45262332
25,16,color,0.04,-0.16,0.24,False,45262426,45262427
25,16,coordinate,0.04,-0.16,0.24,False,45262427,45262428
25,16,count,-0.32,-0.48,-0.16,True,45262428,45262429
25,16,ocr,0.0,-0.16,0.16,False,45262429,45262430
25,16,shape,-0.04,-0.16,0.08,False,45262430,45262431
25,16,spatial,0.32,0.16,0.52,False,45262431,45262432
25,17,color,0.24,0.0,0.48,False,45262526,45262527
25,17,coordinate,-0.08,-0.24,0.08,False,45262527,45262528
25,17,count,-0.4,-0.6,-0.2,True,45262528,45262529
25,17,ocr,0.04,0.0,0.12,False,45262529,45262530
25,17,shape,0.0,-0.12,0.12,False,45262530,45262531
25,17,spatial,0.32,0.12,0.52,False,45262531,45262532
25,18,color,0.2,0.04,0.4,False,45262626,45262627
25,18,coordinate,0.04,-0.2,0.28,False,45262627,45262628
25,18,count,-0.32,-0.52,-0.16,True,45262628,45262629
25,18,ocr,0.0,-0.12,0.12,False,45262629,45262630
25,18,shape,0.0,-0.16,0.16,False,45262630,45262631
25,18,spatial,0.12,0.0,0.28,False,45262631,45262632
25,19,color,0.16,-0.04,0.36,False,45262726,45262727
25,19,coordinate,-0.04,-0.24,0.16,False,45262727,45262728
25,19,count,-0.28,-0.48,-0.12,True,45262728,45262729
25,19,ocr,-0.08,-0.2,0.0,False,45262729,45262730
25,19,shape,0.04,0.0,0.12,False,45262730,45262731
25,19,spatial,0.24,0.08,0.44,False,45262731,45262732
25,20,color,0.28,0.08,0.48,False,45262826,45262827
25,20,coordinate,0.04,-0.12,0.2,False,45262827,45262828
25,20,count,-0.32,-0.52,-0.16,True,45262828,45262829
25,20,ocr,0.08,0.0,0.2,False,45262829,45262830
25,20,shape,-0.08,-0.24,0.12,False,45262830,45262831
25,20,spatial,0.16,0.04,0.32,False,45262831,45262832
25,21,color,0.2,-0.04,0.44,False,45262926,45262927
25,21,coordinate,-0.08,-0.28,0.08,False,45262927,45262928
25,21,count,-0.4,-0.6,-0.2,True,45262928,45262929
25,21,ocr,0.04,-0.08,0.16,False,45262929,45262930
25,21,shape,-0.08,-0.28,0.12,False,45262930,45262931
25,21,spatial,0.28,0.12,0.48,False,45262931,45262932
25,22,color,0.2,0.0,0.4,False,45263026,45263027
25,22,coordinate,-0.08,-0.28,0.12,False,45263027,45263028
25,22,count,-0.36,-0.56,-0.2,True,45263028,45263029
25,22,ocr,-0.04,-0.12,0.0,False,45263029,45263030
25,22,shape,0.0,-0.16,0.16,False,45263030,45263031
25,22,spatial,0.4,0.2,0.6,False,45263031,45263032
25,23,color,0.4,0.16,0.6,False,45263126,45263127
25,23,coordinate,0.08,-0.2,0.36,False,45263127,45263128
25,23,count,-0.36,-0.56,-0.16,True,45263128,45263129
25,23,ocr,0.08,0.0,0.2,False,45263129,45263130
25,23,shape,0.0,-0.16,0.16,False,45263130,45263131
25,23,spatial,0.12,0.0,0.24,False,45263131,45263132
25,24,color,0.12,-0.16,0.36,False,45263226,45263227
25,24,coordinate,0.08,-0.12,0.28,False,45263227,45263228
25,24,count,-0.2,-0.36,-0.08,True,45263228,45263229
25,24,ocr,-0.04,-0.12,0.0,False,45263229,45263230
25,24,shape,0.08,-0.08,0.24,False,45263230,45263231
25,24,spatial,0.24,0.08,0.4,False,45263231,45263232
25,25,color,0.12,-0.08,0.32,False,45263326,45263327
25,25,coordinate,0.04,-0.08,0.16,False,45263327,45263328
25,25,count,-0.44,-0.64,-0.24,True,45263328,45263329
25,25,ocr,-0.04,-0.12,0.0,False,45263329,45263330
25,25,shape,0.08,-0.08,0.24,False,45263330,45263331
25,25,spatial,0.2,0.04,0.36,False,45263331,45263332
25,26,color,0.12,-0.08,0.32,False,45263426,45263427
25,26,coordinate,0.16,-0.08,0.4,False,45263427,45263428
25,26,count,-0.28,-0.48,-0.12,True,45263428,45263429
25,26,ocr,-0.04,-0.12,0.0,False,45263429,45263430
25,26,shape,-0.12,-0.24,0.0,False,45263430,45263431
25,26,spatial,0.2,0.08,0.36,False,45263431,45263432
25,27,color,0.32,0.08,0.56,False,45263526,45263527
25,27,coordinate,0.0,-0.16,0.16,False,45263527,45263528
25,27,count,-0.36,-0.56,-0.2,True,45263528,45263529
25,27,ocr,0.12,0.0,0.24,False,45263529,45263530
25,27,shape,-0.08,-0.24,0.08,False,45263530,45263531
25,27,spatial,0.2,0.08,0.36,False,45263531,45263532
25,28,color,0.24,0.0,0.48,False,45263626,45263627
25,28,coordinate,0.08,-0.16,0.32,False,45263627,45263628
25,28,count,-0.24,-0.4,-0.08,True,45263628,45263629
25,28,ocr,0.0,0.0,0.0,False,45263629,45263630
25,28,shape,0.04,-0.08,0.2,False,45263630,45263631
25,28,spatial,0.08,0.0,0.2,False,45263631,45263632
25,29,color,0.12,-0.12,0.4,False,45263726,45263727
25,29,coordinate,0.16,-0.08,0.4,False,45263727,45263728
25,29,count,-0.48,-0.68,-0.28,True,45263728,45263729
25,29,ocr,0.08,0.0,0.2,False,45263729,45263730
25,29,shape,-0.12,-0.24,0.0,False,45263730,45263731
25,29,spatial,0.36,0.2,0.56,False,45263731,45263732
25,30,color,0.08,-0.12,0.32,False,45263826,45263827
25,30,coordinate,0.16,-0.08,0.4,False,45263827,45263828
25,30,count,-0.48,-0.68,-0.28,True,45263828,45263829
25,30,ocr,0.0,-0.16,0.16,False,45263829,45263830
25,30,shape,-0.12,-0.24,0.0,False,45263830,45263831
25,30,spatial,0.24,0.08,0.4,False,45263831,45263832
25,31,color,0.32,0.12,0.52,False,45263926,45263927
25,31,coordinate,0.16,-0.04,0.36,False,45263927,45263928
25,31,count,-0.24,-0.4,-0.08,True,45263928,45263929
25,31,ocr,0.08,0.0,0.2,False,45263929,45263930
25,31,shape,-0.04,-0.12,0.0,False,45263930,45263931
25,31,spatial,0.28,0.12,0.48,False,45263931,45263932
25,32,color,0.28,0.04,0.52,False,45264026,45264027
25,32,coordinate,0.04,-0.16,0.2,False,45264027,45264028
25,32,count,-0.32,-0.52,-0.16,True,45264028,45264029
25,32,ocr,-0.04,-0.2,0.08,False,45264029,45264030
25,32,shape,-0.08,-0.2,0.0,False,45264030,45264031
25,32,spatial,0.28,0.12,0.44,False,45264031,45264032
25,33,color,0.16,-0.04,0.36,False,45264126,45264127
25,33,coordinate,0.16,0.0,0.36,False,45264127,45264128
25,33,count,-0.44,-0.64,-0.24,True,45264128,45264129
25,33,ocr,0.0,-0.12,0.12,False,45264129,45264130
25,33,shape,-0.12,-0.32,0.08,False,45264130,45264131
25,33,spatial,0.2,0.04,0.36,False,45264131,45264132
25,34,color,0.2,-0.04,0.4,False,45264226,45264227
25,34,coordinate,0.16,0.0,0.36,False,45264227,45264228
25,34,count,-0.4,-0.6,-0.2,True,45264228,45264229
25,34,ocr,0.0,-0.12,0.12,False,45264229,45264230
25,34,shape,-0.16,-0.36,0.04,False,45264230,45264231
25,34,spatial,0.24,0.08,0.4,False,45264231,45264232
25,35,color,0.2,0.0,0.4,False,45264326,45264327
25,35,coordinate,0.04,-0.24,0.28,False,45264327,45264328
25,35,count,-0.36,-0.56,-0.2,True,45264328,45264329
25,35,ocr,0.04,-0.08,0.16,False,45264329,45264330
25,35,shape,0.04,-0.12,0.2,False,45264330,45264331
25,35,spatial,0.2,0.04,0.36,False,45264331,45264332
25,36,color,0.12,-0.12,0.36,False,45264426,45264427
25,36,coordinate,0.16,-0.04,0.36,False,45264427,45264428
25,36,count,-0.28,-0.44,-0.12,True,45264428,45264429
25,36,ocr,0.12,-0.04,0.28,False,45264429,45264430
25,36,shape,-0.08,-0.28,0.12,False,45264430,45264431
25,36,spatial,0.08,0.0,0.2,False,45264431,45264432
25,37,color,0.0,-0.16,0.16,False,45264526,45264527
25,37,coordinate,0.16,-0.04,0.36,False,45264527,45264528
25,37,count,-0.4,-0.6,-0.24,True,45264528,45264529
25,37,ocr,0.08,0.0,0.2,False,45264529,45264530
25,37,shape,0.08,-0.12,0.28,False,45264530,45264531
25,37,spatial,0.2,0.08,0.36,False,45264531,45264532
25,38,color,0.36,0.12,0.6,False,45264626,45264627
25,38,coordinate,0.16,-0.04,0.36,False,45264627,45264628
25,38,count,-0.28,-0.48,-0.12,True,45264628,45264629
25,38,ocr,-0.04,-0.2,0.08,False,45264629,45264630
25,38,shape,-0.08,-0.2,0.0,False,45264630,45264631
25,38,spatial,0.24,0.08,0.4,False,45264631,45264632
25,39,color,0.0,-0.24,0.24,False,45264726,45264727
25,39,coordinate,0.32,0.16,0.52,False,45264727,45264728
25,39,count,-0.36,-0.56,-0.2,True,45264728,45264729
25,39,ocr,0.16,0.04,0.32,False,45264729,45264730
25,39,shape,-0.08,-0.24,0.08,False,45264730,45264731
25,39,spatial,0.16,0.04,0.32,False,45264731,45264732
25,40,color,0.12,-0.12,0.36,False,45264826,45264827
25,40,coordinate,0.12,-0.04,0.32,False,45264827,45264828
25,40,count,-0.16,-0.32,-0.04,True,45264828,45264829
25,40,ocr,0.08,0.0,0.2,False,45264829,45264830
25,40,shape,-0.04,-0.16,0.08,False,45264830,45264831
25,40,spatial,0.48,0.32,0.68,False,45264831,45264832
25,41,color,0.24,0.04,0.48,False,45264926,45264927
25,41,coordinate,0.24,0.0,0.48,False,45264927,45264928
25,41,count,-0.28,-0.48,-0.12,True,45264928,45264929
25,41,ocr,0.04,0.0,0.12,False,45264929,45264930
25,41,shape,0.0,-0.16,0.16,False,45264930,45264931
25,41,spatial,0.36,0.16,0.56,False,45264931,45264932
25,42,color,0.12,-0.12,0.36,False,45265026,45265027
25,42,coordinate,-0.04,-0.28,0.2,False,45265027,45265028
25,42,count,-0.36,-0.56,-0.16,True,45265028,45265029
25,42,ocr,0.12,-0.04,0.28,False,45265029,45265030
25,42,shape,-0.12,-0.24,0.0,False,45265030,45265031
25,42,spatial,0.32,0.16,0.52,False,45265031,45265032
25,43,color,-0.04,-0.28,0.2,False,45265126,45265127
25,43,coordinate,0.16,-0.08,0.4,False,45265127,45265128
25,43,count,-0.2,-0.36,-0.04,True,45265128,45265129
25,43,ocr,0.04,-0.12,0.2,False,45265129,45265130
25,43,shape,0.0,-0.12,0.12,False,45265130,45265131
25,43,spatial,0.2,0.08,0.36,False,45265131,45265132
25,44,color,0.16,0.0,0.36,False,45265226,45265227
25,44,coordinate,0.24,0.04,0.44,False,45265227,45265228
25,44,count,-0.28,-0.44,-0.12,True,45265228,45265229
25,44,ocr,0.12,0.0,0.24,False,45265229,45265230
25,44,shape,-0.04,-0.2,0.08,False,45265230,45265231
25,44,spatial,0.4,0.24,0.6,False,45265231,45265232
25,45,color,0.2,0.04,0.4,False,45265326,45265327
25,45,coordinate,0.16,-0.04,0.36,False,45265327,45265328
25,45,count,-0.2,-0.36,-0.04,True,45265328,45265329
25,45,ocr,-0.04,-0.12,0.0,False,45265329,45265330
25,45,shape,-0.12,-0.32,0.08,False,45265330,45265331
25,45,spatial,0.28,0.12,0.48,False,45265331,45265332
25,46,color,0.28,0.12,0.48,False,45265426,45265427
25,46,coordinate,0.08,-0.12,0.28,False,45265427,45265428
25,46,count,-0.24,-0.4,-0.08,True,45265428,45265429
25,46,ocr,0.08,-0.08,0.24,False,45265429,45265430
25,46,shape,-0.04,-0.2,0.08,False,45265430,45265431
25,46,spatial,0.44,0.24,0.64,False,45265431,45265432
25,47,color,0.16,-0.04,0.36,False,45265526,45265527
25,47,coordinate,0.04,-0.16,0.24,False,45265527,45265528
25,47,count,-0.36,-0.56,-0.16,True,45265528,45265529
25,47,ocr,0.08,0.0,0.2,False,45265529,45265530
25,47,shape,-0.04,-0.2,0.12,False,45265530,45265531
25,47,spatial,0.2,0.04,0.36,False,45265531,45265532
25,48,color,0.04,-0.24,0.28,False,45265626,45265627
25,48,coordinate,0.0,-0.24,0.24,False,45265627,45265628
25,48,count,-0.36,-0.56,-0.16,True,45265628,45265629
25,48,ocr,-0.04,-0.12,0.0,False,45265629,45265630
25,48,shape,-0.12,-0.28,0.0,False,45265630,45265631
25,48,spatial,0.24,0.08,0.44,False,45265631,45265632
25,49,color,0.32,0.12,0.52,False,45265726,45265727
25,49,coordinate,0.0,-0.24,0.2,False,45265727,45265728
25,49,count,-0.4,-0.6,-0.2,True,45265728,45265729
25,49,ocr,0.08,-0.08,0.24,False,45265729,45265730
25,49,shape,0.04,0.0,0.12,False,45265730,45265731
25,49,spatial,0.28,0.12,0.48,False,45265731,45265732
25,50,color,0.2,0.0,0.44,False,45265826,45265827
25,50,coordinate,0.0,-0.2,0.2,False,45265827,45265828
25,50,count,-0.36,-0.56,-0.16,True,45265828,45265829
25,50,ocr,0.08,0.0,0.2,False,45265829,45265830
25,50,shape,0.04,-0.12,0.24,False,45265830,45265831
25,50,spatial,0.24,0.08,0.44,False,45265831,45265832
25,51,color,0.2,0.0,0.4,False,45265926,45265927
25,51,coordinate,0.04,-0.12,0.2,False,45265927,45265928
25,51,count,-0.24,-0.4,-0.08,True,45265928,45265929
25,51,ocr,0.08,0.0,0.2,False,45265929,45265930
25,51,shape,0.0,-0.2,0.2,False,45265930,45265931
25,51,spatial,0.16,0.04,0.32,False,45265931,45265932
25,52,color,0.4,0.16,0.6,False,45266026,45266027
25,52,coordinate,0.16,-0.04,0.36,False,45266027,45266028
25,52,count,-0.28,-0.44,-0.12,True,45266028,45266029
25,52,ocr,0.0,-0.12,0.12,False,45266029,45266030
25,52,shape,0.04,0.0,0.12,False,45266030,45266031
25,52,spatial,0.2,0.04,0.36,False,45266031,45266032
25,53,color,0.16,-0.08,0.4,False,45266126,45266127
25,53,coordinate,0.16,-0.08,0.4,False,45266127,45266128
25,53,count,-0.24,-0.4,-0.08,True,45266128,45266129
25,53,ocr,0.04,0.0,0.12,False,45266129,45266130
25,53,shape,-0.16,-0.32,-0.04,True,45266130,45266131
25,53,spatial,0.32,0.16,0.48,False,45266131,45266132
25,54,color,0.16,-0.04,0.36,False,45266226,45266227
25,54,coordinate,0.0,-0.2,0.2,False,45266227,45266228
25,54,count,-0.36,-0.56,-0.16,True,45266228,45266229
25,54,ocr,0.08,0.0,0.2,False,45266229,45266230
25,54,shape,-0.08,-0.28,0.12,False,45266230,45266231
25,54,spatial,0.04,0.0,0.12,False,45266231,45266232
25,55,color,0.36,0.2,0.56,False,45266326,45266327
25,55,coordinate,0.24,-0.04,0.48,False,45266327,45266328
25,55,count,-0.36,-0.56,-0.16,True,45266328,45266329
25,55,ocr,0.08,0.0,0.2,False,45266329,45266330
25,55,shape,0.0,-0.16,0.16,False,45266330,45266331
25,55,spatial,0.16,0.04,0.32,False,45266331,45266332
25,56,color,0.4,0.16,0.64,False,45266426,45266427
25,56,coordinate,0.04,-0.24,0.28,False,45266427,45266428
25,56,count,-0.32,-0.48,-0.16,True,45266428,45266429
25,56,ocr,0.0,0.0,0.0,False,45266429,45266430
25,56,shape,0.0,-0.2,0.2,False,45266430,45266431
25,56,spatial,0.24,0.08,0.44,False,45266431,45266432
25,57,color,0.12,-0.12,0.4,False,45266526,45266527
25,57,coordinate,0.0,-0.24,0.2,False,45266527,45266528
25,57,count,-0.28,-0.48,-0.12,True,45266528,45266529
25,57,ocr,0.04,0.0,0.12,False,45266529,45266530
25,57,shape,0.0,-0.12,0.12,False,45266530,45266531
25,57,spatial,0.28,0.12,0.48,False,45266531,45266532
25,58,color,0.0,-0.2,0.24,False,45266626,45266627
25,58,coordinate,0.12,-0.08,0.32,False,45266627,45266628
25,58,count,-0.32,-0.52,-0.16,True,45266628,45266629
25,58,ocr,0.08,0.0,0.2,False,45266629,45266630
25,58,shape,0.04,-0.08,0.2,False,45266630,45266631
25,58,spatial,0.36,0.16,0.56,False,45266631,45266632
25,59,color,0.16,-0.08,0.4,False,45266726,45266727
25,59,coordinate,0.12,-0.04,0.28,False,45266727,45266728
25,59,count,-0.28,-0.44,-0.12,True,45266728,45266729
25,59,ocr,0.0,0.0,0.0,False,45266729,45266730
25,59,shape,-0.12,-0.28,0.0,False,45266730,45266731
25,59,spatial,0.28,0.12,0.48,False,45266731,45266732
25,60,color,0.12,-0.12,0.36,False,45266826,45266827
25,60,coordinate,0.16,-0.04,0.36,False,45266827,45266828
25,60,count,-0.44,-0.64,-0.24,True,45266828,45266829
25,60,ocr,0.04,0.0,0.12,False,45266829,45266830
25,60,shape,0.12,-0.04,0.28,False,45266830,45266831
25,60,spatial,0.32,0.16,0.52,False,45266831,45266832
25,61,color,0.16,-0.04,0.36,False,45266926,45266927
25,61,coordinate,0.08,-0.08,0.28,False,45266927,45266928
25,61,count,-0.36,-0.56,-0.16,True,45266928,45266929
25,61,ocr,0.08,0.0,0.2,False,45266929,45266930
25,61,shape,-0.04,-0.24,0.12,False,45266930,45266931
25,61,spatial,0.32,0.16,0.52,False,45266931,45266932
25,62,color,0.12,-0.08,0.32,False,45267026,45267027
25,62,coordinate,0.04,-0.2,0.28,False,45267027,45267028
25,62,count,-0.52,-0.72,-0.32,True,45267028,45267029
25,62,ocr,0.04,0.0,0.12,False,45267029,45267030
25,62,shape,-0.04,-0.2,0.12,False,45267030,45267031
25,62,spatial,0.24,0.08,0.4,False,45267031,45267032
25,63,color,0.2,0.0,0.4,False,45267126,45267127
25,63,coordinate,0.04,-0.12,0.2,False,45267127,45267128
25,63,count,-0.24,-0.4,-0.08,True,45267128,45267129
25,63,ocr,0.04,0.0,0.12,False,45267129,45267130
25,63,shape,-0.04,-0.16,0.08,False,45267130,45267131
25,63,spatial,0.28,0.12,0.44,False,45267131,45267132
25,64,color,0.32,0.04,0.6,False,45267226,45267227
25,64,coordinate,-0.04,-0.24,0.16,False,45267227,45267228
25,64,count,-0.32,-0.52,-0.16,True,45267228,45267229
25,64,ocr,0.08,0.0,0.2,False,45267229,45267230
25,64,shape,-0.08,-0.24,0.08,False,45267230,45267231
25,64,spatial,0.4,0.24,0.6,False,45267231,45267232
25,65,color,0.12,-0.08,0.32,False,45267326,45267327
25,65,coordinate,-0.12,-0.32,0.08,False,45267327,45267328
25,65,count,-0.44,-0.64,-0.24,True,45267328,45267329
25,65,ocr,0.08,0.0,0.2,False,45267329,45267330
25,65,shape,-0.04,-0.2,0.12,False,45267330,45267331
25,65,spatial,0.16,0.04,0.32,False,45267331,45267332
25,66,color,0.24,0.0,0.48,False,45267426,45267427
25,66,coordinate,0.12,-0.04,0.28,False,45267427,45267428
25,66,count,-0.36,-0.56,-0.2,True,45267428,45267429
25,66,ocr,0.0,-0.12,0.12,False,45267429,45267430
25,66,shape,-0.12,-0.28,0.04,False,45267430,45267431
25,66,spatial,0.36,0.16,0.56,False,45267431,45267432
25,67,color,0.16,0.0,0.36,False,45267526,45267527
25,67,coordinate,0.0,-0.2,0.2,False,45267527,45267528
25,67,count,-0.4,-0.6,-0.24,True,45267528,45267529
25,67,ocr,0.0,0.0,0.0,False,45267529,45267530
25,67,shape,0.04,-0.08,0.16,False,45267530,45267531
25,67,spatial,0.4,0.2,0.6,False,45267531,45267532
25,68,color,0.08,-0.08,0.24,False,45267626,45267627
25,68,coordinate,0.04,-0.08,0.2,False,45267627,45267628
25,68,count,-0.36,-0.52,-0.2,True,45267628,45267629
25,68,ocr,0.0,-0.12,0.12,False,45267629,45267630
25,68,shape,-0.12,-0.28,0.04,False,45267630,45267631
25,68,spatial,0.2,0.04,0.36,False,45267631,45267632
25,69,color,0.44,0.2,0.68,False,45267726,45267727
25,69,coordinate,-0.04,-0.2,0.16,False,45267727,45267728
25,69,count,-0.36,-0.56,-0.16,True,45267728,45267729
25,69,ocr,0.04,0.0,0.12,False,45267729,45267730
25,69,shape,0.04,-0.08,0.16,False,45267730,45267731
25,69,spatial,0.32,0.16,0.52,False,45267731,45267732
25,70,color,0.12,-0.12,0.36,False,45267826,45267827
25,70,coordinate,0.28,0.08,0.48,False,45267827,45267828
25,70,count,-0.28,-0.48,-0.12,True,45267828,45267829
25,70,ocr,0.04,0.0,0.12,False,45267829,45267830
25,70,shape,-0.04,-0.12,0.0,False,45267830,45267831
25,70,spatial,0.2,0.08,0.36,False,45267831,45267832
25,71,color,0.32,0.08,0.56,False,45267926,45267927
25,71,coordinate,0.28,0.04,0.52,False,45267927,45267928
25,71,count,-0.08,-0.2,0.0,False,45267928,45267929
25,71,ocr,0.04,-0.12,0.24,False,45267929,45267930
25,71,shape,-0.12,-0.24,0.0,False,45267930,45267931
25,71,spatial,0.28,0.12,0.48,False,45267931,45267932
25,72,color,0.2,0.04,0.4,False,45268026,45268027
25,72,coordinate,0.04,-0.16,0.24,False,45268027,45268028
25,72,count,-0.24,-0.4,-0.08,True,45268028,45268029
25,72,ocr,0.08,0.0,0.2,False,45268029,45268030
25,72,shape,-0.08,-0.24,0.08,False,45268030,45268031
25,72,spatial,0.36,0.16,0.56,False,45268031,45268032
25,73,color,0.2,-0.04,0.44,False,45268126,45268127
25,73,coordinate,0.12,-0.12,0.32,False,45268127,45268128
25,73,count,-0.28,-0.48,-0.12,True,45268128,45268129
25,73,ocr,-0.04,-0.12,0.0,False,45268129,45268130
25,73,shape,-0.04,-0.12,0.0,False,45268130,45268131
25,73,spatial,0.4,0.24,0.6,False,45268131,45268132
25,74,color,0.28,0.08,0.48,False,45268226,45268227
25,74,coordinate,0.0,-0.2,0.2,False,45268227,45268228
25,74,count,-0.36,-0.56,-0.16,True,45268228,45268229
25,74,ocr,0.0,-0.12,0.12,False,45268229,45268230
25,74,shape,0.12,0.0,0.28,False,45268230,45268231
25,74,spatial,0.28,0.12,0.48,False,45268231,45268232
25,75,color,0.24,0.08,0.4,False,45268326,45268327
25,75,coordinate,0.12,-0.04,0.28,False,45268327,45268328
25,75,count,-0.36,-0.52,-0.16,True,45268328,45268329
25,75,ocr,0.0,0.0,0.0,False,45268329,45268330
25,75,shape,-0.08,-0.24,0.08,False,45268330,45268331
25,75,spatial,0.24,0.08,0.44,False,45268331,45268332
25,76,color,0.32,0.08,0.52,False,45268426,45268427
25,76,coordinate,0.04,-0.16,0.24,False,45268427,45268428
25,76,count,-0.28,-0.44,-0.12,True,45268428,45268429
25,76,ocr,0.0,0.0,0.0,False,45268429,45268430
25,76,shape,-0.04,-0.24,0.12,False,45268430,45268431
25,76,spatial,0.28,0.12,0.44,False,45268431,45268432
25,77,color,0.36,0.16,0.56,False,45268526,45268527
25,77,coordinate,0.08,-0.12,0.28,False,45268527,45268528
25,77,count,-0.36,-0.56,-0.16,True,45268528,45268529
25,77,ocr,0.04,-0.12,0.2,False,45268529,45268530
25,77,shape,-0.04,-0.2,0.08,False,45268530,45268531
25,77,spatial,0.2,0.08,0.36,False,45268531,45268532
25,78,color,0.24,0.04,0.44,False,45268626,45268627
25,78,coordinate,0.04,-0.08,0.16,False,45268627,45268628
25,78,count,-0.28,-0.48,-0.12,True,45268628,45268629
25,78,ocr,0.0,0.0,0.0,False,45268629,45268630
25,78,shape,-0.08,-0.24,0.04,False,45268630,45268631
25,78,spatial,0.16,0.04,0.32,False,45268631,45268632
25,79,color,0.32,0.12,0.56,False,45268726,45268727
25,79,coordinate,0.32,0.16,0.52,False,45268727,45268728
25,79,count,-0.4,-0.6,-0.2,True,45268728,45268729
25,79,ocr,-0.04,-0.12,0.0,False,45268729,45268730
25,79,shape,0.0,-0.16,0.16,False,45268730,45268731
25,79,spatial,0.16,0.04,0.32,False,45268731,45268732
25,80,color,0.32,0.16,0.52,False,45268826,45268827
25,80,coordinate,0.12,-0.08,0.32,False,45268827,45268828
25,80,count,-0.16,-0.32,-0.04,True,45268828,45268829
25,80,ocr,0.0,-0.12,0.12,False,45268829,45268830
25,80,shape,0.0,-0.16,0.16,False,45268830,45268831
25,80,spatial,0.08,0.0,0.2,False,45268831,45268832
25,81,color,0.24,0.0,0.48,False,45268926,45268927
25,81,coordinate,0.16,-0.04,0.36,False,45268927,45268928
25,81,count,-0.4,-0.6,-0.2,True,45268928,45268929
25,81,ocr,0.04,0.0,0.12,False,45268929,45268930
25,81,shape,-0.08,-0.24,0.08,False,45268930,45268931
25,81,spatial,0.16,0.04,0.32,False,45268931,45268932
25,82,color,-0.04,-0.2,0.16,False,45269026,45269027
25,82,coordinate,0.16,-0.04,0.36,False,45269027,45269028
25,82,count,-0.56,-0.76,-0.36,True,45269028,45269029
25,82,ocr,0.08,-0.08,0.24,False,45269029,45269030
25,82,shape,-0.08,-0.28,0.12,False,45269030,45269031
25,82,spatial,0.32,0.16,0.52,False,45269031,45269032
25,83,color,0.24,0.0,0.48,False,45269126,45269127
25,83,coordinate,0.12,-0.08,0.32,False,45269127,45269128
25,83,count,-0.4,-0.6,-0.2,True,45269128,45269129
25,83,ocr,0.0,-0.12,0.12,False,45269129,45269130
25,83,shape,-0.04,-0.16,0.08,False,45269130,45269131
25,83,spatial,0.2,0.04,0.36,False,45269131,45269132
25,84,color,0.04,-0.2,0.28,False,45269226,45269227
25,84,coordinate,0.0,-0.2,0.24,False,45269227,45269228
25,84,count,-0.24,-0.4,-0.08,True,45269228,45269229
25,84,ocr,0.04,0.0,0.12,False,45269229,45269230
25,84,shape,0.04,-0.08,0.16,False,45269230,45269231
25,84,spatial,0.28,0.12,0.48,False,45269231,45269232
25,85,color,0.12,-0.04,0.32,False,45269326,45269327
25,85,coordinate,0.08,-0.12,0.32,False,45269327,45269328
25,85,count,-0.44,-0.64,-0.24,True,45269328,45269329
25,85,ocr,-0.04,-0.12,0.0,False,45269329,45269330
25,85,shape,-0.08,-0.2,0.0,False,45269330,45269331
25,85,spatial,0.4,0.2,0.6,False,45269331,45269332
25,86,color,0.16,-0.08,0.4,False,45269426,45269427
25,86,coordinate,0.08,-0.08,0.24,False,45269427,45269428
25,86,count,-0.4,-0.6,-0.2,True,45269428,45269429
25,86,ocr,0.08,-0.12,0.28,False,45269429,45269430
25,86,shape,0.04,-0.08,0.16,False,45269430,45269431
25,86,spatial,0.24,0.08,0.4,False,45269431,45269432
25,87,color,0.12,-0.08,0.32,False,45269526,45269527
25,87,coordinate,0.0,-0.16,0.16,False,45269527,45269528
25,87,count,-0.32,-0.52,-0.16,True,45269528,45269529
25,87,ocr,0.08,-0.12,0.28,False,45269529,45269530
25,87,shape,0.0,-0.12,0.12,False,45269530,45269531
25,87,spatial,0.2,0.08,0.36,False,45269531,45269532
25,88,color,0.28,0.04,0.52,False,45269626,45269627
25,88,coordinate,0.08,-0.16,0.28,False,45269627,45269628
25,88,count,-0.44,-0.64,-0.24,True,45269628,45269629
25,88,ocr,0.04,-0.08,0.2,False,45269629,45269630
25,88,shape,-0.04,-0.16,0.08,False,45269630,45269631
25,88,spatial,0.16,0.04,0.32,False,45269631,45269632
25,89,color,0.24,-0.08,0.52,False,45269726,45269727
25,89,coordinate,0.08,-0.12,0.28,False,45269727,45269728
25,89,count,-0.36,-0.56,-0.2,True,45269728,45269729
25,89,ocr,0.04,0.0,0.12,False,45269729,45269730
25,89,shape,0.04,-0.08,0.16,False,45269730,45269731
25,89,spatial,0.12,0.0,0.24,False,45269731,45269732
25,90,color,0.32,0.12,0.52,False,45269826,45269827
25,90,coordinate,0.24,0.04,0.44,False,45269827,45269828
25,90,count,-0.36,-0.56,-0.2,True,45269828,45269829
25,90,ocr,0.0,-0.2,0.2,False,45269829,45269830
25,90,shape,0.04,-0.12,0.2,False,45269830,45269831
25,90,spatial,0.36,0.2,0.56,False,45269831,45269832
25,91,color,0.32,0.12,0.52,False,45269926,45269927
25,91,coordinate,0.12,-0.08,0.32,False,45269927,45269928
25,91,count,-0.28,-0.48,-0.12,True,45269928,45269929
25,91,ocr,-0.04,-0.12,0.0,False,45269929,45269930
25,91,shape,0.0,-0.12,0.12,False,45269930,45269931
25,91,spatial,0.24,0.08,0.4,False,45269931,45269932
25,92,color,0.24,0.0,0.48,False,45270026,45270027
25,92,coordinate,0.08,-0.12,0.32,False,45270027,45270028
25,92,count,-0.24,-0.4,-0.08,True,45270028,45270029
25,92,ocr,0.16,0.04,0.32,False,45270029,45270030
25,92,shape,-0.04,-0.2,0.12,False,45270030,45270031
25,92,spatial,0.28,0.12,0.44,False,45270031,45270032
25,93,color,0.2,-0.04,0.44,False,45270126,45270127
25,93,coordinate,-0.08,-0.28,0.16,False,45270127,45270128
25,93,count,-0.32,-0.52,-0.16,True,45270128,45270129
25,93,ocr,0.0,-0.12,0.12,False,45270129,45270130
25,93,shape,0.0,-0.12,0.12,False,45270130,45270131
25,93,spatial,0.24,0.08,0.4,False,45270131,45270132
25,94,color,0.16,-0.04,0.36,False,45270226,45270227
25,94,coordinate,0.08,-0.12,0.28,False,45270227,45270228
25,94,count,-0.24,-0.4,-0.08,True,45270228,45270229
25,94,ocr,0.04,0.0,0.12,False,45270229,45270230
25,94,shape,0.12,-0.04,0.32,False,45270230,45270231
25,94,spatial,0.28,0.12,0.48,False,45270231,45270232
25,95,color,0.12,-0.12,0.36,False,45270326,45270327
25,95,coordinate,-0.04,-0.28,0.2,False,45270327,45270328
25,95,count,-0.2,-0.36,-0.04,True,45270328,45270329
25,95,ocr,0.04,0.0,0.12,False,45270329,45270330
25,95,shape,0.12,0.0,0.28,False,45270330,45270331
25,95,spatial,0.16,0.04,0.32,False,45270331,45270332
25,96,color,0.12,-0.12,0.36,False,45270426,45270427
25,96,coordinate,0.04,-0.2,0.28,False,45270427,45270428
25,96,count,-0.36,-0.56,-0.2,True,45270428,45270429
25,96,ocr,0.12,0.0,0.28,False,45270429,45270430
25,96,shape,0.04,-0.08,0.16,False,45270430,45270431
25,96,spatial,0.28,0.12,0.48,False,45270431,45270432
25,97,color,0.32,0.12,0.52,False,45270526,45270527
25,97,coordinate,0.2,0.0,0.44,False,45270527,45270528
25,97,count,-0.48,-0.68,-0.28,True,45270528,45270529
25,97,ocr,0.04,-0.08,0.2,False,45270529,45270530
25,97,shape,-0.12,-0.28,0.04,False,45270530,45270531
25,97,spatial,0.16,0.04,0.32,False,45270531,45270532
25,98,color,0.08,-0.12,0.28,False,45270626,45270627
25,98,coordinate,0.24,0.04,0.44,False,45270627,45270628
25,98,count,-0.2,-0.36,-0.04,True,45270628,45270629
25,98,ocr,-0.04,-0.12,0.0,False,45270629,45270630
25,98,shape,-0.08,-0.24,0.08,False,45270630,45270631
25,98,spatial,0.36,0.16,0.56,False,45270631,45270632
25,99,color,0.36,0.16,0.56,False,45270726,45270727
25,99,coordinate,0.12,-0.04,0.32,False,45270727,45270728
25,99,count,-0.16,-0.32,-0.04,True,45270728,45270729
25,99,ocr,0.04,-0.16,0.2,False,45270729,45270730
25,99,shape,-0.04,-0.2,0.08,False,45270730,45270731
25,99,spatial,0.24,0.08,0.4,False,45270731,45270732
25,100,color,0.12,-0.12,0.36,False,45270826,45270827
25,100,coordinate,0.2,0.0,0.4,False,45270827,45270828
25,100,count,-0.2,-0.36,-0.08,True,45270828,45270829
25,100,ocr,0.0,-0.12,0.12,False,45270829,45270830
25,100,shape,-0.2,-0.36,-0.04,True,45270830,45270831
25,100,spatial,0.36,0.16,0.56,False,45270831,45270832
25,101,color,0.12,-0.08,0.32,False,45270926,45270927
25,101,coordinate,0.04,-0.2,0.28,False,45270927,45270928
25,101,count,-0.32,-0.52,-0.16,True,45270928,45270929
25,101,ocr,0.04,0.0,0.12,False,45270929,45270930
25,101,shape,-0.04,-0.16,0.08,False,45270930,45270931
25,101,spatial,0.48,0.28,0.68,False,45270931,45270932
25,102,color,0.32,0.08,0.56,False,45271026,45271027
25,102,coordinate,-0.12,-0.32,0.08,False,45271027,45271028
25,102,count,-0.44,-0.64,-0.24,True,45271028,45271029
25,102,ocr,0.0,-0.12,0.12,False,45271029,45271030
25,102,shape,-0.12,-0.28,0.04,False,45271030,45271031
25,102,spatial,0.28,0.12,0.44,False,45271031,45271032
25,103,color,0.24,-0.04,0.48,False,45271126,45271127
25,103,coordinate,0.16,-0.04,0.36,False,45271127,45271128
25,103,count,-0.32,-0.52,-0.16,True,45271128,45271129
25,103,ocr,-0.04,-0.12,0.0,False,45271129,45271130
25,103,shape,-0.08,-0.2,0.0,False,45271130,45271131
25,103,spatial,0.2,0.04,0.36,False,45271131,45271132
25,104,color,0.12,-0.16,0.36,False,45271226,45271227
25,104,coordinate,0.0,-0.16,0.16,False,45271227,45271228
25,104,count,-0.24,-0.4,-0.08,True,45271228,45271229
25,104,ocr,0.0,-0.12,0.12,False,45271229,45271230
25,104,shape,-0.16,-0.32,-0.04,True,45271230,45271231
25,104,spatial,0.28,0.12,0.48,False,45271231,45271232
25,105,color,0.24,0.04,0.44,False,45271326,45271327
25,105,coordinate,0.2,0.04,0.36,False,45271327,45271328
25,105,count,-0.44,-0.64,-0.24,True,45271328,45271329
25,105,ocr,0.04,-0.08,0.2,False,45271329,45271330
25,105,shape,-0.2,-0.4,0.0,False,45271330,45271331
25,105,spatial,0.36,0.16,0.56,False,45271331,45271332
25,106,color,0.24,0.04,0.44,False,45271426,45271427
25,106,coordinate,0.2,0.0,0.4,False,45271427,45271428
25,106,count,-0.32,-0.52,-0.16,True,45271428,45271429
25,106,ocr,0.16,0.04,0.32,False,45271429,45271430
25,106,shape,0.04,-0.12,0.24,False,45271430,45271431
25,106,spatial,0.32,0.16,0.52,False,45271431,45271432
25,107,color,0.12,-0.08,0.32,False,45271526,45271527
25,107,coordinate,0.12,-0.08,0.32,False,45271527,45271528
25,107,count,-0.24,-0.4,-0.08,True,45271528,45271529
25,107,ocr,0.04,0.0,0.12,False,45271529,45271530
25,107,shape,-0.04,-0.24,0.12,False,45271530,45271531
25,107,spatial,0.24,0.08,0.4,False,45271531,45271532
25,108,color,0.16,-0.04,0.36,False,45271626,45271627
25,108,coordinate,0.16,-0.04,0.36,False,45271627,45271628
25,108,count,-0.24,-0.4,-0.08,True,45271628,45271629
25,108,ocr,0.0,-0.12,0.12,False,45271629,45271630
25,108,shape,-0.04,-0.16,0.08,False,45271630,45271631
25,108,spatial,0.28,0.12,0.44,False,45271631,45271632
25,109,color,0.2,-0.04,0.4,False,45271726,45271727
25,109,coordinate,0.24,0.0,0.48,False,45271727,45271728
25,109,count,-0.36,-0.56,-0.16,True,45271728,45271729
25,109,ocr,0.04,-0.08,0.16,False,45271729,45271730
25,109,shape,-0.08,-0.28,0.12,False,45271730,45271731
25,109,spatial,0.12,0.0,0.24,False,45271731,45271732
25,110,color,0.52,0.32,0.72,False,45271826,45271827
25,110,coordinate,0.24,0.0,0.48,False,45271827,45271828
25,110,count,-0.36,-0.56,-0.2,True,45271828,45271829
25,110,ocr,0.0,0.0,0.0,False,45271829,45271830
25,110,shape,-0.04,-0.2,0.12,False,45271830,45271831
25,110,spatial,0.24,0.08,0.4,False,45271831,45271832
25,111,color,0.24,0.04,0.44,False,45271926,45271927
25,111,coordinate,0.0,-0.2,0.2,False,45271927,45271928
25,111,count,-0.12,-0.24,0.0,False,45271928,45271929
25,111,ocr,0.08,0.0,0.2,False,45271929,45271930
25,111,shape,-0.04,-0.12,0.0,False,45271930,45271931
25,111,spatial,0.2,0.08,0.36,False,45271931,45271932
25,112,color,0.08,-0.08,0.24,False,45272026,45272027
25,112,coordinate,0.16,0.0,0.36,False,45272027,45272028
25,112,count,-0.36,-0.56,-0.16,True,45272028,45272029
25,112,ocr,-0.04,-0.12,0.0,False,45272029,45272030
25,112,shape,-0.08,-0.24,0.08,False,45272030,45272031
25,112,spatial,0.32,0.12,0.48,False,45272031,45272032
25,113,color,0.36,0.16,0.56,False,45272126,45272127
25,113,coordinate,0.04,-0.16,0.24,False,45272127,45272128
25,113,count,-0.52,-0.72,-0.32,True,45272128,45272129
25,113,ocr,0.0,0.0,0.0,False,45272129,45272130
25,113,shape,0.04,-0.12,0.24,False,45272130,45272131
25,113,spatial,0.16,0.04,0.32,False,45272131,45272132
25,114,color,0.28,0.04,0.52,False,45272226,45272227
25,114,coordinate,0.08,-0.12,0.28,False,45272227,45272228
25,114,count,-0.08,-0.2,0.0,False,45272228,45272229
25,114,ocr,-0.04,-0.12,0.0,False,45272229,45272230
25,114,shape,-0.12,-0.32,0.08,False,45272230,45272231
25,114,spatial,0.28,0.12,0.44,False,45272231,45272232
25,115,color,0.24,0.0,0.48,False,45272326,45272327
25,115,coordinate,0.28,0.04,0.52,False,45272327,45272328
25,115,count,-0.24,-0.4,-0.08,True,45272328,45272329
25,115,ocr,0.08,0.0,0.2,False,45272329,45272330
25,115,shape,-0.16,-0.32,-0.04,True,45272330,45272331
25,115,spatial,0.24,0.08,0.4,False,45272331,45272332
25,116,color,0.28,0.08,0.52,False,45272426,45272427
25,116,coordinate,0.08,-0.12,0.28,False,45272427,45272428
25,116,count,-0.28,-0.44,-0.12,True,45272428,45272429
25,116,ocr,0.04,-0.08,0.16,False,45272429,45272430
25,116,shape,-0.08,-0.28,0.12,False,45272430,45272431
25,116,spatial,0.24,0.08,0.4,False,45272431,45272432
25,117,color,0.36,0.16,0.56,False,45272526,45272527
25,117,coordinate,-0.04,-0.24,0.16,False,45272527,45272528
25,117,count,-0.4,-0.6,-0.24,True,45272528,45272529
25,117,ocr,0.04,0.0,0.12,False,45272529,45272530
25,117,shape,-0.04,-0.12,0.0,False,45272530,45272531
25,117,spatial,0.28,0.12,0.48,False,45272531,45272532
25,118,color,0.28,0.08,0.48,False,45272626,45272627
25,118,coordinate,0.2,0.0,0.4,False,45272627,45272628
25,118,count,-0.28,-0.48,-0.12,True,45272628,45272629
25,118,ocr,0.0,0.0,0.0,False,45272629,45272630
25,118,shape,-0.04,-0.16,0.08,False,45272630,45272631
25,118,spatial,0.36,0.2,0.56,False,45272631,45272632
25,119,color,0.08,-0.12,0.28,False,45272726,45272727
25,119,coordinate,0.08,-0.12,0.28,False,45272727,45272728
25,119,count,-0.28,-0.44,-0.12,True,45272728,45272729
25,119,ocr,-0.04,-0.12,0.0,False,45272729,45272730
25,119,shape,-0.16,-0.32,-0.04,True,45272730,45272731
25,119,spatial,0.28,0.12,0.48,False,45272731,45272732
25,120,color,0.2,-0.04,0.44,False,45272826,45272827
25,120,coordinate,0.04,-0.24,0.32,False,45272827,45272828
25,120,count,-0.2,-0.36,-0.04,True,45272828,45272829
25,120,ocr,0.0,-0.12,0.12,False,45272829,45272830
25,120,shape,-0.04,-0.12,0.0,False,45272830,45272831
25,120,spatial,0.28,0.12,0.44,False,45272831,45272832
25,121,color,0.2,-0.04,0.44,False,45272926,45272927
25,121,coordinate,0.2,0.0,0.4,False,45272927,45272928
25,121,count,-0.48,-0.68,-0.28,True,45272928,45272929
25,121,ocr,0.0,-0.12,0.12,False,45272929,45272930
25,121,shape,-0.04,-0.16,0.08,False,45272930,45272931
25,121,spatial,0.28,0.12,0.48,False,45272931,45272932
25,122,color,0.16,0.0,0.36,False,45273026,45273027
25,122,coordinate,0.0,-0.24,0.24,False,45273027,45273028
25,122,count,-0.24,-0.44,-0.08,True,45273028,45273029
25,122,ocr,0.04,-0.08,0.16,False,45273029,45273030
25,122,shape,-0.12,-0.28,0.0,False,45273030,45273031
25,122,spatial,0.32,0.12,0.52,False,45273031,45273032
25,123,color,0.0,-0.2,0.2,False,45273126,45273127
25,123,coordinate,0.04,-0.12,0.2,False,45273127,45273128
25,123,count,-0.4,-0.6,-0.2,True,45273128,45273129
25,123,ocr,-0.04,-0.16,0.08,False,45273129,45273130
25,123,shape,-0.16,-0.36,0.0,False,45273130,45273131
25,123,spatial,0.28,0.12,0.48,False,45273131,45273132
25,124,color,0.08,-0.08,0.24,False,45273226,45273227
25,124,coordinate,-0.04,-0.28,0.2,False,45273227,45273228
25,124,count,-0.12,-0.28,0.0,False,45273228,45273229
25,124,ocr,0.12,-0.04,0.28,False,45273229,45273230
25,124,shape,-0.08,-0.24,0.08,False,45273230,45273231
25,124,spatial,0.32,0.16,0.52,False,45273231,45273232
25,125,color,0.28,0.08,0.48,False,45273326,45273327
25,125,coordinate,0.24,-0.08,0.56,False,45273327,45273328
25,125,count,-0.4,-0.6,-0.24,True,45273328,45273329
25,125,ocr,-0.08,-0.2,0.0,False,45273329,45273330
25,125,shape,-0.04,-0.2,0.08,False,45273330,45273331
25,125,spatial,0.2,0.04,0.36,False,45273331,45273332
25,126,color,0.24,0.0,0.48,False,45273426,45273427
25,126,coordinate,-0.08,-0.28,0.16,False,45273427,45273428
25,126,count,-0.32,-0.52,-0.16,True,45273428,45273429
25,126,ocr,0.12,0.0,0.28,False,45273429,45273430
25,126,shape,0.0,-0.12,0.12,False,45273430,45273431
25,126,spatial,0.2,0.04,0.36,False,45273431,45273432
25,127,color,0.2,0.08,0.36,False,45273526,45273527
25,127,coordinate,0.12,-0.12,0.4,False,45273527,45273528
25,127,count,-0.4,-0.6,-0.2,True,45273528,45273529
25,127,ocr,0.08,0.0,0.2,False,45273529,45273530
25,127,shape,0.04,0.0,0.12,False,45273530,45273531
25,127,spatial,0.32,0.16,0.48,False,45273531,45273532
25,128,color,0.4,0.2,0.6,False,45273626,45273627
25,128,coordinate,0.24,0.08,0.4,False,45273627,45273628
25,128,count,-0.4,-0.6,-0.2,True,45273628,45273629
25,128,ocr,0.12,0.0,0.24,False,45273629,45273630
25,128,shape,0.08,-0.12,0.28,False,45273630,45273631
25,128,spatial,0.32,0.16,0.52,False,45273631,45273632
25,129,color,0.28,0.0,0.56,False,45273726,45273727
25,129,coordinate,0.12,-0.04,0.28,False,45273727,45273728
25,129,count,-0.2,-0.36,-0.04,True,45273728,45273729
25,129,ocr,0.04,0.0,0.12,False,45273729,45273730
25,129,shape,-0.08,-0.24,0.08,False,45273730,45273731
25,129,spatial,0.36,0.2,0.56,False,45273731,45273732
25,130,color,0.28,0.04,0.52,False,45273826,45273827
25,130,coordinate,-0.04,-0.2,0.12,False,45273827,45273828
25,130,count,-0.36,-0.56,-0.2,True,45273828,45273829
25,130,ocr,0.12,0.0,0.28,False,45273829,45273830
25,130,shape,0.0,-0.12,0.12,False,45273830,45273831
25,130,spatial,0.24,0.08,0.4,False,45273831,45273832
25,131,color,0.24,0.04,0.44,False,45273926,45273927
25,131,coordinate,0.12,-0.12,0.36,False,45273927,45273928
25,131,count,-0.4,-0.6,-0.2,True,45273928,45273929
25,131,ocr,0.08,0.0,0.2,False,45273929,45273930
25,131,shape,-0.16,-0.32,-0.04,True,45273930,45273931
25,131,spatial,0.12,0.0,0.24,False,45273931,45273932
25,132,color,0.24,0.0,0.48,False,45274026,45274027
25,132,coordinate,-0.08,-0.28,0.12,False,45274027,45274028
25,132,count,-0.36,-0.56,-0.16,True,45274028,45274029
25,132,ocr,-0.08,-0.28,0.12,False,45274029,45274030
25,132,shape,-0.12,-0.24,0.0,False,45274030,45274031
25,132,spatial,0.08,0.0,0.2,False,45274031,45274032
25,133,color,-0.04,-0.24,0.16,False,45274126,45274127
25,133,coordinate,0.4,0.24,0.6,False,45274127,45274128
25,133,count,-0.32,-0.52,-0.16,True,45274128,45274129
25,133,ocr,0.0,-0.12,0.12,False,45274129,45274130
25,133,shape,0.04,-0.08,0.16,False,45274130,45274131
25,133,spatial,0.28,0.12,0.44,False,45274131,45274132
25,134,color,0.36,0.16,0.6,False,45274226,45274227
25,134,coordinate,0.04,-0.2,0.28,False,45274227,45274228
25,134,count,-0.4,-0.6,-0.2,True,45274228,45274229
25,134,ocr,-0.04,-0.12,0.0,False,45274229,45274230
25,134,shape,0.0,-0.16,0.16,False,45274230,45274231
25,134,spatial,0.24,0.08,0.4,False,45274231,45274232
25,135,color,0.24,0.08,0.44,False,45274326,45274327
25,135,coordinate,-0.04,-0.24,0.16,False,45274327,45274328
25,135,count,-0.24,-0.44,-0.08,True,45274328,45274329
25,135,ocr,0.08,0.0,0.2,False,45274329,45274330
25,135,shape,-0.12,-0.28,0.0,False,45274330,45274331
25,135,spatial,0.32,0.16,0.52,False,45274331,45274332
25,136,color,0.32,0.12,0.52,False,45274426,45274427
25,136,coordinate,0.04,-0.24,0.28,False,45274427,45274428
25,136,count,-0.4,-0.6,-0.2,True,45274428,45274429
25,136,ocr,0.0,-0.12,0.12,False,45274429,45274430
25,136,shape,-0.04,-0.12,0.0,False,45274430,45274431
25,136,spatial,0.2,0.04,0.36,False,45274431,45274432
25,137,color,0.12,-0.08,0.32,False,45274526,45274527
25,137,coordinate,0.08,-0.12,0.28,False,45274527,45274528
25,137,count,-0.36,-0.56,-0.16,True,45274528,45274529
25,137,ocr,0.04,0.0,0.12,False,45274529,45274530
25,137,shape,-0.04,-0.2,0.08,False,45274530,45274531
25,137,spatial,0.12,0.0,0.28,False,45274531,45274532
25,138,color,0.12,-0.16,0.36,False,45274626,45274627
25,138,coordinate,0.0,-0.16,0.16,False,45274627,45274628
25,138,count,-0.32,-0.52,-0.16,True,45274628,45274629
25,138,ocr,0.04,0.0,0.12,False,45274629,45274630
25,138,shape,-0.04,-0.2,0.12,False,45274630,45274631
25,138,spatial,0.16,0.04,0.32,False,45274631,45274632
25,139,color,0.24,0.0,0.48,False,45274726,45274727
25,139,coordinate,0.08,-0.16,0.32,False,45274727,45274728
25,139,count,-0.32,-0.52,-0.12,True,45274728,45274729
25,139,ocr,-0.04,-0.16,0.08,False,45274729,45274730
25,139,shape,0.0,-0.12,0.12,False,45274730,45274731
25,139,spatial,0.24,0.08,0.4,False,45274731,45274732
25,140,color,0.4,0.2,0.6,False,45274826,45274827
25,140,coordinate,0.0,-0.2,0.2,False,45274827,45274828
25,140,count,-0.32,-0.52,-0.16,True,45274828,45274829
25,140,ocr,0.08,-0.08,0.24,False,45274829,45274830
25,140,shape,-0.08,-0.2,0.0,False,45274830,45274831
25,140,spatial,0.28,0.12,0.48,False,45274831,45274832
25,141,color,0.08,-0.12,0.28,False,45274926,45274927
25,141,coordinate,0.12,-0.08,0.32,False,45274927,45274928
25,141,count,-0.32,-0.52,-0.16,True,45274928,45274929
25,141,ocr,0.04,0.0,0.12,False,45274929,45274930
25,141,shape,0.08,-0.12,0.32,False,45274930,45274931
25,141,spatial,0.16,0.04,0.32,False,45274931,45274932
25,142,color,0.16,-0.04,0.4,False,45275026,45275027
25,142,coordinate,0.08,-0.16,0.32,False,45275027,45275028
25,142,count,-0.32,-0.52,-0.16,True,45275028,45275029
25,142,ocr,-0.04,-0.16,0.08,False,45275029,45275030
25,142,shape,0.0,-0.12,0.12,False,45275030,45275031
25,142,spatial,0.24,0.08,0.4,False,45275031,45275032
25,143,color,0.08,-0.12,0.28,False,45275126,45275127
25,143,coordinate,0.2,-0.08,0.48,False,45275127,45275128
25,143,count,-0.32,-0.52,-0.16,True,45275128,45275129
25,143,ocr,0.0,0.0,0.0,False,45275129,45275130
25,143,shape,-0.04,-0.2,0.08,False,45275130,45275131
25,143,spatial,0.28,0.12,0.48,False,45275131,45275132
25,144,color,0.04,-0.2,0.28,False,45275226,45275227
25,144,coordinate,0.16,0.04,0.32,False,45275227,45275228
25,144,count,-0.24,-0.4,-0.08,True,45275228,45275229
25,144,ocr,0.0,0.0,0.0,False,45275229,45275230
25,144,shape,0.08,-0.08,0.24,False,45275230,45275231
25,144,spatial,0.28,0.12,0.48,False,45275231,45275232
25,145,color,0.2,0.0,0.4,False,45275326,45275327
25,145,coordinate,0.04,-0.12,0.2,False,45275327,45275328
25,145,count,-0.44,-0.64,-0.24,True,45275328,45275329
25,145,ocr,0.0,-0.12,0.12,False,45275329,45275330
25,145,shape,0.04,-0.08,0.16,False,45275330,45275331
25,145,spatial,0.16,0.04,0.32,False,45275331,45275332
25,146,color,0.32,0.08,0.56,False,45275426,45275427
25,146,coordinate,0.16,-0.04,0.36,False,45275427,45275428
25,146,count,-0.2,-0.36,-0.04,True,45275428,45275429
25,146,ocr,0.08,0.0,0.2,False,45275429,45275430
25,146,shape,0.0,-0.12,0.12,False,45275430,45275431
25,146,spatial,0.32,0.16,0.52,False,45275431,45275432
25,147,color,0.32,0.0,0.6,False,45275526,45275527
25,147,coordinate,0.2,0.0,0.4,False,45275527,45275528
25,147,count,-0.4,-0.6,-0.2,True,45275528,45275529
25,147,ocr,-0.04,-0.12,0.0,False,45275529,45275530
25,147,shape,-0.08,-0.24,0.08,False,45275530,45275531
25,147,spatial,0.24,0.08,0.4,False,45275531,45275532
25,148,color,0.04,-0.2,0.28,False,45275626,45275627
25,148,coordinate,-0.16,-0.36,0.0,False,45275627,45275628
25,148,count,-0.24,-0.44,-0.08,True,45275628,45275629
25,148,ocr,0.04,-0.08,0.2,False,45275629,45275630
25,148,shape,-0.12,-0.28,0.04,False,45275630,45275631
25,148,spatial,0.2,0.08,0.36,False,45275631,45275632
25,149,color,0.32,0.12,0.52,False,45275726,45275727
25,149,coordinate,0.04,-0.12,0.24,False,45275727,45275728
25,149,count,-0.36,-0.56,-0.2,True,45275728,45275729
25,149,ocr,-0.04,-0.2,0.08,False,45275729,45275730
25,149,shape,0.08,-0.04,0.24,False,45275730,45275731
25,149,spatial,0.32,0.12,0.52,False,45275731,45275732
25,150,color,0.2,-0.04,0.44,False,45275826,45275827
25,150,coordinate,0.08,-0.16,0.32,False,45275827,45275828
25,150,count,-0.32,-0.52,-0.16,True,45275828,45275829
25,150,ocr,0.08,-0.08,0.24,False,45275829,45275830
25,150,shape,0.04,-0.12,0.24,False,45275830,45275831
25,150,spatial,0.12,0.0,0.24,False,45275831,45275832
25,151,color,0.16,-0.04,0.36,False,45275926,45275927
25,151,coordinate,0.0,-0.2,0.2,False,45275927,45275928
25,151,count,-0.36,-0.56,-0.2,True,45275928,45275929
25,151,ocr,0.04,0.0,0.12,False,45275929,45275930
25,151,shape,-0.08,-0.24,0.08,False,45275930,45275931
25,151,spatial,0.4,0.2,0.6,False,45275931,45275932
25,152,color,-0.08,-0.28,0.12,False,45276026,45276027
25,152,coordinate,0.16,-0.04,0.4,False,45276027,45276028
25,152,count,-0.2,-0.36,-0.04,True,45276028,45276029
25,152,ocr,-0.08,-0.2,0.0,False,45276029,45276030
25,152,shape,-0.08,-0.2,0.0,False,45276030,45276031
25,152,spatial,0.16,0.04,0.32,False,45276031,45276032
25,153,color,0.12,-0.08,0.32,False,45276126,45276127
25,153,coordinate,0.12,-0.12,0.32,False,45276127,45276128
25,153,count,-0.24,-0.44,-0.08,True,45276128,45276129
25,153,ocr,-0.04,-0.16,0.08,False,45276129,45276130
25,153,shape,-0.08,-0.24,0.08,False,45276130,45276131
25,153,spatial,0.32,0.16,0.52,False,45276131,45276132
25,154,color,0.16,-0.08,0.4,False,45276226,45276227
25,154,coordinate,0.08,-0.08,0.28,False,45276227,45276228
25,154,count,-0.4,-0.6,-0.2,True,45276228,45276229
25,154,ocr,0.04,-0.08,0.16,False,45276229,45276230
25,154,shape,0.08,-0.16,0.28,False,45276230,45276231
25,154,spatial,0.2,0.04,0.36,False,45276231,45276232
25,155,color,0.16,-0.08,0.4,False,45276326,45276327
25,155,coordinate,0.12,-0.08,0.32,False,45276327,45276328
25,155,count,-0.32,-0.52,-0.16,True,45276328,45276329
25,155,ocr,0.04,-0.08,0.16,False,45276329,45276330
25,155,shape,-0.04,-0.24,0.16,False,45276330,45276331
25,155,spatial,0.24,0.08,0.4,False,45276331,45276332
25,156,color,0.2,-0.04,0.44,False,45276426,45276427
25,156,coordinate,0.08,-0.12,0.32,False,45276427,45276428
25,156,count,-0.24,-0.4,-0.08,True,45276428,45276429
25,156,ocr,0.0,-0.16,0.16,False,45276429,45276430
25,156,shape,0.0,-0.12,0.12,False,45276430,45276431
25,156,spatial,0.28,0.12,0.48,False,45276431,45276432
25,157,color,0.16,-0.04,0.36,False,45276526,45276527
25,157,coordinate,0.2,-0.04,0.4,False,45276527,45276528
25,157,count,-0.44,-0.64,-0.24,True,45276528,45276529
25,157,ocr,0.12,0.0,0.28,False,45276529,45276530
25,157,shape,-0.08,-0.24,0.08,False,45276530,45276531
25,157,spatial,0.16,0.04,0.32,False,45276531,45276532
25,158,color,0.08,-0.08,0.24,False,45276626,45276627
25,158,coordinate,0.16,-0.12,0.44,False,45276627,45276628
25,158,count,-0.12,-0.28,0.0,False,45276628,45276629
25,158,ocr,0.08,-0.08,0.24,False,45276629,45276630
25,158,shape,0.04,-0.08,0.2,False,45276630,45276631
25,158,spatial,0.28,0.12,0.48,False,45276631,45276632
25,159,color,0.48,0.24,0.72,False,45276726,45276727
25,159,coordinate,0.04,-0.12,0.24,False,45276727,45276728
25,159,count,-0.28,-0.48,-0.12,True,45276728,45276729
25,159,ocr,0.08,0.0,0.2,False,45276729,45276730
25,159,shape,-0.04,-0.2,0.12,False,45276730,45276731
25,159,spatial,0.24,0.08,0.4,False,45276731,45276732
25,160,color,0.28,0.04,0.52,False,45276826,45276827
25,160,coordinate,0.04,-0.16,0.24,False,45276827,45276828
25,160,count,-0.28,-0.48,-0.12,True,45276828,45276829
25,160,ocr,0.04,-0.08,0.16,False,45276829,45276830
25,160,shape,0.04,-0.12,0.24,False,45276830,45276831
25,160,spatial,0.2,0.04,0.36,False,45276831,45276832
25,161,color,0.0,-0.24,0.24,False,45276926,45276927
25,161,coordinate,0.12,-0.08,0.32,False,45276927,45276928
25,161,count,-0.28,-0.48,-0.12,True,45276928,45276929
25,161,ocr,0.08,0.0,0.2,False,45276929,45276930
25,161,shape,-0.08,-0.24,0.08,False,45276930,45276931
25,161,spatial,0.28,0.12,0.48,False,45276931,45276932
25,162,color,0.12,-0.12,0.36,False,45277026,45277027
25,162,coordinate,0.12,-0.04,0.28,False,45277027,45277028
25,162,count,-0.32,-0.52,-0.16,True,45277028,45277029
25,162,ocr,0.0,-0.12,0.12,False,45277029,45277030
25,162,shape,-0.04,-0.16,0.08,False,45277030,45277031
25,162,spatial,0.32,0.16,0.52,False,45277031,45277032
25,163,color,0.16,-0.04,0.36,False,45277126,45277127
25,163,coordinate,0.24,0.0,0.48,False,45277127,45277128
25,163,count,-0.2,-0.36,-0.04,True,45277128,45277129
25,163,ocr,0.04,0.0,0.12,False,45277129,45277130
25,163,shape,-0.12,-0.24,0.0,False,45277130,45277131
25,163,spatial,0.28,0.12,0.48,False,45277131,45277132
25,164,color,0.24,0.0,0.48,False,45277226,45277227
25,164,coordinate,-0.04,-0.2,0.12,False,45277227,45277228
25,164,count,-0.24,-0.4,-0.08,True,45277228,45277229
25,164,ocr,0.0,-0.12,0.12,False,45277229,45277230
25,164,shape,-0.16,-0.32,-0.04,True,45277230,45277231
25,164,spatial,0.12,0.0,0.24,False,45277231,45277232
25,165,color,0.24,0.08,0.4,False,45277326,45277327
25,165,coordinate,0.12,-0.04,0.28,False,45277327,45277328
25,165,count,-0.28,-0.48,-0.12,True,45277328,45277329
25,165,ocr,0.04,0.0,0.12,False,45277329,45277330
25,165,shape,-0.04,-0.16,0.08,False,45277330,45277331
25,165,spatial,0.36,0.16,0.56,False,45277331,45277332
25,166,color,0.28,0.08,0.48,False,45277426,45277427
25,166,coordinate,0.16,-0.08,0.4,False,45277427,45277428
25,166,count,-0.4,-0.6,-0.24,True,45277428,45277429
25,166,ocr,0.04,-0.08,0.16,False,45277429,45277430
25,166,shape,0.0,-0.12,0.12,False,45277430,45277431
25,166,spatial,0.2,0.04,0.36,False,45277431,45277432
25,167,color,0.36,0.16,0.56,False,45277526,45277527
25,167,coordinate,0.28,0.08,0.48,False,45277527,45277528
25,167,count,-0.28,-0.48,-0.12,True,45277528,45277529
25,167,ocr,0.04,-0.08,0.2,False,45277529,45277530
25,167,shape,-0.08,-0.24,0.08,False,45277530,45277531
25,167,spatial,0.28,0.12,0.48,False,45277531,45277532
25,168,color,0.16,-0.04,0.36,False,45277626,45277627
25,168,coordinate,0.08,-0.12,0.28,False,45277627,45277628
25,168,count,-0.32,-0.52,-0.16,True,45277628,45277629
25,168,ocr,0.04,-0.08,0.2,False,45277629,45277630
25,168,shape,0.08,-0.08,0.24,False,45277630,45277631
25,168,spatial,0.24,0.08,0.44,False,45277631,45277632
25,169,color,0.36,0.12,0.6,False,45277726,45277727
25,169,coordinate,0.24,0.0,0.48,False,45277727,45277728
25,169,count,-0.24,-0.4,-0.08,True,45277728,45277729
25,169,ocr,0.08,0.0,0.2,False,45277729,45277730
25,169,shape,0.04,0.0,0.12,False,45277730,45277731
25,169,spatial,0.2,0.04,0.36,False,45277731,45277732
25,170,color,0.12,-0.08,0.32,False,45277826,45277827
25,170,coordinate,-0.04,-0.24,0.16,False,45277827,45277828
25,170,count,-0.36,-0.56,-0.2,True,45277828,45277829
25,170,ocr,0.0,0.0,0.0,False,45277829,45277830
25,170,shape,0.04,-0.12,0.2,False,45277830,45277831
25,170,spatial,0.24,0.08,0.4,False,45277831,45277832
25,171,color,0.16,-0.04,0.36,False,45277926,45277927
25,171,coordinate,-0.08,-0.32,0.16,False,45277927,45277928
25,171,count,-0.32,-0.52,-0.16,True,45277928,45277929
25,171,ocr,0.2,0.04,0.36,False,45277929,45277930
25,171,shape,0.0,-0.16,0.16,False,45277930,45277931
25,171,spatial,0.28,0.12,0.48,False,45277931,45277932
25,172,color,0.24,0.0,0.48,False,45278026,45278027
25,172,coordinate,0.04,-0.2,0.28,False,45278027,45278028
25,172,count,-0.28,-0.48,-0.12,True,45278028,45278029
25,172,ocr,0.0,-0.12,0.12,False,45278029,45278030
25,172,shape,-0.04,-0.12,0.0,False,45278030,45278031
25,172,spatial,0.32,0.16,0.52,False,45278031,45278032
25,173,color,0.04,-0.12,0.24,False,45278126,45278127
25,173,coordinate,0.12,-0.08,0.32,False,45278127,45278128
25,173,count,-0.4,-0.6,-0.2,True,45278128,45278129
25,173,ocr,0.0,-0.12,0.12,False,45278129,45278130
25,173,shape,0.12,0.0,0.28,False,45278130,45278131
25,173,spatial,0.16,0.04,0.32,False,45278131,45278132
25,174,color,0.16,-0.04,0.36,False,45278226,45278227
25,174,coordinate,0.12,-0.08,0.32,False,45278227,45278228
25,174,count,-0.16,-0.32,-0.04,True,45278228,45278229
25,174,ocr,0.08,0.0,0.2,False,45278229,45278230
25,174,shape,0.0,-0.16,0.16,False,45278230,45278231
25,174,spatial,0.44,0.24,0.64,False,45278231,45278232
25,175,color,0.12,-0.12,0.36,False,45278326,45278327
25,175,coordinate,-0.04,-0.24,0.16,False,45278327,45278328
25,175,count,-0.36,-0.52,-0.16,True,45278328,45278329
25,175,ocr,-0.12,-0.28,0.04,False,45278329,45278330
25,175,shape,-0.16,-0.32,0.0,False,45278330,45278331
25,175,spatial,0.28,0.12,0.48,False,45278331,45278332
25,176,color,0.24,0.0,0.48,False,45278426,45278427
25,176,coordinate,0.08,-0.2,0.36,False,45278427,45278428
25,176,count,-0.32,-0.52,-0.16,True,45278428,45278429
25,176,ocr,0.0,0.0,0.0,False,45278429,45278430
25,176,shape,0.0,-0.16,0.16,False,45278430,45278431
25,176,spatial,0.08,0.0,0.2,False,45278431,45278432
25,177,color,0.28,0.08,0.48,False,45278526,45278527
25,177,coordinate,0.12,-0.12,0.36,False,45278527,45278528
25,177,count,-0.28,-0.48,-0.12,True,45278528,45278529
25,177,ocr,0.04,-0.08,0.16,False,45278529,45278530
25,177,shape,-0.08,-0.24,0.08,False,45278530,45278531
25,177,spatial,0.16,0.04,0.32,False,45278531,45278532
25,178,color,0.28,0.08,0.48,False,45278626,45278627
25,178,coordinate,0.16,-0.08,0.4,False,45278627,45278628
25,178,count,-0.28,-0.44,-0.12,True,45278628,45278629
25,178,ocr,0.04,0.0,0.12,False,45278629,45278630
25,178,shape,-0.12,-0.32,0.04,False,45278630,45278631
25,178,spatial,0.12,0.0,0.28,False,45278631,45278632
25,179,color,0.2,0.0,0.44,False,45278726,45278727
25,179,coordinate,0.12,-0.08,0.32,False,45278727,45278728
25,179,count,-0.36,-0.56,-0.16,True,45278728,45278729
25,179,ocr,0.0,0.0,0.0,False,45278729,45278730
25,179,shape,0.08,0.0,0.2,False,45278730,45278731
25,179,spatial,0.44,0.24,0.64,False,45278731,45278732
25,180,color,0.28,0.0,0.52,False,45278826,45278827
25,180,coordinate,0.08,-0.12,0.32,False,45278827,45278828
25,180,count,-0.28,-0.48,-0.12,True,45278828,45278829
25,180,ocr,-0.08,-0.2,0.0,False,45278829,45278830
25,180,shape,0.0,-0.12,0.12,False,45278830,45278831
25,180,spatial,0.2,0.04,0.36,False,45278831,45278832
25,181,color,0.04,-0.2,0.28,False,45278926,45278927
25,181,coordinate,0.24,0.08,0.4,False,45278927,45278928
25,181,count,-0.32,-0.52,-0.16,True,45278928,45278929
25,181,ocr,0.12,-0.04,0.28,False,45278929,45278930
25,181,shape,-0.08,-0.24,0.08,False,45278930,45278931
25,181,spatial,0.16,0.04,0.32,False,45278931,45278932
25,182,color,0.2,-0.04,0.4,False,45279026,45279027
25,182,coordinate,0.0,-0.2,0.2,False,45279027,45279028
25,182,count,-0.28,-0.44,-0.12,True,45279028,45279029
25,182,ocr,0.0,-0.12,0.12,False,45279029,45279030
25,182,shape,-0.04,-0.16,0.08,False,45279030,45279031
25,182,spatial,0.28,0.12,0.48,False,45279031,45279032
25,183,color,0.2,-0.04,0.44,False,45279126,45279127
25,183,coordinate,0.16,-0.04,0.32,False,45279127,45279128
25,183,count,-0.44,-0.64,-0.24,True,45279128,45279129
25,183,ocr,0.04,0.0,0.12,False,45279129,45279130
25,183,shape,-0.04,-0.2,0.12,False,45279130,45279131
25,183,spatial,0.12,0.0,0.24,False,45279131,45279132
25,184,color,0.12,-0.08,0.32,False,45279226,45279227
25,184,coordinate,0.16,-0.04,0.4,False,45279227,45279228
25,184,count,-0.24,-0.44,-0.08,True,45279228,45279229
25,184,ocr,0.0,0.0,0.0,False,45279229,45279230
25,184,shape,-0.08,-0.28,0.12,False,45279230,45279231
25,184,spatial,0.24,0.08,0.4,False,45279231,45279232
25,185,color,0.2,-0.04,0.44,False,45279326,45279327
25,185,coordinate,-0.16,-0.36,0.04,False,45279327,45279328
25,185,count,-0.32,-0.52,-0.16,True,45279328,45279329
25,185,ocr,0.08,0.0,0.2,False,45279329,45279330
25,185,shape,0.12,-0.08,0.32,False,45279330,45279331
25,185,spatial,0.2,0.04,0.36,False,45279331,45279332
25,186,color,0.04,-0.16,0.24,False,45279426,45279427
25,186,coordinate,0.04,-0.16,0.24,False,45279427,45279428
25,186,count,-0.4,-0.6,-0.2,True,45279428,45279429
25,186,ocr,0.12,0.0,0.24,False,45279429,45279430
25,186,shape,-0.16,-0.4,0.08,False,45279430,45279431
25,186,spatial,0.32,0.16,0.52,False,45279431,45279432
25,187,color,-0.08,-0.28,0.12,False,45279526,45279527
25,187,coordinate,0.16,-0.04,0.36,False,45279527,45279528
25,187,count,-0.32,-0.52,-0.12,True,45279528,45279529
25,187,ocr,-0.04,-0.12,0.0,False,45279529,45279530
25,187,shape,0.04,0.0,0.12,False,45279530,45279531
25,187,spatial,0.28,0.12,0.44,False,45279531,45279532
25,188,color,0.2,0.0,0.4,False,45279626,45279627
25,188,coordinate,-0.08,-0.32,0.16,False,45279627,45279628
25,188,count,-0.32,-0.48,-0.16,True,45279628,45279629
25,188,ocr,0.08,0.0,0.2,False,45279629,45279630
25,188,shape,-0.04,-0.12,0.0,False,45279630,45279631
25,188,spatial,0.24,0.08,0.44,False,45279631,45279632
25,189,color,0.08,-0.12,0.28,False,45279726,45279727
25,189,coordinate,-0.04,-0.24,0.16,False,45279727,45279728
25,189,count,-0.28,-0.48,-0.12,True,45279728,45279729
25,189,ocr,0.04,0.0,0.12,False,45279729,45279730
25,189,shape,-0.08,-0.24,0.04,False,45279730,45279731
25,189,spatial,0.28,0.12,0.48,False,45279731,45279732
25,190,color,0.08,-0.12,0.28,False,45279826,45279827
25,190,coordinate,-0.04,-0.24,0.16,False,45279827,45279828
25,190,count,-0.48,-0.68,-0.28,True,45279828,45279829
25,190,ocr,0.04,-0.08,0.2,False,45279829,45279830
25,190,shape,0.04,-0.12,0.2,False,45279830,45279831
25,190,spatial,0.24,0.08,0.44,False,45279831,45279832
25,191,color,0.24,0.0,0.48,False,45279926,45279927
25,191,coordinate,0.12,-0.08,0.32,False,45279927,45279928
25,191,count,-0.28,-0.44,-0.12,True,45279928,45279929
25,191,ocr,0.04,0.0,0.12,False,45279929,45279930
25,191,shape,-0.04,-0.16,0.08,False,45279930,45279931
25,191,spatial,0.24,0.08,0.4,False,45279931,45279932
25,192,color,0.24,-0.04,0.52,False,45280026,45280027
25,192,coordinate,0.2,-0.04,0.44,False,45280027,45280028
25,192,count,-0.4,-0.6,-0.2,True,45280028,45280029
25,192,ocr,0.12,-0.04,0.32,False,45280029,45280030
25,192,shape,-0.04,-0.16,0.08,False,45280030,45280031
25,192,spatial,0.2,0.04,0.36,False,45280031,45280032
25,193,color,0.16,-0.04,0.36,False,45280126,45280127
25,193,coordinate,-0.04,-0.24,0.16,False,45280127,45280128
25,193,count,-0.24,-0.4,-0.08,True,45280128,45280129
25,193,ocr,0.16,0.04,0.32,False,45280129,45280130
25,193,shape,-0.04,-0.16,0.08,False,45280130,45280131
25,193,spatial,0.16,0.04,0.32,False,45280131,45280132
25,194,color,0.28,0.08,0.48,False,45280226,45280227
25,194,coordinate,0.16,-0.04,0.36,False,45280227,45280228
25,194,count,-0.28,-0.44,-0.12,True,45280228,45280229
25,194,ocr,0.04,0.0,0.12,False,45280229,45280230
25,194,shape,-0.08,-0.28,0.12,False,45280230,45280231
25,194,spatial,0.16,0.04,0.32,False,45280231,45280232
25,195,color,0.04,-0.12,0.2,False,45280326,45280327
25,195,coordinate,0.08,-0.16,0.28,False,45280327,45280328
25,195,count,-0.32,-0.52,-0.16,True,45280328,45280329
25,195,ocr,0.0,-0.12,0.12,False,45280329,45280330
25,195,shape,0.0,-0.16,0.16,False,45280330,45280331
25,195,spatial,0.16,0.04,0.32,False,45280331,45280332
25,196,color,0.12,-0.12,0.36,False,45280426,45280427
25,196,coordinate,-0.04,-0.2,0.12,False,45280427,45280428
25,196,count,-0.32,-0.52,-0.16,True,45280428,45280429
25,196,ocr,0.0,0.0,0.0,False,45280429,45280430
25,196,shape,0.0,-0.12,0.12,False,45280430,45280431
25,196,spatial,0.28,0.12,0.48,False,45280431,45280432
25,197,color,0.12,-0.04,0.28,False,45280526,45280527
25,197,coordinate,0.16,-0.04,0.36,False,45280527,45280528
25,197,count,-0.24,-0.44,-0.08,True,45280528,45280529
25,197,ocr,0.08,0.0,0.2,False,45280529,45280530
25,197,shape,-0.08,-0.32,0.12,False,45280530,45280531
25,197,spatial,0.24,0.08,0.4,False,45280531,45280532
25,198,color,0.28,0.04,0.52,False,45280626,45280627
25,198,coordinate,0.16,-0.04,0.36,False,45280627,45280628
25,198,count,-0.28,-0.44,-0.12,True,45280628,45280629
25,198,ocr,0.04,0.0,0.12,False,45280629,45280630
25,198,shape,0.12,0.0,0.24,False,45280630,45280631
25,198,spatial,0.28,0.12,0.48,False,45280631,45280632
25,199,color,0.12,-0.04,0.28,False,45280726,45280727
25,199,coordinate,0.0,-0.16,0.16,False,45280727,45280728
25,199,count,-0.28,-0.48,-0.12,True,45280728,45280729
25,199,ocr,0.0,-0.12,0.12,False,45280729,45280730
25,199,shape,-0.08,-0.2,0.0,False,45280730,45280731
25,199,spatial,0.28,0.12,0.48,False,45280731,45280732
50,0,color,0.3,0.14,0.44,False,70260826,70260827
50,0,coordinate,0.1,-0.06,0.26,False,70260827,70260828
50,0,count,-0.28,-0.4,-0.16,True,70260828,70260829
50,0,ocr,0.0,-0.1,0.1,False,70260829,70260830
50,0,shape,-0.04,-0.14,0.08,False,70260830,70260831
50,0,spatial,0.28,0.16,0.4,False,70260831,70260832
50,1,color,0.26,0.1,0.42,False,70260926,70260927
50,1,coordinate,0.04,-0.14,0.22,False,70260927,70260928
50,1,count,-0.16,-0.28,-0.06,True,70260928,70260929
50,1,ocr,0.02,0.0,0.06,False,70260929,70260930
50,1,shape,-0.08,-0.2,0.02,False,70260930,70260931
50,1,spatial,0.24,0.12,0.36,False,70260931,70260932
50,2,color,0.2,0.02,0.36,False,70261026,70261027
50,2,coordinate,0.2,0.06,0.34,False,70261027,70261028
50,2,count,-0.28,-0.4,-0.16,True,70261028,70261029
50,2,ocr,0.04,-0.04,0.12,False,70261029,70261030
50,2,shape,-0.06,-0.18,0.06,False,70261030,70261031
50,2,spatial,0.26,0.14,0.38,False,70261031,70261032
50,3,color,0.24,0.06,0.42,False,70261126,70261127
50,3,coordinate,-0.02,-0.18,0.14,False,70261127,70261128
50,3,count,-0.24,-0.36,-0.12,True,70261128,70261129
50,3,ocr,0.06,0.0,0.14,False,70261129,70261130
50,3,shape,0.0,-0.08,0.08,False,70261130,70261131
50,3,spatial,0.24,0.12,0.36,False,70261131,70261132
50,4,color,0.12,-0.04,0.28,False,70261226,70261227
50,4,coordinate,0.04,-0.12,0.2,False,70261227,70261228
50,4,count,-0.28,-0.42,-0.16,True,70261228,70261229
50,4,ocr,0.06,-0.04,0.16,False,70261229,70261230
50,4,shape,-0.14,-0.26,-0.02,True,70261230,70261231
50,4,spatial,0.24,0.12,0.36,False,70261231,70261232
50,5,color,0.28,0.1,0.44,False,70261326,70261327
50,5,coordinate,0.22,0.08,0.36,False,70261327,70261328
50,5,count,-0.2,-0.32,-0.1,True,70261328,70261329
50,5,ocr,0.06,-0.02,0.14,False,70261329,70261330
50,5,shape,-0.08,-0.22,0.04,False,70261330,70261331
50,5,spatial,0.24,0.12,0.36,False,70261331,70261332
50,6,color,0.22,0.08,0.38,False,70261426,70261427
50,6,coordinate,0.2,0.06,0.34,False,70261427,70261428
50,6,count,-0.28,-0.4,-0.16,True,70261428,70261429
50,6,ocr,0.1,0.02,0.2,False,70261429,70261430
50,6,shape,-0.08,-0.18,0.0,False,70261430,70261431
50,6,spatial,0.28,0.16,0.4,False,70261431,70261432
50,7,color,0.16,0.02,0.3,False,70261526,70261527
50,7,coordinate,0.18,0.04,0.32,False,70261527,70261528
50,7,count,-0.2,-0.32,-0.1,True,70261528,70261529
50,7,ocr,0.0,0.0,0.0,False,70261529,70261530
50,7,shape,-0.04,-0.16,0.06,False,70261530,70261531
50,7,spatial,0.2,0.1,0.32,False,70261531,70261532
50,8,color,0.16,0.0,0.32,False,70261626,70261627
50,8,coordinate,-0.04,-0.2,0.1,False,70261627,70261628
50,8,count,-0.4,-0.54,-0.26,True,70261628,70261629
50,8,ocr,0.04,-0.04,0.14,False,70261629,70261630
50,8,shape,-0.1,-0.2,-0.02,True,70261630,70261631
50,8,spatial,0.16,0.06,0.26,False,70261631,70261632
50,9,color,0.1,-0.04,0.24,False,70261726,70261727
50,9,coordinate,0.12,-0.02,0.26,False,70261727,70261728
50,9,count,-0.34,-0.48,-0.22,True,70261728,70261729
50,9,ocr,0.06,-0.02,0.16,False,70261729,70261730
50,9,shape,-0.04,-0.14,0.06,False,70261730,70261731
50,9,spatial,0.08,0.02,0.16,False,70261731,70261732
50,10,color,0.18,0.02,0.34,False,70261826,70261827
50,10,coordinate,0.18,0.04,0.32,False,70261827,70261828
50,10,count,-0.26,-0.38,-0.14,True,70261828,70261829
50,10,ocr,0.04,-0.04,0.12,False,70261829,70261830
50,10,shape,-0.1,-0.22,0.02,False,70261830,70261831
50,10,spatial,0.28,0.16,0.4,False,70261831,70261832
50,11,color,0.12,-0.04,0.28,False,70261926,70261927
50,11,coordinate,0.12,-0.04,0.28,False,70261927,70261928
50,11,count,-0.28,-0.4,-0.16,True,70261928,70261929
50,11,ocr,0.04,-0.04,0.12,False,70261929,70261930
50,11,shape,-0.02,-0.14,0.1,False,70261930,70261931
50,11,spatial,0.2,0.1,0.32,False,70261931,70261932
50,12,color,0.18,0.04,0.32,False,70262026,70262027
50,12,coordinate,0.18,0.02,0.34,False,70262027,70262028
50,12,count,-0.34,-0.48,-0.22,True,70262028,70262029
50,12,ocr,0.02,-0.04,0.08,False,70262029,70262030
50,12,shape,-0.1,-0.22,0.02,False,70262030,70262031
50,12,spatial,0.3,0.18,0.42,False,70262031,70262032
50,13,color,0.22,0.06,0.36,False,70262126,70262127
50,13,coordinate,0.06,-0.08,0.2,False,70262127,70262128
50,13,count,-0.28,-0.4,-0.16,True,70262128,70262129
50,13,ocr,0.08,0.02,0.16,False,70262129,70262130
50,13,shape,0.06,-0.02,0.16,False,70262130,70262131
50,13,spatial,0.3,0.18,0.42,False,70262131,70262132
50,14,color,0.22,0.06,0.38,False,70262226,70262227
50,14,coordinate,0.18,0.02,0.34,False,70262227,70262228
50,14,count,-0.36,-0.5,-0.24,True,70262228,70262229
50,14,ocr,0.04,-0.04,0.12,False,70262229,70262230
50,14,shape,-0.12,-0.22,-0.02,True,70262230,70262231
50,14,spatial,0.24,0.12,0.36,False,70262231,70262232
50,15,color,0.14,0.0,0.28,False,70262326,70262327
50,15,coordinate,0.06,-0.1,0.24,False,70262327,70262328
50,15,count,-0.22,-0.34,-0.12,True,70262328,70262329
50,15,ocr,0.04,-0.04,0.12,False,70262329,70262330
50,15,shape,-0.02,-0.12,0.06,False,70262330,70262331
50,15,spatial,0.26,0.14,0.38,False,70262331,70262332
50,16,color,0.18,0.02,0.34,False,70262426,70262427
50,16,coordinate,0.06,-0.08,0.2,False,70262427,70262428
50,16,count,-0.26,-0.38,-0.14,True,70262428,70262429
50,16,ocr,0.08,0.02,0.16,False,70262429,70262430
50,16,shape,-0.02,-0.14,0.1,False,70262430,70262431
50,16,spatial,0.32,0.2,0.46,False,70262431,70262432
50,17,color,0.2,0.04,0.36,False,70262526,70262527
50,17,coordinate,0.12,0.0,0.24,False,70262527,70262528
50,17,count,-0.34,-0.46,-0.2,True,70262528,70262529
50,17,ocr,0.06,-0.02,0.16,False,70262529,70262530
50,17,shape,-0.04,-0.12,0.04,False,70262530,70262531
50,17,spatial,0.26,0.14,0.38,False,70262531,70262532
50,18,color,0.12,-0.02,0.26,False,70262626,70262627
50,18,coordinate,0.16,0.06,0.28,False,70262627,70262628
50,18,count,-0.34,-0.48,-0.2,True,70262628,70262629
50,18,ocr,0.06,-0.02,0.16,False,70262629,70262630
50,18,shape,-0.04,-0.12,0.04,False,70262630,70262631
50,18,spatial,0.28,0.16,0.42,False,70262631,70262632
50,19,color,0.08,-0.06,0.22,False,70262726,70262727
50,19,coordinate,-0.02,-0.14,0.1,False,70262727,70262728
50,19,count,-0.3,-0.44,-0.18,True,70262728,70262729
50,19,ocr,0.0,-0.08,0.08,False,70262729,70262730
50,19,shape,-0.04,-0.14,0.06,False,70262730,70262731
50,19,spatial,0.32,0.2,0.44,False,70262731,70262732
50,20,color,0.22,0.1,0.34,False,70262826,70262827
50,20,coordinate,0.08,-0.04,0.22,False,70262827,70262828
50,20,count,-0.26,-0.38,-0.16,True,70262828,70262829
50,20,ocr,0.1,0.02,0.2,False,70262829,70262830
50,20,shape,0.0,-0.1,0.1,False,70262830,70262831
50,20,spatial,0.22,0.12,0.34,False,70262831,70262832
50,21,color,0.36,0.2,0.52,False,70262926,70262927
50,21,coordinate,0.12,-0.04,0.3,False,70262927,70262928
50,21,count,-0.4,-0.54,-0.26,True,70262928,70262929
50,21,ocr,0.06,-0.04,0.16,False,70262929,70262930
50,21,shape,-0.04,-0.14,0.06,False,70262930,70262931
50,21,spatial,0.16,0.06,0.28,False,70262931,70262932
50,22,color,0.28,0.1,0.44,False,70263026,70263027
50,22,coordinate,0.08,-0.08,0.24,False,70263027,70263028
50,22,count,-0.28,-0.4,-0.16,True,70263028,70263029
50,22,ocr,0.1,0.0,0.2,False,70263029,70263030
50,22,shape,0.0,-0.1,0.12,False,70263030,70263031
50,22,spatial,0.24,0.12,0.36,False,70263031,70263032
50,23,color,0.14,-0.04,0.3,False,70263126,70263127
50,23,coordinate,0.06,-0.1,0.22,False,70263127,70263128
50,23,count,-0.28,-0.4,-0.16,True,70263128,70263129
50,23,ocr,-0.04,-0.12,0.04,False,70263129,70263130
50,23,shape,-0.12,-0.24,0.0,False,70263130,70263131
50,23,spatial,0.22,0.12,0.34,False,70263131,70263132
50,24,color,0.2,0.06,0.34,False,70263226,70263227
50,24,coordinate,0.04,-0.12,0.2,False,70263227,70263228
50,24,count,-0.26,-0.4,-0.14,True,70263228,70263229
50,24,ocr,0.02,-0.06,0.12,False,70263229,70263230
50,24,shape,-0.02,-0.16,0.12,False,70263230,70263231
50,24,spatial,0.24,0.12,0.36,False,70263231,70263232
50,25,color,0.18,0.04,0.32,False,70263326,70263327
50,25,coordinate,0.1,-0.04,0.24,False,70263327,70263328
50,25,count,-0.28,-0.4,-0.16,True,70263328,70263329
50,25,ocr,0.0,-0.06,0.06,False,70263329,70263330
50,25,shape,-0.04,-0.16,0.06,False,70263330,70263331
50,25,spatial,0.2,0.1,0.32,False,70263331,70263332
50,26,color,0.2,0.04,0.36,False,70263426,70263427
50,26,coordinate,0.12,-0.02,0.28,False,70263427,70263428
50,26,count,-0.3,-0.42,-0.18,True,70263428,70263429
50,26,ocr,0.02,-0.08,0.1,False,70263429,70263430
50,26,shape,-0.04,-0.12,0.04,False,70263430,70263431
50,26,spatial,0.28,0.16,0.4,False,70263431,70263432
50,27,color,0.14,-0.02,0.3,False,70263526,70263527
50,27,coordinate,0.12,-0.02,0.28,False,70263527,70263528
50,27,count,-0.36,-0.5,-0.24,True,70263528,70263529
50,27,ocr,0.06,-0.02,0.14,False,70263529,70263530
50,27,shape,-0.02,-0.12,0.06,False,70263530,70263531
50,27,spatial,0.32,0.2,0.46,False,70263531,70263532
50,28,color,0.4,0.22,0.58,False,70263626,70263627
50,28,coordinate,-0.04,-0.2,0.12,False,70263627,70263628
50,28,count,-0.32,-0.46,-0.18,True,70263628,70263629
50,28,ocr,0.08,0.0,0.18,False,70263629,70263630
50,28,shape,-0.04,-0.14,0.06,False,70263630,70263631
50,28,spatial,0.24,0.12,0.36,False,70263631,70263632
50,29,color,0.24,0.08,0.4,False,70263726,70263727
50,29,coordinate,0.12,-0.02,0.26,False,70263727,70263728
50,29,count,-0.3,-0.42,-0.18,True,70263728,70263729
50,29,ocr,0.04,-0.04,0.14,False,70263729,70263730
50,29,shape,0.04,-0.06,0.14,False,70263730,70263731
50,29,spatial,0.32,0.2,0.46,False,70263731,70263732
50,30,color,0.16,0.0,0.32,False,70263826,70263827
50,30,coordinate,0.04,-0.1,0.18,False,70263827,70263828
50,30,count,-0.24,-0.36,-0.12,True,70263828,70263829
50,30,ocr,0.08,-0.02,0.2,False,70263829,70263830
50,30,shape,-0.06,-0.18,0.06,False,70263830,70263831
50,30,spatial,0.24,0.14,0.38,False,70263831,70263832
50,31,color,0.3,0.16,0.44,False,70263926,70263927
50,31,coordinate,0.1,-0.06,0.26,False,70263927,70263928
50,31,count,-0.24,-0.36,-0.12,True,70263928,70263929
50,31,ocr,0.06,-0.02,0.14,False,70263929,70263930
50,31,shape,-0.04,-0.14,0.06,False,70263930,70263931
50,31,spatial,0.22,0.12,0.34,False,70263931,70263932
50,32,color,0.08,-0.08,0.24,False,70264026,70264027
50,32,coordinate,-0.08,-0.24,0.08,False,70264027,70264028
50,32,count,-0.28,-0.4,-0.16,True,70264028,70264029
50,32,ocr,0.02,-0.1,0.12,False,70264029,70264030
50,32,shape,-0.06,-0.16,0.04,False,70264030,70264031
50,32,spatial,0.22,0.12,0.34,False,70264031,70264032
50,33,color,0.12,-0.04,0.26,False,70264126,70264127
50,33,coordinate,0.14,0.0,0.28,False,70264127,70264128
50,33,count,-0.36,-0.5,-0.22,True,70264128,70264129
50,33,ocr,-0.02,-0.06,0.0,False,70264129,70264130
50,33,shape,-0.04,-0.14,0.06,False,70264130,70264131
50,33,spatial,0.28,0.16,0.4,False,70264131,70264132
50,34,color,0.16,-0.02,0.34,False,70264226,70264227
50,34,coordinate,0.14,-0.02,0.3,False,70264227,70264228
50,34,count,-0.22,-0.34,-0.1,True,70264228,70264229
50,34,ocr,0.02,-0.04,0.1,False,70264229,70264230
50,34,shape,-0.04,-0.12,0.04,False,70264230,70264231
50,34,spatial,0.16,0.06,0.26,False,70264231,70264232
50,35,color,0.12,-0.06,0.3,False,70264326,70264327
50,35,coordinate,0.16,0.0,0.32,False,70264327,70264328
50,35,count,-0.3,-0.44,-0.18,True,70264328,70264329
50,35,ocr,0.02,0.0,0.06,False,70264329,70264330
50,35,shape,-0.1,-0.22,0.04,False,70264330,70264331
50,35,spatial,0.34,0.22,0.48,False,70264331,70264332
50,36,color,0.36,0.22,0.5,False,70264426,70264427
50,36,coordinate,0.0,-0.14,0.14,False,70264427,70264428
50,36,count,-0.34,-0.46,-0.2,True,70264428,70264429
50,36,ocr,0.04,0.0,0.1,False,70264429,70264430
50,36,shape,0.06,-0.06,0.18,False,70264430,70264431
50,36,spatial,0.34,0.22,0.48,False,70264431,70264432
50,37,color,0.28,0.12,0.44,False,70264526,70264527
50,37,coordinate,0.18,0.02,0.36,False,70264527,70264528
50,37,count,-0.34,-0.48,-0.22,True,70264528,70264529
50,37,ocr,0.1,0.02,0.18,False,70264529,70264530
50,37,shape,0.04,-0.06,0.14,False,70264530,70264531
50,37,spatial,0.26,0.14,0.38,False,70264531,70264532
50,38,color,0.18,0.02,0.34,False,70264626,70264627
50,38,coordinate,0.1,-0.04,0.24,False,70264627,70264628
50,38,count,-0.28,-0.4,-0.16,True,70264628,70264629
50,38,ocr,0.06,0.0,0.14,False,70264629,70264630
50,38,shape,0.0,-0.12,0.1,False,70264630,70264631
50,38,spatial,0.22,0.12,0.34,False,70264631,70264632
50,39,color,0.28,0.12,0.44,False,70264726,70264727
50,39,coordinate,0.1,-0.04,0.24,False,70264727,70264728
50,39,count,-0.22,-0.34,-0.12,True,70264728,70264729
50,39,ocr,0.04,0.0,0.1,False,70264729,70264730
50,39,shape,0.04,-0.06,0.14,False,70264730,70264731
50,39,spatial,0.26,0.14,0.38,False,70264731,70264732
50,40,color,0.18,0.0,0.36,False,70264826,70264827
50,40,coordinate,-0.02,-0.16,0.12,False,70264827,70264828
50,40,count,-0.28,-0.4,-0.16,True,70264828,70264829
50,40,ocr,0.04,-0.06,0.14,False,70264829,70264830
50,40,shape,-0.04,-0.16,0.08,False,70264830,70264831
50,40,spatial,0.18,0.08,0.3,False,70264831,70264832
50,41,color,0.3,0.14,0.46,False,70264926,70264927
50,41,coordinate,0.08,-0.06,0.22,False,70264927,70264928
50,41,count,-0.38,-0.52,-0.24,True,70264928,70264929
50,41,ocr,0.1,0.02,0.2,False,70264929,70264930
50,41,shape,0.02,-0.04,0.08,False,70264930,70264931
50,41,spatial,0.28,0.16,0.4,False,70264931,70264932
50,42,color,0.18,0.02,0.32,False,70265026,70265027
50,42,coordinate,0.26,0.12,0.4,False,70265027,70265028
50,42,count,-0.36,-0.5,-0.22,True,70265028,70265029
50,42,ocr,0.02,-0.06,0.1,False,70265029,70265030
50,42,shape,-0.04,-0.16,0.06,False,70265030,70265031
50,42,spatial,0.24,0.12,0.36,False,70265031,70265032
50,43,color,0.16,0.02,0.3,False,70265126,70265127
50,43,coordinate,0.12,-0.04,0.28,False,70265127,70265128
50,43,count,-0.34,-0.48,-0.2,True,70265128,70265129
50,43,ocr,0.02,-0.04,0.1,False,70265129,70265130
50,43,shape,-0.1,-0.22,0.02,False,70265130,70265131
50,43,spatial,0.28,0.16,0.4,False,70265131,70265132
50,44,color,0.2,0.06,0.34,False,70265226,70265227
50,44,coordinate,0.1,-0.06,0.26,False,70265227,70265228
50,44,count,-0.3,-0.42,-0.18,True,70265228,70265229
50,44,ocr,0.0,-0.08,0.08,False,70265229,70265230
50,44,shape,-0.16,-0.28,-0.04,True,70265230,70265231
50,44,spatial,0.34,0.2,0.48,False,70265231,70265232
50,45,color,0.14,-0.02,0.3,False,70265326,70265327
50,45,coordinate,0.02,-0.16,0.2,False,70265327,70265328
50,45,count,-0.38,-0.52,-0.24,True,70265328,70265329
50,45,ocr,0.06,-0.02,0.16,False,70265329,70265330
50,45,shape,-0.1,-0.22,0.02,False,70265330,70265331
50,45,spatial,0.26,0.14,0.38,False,70265331,70265332
50,46,color,0.14,-0.04,0.32,False,70265426,70265427
50,46,coordinate,0.02,-0.14,0.16,False,70265427,70265428
50,46,count,-0.42,-0.56,-0.3,True,70265428,70265429
50,46,ocr,0.02,0.0,0.06,False,70265429,70265430
50,46,shape,-0.02,-0.12,0.08,False,70265430,70265431
50,46,spatial,0.24,0.12,0.36,False,70265431,70265432
50,47,color,0.2,0.04,0.36,False,70265526,70265527
50,47,coordinate,0.14,-0.02,0.3,False,70265527,70265528
50,47,count,-0.32,-0.46,-0.2,True,70265528,70265529
50,47,ocr,0.04,-0.06,0.14,False,70265529,70265530
50,47,shape,-0.1,-0.18,-0.02,True,70265530,70265531
50,47,spatial,0.32,0.2,0.46,False,70265531,70265532
50,48,color,0.2,0.04,0.36,False,70265626,70265627
50,48,coordinate,0.02,-0.14,0.18,False,70265627,70265628
50,48,count,-0.28,-0.4,-0.16,True,70265628,70265629
50,48,ocr,-0.02,-0.06,0.0,False,70265629,70265630
50,48,shape,0.0,-0.08,0.08,False,70265630,70265631
50,48,spatial,0.26,0.14,0.38,False,70265631,70265632
50,49,color,0.16,0.0,0.32,False,70265726,70265727
50,49,coordinate,0.18,0.02,0.34,False,70265727,70265728
50,49,count,-0.26,-0.38,-0.14,True,70265728,70265729
50,49,ocr,0.06,-0.04,0.16,False,70265729,70265730
50,49,shape,-0.1,-0.22,0.0,False,70265730,70265731
50,49,spatial,0.14,0.06,0.24,False,70265731,70265732
50,50,color,0.14,-0.04,0.32,False,70265826,70265827
50,50,coordinate,0.04,-0.14,0.2,False,70265827,70265828
50,50,count,-0.28,-0.42,-0.16,True,70265828,70265829
50,50,ocr,0.0,-0.1,0.1,False,70265829,70265830
50,50,shape,-0.08,-0.2,0.04,False,70265830,70265831
50,50,spatial,0.22,0.12,0.34,False,70265831,70265832
50,51,color,0.12,-0.04,0.28,False,70265926,70265927
50,51,coordinate,0.1,-0.06,0.26,False,70265927,70265928
50,51,count,-0.16,-0.26,-0.06,True,70265928,70265929
50,51,ocr,0.08,0.02,0.16,False,70265929,70265930
50,51,shape,-0.06,-0.18,0.06,False,70265930,70265931
50,51,spatial,0.3,0.18,0.42,False,70265931,70265932
50,52,color,0.24,0.08,0.4,False,70266026,70266027
50,52,coordinate,0.12,-0.02,0.26,False,70266027,70266028
50,52,count,-0.38,-0.52,-0.26,True,70266028,70266029
50,52,ocr,0.02,-0.04,0.1,False,70266029,70266030
50,52,shape,0.02,-0.08,0.12,False,70266030,70266031
50,52,spatial,0.32,0.18,0.44,False,70266031,70266032
50,53,color,0.2,0.02,0.36,False,70266126,70266127
50,53,coordinate,0.02,-0.1,0.16,False,70266127,70266128
50,53,count,-0.34,-0.48,-0.22,True,70266128,70266129
50,53,ocr,0.0,-0.06,0.06,False,70266129,70266130
50,53,shape,-0.06,-0.18,0.06,False,70266130,70266131
50,53,spatial,0.24,0.12,0.36,False,70266131,70266132
50,54,color,0.2,0.04,0.36,False,70266226,70266227
50,54,coordinate,0.16,0.0,0.32,False,70266227,70266228
50,54,count,-0.28,-0.42,-0.16,True,70266228,70266229
50,54,ocr,0.04,-0.06,0.14,False,70266229,70266230
50,54,shape,-0.04,-0.16,0.06,False,70266230,70266231
50,54,spatial,0.26,0.14,0.38,False,70266231,70266232
50,55,color,0.24,0.08,0.4,False,70266326,70266327
50,55,coordinate,0.04,-0.1,0.18,False,70266327,70266328
50,55,count,-0.38,-0.52,-0.24,True,70266328,70266329
50,55,ocr,0.02,-0.06,0.1,False,70266329,70266330
50,55,shape,-0.06,-0.18,0.06,False,70266330,70266331
50,55,spatial,0.26,0.14,0.38,False,70266331,70266332
50,56,color,0.18,0.02,0.34,False,70266426,70266427
50,56,coordinate,-0.08,-0.24,0.08,False,70266427,70266428
50,56,count,-0.2,-0.32,-0.1,True,70266428,70266429
50,56,ocr,0.1,0.02,0.18,False,70266429,70266430
50,56,shape,0.0,-0.12,0.12,False,70266430,70266431
50,56,spatial,0.22,0.12,0.34,False,70266431,70266432
50,57,color,0.12,-0.04,0.28,False,70266526,70266527
50,57,coordinate,0.14,0.02,0.26,False,70266527,70266528
50,57,count,-0.24,-0.36,-0.12,True,70266528,70266529
50,57,ocr,0.0,-0.06,0.06,False,70266529,70266530
50,57,shape,-0.12,-0.26,0.0,False,70266530,70266531
50,57,spatial,0.26,0.14,0.38,False,70266531,70266532
50,58,color,0.2,0.08,0.34,False,70266626,70266627
50,58,coordinate,0.12,-0.04,0.28,False,70266627,70266628
50,58,count,-0.38,-0.52,-0.24,True,70266628,70266629
50,58,ocr,0.06,-0.02,0.16,False,70266629,70266630
50,58,shape,-0.2,-0.32,-0.08,True,70266630,70266631
50,58,spatial,0.28,0.16,0.42,False,70266631,70266632
50,59,color,0.16,-0.02,0.32,False,70266726,70266727
50,59,coordinate,0.06,-0.12,0.22,False,70266727,70266728
50,59,count,-0.24,-0.36,-0.12,True,70266728,70266729
50,59,ocr,0.0,-0.06,0.06,False,70266729,70266730
50,59,shape,-0.08,-0.22,0.06,False,70266730,70266731
50,59,spatial,0.28,0.16,0.4,False,70266731,70266732
50,60,color,0.22,0.06,0.4,False,70266826,70266827
50,60,coordinate,0.16,0.0,0.32,False,70266827,70266828
50,60,count,-0.32,-0.46,-0.2,True,70266828,70266829
50,60,ocr,0.02,-0.04,0.08,False,70266829,70266830
50,60,shape,-0.04,-0.14,0.06,False,70266830,70266831
50,60,spatial,0.2,0.1,0.32,False,70266831,70266832
50,61,color,0.22,0.08,0.38,False,70266926,70266927
50,61,coordinate,0.0,-0.16,0.16,False,70266927,70266928
50,61,count,-0.28,-0.4,-0.16,True,70266928,70266929
50,61,ocr,-0.04,-0.12,0.04,False,70266929,70266930
50,61,shape,0.02,-0.08,0.12,False,70266930,70266931
50,61,spatial,0.28,0.16,0.4,False,70266931,70266932
50,62,color,0.1,-0.06,0.26,False,70267026,70267027
50,62,coordinate,0.16,0.02,0.3,False,70267027,70267028
50,62,count,-0.24,-0.36,-0.12,True,70267028,70267029
50,62,ocr,0.0,-0.08,0.08,False,70267029,70267030
50,62,shape,-0.06,-0.2,0.06,False,70267030,70267031
50,62,spatial,0.32,0.2,0.44,False,70267031,70267032
50,63,color,0.2,0.04,0.36,False,70267126,70267127
50,63,coordinate,0.22,0.1,0.34,False,70267127,70267128
50,63,count,-0.36,-0.5,-0.22,True,70267128,70267129
50,63,ocr,0.04,0.0,0.1,False,70267129,70267130
50,63,shape,-0.08,-0.2,0.02,False,70267130,70267131
50,63,spatial,0.34,0.22,0.46,False,70267131,70267132
50,64,color,0.2,0.08,0.34,False,70267226,70267227
50,64,coordinate,0.04,-0.12,0.2,False,70267227,70267228
50,64,count,-0.3,-0.44,-0.16,True,70267228,70267229
50,64,ocr,0.0,0.0,0.0,False,70267229,70267230
50,64,shape,-0.1,-0.2,0.0,False,70267230,70267231
50,64,spatial,0.3,0.18,0.42,False,70267231,70267232
50,65,color,0.12,-0.04,0.28,False,70267326,70267327
50,65,coordinate,0.14,0.02,0.26,False,70267327,70267328
50,65,count,-0.4,-0.54,-0.28,True,70267328,70267329
50,65,ocr,0.1,0.02,0.18,False,70267329,70267330
50,65,shape,0.0,-0.1,0.1,False,70267330,70267331
50,65,spatial,0.22,0.12,0.34,False,70267331,70267332
50,66,color,0.1,-0.06,0.28,False,70267426,70267427
50,66,coordinate,0.04,-0.08,0.18,False,70267427,70267428
50,66,count,-0.34,-0.48,-0.22,True,70267428,70267429
50,66,ocr,0.06,-0.02,0.14,False,70267429,70267430
50,66,shape,-0.08,-0.18,0.0,False,70267430,70267431
50,66,spatial,0.28,0.16,0.4,False,70267431,70267432
50,67,color,0.16,0.0,0.34,False,70267526,70267527
50,67,coordinate,0.22,0.08,0.36,False,70267527,70267528
50,67,count,-0.24,-0.36,-0.14,True,70267528,70267529
50,67,ocr,0.04,-0.04,0.12,False,70267529,70267530
50,67,shape,-0.08,-0.2,0.02,False,70267530,70267531
50,67,spatial,0.22,0.1,0.34,False,70267531,70267532
50,68,color,0.1,-0.06,0.24,False,70267626,70267627
50,68,coordinate,0.18,0.02,0.34,False,70267627,70267628
50,68,count,-0.28,-0.42,-0.16,True,70267628,70267629
50,68,ocr,0.02,-0.06,0.1,False,70267629,70267630
50,68,shape,0.06,-0.04,0.16,False,70267630,70267631
50,68,spatial,0.3,0.18,0.44,False,70267631,70267632
50,69,color,0.1,-0.06,0.26,False,70267726,70267727
50,69,coordinate,0.12,-0.04,0.26,False,70267727,70267728
50,69,count,-0.4,-0.54,-0.26,True,70267728,70267729
50,69,ocr,-0.02,-0.1,0.06,False,70267729,70267730
50,69,shape,-0.02,-0.1,0.06,False,70267730,70267731
50,69,spatial,0.26,0.14,0.38,False,70267731,70267732
50,70,color,0.14,-0.02,0.3,False,70267826,70267827
50,70,coordinate,0.14,0.0,0.28,False,70267827,70267828
50,70,count,-0.28,-0.4,-0.16,True,70267828,70267829
50,70,ocr,0.04,-0.04,0.12,False,70267829,70267830
50,70,shape,0.02,-0.08,0.12,False,70267830,70267831
50,70,spatial,0.4,0.26,0.54,False,70267831,70267832
50,71,color,0.04,-0.1,0.2,False,70267926,70267927
50,71,coordinate,-0.02,-0.18,0.14,False,70267927,70267928
50,71,count,-0.32,-0.44,-0.2,True,70267928,70267929
50,71,ocr,-0.02,-0.06,0.0,False,70267929,70267930
50,71,shape,-0.06,-0.16,0.04,False,70267930,70267931
50,71,spatial,0.2,0.1,0.32,False,70267931,70267932
50,72,color,0.28,0.12,0.46,False,70268026,70268027
50,72,coordinate,0.14,-0.02,0.28,False,70268027,70268028
50,72,count,-0.38,-0.52,-0.24,True,70268028,70268029
50,72,ocr,-0.02,-0.12,0.06,False,70268029,70268030
50,72,shape,-0.04,-0.14,0.06,False,70268030,70268031
50,72,spatial,0.16,0.06,0.26,False,70268031,70268032
50,73,color,0.24,0.08,0.4,False,70268126,70268127
50,73,coordinate,0.16,0.04,0.28,False,70268127,70268128
50,73,count,-0.32,-0.46,-0.2,True,70268128,70268129
50,73,ocr,0.06,-0.02,0.16,False,70268129,70268130
50,73,shape,-0.1,-0.2,0.0,False,70268130,70268131
50,73,spatial,0.16,0.06,0.26,False,70268131,70268132
50,74,color,0.2,0.06,0.34,False,70268226,70268227
50,74,coordinate,0.12,-0.06,0.3,False,70268227,70268228
50,74,count,-0.26,-0.38,-0.14,True,70268228,70268229
50,74,ocr,0.06,-0.04,0.16,False,70268229,70268230
50,74,shape,-0.04,-0.16,0.08,False,70268230,70268231
50,74,spatial,0.24,0.12,0.36,False,70268231,70268232
50,75,color,0.2,0.04,0.36,False,70268326,70268327
50,75,coordinate,0.06,-0.08,0.22,False,70268327,70268328
50,75,count,-0.42,-0.56,-0.28,True,70268328,70268329
50,75,ocr,0.0,-0.08,0.08,False,70268329,70268330
50,75,shape,-0.02,-0.1,0.06,False,70268330,70268331
50,75,spatial,0.34,0.2,0.48,False,70268331,70268332
50,76,color,0.2,0.06,0.34,False,70268426,70268427
50,76,coordinate,0.24,0.1,0.38,False,70268427,70268428
50,76,count,-0.32,-0.46,-0.2,True,70268428,70268429
50,76,ocr,0.14,0.04,0.26,False,70268429,70268430
50,76,shape,-0.1,-0.22,0.02,False,70268430,70268431
50,76,spatial,0.36,0.24,0.5,False,70268431,70268432
50,77,color,0.16,0.0,0.3,False,70268526,70268527
50,77,coordinate,0.1,-0.04,0.24,False,70268527,70268528
50,77,count,-0.24,-0.36,-0.12,True,70268528,70268529
50,77,ocr,0.06,-0.02,0.16,False,70268529,70268530
50,77,shape,-0.02,-0.16,0.12,False,70268530,70268531
50,77,spatial,0.28,0.16,0.4,False,70268531,70268532
50,78,color,0.3,0.14,0.46,False,70268626,70268627
50,78,coordinate,0.06,-0.08,0.2,False,70268627,70268628
50,78,count,-0.2,-0.32,-0.1,True,70268628,70268629
50,78,ocr,0.02,-0.04,0.08,False,70268629,70268630
50,78,shape,-0.02,-0.12,0.08,False,70268630,70268631
50,78,spatial,0.24,0.14,0.36,False,70268631,70268632
50,79,color,0.18,0.04,0.32,False,70268726,70268727
50,79,coordinate,0.06,-0.1,0.22,False,70268727,70268728
50,79,count,-0.24,-0.36,-0.14,True,70268728,70268729
50,79,ocr,0.04,-0.04,0.12,False,70268729,70268730
50,79,shape,0.0,-0.1,0.08,False,70268730,70268731
50,79,spatial,0.18,0.08,0.3,False,70268731,70268732
50,80,color,0.2,0.06,0.34,False,70268826,70268827
50,80,coordinate,0.04,-0.1,0.18,False,70268827,70268828
50,80,count,-0.26,-0.38,-0.14,True,70268828,70268829
50,80,ocr,0.08,0.0,0.18,False,70268829,70268830
50,80,shape,-0.02,-0.12,0.08,False,70268830,70268831
50,80,spatial,0.26,0.14,0.38,False,70268831,70268832
50,81,color,0.26,0.12,0.4,False,70268926,70268927
50,81,coordinate,0.16,0.04,0.28,False,70268927,70268928
50,81,count,-0.3,-0.44,-0.18,True,70268928,70268929
50,81,ocr,0.1,0.0,0.2,False,70268929,70268930
50,81,shape,-0.02,-0.12,0.1,False,70268930,70268931
50,81,spatial,0.22,0.1,0.34,False,70268931,70268932
50,82,color,0.16,0.02,0.3,False,70269026,70269027
50,82,coordinate,0.26,0.14,0.4,False,70269027,70269028
50,82,count,-0.4,-0.54,-0.28,True,70269028,70269029
50,82,ocr,0.1,0.02,0.2,False,70269029,70269030
50,82,shape,-0.06,-0.16,0.04,False,70269030,70269031
50,82,spatial,0.22,0.12,0.34,False,70269031,70269032
50,83,color,0.12,-0.04,0.28,False,70269126,70269127
50,83,coordinate,0.08,-0.06,0.22,False,70269127,70269128
50,83,count,-0.34,-0.48,-0.22,True,70269128,70269129
50,83,ocr,0.02,-0.04,0.1,False,70269129,70269130
50,83,shape,0.0,-0.08,0.08,False,70269130,70269131
50,83,spatial,0.28,0.16,0.4,False,70269131,70269132
50,84,color,0.2,0.04,0.36,False,70269226,70269227
50,84,coordinate,0.04,-0.1,0.18,False,70269227,70269228
50,84,count,-0.34,-0.48,-0.22,True,70269228,70269229
50,84,ocr,0.08,0.0,0.18,False,70269229,70269230
50,84,shape,-0.08,-0.18,0.02,False,70269230,70269231
50,84,spatial,0.16,0.06,0.26,False,70269231,70269232
50,85,color,0.1,-0.06,0.26,False,70269326,70269327
50,85,coordinate,0.04,-0.12,0.2,False,70269327,70269328
50,85,count,-0.38,-0.52,-0.24,True,70269328,70269329
50,85,ocr,0.04,-0.02,0.12,False,70269329,70269330
50,85,shape,0.0,-0.12,0.12,False,70269330,70269331
50,85,spatial,0.2,0.1,0.32,False,70269331,70269332
50,86,color,0.18,0.02,0.34,False,70269426,70269427
50,86,coordinate,0.18,0.04,0.32,False,70269427,70269428
50,86,count,-0.38,-0.52,-0.24,True,70269428,70269429
50,86,ocr,0.04,-0.06,0.14,False,70269429,70269430
50,86,shape,-0.06,-0.18,0.06,False,70269430,70269431
50,86,spatial,0.26,0.14,0.38,False,70269431,70269432
50,87,color,0.18,0.02,0.32,False,70269526,70269527
50,87,coordinate,0.04,-0.1,0.18,False,70269527,70269528
50,87,count,-0.22,-0.34,-0.1,True,70269528,70269529
50,87,ocr,0.06,0.0,0.14,False,70269529,70269530
50,87,shape,0.04,-0.06,0.14,False,70269530,70269531
50,87,spatial,0.16,0.06,0.26,False,70269531,70269532
50,88,color,0.18,0.02,0.34,False,70269626,70269627
50,88,coordinate,0.06,-0.12,0.24,False,70269627,70269628
50,88,count,-0.38,-0.52,-0.26,True,70269628,70269629
50,88,ocr,0.06,0.0,0.14,False,70269629,70269630
50,88,shape,0.02,-0.1,0.14,False,70269630,70269631
50,88,spatial,0.2,0.1,0.32,False,70269631,70269632
50,89,color,0.2,0.06,0.34,False,70269726,70269727
50,89,coordinate,0.1,-0.06,0.28,False,70269727,70269728
50,89,count,-0.22,-0.34,-0.12,True,70269728,70269729
50,89,ocr,-0.02,-0.06,0.0,False,70269729,70269730
50,89,shape,0.0,-0.1,0.1,False,70269730,70269731
50,89,spatial,0.16,0.06,0.28,False,70269731,70269732
50,90,color,0.3,0.16,0.44,False,70269826,70269827
50,90,coordinate,0.18,0.02,0.34,False,70269827,70269828
50,90,count,-0.28,-0.42,-0.16,True,70269828,70269829
50,90,ocr,0.04,-0.06,0.14,False,70269829,70269830
50,90,shape,0.04,-0.06,0.14,False,70269830,70269831
50,90,spatial,0.2,0.1,0.32,False,70269831,70269832
50,91,color,0.12,-0.04,0.3,False,70269926,70269927
50,91,coordinate,0.22,0.08,0.36,False,70269927,70269928
50,91,count,-0.26,-0.38,-0.14,True,70269928,70269929
50,91,ocr,0.04,-0.04,0.14,False,70269929,70269930
50,91,shape,0.02,-0.1,0.14,False,70269930,70269931
50,91,spatial,0.18,0.08,0.3,False,70269931,70269932
50,92,color,0.08,-0.08,0.24,False,70270026,70270027
50,92,coordinate,0.1,-0.08,0.26,False,70270027,70270028
50,92,count,-0.3,-0.44,-0.18,True,70270028,70270029
50,92,ocr,0.02,0.0,0.06,False,70270029,70270030
50,92,shape,0.02,-0.06,0.1,False,70270030,70270031
50,92,spatial,0.12,0.04,0.22,False,70270031,70270032
50,93,color,0.26,0.12,0.42,False,70270126,70270127
50,93,coordinate,0.18,0.02,0.34,False,70270127,70270128
50,93,count,-0.28,-0.4,-0.16,True,70270128,70270129
50,93,ocr,0.02,-0.04,0.08,False,70270129,70270130
50,93,shape,-0.08,-0.2,0.02,False,70270130,70270131
50,93,spatial,0.34,0.22,0.48,False,70270131,70270132
50,94,color,0.2,0.02,0.36,False,70270226,70270227
50,94,coordinate,0.22,0.06,0.38,False,70270227,70270228
50,94,count,-0.3,-0.44,-0.18,True,70270228,70270229
50,94,ocr,0.04,-0.04,0.12,False,70270229,70270230
50,94,shape,0.02,-0.08,0.12,False,70270230,70270231
50,94,spatial,0.2,0.1,0.32,False,70270231,70270232
50,95,color,0.2,0.06,0.36,False,70270326,70270327
50,95,coordinate,0.16,0.02,0.32,False,70270327,70270328
50,95,count,-0.42,-0.56,-0.28,True,70270328,70270329
50,95,ocr,0.02,-0.04,0.08,False,70270329,70270330
50,95,shape,-0.12,-0.24,0.0,False,70270330,70270331
50,95,spatial,0.26,0.14,0.38,False,70270331,70270332
50,96,color,0.22,0.06,0.38,False,70270426,70270427
50,96,coordinate,0.16,0.0,0.32,False,70270427,70270428
50,96,count,-0.28,-0.42,-0.16,True,70270428,70270429
50,96,ocr,0.04,-0.06,0.14,False,70270429,70270430
50,96,shape,-0.1,-0.2,0.0,False,70270430,70270431
50,96,spatial,0.24,0.12,0.36,False,70270431,70270432
50,97,color,0.24,0.08,0.4,False,70270526,70270527
50,97,coordinate,0.18,0.02,0.34,False,70270527,70270528
50,97,count,-0.3,-0.42,-0.18,True,70270528,70270529
50,97,ocr,0.04,-0.04,0.12,False,70270529,70270530
50,97,shape,-0.06,-0.18,0.06,False,70270530,70270531
50,97,spatial,0.18,0.08,0.3,False,70270531,70270532
50,98,color,0.1,-0.04,0.26,False,70270626,70270627
50,98,coordinate,0.04,-0.08,0.16,False,70270627,70270628
50,98,count,-0.42,-0.56,-0.28,True,70270628,70270629
50,98,ocr,0.02,0.0,0.06,False,70270629,70270630
50,98,shape,0.02,-0.1,0.14,False,70270630,70270631
50,98,spatial,0.24,0.12,0.36,False,70270631,70270632
50,99,color,0.26,0.08,0.42,False,70270726,70270727
50,99,coordinate,0.18,0.02,0.32,False,70270727,70270728
50,99,count,-0.34,-0.46,-0.2,True,70270728,70270729
50,99,ocr,0.08,0.0,0.18,False,70270729,70270730
50,99,shape,-0.02,-0.14,0.1,False,70270730,70270731
50,99,spatial,0.28,0.16,0.4,False,70270731,70270732
50,100,color,0.34,0.18,0.5,False,70270826,70270827
50,100,coordinate,0.1,-0.04,0.24,False,70270827,70270828
50,100,count,-0.26,-0.38,-0.14,True,70270828,70270829
50,100,ocr,-0.04,-0.12,0.04,False,70270829,70270830
50,100,shape,0.0,-0.1,0.1,False,70270830,70270831
50,100,spatial,0.28,0.16,0.42,False,70270831,70270832
50,101,color,0.2,0.06,0.34,False,70270926,70270927
50,101,coordinate,0.08,-0.08,0.24,False,70270927,70270928
50,101,count,-0.22,-0.34,-0.1,True,70270928,70270929
50,101,ocr,0.02,-0.04,0.1,False,70270929,70270930
50,101,shape,0.0,-0.1,0.1,False,70270930,70270931
50,101,spatial,0.22,0.12,0.34,False,70270931,70270932
50,102,color,0.16,-0.02,0.34,False,70271026,70271027
50,102,coordinate,0.08,-0.06,0.22,False,70271027,70271028
50,102,count,-0.24,-0.36,-0.12,True,70271028,70271029
50,102,ocr,0.04,0.0,0.1,False,70271029,70271030
50,102,shape,-0.04,-0.14,0.06,False,70271030,70271031
50,102,spatial,0.34,0.22,0.48,False,70271031,70271032
50,103,color,0.18,0.02,0.34,False,70271126,70271127
50,103,coordinate,0.18,0.02,0.34,False,70271127,70271128
50,103,count,-0.26,-0.38,-0.14,True,70271128,70271129
50,103,ocr,0.04,0.0,0.1,False,70271129,70271130
50,103,shape,0.02,-0.08,0.12,False,70271130,70271131
50,103,spatial,0.24,0.14,0.36,False,70271131,70271132
50,104,color,0.14,-0.02,0.32,False,70271226,70271227
50,104,coordinate,0.04,-0.12,0.2,False,70271227,70271228
50,104,count,-0.26,-0.38,-0.14,True,70271228,70271229
50,104,ocr,0.02,-0.06,0.12,False,70271229,70271230
50,104,shape,0.04,-0.08,0.16,False,70271230,70271231
50,104,spatial,0.18,0.08,0.28,False,70271231,70271232
50,105,color,0.16,0.02,0.3,False,70271326,70271327
50,105,coordinate,0.1,-0.06,0.26,False,70271327,70271328
50,105,count,-0.32,-0.44,-0.2,True,70271328,70271329
50,105,ocr,0.02,-0.06,0.1,False,70271329,70271330
50,105,shape,-0.04,-0.16,0.08,False,70271330,70271331
50,105,spatial,0.28,0.16,0.4,False,70271331,70271332
50,106,color,0.32,0.16,0.48,False,70271426,70271427
50,106,coordinate,0.08,-0.06,0.22,False,70271427,70271428
50,106,count,-0.34,-0.48,-0.22,True,70271428,70271429
50,106,ocr,0.0,-0.08,0.08,False,70271429,70271430
50,106,shape,0.06,-0.06,0.18,False,70271430,70271431
50,106,spatial,0.3,0.18,0.42,False,70271431,70271432
50,107,color,0.18,0.02,0.32,False,70271526,70271527
50,107,coordinate,0.04,-0.1,0.18,False,70271527,70271528
50,107,count,-0.26,-0.38,-0.14,True,70271528,70271529
50,107,ocr,0.02,-0.04,0.08,False,70271529,70271530
50,107,shape,0.02,-0.08,0.12,False,70271530,70271531
50,107,spatial,0.16,0.06,0.26,False,70271531,70271532
50,108,color,0.04,-0.14,0.2,False,70271626,70271627
50,108,coordinate,0.02,-0.14,0.18,False,70271627,70271628
50,108,count,-0.24,-0.36,-0.12,True,70271628,70271629
50,108,ocr,0.08,0.0,0.18,False,70271629,70271630
50,108,shape,0.0,-0.08,0.08,False,70271630,70271631
50,108,spatial,0.28,0.16,0.42,False,70271631,70271632
50,109,color,0.28,0.14,0.44,False,70271726,70271727
50,109,coordinate,0.2,0.06,0.36,False,70271727,70271728
50,109,count,-0.32,-0.46,-0.2,True,70271728,70271729
50,109,ocr,0.0,-0.06,0.06,False,70271729,70271730
50,109,shape,-0.04,-0.14,0.06,False,70271730,70271731
50,109,spatial,0.24,0.12,0.36,False,70271731,70271732
50,110,color,0.22,0.06,0.38,False,70271826,70271827
50,110,coordinate,0.14,-0.02,0.32,False,70271827,70271828
50,110,count,-0.34,-0.48,-0.22,True,70271828,70271829
50,110,ocr,0.02,0.0,0.06,False,70271829,70271830
50,110,shape,-0.04,-0.14,0.08,False,70271830,70271831
50,110,spatial,0.26,0.14,0.38,False,70271831,70271832
50,111,color,0.08,-0.08,0.24,False,70271926,70271927
50,111,coordinate,0.0,-0.14,0.14,False,70271927,70271928
50,111,count,-0.22,-0.34,-0.1,True,70271928,70271929
50,111,ocr,-0.02,-0.08,0.04,False,70271929,70271930
50,111,shape,-0.04,-0.16,0.08,False,70271930,70271931
50,111,spatial,0.3,0.18,0.44,False,70271931,70271932
50,112,color,0.26,0.08,0.42,False,70272026,70272027
50,112,coordinate,0.04,-0.12,0.18,False,70272027,70272028
50,112,count,-0.26,-0.38,-0.14,True,70272028,70272029
50,112,ocr,0.06,0.0,0.12,False,70272029,70272030
50,112,shape,-0.02,-0.08,0.04,False,70272030,70272031
50,112,spatial,0.24,0.12,0.36,False,70272031,70272032
50,113,color,0.36,0.22,0.5,False,70272126,70272127
50,113,coordinate,0.14,-0.02,0.3,False,70272127,70272128
50,113,count,-0.36,-0.5,-0.24,True,70272128,70272129
50,113,ocr,0.06,0.0,0.14,False,70272129,70272130
50,113,shape,-0.12,-0.24,0.0,False,70272130,70272131
50,113,spatial,0.28,0.16,0.42,False,70272131,70272132
50,114,color,0.2,0.04,0.36,False,70272226,70272227
50,114,coordinate,0.22,0.06,0.38,False,70272227,70272228
50,114,count,-0.34,-0.48,-0.2,True,70272228,70272229
50,114,ocr,0.04,-0.08,0.16,False,70272229,70272230
50,114,shape,-0.08,-0.2,0.04,False,70272230,70272231
50,114,spatial,0.22,0.12,0.34,False,70272231,70272232
50,115,color,0.18,0.02,0.34,False,70272326,70272327
50,115,coordinate,0.16,0.02,0.3,False,70272327,70272328
50,115,count,-0.24,-0.36,-0.12,True,70272328,70272329
50,115,ocr,-0.02,-0.08,0.04,False,70272329,70272330
50,115,shape,-0.1,-0.22,0.0,False,70272330,70272331
50,115,spatial,0.16,0.06,0.26,False,70272331,70272332
50,116,color,0.12,-0.06,0.28,False,70272426,70272427
50,116,coordinate,0.1,-0.04,0.24,False,70272427,70272428
50,116,count,-0.14,-0.24,-0.06,True,70272428,70272429
50,116,ocr,0.08,0.02,0.16,False,70272429,70272430
50,116,shape,-0.1,-0.2,0.0,False,70272430,70272431
50,116,spatial,0.34,0.2,0.48,False,70272431,70272432
50,117,color,0.18,0.02,0.34,False,70272526,70272527
50,117,coordinate,0.1,-0.04,0.26,False,70272527,70272528
50,117,count,-0.3,-0.44,-0.18,True,70272528,70272529
50,117,ocr,0.08,-0.02,0.2,False,70272529,70272530
50,117,shape,-0.06,-0.16,0.02,False,70272530,70272531
50,117,spatial,0.2,0.1,0.32,False,70272531,70272532
50,118,color,0.14,0.0,0.28,False,70272626,70272627
50,118,coordinate,0.04,-0.1,0.2,False,70272627,70272628
50,118,count,-0.28,-0.42,-0.16,True,70272628,70272629
50,118,ocr,0.0,-0.1,0.1,False,70272629,70272630
50,118,shape,-0.08,-0.2,0.02,False,70272630,70272631
50,118,spatial,0.2,0.1,0.32,False,70272631,70272632
50,119,color,0.22,0.06,0.38,False,70272726,70272727
50,119,coordinate,0.06,-0.08,0.22,False,70272727,70272728
50,119,count,-0.26,-0.38,-0.14,True,70272728,70272729
50,119,ocr,0.06,0.0,0.14,False,70272729,70272730
50,119,shape,0.02,-0.08,0.12,False,70272730,70272731
50,119,spatial,0.2,0.1,0.32,False,70272731,70272732
50,120,color,0.08,-0.08,0.24,False,70272826,70272827
50,120,coordinate,0.08,-0.06,0.22,False,70272827,70272828
50,120,count,-0.28,-0.4,-0.16,True,70272828,70272829
50,120,ocr,0.06,0.0,0.14,False,70272829,70272830
50,120,shape,0.04,-0.08,0.16,False,70272830,70272831
50,120,spatial,0.36,0.22,0.5,False,70272831,70272832
50,121,color,0.14,0.0,0.28,False,70272926,70272927
50,121,coordinate,0.08,-0.06,0.24,False,70272927,70272928
50,121,count,-0.4,-0.54,-0.28,True,70272928,70272929
50,121,ocr,0.0,-0.1,0.1,False,70272929,70272930
50,121,shape,-0.02,-0.16,0.12,False,70272930,70272931
50,121,spatial,0.14,0.04,0.24,False,70272931,70272932
50,122,color,0.16,0.0,0.34,False,70273026,70273027
50,122,coordinate,0.08,-0.06,0.22,False,70273027,70273028
50,122,count,-0.22,-0.34,-0.12,True,70273028,70273029
50,122,ocr,0.08,0.02,0.16,False,70273029,70273030
50,122,shape,0.04,-0.06,0.16,False,70273030,70273031
50,122,spatial,0.36,0.22,0.48,False,70273031,70273032
50,123,color,0.2,0.06,0.34,False,70273126,70273127
50,123,coordinate,0.02,-0.12,0.18,False,70273127,70273128
50,123,count,-0.2,-0.32,-0.1,True,70273128,70273129
50,123,ocr,0.1,0.02,0.18,False,70273129,70273130
50,123,shape,0.02,-0.1,0.16,False,70273130,70273131
50,123,spatial,0.26,0.14,0.38,False,70273131,70273132
50,124,color,0.16,0.02,0.3,False,70273226,70273227
50,124,coordinate,0.12,-0.02,0.26,False,70273227,70273228
50,124,count,-0.36,-0.5,-0.22,True,70273228,70273229
50,124,ocr,-0.02,-0.1,0.04,False,70273229,70273230
50,124,shape,-0.02,-0.08,0.04,False,70273230,70273231
50,124,spatial,0.26,0.14,0.38,False,70273231,70273232
50,125,color,0.24,0.1,0.38,False,70273326,70273327
50,125,coordinate,0.18,0.04,0.32,False,70273327,70273328
50,125,count,-0.26,-0.38,-0.14,True,70273328,70273329
50,125,ocr,0.08,0.02,0.16,False,70273329,70273330
50,125,shape,-0.08,-0.2,0.04,False,70273330,70273331
50,125,spatial,0.26,0.14,0.38,False,70273331,70273332
50,126,color,0.14,0.0,0.28,False,70273426,70273427
50,126,coordinate,0.14,0.0,0.28,False,70273427,70273428
50,126,count,-0.22,-0.34,-0.1,True,70273428,70273429
50,126,ocr,0.04,-0.04,0.12,False,70273429,70273430
50,126,shape,-0.02,-0.12,0.08,False,70273430,70273431
50,126,spatial,0.34,0.22,0.46,False,70273431,70273432
50,127,color,0.26,0.08,0.42,False,70273526,70273527
50,127,coordinate,0.1,-0.06,0.26,False,70273527,70273528
50,127,count,-0.28,-0.4,-0.16,True,70273528,70273529
50,127,ocr,-0.06,-0.14,0.0,False,70273529,70273530
50,127,shape,0.0,-0.08,0.08,False,70273530,70273531
50,127,spatial,0.3,0.18,0.44,False,70273531,70273532
50,128,color,0.2,0.04,0.36,False,70273626,70273627
50,128,coordinate,0.06,-0.08,0.2,False,70273627,70273628
50,128,count,-0.3,-0.44,-0.18,True,70273628,70273629
50,128,ocr,0.08,-0.02,0.18,False,70273629,70273630
50,128,shape,-0.04,-0.16,0.08,False,70273630,70273631
50,128,spatial,0.28,0.16,0.42,False,70273631,70273632
50,129,color,0.3,0.14,0.44,False,70273726,70273727
50,129,coordinate,0.14,-0.02,0.3,False,70273727,70273728
50,129,count,-0.44,-0.58,-0.3,True,70273728,70273729
50,129,ocr,0.08,0.0,0.18,False,70273729,70273730
50,129,shape,-0.02,-0.12,0.08,False,70273730,70273731
50,129,spatial,0.22,0.12,0.34,False,70273731,70273732
50,130,color,0.2,0.04,0.36,False,70273826,70273827
50,130,coordinate,0.1,-0.04,0.22,False,70273827,70273828
50,130,count,-0.34,-0.48,-0.2,True,70273828,70273829
50,130,ocr,0.06,-0.04,0.16,False,70273829,70273830
50,130,shape,-0.04,-0.16,0.06,False,70273830,70273831
50,130,spatial,0.3,0.16,0.44,False,70273831,70273832
50,131,color,0.28,0.12,0.46,False,70273926,70273927
50,131,coordinate,0.1,-0.04,0.24,False,70273927,70273928
50,131,count,-0.34,-0.46,-0.2,True,70273928,70273929
50,131,ocr,0.04,-0.06,0.14,False,70273929,70273930
50,131,shape,-0.02,-0.12,0.06,False,70273930,70273931
50,131,spatial,0.26,0.14,0.38,False,70273931,70273932
50,132,color,0.1,-0.04,0.26,False,70274026,70274027
50,132,coordinate,0.12,-0.02,0.26,False,70274027,70274028
50,132,count,-0.32,-0.44,-0.2,True,70274028,70274029
50,132,ocr,0.1,0.02,0.18,False,70274029,70274030
50,132,shape,-0.04,-0.16,0.08,False,70274030,70274031
50,132,spatial,0.3,0.18,0.44,False,70274031,70274032
50,133,color,0.1,-0.04,0.24,False,70274126,70274127
50,133,coordinate,0.06,-0.12,0.22,False,70274127,70274128
50,133,count,-0.3,-0.44,-0.18,True,70274128,70274129
50,133,ocr,-0.02,-0.08,0.04,False,70274129,70274130
50,133,shape,0.04,-0.08,0.16,False,70274130,70274131
50,133,spatial,0.28,0.16,0.4,False,70274131,70274132
50,134,color,0.2,0.06,0.36,False,70274226,70274227
50,134,coordinate,-0.02,-0.2,0.16,False,70274227,70274228
50,134,count,-0.42,-0.56,-0.28,True,70274228,70274229
50,134,ocr,0.06,-0.02,0.14,False,70274229,70274230
50,134,shape,-0.1,-0.2,0.0,False,70274230,70274231
50,134,spatial,0.26,0.14,0.4,False,70274231,70274232
50,135,color,0.22,0.06,0.36,False,70274326,70274327
50,135,coordinate,0.04,-0.12,0.18,False,70274327,70274328
50,135,count,-0.26,-0.38,-0.14,True,70274328,70274329
50,135,ocr,0.02,-0.04,0.08,False,70274329,70274330
50,135,shape,-0.1,-0.2,0.0,False,70274330,70274331
50,135,spatial,0.36,0.24,0.5,False,70274331,70274332
50,136,color,0.1,-0.04,0.24,False,70274426,70274427
50,136,coordinate,0.02,-0.14,0.2,False,70274427,70274428
50,136,count,-0.32,-0.44,-0.2,True,70274428,70274429
50,136,ocr,0.04,-0.04,0.12,False,70274429,70274430
50,136,shape,-0.06,-0.18,0.06,False,70274430,70274431
50,136,spatial,0.28,0.16,0.4,False,70274431,70274432
50,137,color,0.24,0.12,0.38,False,70274526,70274527
50,137,coordinate,0.04,-0.12,0.2,False,70274527,70274528
50,137,count,-0.36,-0.5,-0.24,True,70274528,70274529
50,137,ocr,0.02,0.0,0.06,False,70274529,70274530
50,137,shape,-0.02,-0.14,0.1,False,70274530,70274531
50,137,spatial,0.28,0.16,0.4,False,70274531,70274532
50,138,color,0.18,0.0,0.36,False,70274626,70274627
50,138,coordinate,0.06,-0.12,0.22,False,70274627,70274628
50,138,count,-0.34,-0.48,-0.22,True,70274628,70274629
50,138,ocr,0.04,-0.04,0.12,False,70274629,70274630
50,138,shape,-0.04,-0.18,0.08,False,70274630,70274631
50,138,spatial,0.3,0.18,0.44,False,70274631,70274632
50,139,color,0.26,0.08,0.46,False,70274726,70274727
50,139,coordinate,0.06,-0.1,0.22,False,70274727,70274728
50,139,count,-0.22,-0.34,-0.12,True,70274728,70274729
50,139,ocr,0.02,-0.06,0.1,False,70274729,70274730
50,139,shape,-0.04,-0.16,0.1,False,70274730,70274731
50,139,spatial,0.28,0.16,0.42,False,70274731,70274732
50,140,color,0.16,0.0,0.32,False,70274826,70274827
50,140,coordinate,0.12,-0.04,0.28,False,70274827,70274828
50,140,count,-0.26,-0.38,-0.14,True,70274828,70274829
50,140,ocr,0.0,-0.08,0.08,False,70274829,70274830
50,140,shape,-0.06,-0.16,0.04,False,70274830,70274831
50,140,spatial,0.28,0.16,0.4,False,70274831,70274832
50,141,color,0.14,0.0,0.28,False,70274926,70274927
50,141,coordinate,-0.02,-0.16,0.12,False,70274927,70274928
50,141,count,-0.3,-0.42,-0.18,True,70274928,70274929
50,141,ocr,-0.02,-0.12,0.08,False,70274929,70274930
50,141,shape,0.04,-0.06,0.14,False,70274930,70274931
50,141,spatial,0.28,0.16,0.4,False,70274931,70274932
50,142,color,0.16,0.0,0.3,False,70275026,70275027
50,142,coordinate,0.1,-0.04,0.24,False,70275027,70275028
50,142,count,-0.32,-0.46,-0.2,True,70275028,70275029
50,142,ocr,-0.02,-0.1,0.04,False,70275029,70275030
50,142,shape,-0.06,-0.16,0.04,False,70275030,70275031
50,142,spatial,0.18,0.08,0.3,False,70275031,70275032
50,143,color,0.26,0.12,0.4,False,70275126,70275127
50,143,coordinate,0.12,-0.02,0.28,False,70275127,70275128
50,143,count,-0.36,-0.5,-0.24,True,70275128,70275129
50,143,ocr,0.02,-0.04,0.1,False,70275129,70275130
50,143,shape,-0.08,-0.2,0.04,False,70275130,70275131
50,143,spatial,0.32,0.2,0.46,False,70275131,70275132
50,144,color,0.2,0.06,0.36,False,70275226,70275227
50,144,coordinate,0.08,-0.08,0.24,False,70275227,70275228
50,144,count,-0.34,-0.48,-0.22,True,70275228,70275229
50,144,ocr,-0.02,-0.1,0.04,False,70275229,70275230
50,144,shape,0.0,-0.1,0.12,False,70275230,70275231
50,144,spatial,0.28,0.16,0.4,False,70275231,70275232
50,145,color,0.28,0.14,0.42,False,70275326,70275327
50,145,coordinate,0.12,0.0,0.26,False,70275327,70275328
50,145,count,-0.4,-0.54,-0.26,True,70275328,70275329
50,145,ocr,0.04,0.0,0.1,False,70275329,70275330
50,145,shape,-0.06,-0.16,0.04,False,70275330,70275331
50,145,spatial,0.26,0.14,0.38,False,70275331,70275332
50,146,color,0.12,-0.02,0.26,False,70275426,70275427
50,146,coordinate,0.12,-0.04,0.28,False,70275427,70275428
50,146,count,-0.32,-0.44,-0.2,True,70275428,70275429
50,146,ocr,0.0,-0.08,0.08,False,70275429,70275430
50,146,shape,-0.02,-0.12,0.08,False,70275430,70275431
50,146,spatial,0.22,0.12,0.34,False,70275431,70275432
50,147,color,0.18,0.02,0.34,False,70275526,70275527
50,147,coordinate,0.06,-0.1,0.24,False,70275527,70275528
50,147,count,-0.4,-0.54,-0.26,True,70275528,70275529
50,147,ocr,0.04,-0.04,0.12,False,70275529,70275530
50,147,shape,-0.08,-0.2,0.02,False,70275530,70275531
50,147,spatial,0.22,0.12,0.34,False,70275531,70275532
50,148,color,0.2,0.04,0.38,False,70275626,70275627
50,148,coordinate,0.1,-0.06,0.26,False,70275627,70275628
50,148,count,-0.38,-0.52,-0.26,True,70275628,70275629
50,148,ocr,0.06,0.0,0.14,False,70275629,70275630
50,148,shape,-0.1,-0.2,0.0,False,70275630,70275631
50,148,spatial,0.28,0.16,0.4,False,70275631,70275632
50,149,color,0.16,0.02,0.3,False,70275726,70275727
50,149,coordinate,0.02,-0.12,0.16,False,70275727,70275728
50,149,count,-0.42,-0.56,-0.28,True,70275728,70275729
50,149,ocr,0.02,-0.06,0.12,False,70275729,70275730
50,149,shape,-0.02,-0.1,0.08,False,70275730,70275731
50,149,spatial,0.28,0.16,0.4,False,70275731,70275732
50,150,color,0.26,0.1,0.42,False,70275826,70275827
50,150,coordinate,0.08,-0.06,0.24,False,70275827,70275828
50,150,count,-0.34,-0.48,-0.22,True,70275828,70275829
50,150,ocr,0.04,-0.04,0.12,False,70275829,70275830
50,150,shape,-0.04,-0.16,0.08,False,70275830,70275831
50,150,spatial,0.26,0.14,0.38,False,70275831,70275832
50,151,color,0.28,0.14,0.42,False,70275926,70275927
50,151,coordinate,0.08,-0.06,0.22,False,70275927,70275928
50,151,count,-0.26,-0.4,-0.14,True,70275928,70275929
50,151,ocr,0.06,-0.02,0.14,False,70275929,70275930
50,151,shape,-0.02,-0.12,0.08,False,70275930,70275931
50,151,spatial,0.16,0.06,0.28,False,70275931,70275932
50,152,color,0.2,0.04,0.36,False,70276026,70276027
50,152,coordinate,0.12,-0.02,0.26,False,70276027,70276028
50,152,count,-0.34,-0.48,-0.2,True,70276028,70276029
50,152,ocr,0.0,-0.1,0.1,False,70276029,70276030
50,152,shape,-0.14,-0.26,-0.02,True,70276030,70276031
50,152,spatial,0.2,0.1,0.32,False,70276031,70276032
50,153,color,0.22,0.08,0.38,False,70276126,70276127
50,153,coordinate,0.24,0.1,0.38,False,70276127,70276128
50,153,count,-0.38,-0.52,-0.24,True,70276128,70276129
50,153,ocr,0.02,-0.04,0.1,False,70276129,70276130
50,153,shape,-0.02,-0.12,0.08,False,70276130,70276131
50,153,spatial,0.3,0.18,0.42,False,70276131,70276132
50,154,color,0.18,0.02,0.34,False,70276226,70276227
50,154,coordinate,0.04,-0.1,0.18,False,70276227,70276228
50,154,count,-0.3,-0.42,-0.18,True,70276228,70276229
50,154,ocr,0.1,0.02,0.18,False,70276229,70276230
50,154,shape,-0.04,-0.14,0.06,False,70276230,70276231
50,154,spatial,0.28,0.16,0.4,False,70276231,70276232
50,155,color,0.2,0.02,0.36,False,70276326,70276327
50,155,coordinate,0.06,-0.08,0.2,False,70276327,70276328
50,155,count,-0.2,-0.32,-0.1,True,70276328,70276329
50,155,ocr,0.06,0.0,0.12,False,70276329,70276330
50,155,shape,-0.04,-0.16,0.08,False,70276330,70276331
50,155,spatial,0.34,0.2,0.48,False,70276331,70276332
50,156,color,0.22,0.06,0.38,False,70276426,70276427
50,156,coordinate,0.16,0.04,0.28,False,70276427,70276428
50,156,count,-0.3,-0.42,-0.18,True,70276428,70276429
50,156,ocr,0.1,0.02,0.18,False,70276429,70276430
50,156,shape,-0.02,-0.14,0.1,False,70276430,70276431
50,156,spatial,0.32,0.18,0.46,False,70276431,70276432
50,157,color,0.2,0.06,0.34,False,70276526,70276527
50,157,coordinate,0.12,-0.02,0.26,False,70276527,70276528
50,157,count,-0.22,-0.34,-0.12,True,70276528,70276529
50,157,ocr,0.0,-0.1,0.1,False,70276529,70276530
50,157,shape,-0.02,-0.12,0.08,False,70276530,70276531
50,157,spatial,0.28,0.16,0.42,False,70276531,70276532
50,158,color,0.28,0.12,0.44,False,70276626,70276627
50,158,coordinate,0.12,-0.02,0.26,False,70276627,70276628
50,158,count,-0.36,-0.5,-0.22,True,70276628,70276629
50,158,ocr,0.0,-0.08,0.08,False,70276629,70276630
50,158,shape,-0.06,-0.16,0.04,False,70276630,70276631
50,158,spatial,0.2,0.1,0.32,False,70276631,70276632
50,159,color,0.18,0.04,0.32,False,70276726,70276727
50,159,coordinate,0.04,-0.12,0.2,False,70276727,70276728
50,159,count,-0.34,-0.48,-0.22,True,70276728,70276729
50,159,ocr,0.02,-0.04,0.08,False,70276729,70276730
50,159,shape,-0.04,-0.14,0.06,False,70276730,70276731
50,159,spatial,0.26,0.14,0.38,False,70276731,70276732
50,160,color,0.1,-0.06,0.24,False,70276826,70276827
50,160,coordinate,-0.02,-0.16,0.12,False,70276827,70276828
50,160,count,-0.38,-0.52,-0.26,True,70276828,70276829
50,160,ocr,0.08,0.02,0.16,False,70276829,70276830
50,160,shape,-0.02,-0.1,0.06,False,70276830,70276831
50,160,spatial,0.2,0.1,0.32,False,70276831,70276832
50,161,color,0.22,0.08,0.36,False,70276926,70276927
50,161,coordinate,0.16,0.02,0.3,False,70276927,70276928
50,161,count,-0.5,-0.64,-0.36,True,70276928,70276929
50,161,ocr,0.02,0.0,0.06,False,70276929,70276930
50,161,shape,0.02,-0.06,0.12,False,70276930,70276931
50,161,spatial,0.28,0.16,0.4,False,70276931,70276932
50,162,color,0.08,-0.08,0.26,False,70277026,70277027
50,162,coordinate,0.12,-0.06,0.28,False,70277027,70277028
50,162,count,-0.32,-0.44,-0.2,True,70277028,70277029
50,162,ocr,0.04,-0.06,0.14,False,70277029,70277030
50,162,shape,-0.02,-0.14,0.1,False,70277030,70277031
50,162,spatial,0.14,0.06,0.24,False,70277031,70277032
50,163,color,0.22,0.08,0.36,False,70277126,70277127
50,163,coordinate,0.1,-0.04,0.24,False,70277127,70277128
50,163,count,-0.24,-0.36,-0.14,True,70277128,70277129
50,163,ocr,0.02,-0.06,0.1,False,70277129,70277130
50,163,shape,-0.08,-0.2,0.04,False,70277130,70277131
50,163,spatial,0.24,0.14,0.36,False,70277131,70277132
50,164,color,0.18,0.02,0.32,False,70277226,70277227
50,164,coordinate,0.04,-0.08,0.16,False,70277227,70277228
50,164,count,-0.22,-0.34,-0.12,True,70277228,70277229
50,164,ocr,0.04,-0.04,0.12,False,70277229,70277230
50,164,shape,0.02,-0.08,0.12,False,70277230,70277231
50,164,spatial,0.26,0.14,0.38,False,70277231,70277232
50,165,color,0.22,0.06,0.38,False,70277326,70277327
50,165,coordinate,0.14,-0.02,0.3,False,70277327,70277328
50,165,count,-0.32,-0.46,-0.2,True,70277328,70277329
50,165,ocr,0.0,-0.06,0.06,False,70277329,70277330
50,165,shape,-0.02,-0.12,0.06,False,70277330,70277331
50,165,spatial,0.34,0.22,0.46,False,70277331,70277332
50,166,color,0.28,0.12,0.44,False,70277426,70277427
50,166,coordinate,0.14,-0.02,0.28,False,70277427,70277428
50,166,count,-0.34,-0.48,-0.22,True,70277428,70277429
50,166,ocr,-0.02,-0.08,0.04,False,70277429,70277430
50,166,shape,-0.06,-0.16,0.04,False,70277430,70277431
50,166,spatial,0.28,0.16,0.4,False,70277431,70277432
50,167,color,0.16,0.02,0.3,False,70277526,70277527
50,167,coordinate,0.12,-0.02,0.26,False,70277527,70277528
50,167,count,-0.28,-0.42,-0.16,True,70277528,70277529
50,167,ocr,0.0,-0.08,0.08,False,70277529,70277530
50,167,shape,-0.06,-0.18,0.06,False,70277530,70277531
50,167,spatial,0.24,0.12,0.36,False,70277531,70277532
50,168,color,0.24,0.1,0.38,False,70277626,70277627
50,168,coordinate,0.0,-0.16,0.16,False,70277627,70277628
50,168,count,-0.38,-0.52,-0.24,True,70277628,70277629
50,168,ocr,0.08,0.0,0.18,False,70277629,70277630
50,168,shape,0.0,-0.12,0.12,False,70277630,70277631
50,168,spatial,0.24,0.12,0.36,False,70277631,70277632
50,169,color,0.04,-0.12,0.2,False,70277726,70277727
50,169,coordinate,0.1,-0.06,0.26,False,70277727,70277728
50,169,count,-0.3,-0.42,-0.18,True,70277728,70277729
50,169,ocr,0.02,-0.04,0.1,False,70277729,70277730
50,169,shape,-0.12,-0.24,0.0,False,70277730,70277731
50,169,spatial,0.2,0.1,0.32,False,70277731,70277732
50,170,color,0.16,-0.02,0.36,False,70277826,70277827
50,170,coordinate,0.0,-0.18,0.18,False,70277827,70277828
50,170,count,-0.34,-0.48,-0.22,True,70277828,70277829
50,170,ocr,-0.02,-0.1,0.06,False,70277829,70277830
50,170,shape,-0.06,-0.16,0.04,False,70277830,70277831
50,170,spatial,0.24,0.12,0.36,False,70277831,70277832
50,171,color,0.34,0.2,0.48,False,70277926,70277927
50,171,coordinate,0.06,-0.06,0.18,False,70277927,70277928
50,171,count,-0.22,-0.34,-0.12,True,70277928,70277929
50,171,ocr,0.02,-0.08,0.12,False,70277929,70277930
50,171,shape,0.0,-0.1,0.1,False,70277930,70277931
50,171,spatial,0.28,0.16,0.4,False,70277931,70277932
50,172,color,0.2,0.04,0.36,False,70278026,70278027
50,172,coordinate,-0.02,-0.18,0.12,False,70278027,70278028
50,172,count,-0.26,-0.38,-0.14,True,70278028,70278029
50,172,ocr,-0.02,-0.1,0.04,False,70278029,70278030
50,172,shape,-0.06,-0.16,0.04,False,70278030,70278031
50,172,spatial,0.16,0.06,0.26,False,70278031,70278032
50,173,color,0.22,0.08,0.36,False,70278126,70278127
50,173,coordinate,0.02,-0.16,0.18,False,70278127,70278128
50,173,count,-0.28,-0.42,-0.16,True,70278128,70278129
50,173,ocr,-0.06,-0.14,0.0,False,70278129,70278130
50,173,shape,-0.08,-0.2,0.04,False,70278130,70278131
50,173,spatial,0.2,0.1,0.32,False,70278131,70278132
50,174,color,0.32,0.16,0.48,False,70278226,70278227
50,174,coordinate,0.04,-0.08,0.18,False,70278227,70278228
50,174,count,-0.36,-0.5,-0.24,True,70278228,70278229
50,174,ocr,0.02,-0.06,0.1,False,70278229,70278230
50,174,shape,0.0,-0.08,0.08,False,70278230,70278231
50,174,spatial,0.36,0.22,0.5,False,70278231,70278232
50,175,color,0.16,0.0,0.32,False,70278326,70278327
50,175,coordinate,0.08,-0.06,0.22,False,70278327,70278328
50,175,count,-0.28,-0.4,-0.16,True,70278328,70278329
50,175,ocr,0.06,0.0,0.12,False,70278329,70278330
50,175,shape,-0.08,-0.18,0.0,False,70278330,70278331
50,175,spatial,0.26,0.14,0.38,False,70278331,70278332
50,176,color,0.1,-0.08,0.28,False,70278426,70278427
50,176,coordinate,0.06,-0.1,0.22,False,70278427,70278428
50,176,count,-0.24,-0.36,-0.12,True,70278428,70278429
50,176,ocr,0.06,-0.04,0.16,False,70278429,70278430
50,176,shape,0.0,-0.12,0.12,False,70278430,70278431
50,176,spatial,0.3,0.18,0.44,False,70278431,70278432
50,177,color,0.2,0.04,0.36,False,70278526,70278527
50,177,coordinate,0.2,0.04,0.34,False,70278527,70278528
50,177,count,-0.36,-0.5,-0.22,True,70278528,70278529
50,177,ocr,-0.04,-0.14,0.06,False,70278529,70278530
50,177,shape,0.02,-0.1,0.16,False,70278530,70278531
50,177,spatial,0.3,0.18,0.44,False,70278531,70278532
50,178,color,0.24,0.06,0.4,False,70278626,70278627
50,178,coordinate,0.1,-0.04,0.24,False,70278627,70278628
50,178,count,-0.28,-0.4,-0.16,True,70278628,70278629
50,178,ocr,0.0,-0.08,0.08,False,70278629,70278630
50,178,shape,-0.04,-0.16,0.08,False,70278630,70278631
50,178,spatial,0.28,0.16,0.4,False,70278631,70278632
50,179,color,0.16,-0.02,0.34,False,70278726,70278727
50,179,coordinate,0.1,-0.04,0.24,False,70278727,70278728
50,179,count,-0.34,-0.48,-0.22,True,70278728,70278729
50,179,ocr,0.06,-0.04,0.16,False,70278729,70278730
50,179,shape,-0.06,-0.18,0.06,False,70278730,70278731
50,179,spatial,0.26,0.14,0.38,False,70278731,70278732
50,180,color,0.16,0.02,0.3,False,70278826,70278827
50,180,coordinate,0.08,-0.06,0.22,False,70278827,70278828
50,180,count,-0.22,-0.34,-0.1,True,70278828,70278829
50,180,ocr,0.08,0.0,0.18,False,70278829,70278830
50,180,shape,0.0,-0.12,0.12,False,70278830,70278831
50,180,spatial,0.22,0.12,0.34,False,70278831,70278832
50,181,color,0.18,0.02,0.32,False,70278926,70278927
50,181,coordinate,0.2,0.06,0.34,False,70278927,70278928
50,181,count,-0.24,-0.36,-0.12,True,70278928,70278929
50,181,ocr,0.04,-0.04,0.12,False,70278929,70278930
50,181,shape,-0.08,-0.22,0.04,False,70278930,70278931
50,181,spatial,0.24,0.12,0.36,False,70278931,70278932
50,182,color,0.18,0.02,0.34,False,70279026,70279027
50,182,coordinate,0.08,-0.08,0.24,False,70279027,70279028
50,182,count,-0.3,-0.44,-0.18,True,70279028,70279029
50,182,ocr,0.08,0.02,0.16,False,70279029,70279030
50,182,shape,-0.1,-0.22,0.02,False,70279030,70279031
50,182,spatial,0.22,0.1,0.34,False,70279031,70279032
50,183,color,0.16,0.02,0.3,False,70279126,70279127
50,183,coordinate,0.04,-0.1,0.2,False,70279127,70279128
50,183,count,-0.4,-0.54,-0.26,True,70279128,70279129
50,183,ocr,0.08,0.02,0.16,False,70279129,70279130
50,183,shape,-0.04,-0.14,0.06,False,70279130,70279131
50,183,spatial,0.26,0.14,0.38,False,70279131,70279132
50,184,color,0.18,0.02,0.34,False,70279226,70279227
50,184,coordinate,0.06,-0.08,0.2,False,70279227,70279228
50,184,count,-0.14,-0.24,-0.04,True,70279228,70279229
50,184,ocr,0.02,-0.04,0.1,False,70279229,70279230
50,184,shape,0.02,-0.08,0.12,False,70279230,70279231
50,184,spatial,0.3,0.18,0.42,False,70279231,70279232
50,185,color,0.16,0.0,0.32,False,70279326,70279327
50,185,coordinate,0.08,-0.06,0.22,False,70279327,70279328
50,185,count,-0.4,-0.54,-0.26,True,70279328,70279329
50,185,ocr,0.04,-0.04,0.12,False,70279329,70279330
50,185,shape,0.06,-0.04,0.16,False,70279330,70279331
50,185,spatial,0.3,0.18,0.44,False,70279331,70279332
50,186,color,0.32,0.16,0.48,False,70279426,70279427
50,186,coordinate,0.18,0.02,0.34,False,70279427,70279428
50,186,count,-0.28,-0.4,-0.16,True,70279428,70279429
50,186,ocr,0.06,-0.02,0.14,False,70279429,70279430
50,186,shape,-0.02,-0.14,0.1,False,70279430,70279431
50,186,spatial,0.2,0.1,0.32,False,70279431,70279432
50,187,color,0.2,0.06,0.34,False,70279526,70279527
50,187,coordinate,0.16,0.0,0.32,False,70279527,70279528
50,187,count,-0.28,-0.4,-0.16,True,70279528,70279529
50,187,ocr,-0.02,-0.08,0.04,False,70279529,70279530
50,187,shape,-0.04,-0.12,0.04,False,70279530,70279531
50,187,spatial,0.2,0.1,0.32,False,70279531,70279532
50,188,color,0.28,0.1,0.44,False,70279626,70279627
50,188,coordinate,0.08,-0.06,0.22,False,70279627,70279628
50,188,count,-0.36,-0.5,-0.24,True,70279628,70279629
50,188,ocr,0.08,0.0,0.18,False,70279629,70279630
50,188,shape,-0.04,-0.16,0.06,False,70279630,70279631
50,188,spatial,0.22,0.1,0.34,False,70279631,70279632
50,189,color,0.24,0.1,0.38,False,70279726,70279727
50,189,coordinate,0.18,0.04,0.34,False,70279727,70279728
50,189,count,-0.34,-0.48,-0.22,True,70279728,70279729
50,189,ocr,0.06,-0.02,0.14,False,70279729,70279730
50,189,shape,-0.06,-0.14,0.02,False,70279730,70279731
50,189,spatial,0.2,0.1,0.32,False,70279731,70279732
50,190,color,0.32,0.18,0.46,False,70279826,70279827
50,190,coordinate,0.1,-0.04,0.24,False,70279827,70279828
50,190,count,-0.34,-0.48,-0.22,True,70279828,70279829
50,190,ocr,0.02,-0.06,0.1,False,70279829,70279830
50,190,shape,0.0,-0.12,0.14,False,70279830,70279831
50,190,spatial,0.26,0.14,0.38,False,70279831,70279832
50,191,color,0.2,0.02,0.36,False,70279926,70279927
50,191,coordinate,0.06,-0.1,0.22,False,70279927,70279928
50,191,count,-0.22,-0.34,-0.12,True,70279928,70279929
50,191,ocr,0.02,-0.04,0.08,False,70279929,70279930
50,191,shape,-0.1,-0.2,0.0,False,70279930,70279931
50,191,spatial,0.28,0.16,0.4,False,70279931,70279932
50,192,color,0.18,0.02,0.34,False,70280026,70280027
50,192,coordinate,0.02,-0.14,0.16,False,70280027,70280028
50,192,count,-0.3,-0.42,-0.18,True,70280028,70280029
50,192,ocr,0.06,-0.02,0.16,False,70280029,70280030
50,192,shape,-0.04,-0.14,0.06,False,70280030,70280031
50,192,spatial,0.24,0.12,0.36,False,70280031,70280032
50,193,color,0.2,0.02,0.38,False,70280126,70280127
50,193,coordinate,0.06,-0.08,0.2,False,70280127,70280128
50,193,count,-0.28,-0.4,-0.16,True,70280128,70280129
50,193,ocr,0.04,-0.04,0.14,False,70280129,70280130
50,193,shape,-0.08,-0.18,0.02,False,70280130,70280131
50,193,spatial,0.34,0.22,0.48,False,70280131,70280132
50,194,color,0.16,0.02,0.3,False,70280226,70280227
50,194,coordinate,0.12,0.0,0.24,False,70280227,70280228
50,194,count,-0.32,-0.46,-0.2,True,70280228,70280229
50,194,ocr,0.0,-0.08,0.08,False,70280229,70280230
50,194,shape,-0.02,-0.08,0.04,False,70280230,70280231
50,194,spatial,0.24,0.14,0.36,False,70280231,70280232
50,195,color,0.1,-0.08,0.28,False,70280326,70280327
50,195,coordinate,0.12,-0.02,0.26,False,70280327,70280328
50,195,count,-0.24,-0.36,-0.12,True,70280328,70280329
50,195,ocr,0.02,0.0,0.06,False,70280329,70280330
50,195,shape,-0.06,-0.18,0.06,False,70280330,70280331
50,195,spatial,0.22,0.12,0.34,False,70280331,70280332
50,196,color,0.22,0.1,0.34,False,70280426,70280427
50,196,coordinate,0.08,-0.06,0.24,False,70280427,70280428
50,196,count,-0.36,-0.5,-0.22,True,70280428,70280429
50,196,ocr,0.02,-0.04,0.08,False,70280429,70280430
50,196,shape,0.0,-0.1,0.1,False,70280430,70280431
50,196,spatial,0.28,0.16,0.4,False,70280431,70280432
50,197,color,0.12,-0.02,0.28,False,70280526,70280527
50,197,coordinate,0.16,0.04,0.3,False,70280527,70280528
50,197,count,-0.3,-0.42,-0.18,True,70280528,70280529
50,197,ocr,0.02,-0.04,0.1,False,70280529,70280530
50,197,shape,-0.02,-0.12,0.06,False,70280530,70280531
50,197,spatial,0.22,0.12,0.34,False,70280531,70280532
50,198,color,0.18,0.04,0.3,False,70280626,70280627
50,198,coordinate,0.04,-0.12,0.2,False,70280627,70280628
50,198,count,-0.26,-0.38,-0.14,True,70280628,70280629
50,198,ocr,0.0,-0.08,0.08,False,70280629,70280630
50,198,shape,-0.08,-0.16,-0.02,False,70280630,70280631
50,198,spatial,0.22,0.12,0.36,False,70280631,70280632
50,199,color,0.2,0.0,0.38,False,70280726,70280727
50,199,coordinate,-0.04,-0.2,0.12,False,70280727,70280728
50,199,count,-0.34,-0.48,-0.22,True,70280728,70280729
50,199,ocr,0.02,-0.04,0.1,False,70280729,70280730
50,199,shape,-0.06,-0.18,0.06,False,70280730,70280731
50,199,spatial,0.28,0.16,0.4,False,70280731,70280732
100,0,color,0.14,0.04,0.24,False,120260826,120260827
100,0,coordinate,0.11,0.0,0.22,False,120260827,120260828
100,0,count,-0.28,-0.37,-0.19,True,120260828,120260829
100,0,ocr,0.04,-0.02,0.11,False,120260829,120260830
100,0,shape,-0.04,-0.12,0.04,False,120260830,120260831
100,0,spatial,0.24,0.16,0.33,False,120260831,120260832
100,1,color,0.19,0.09,0.3,False,120260926,120260927
100,1,coordinate,0.03,-0.08,0.13,False,120260927,120260928
100,1,count,-0.29,-0.38,-0.2,True,120260928,120260929
100,1,ocr,0.06,0.0,0.13,False,120260929,120260930
100,1,shape,-0.05,-0.13,0.03,False,120260930,120260931
100,1,spatial,0.33,0.24,0.42,False,120260931,120260932
100,2,color,0.2,0.09,0.31,False,120261026,120261027
100,2,coordinate,0.09,-0.01,0.19,False,120261027,120261028
100,2,count,-0.28,-0.37,-0.19,True,120261028,120261029
100,2,ocr,0.03,-0.01,0.08,False,120261029,120261030
100,2,shape,-0.05,-0.14,0.04,False,120261030,120261031
100,2,spatial,0.25,0.17,0.33,False,120261031,120261032
100,3,color,0.17,0.05,0.29,False,120261126,120261127
100,3,coordinate,0.17,0.06,0.28,False,120261127,120261128
100,3,count,-0.24,-0.32,-0.16,True,120261128,120261129
100,3,ocr,0.06,0.01,0.11,False,120261129,120261130
100,3,shape,-0.04,-0.13,0.05,False,120261130,120261131
100,3,spatial,0.3,0.21,0.39,False,120261131,120261132
100,4,color,0.2,0.09,0.31,False,120261226,120261227
100,4,coordinate,0.11,-0.01,0.23,False,120261227,120261228
100,4,count,-0.32,-0.41,-0.23,True,120261228,120261229
100,4,ocr,0.04,0.0,0.09,False,120261229,120261230
100,4,shape,-0.07,-0.16,0.01,False,120261230,120261231
100,4,spatial,0.28,0.19,0.37,False,120261231,120261232
100,5,color,0.23,0.12,0.34,False,120261326,120261327
100,5,coordinate,0.18,0.08,0.28,False,120261327,120261328
100,5,count,-0.31,-0.4,-0.22,True,120261328,120261329
100,5,ocr,0.04,-0.01,0.09,False,120261329,120261330
100,5,shape,0.01,-0.06,0.07,False,120261330,120261331
100,5,spatial,0.27,0.19,0.36,False,120261331,120261332
100,6,color,0.19,0.09,0.3,False,120261426,120261427
100,6,coordinate,0.12,0.02,0.23,False,120261427,120261428
100,6,count,-0.3,-0.39,-0.21,True,120261428,120261429
100,6,ocr,0.03,-0.03,0.09,False,120261429,120261430
100,6,shape,-0.01,-0.09,0.07,False,120261430,120261431
100,6,spatial,0.2,0.12,0.28,False,120261431,120261432
100,7,color,0.2,0.08,0.32,False,120261526,120261527
100,7,coordinate,0.08,-0.03,0.18,False,120261527,120261528
100,7,count,-0.37,-0.47,-0.28,True,120261528,120261529
100,7,ocr,0.01,-0.05,0.07,False,120261529,120261530
100,7,shape,0.01,-0.07,0.09,False,120261530,120261531
100,7,spatial,0.26,0.17,0.35,False,120261531,120261532
100,8,color,0.14,0.04,0.25,False,120261626,120261627
100,8,coordinate,0.15,0.05,0.26,False,120261627,120261628
100,8,count,-0.3,-0.39,-0.21,True,120261628,120261629
100,8,ocr,0.02,-0.03,0.07,False,120261629,120261630
100,8,shape,-0.02,-0.1,0.06,False,120261630,120261631
100,8,spatial,0.28,0.2,0.37,False,120261631,120261632
100,9,color,0.2,0.09,0.31,False,120261726,120261727
100,9,coordinate,0.08,-0.02,0.18,False,120261727,120261728
100,9,count,-0.28,-0.37,-0.2,True,120261728,120261729
100,9,ocr,0.07,0.01,0.13,False,120261729,120261730
100,9,shape,-0.04,-0.12,0.04,False,120261730,120261731
100,9,spatial,0.28,0.19,0.37,False,120261731,120261732
100,10,color,0.27,0.17,0.36,False,120261826,120261827
100,10,coordinate,0.13,0.02,0.24,False,120261827,120261828
100,10,count,-0.31,-0.41,-0.22,True,120261828,120261829
100,10,ocr,0.01,-0.03,0.05,False,120261829,120261830
100,10,shape,-0.05,-0.13,0.03,False,120261830,120261831
100,10,spatial,0.23,0.15,0.31,False,120261831,120261832
100,11,color,0.18,0.06,0.3,False,120261926,120261927
100,11,coordinate,0.08,-0.03,0.19,False,120261927,120261928
100,11,count,-0.3,-0.39,-0.21,True,120261928,120261929
100,11,ocr,0.04,-0.02,0.1,False,120261929,120261930
100,11,shape,-0.02,-0.09,0.05,False,120261930,120261931
100,11,spatial,0.24,0.16,0.33,False,120261931,120261932
100,12,color,0.18,0.07,0.29,False,120262026,120262027
100,12,coordinate,0.11,-0.01,0.23,False,120262027,120262028
100,12,count,-0.25,-0.34,-0.17,True,120262028,120262029
100,12,ocr,0.01,-0.06,0.07,False,120262029,120262030
100,12,shape,-0.08,-0.15,-0.02,False,120262030,120262031
100,12,spatial,0.27,0.18,0.36,False,120262031,120262032
100,13,color,0.16,0.04,0.28,False,120262126,120262127
100,13,coordinate,0.11,0.01,0.21,False,120262127,120262128
100,13,count,-0.33,-0.42,-0.24,True,120262128,120262129
100,13,ocr,0.05,0.0,0.1,False,120262129,120262130
100,13,shape,-0.05,-0.13,0.03,False,120262130,120262131
100,13,spatial,0.31,0.22,0.4,False,120262131,120262132
100,14,color,0.19,0.07,0.31,False,120262226,120262227
100,14,coordinate,0.16,0.05,0.27,False,120262227,120262228
100,14,count,-0.37,-0.47,-0.27,True,120262228,120262229
100,14,ocr,0.04,-0.02,0.1,False,120262229,120262230
100,14,shape,-0.03,-0.11,0.05,False,120262230,120262231
100,14,spatial,0.27,0.18,0.36,False,120262231,120262232
100,15,color,0.22,0.11,0.33,False,120262326,120262327
100,15,coordinate,0.04,-0.08,0.15,False,120262327,120262328
100,15,count,-0.28,-0.37,-0.19,True,120262328,120262329
100,15,ocr,0.01,-0.05,0.07,False,120262329,120262330
100,15,shape,-0.02,-0.09,0.05,False,120262330,120262331
100,15,spatial,0.25,0.16,0.34,False,120262331,120262332
100,16,color,0.16,0.04,0.28,False,120262426,120262427
100,16,coordinate,0.1,-0.01,0.21,False,120262427,120262428
100,16,count,-0.35,-0.45,-0.25,True,120262428,120262429
100,16,ocr,0.04,-0.02,0.11,False,120262429,120262430
100,16,shape,-0.03,-0.11,0.05,False,120262430,120262431
100,16,spatial,0.24,0.16,0.33,False,120262431,120262432
100,17,color,0.18,0.07,0.29,False,120262526,120262527
100,17,coordinate,0.11,-0.01,0.23,False,120262527,120262528
100,17,count,-0.27,-0.36,-0.19,True,120262528,120262529
100,17,ocr,0.04,-0.01,0.1,False,120262529,120262530
100,17,shape,-0.06,-0.14,0.02,False,120262530,120262531
100,17,spatial,0.2,0.12,0.28,False,120262531,120262532
100,18,color,0.22,0.1,0.35,False,120262626,120262627
100,18,coordinate,0.07,-0.03,0.17,False,120262627,120262628
100,18,count,-0.32,-0.42,-0.23,True,120262628,120262629
100,18,ocr,0.05,0.0,0.1,False,120262629,120262630
100,18,shape,0.01,-0.07,0.09,False,120262630,120262631
100,18,spatial,0.24,0.16,0.33,False,120262631,120262632
100,19,color,0.23,0.13,0.35,False,120262726,120262727
100,19,coordinate,0.13,0.02,0.24,False,120262727,120262728
100,19,count,-0.3,-0.39,-0.21,True,120262728,120262729
100,19,ocr,0.03,-0.04,0.1,False,120262729,120262730
100,19,shape,-0.05,-0.14,0.03,False,120262730,120262731
100,19,spatial,0.24,0.16,0.32,False,120262731,120262732
100,20,color,0.18,0.08,0.28,False,120262826,120262827
100,20,coordinate,0.1,-0.01,0.21,False,120262827,120262828
100,20,count,-0.23,-0.32,-0.15,True,120262828,120262829
100,20,ocr,0.05,0.0,0.11,False,120262829,120262830
100,20,shape,-0.02,-0.1,0.06,False,120262830,120262831
100,20,spatial,0.24,0.16,0.33,False,120262831,120262832
100,21,color,0.19,0.08,0.29,False,120262926,120262927
100,21,coordinate,0.05,-0.05,0.16,False,120262927,120262928
100,21,count,-0.3,-0.39,-0.21,True,120262928,120262929
100,21,ocr,0.01,-0.05,0.07,False,120262929,120262930
100,21,shape,-0.02,-0.09,0.05,False,120262930,120262931
100,21,spatial,0.25,0.17,0.34,False,120262931,120262932
100,22,color,0.18,0.07,0.29,False,120263026,120263027
100,22,coordinate,0.11,0.0,0.22,False,120263027,120263028
100,22,count,-0.23,-0.32,-0.16,True,120263028,120263029
100,22,ocr,0.02,-0.04,0.08,False,120263029,120263030
100,22,shape,-0.06,-0.13,0.0,False,120263030,120263031
100,22,spatial,0.22,0.14,0.3,False,120263031,120263032
100,23,color,0.24,0.13,0.35,False,120263126,120263127
100,23,coordinate,0.1,0.01,0.2,False,120263127,120263128
100,23,count,-0.32,-0.42,-0.23,True,120263128,120263129
100,23,ocr,-0.01,-0.07,0.05,False,120263129,120263130
100,23,shape,0.04,-0.02,0.11,False,120263130,120263131
100,23,spatial,0.28,0.2,0.38,False,120263131,120263132
100,24,color,0.19,0.08,0.3,False,120263226,120263227
100,24,coordinate,0.03,-0.08,0.13,False,120263227,120263228
100,24,count,-0.29,-0.38,-0.2,True,120263228,120263229
100,24,ocr,0.0,-0.05,0.05,False,120263229,120263230
100,24,shape,-0.04,-0.12,0.03,False,120263230,120263231
100,24,spatial,0.25,0.17,0.34,False,120263231,120263232
100,25,color,0.25,0.15,0.36,False,120263326,120263327
100,25,coordinate,0.06,-0.05,0.16,False,120263327,120263328
100,25,count,-0.25,-0.34,-0.17,True,120263328,120263329
100,25,ocr,0.04,-0.01,0.1,False,120263329,120263330
100,25,shape,-0.06,-0.13,0.01,False,120263330,120263331
100,25,spatial,0.23,0.15,0.31,False,120263331,120263332
100,26,color,0.23,0.12,0.34,False,120263426,120263427
100,26,coordinate,0.03,-0.07,0.13,False,120263427,120263428
100,26,count,-0.28,-0.37,-0.19,True,120263428,120263429
100,26,ocr,0.06,0.0,0.12,False,120263429,120263430
100,26,shape,-0.04,-0.12,0.04,False,120263430,120263431
100,26,spatial,0.24,0.16,0.33,False,120263431,120263432
100,27,color,0.23,0.11,0.35,False,120263526,120263527
100,27,coordinate,0.03,-0.08,0.14,False,120263527,120263528
100,27,count,-0.27,-0.36,-0.18,True,120263528,120263529
100,27,ocr,0.05,0.0,0.1,False,120263529,120263530
100,27,shape,-0.07,-0.15,0.01,False,120263530,120263531
100,27,spatial,0.31,0.22,0.41,False,120263531,120263532
100,28,color,0.16,0.06,0.27,False,120263626,120263627
100,28,coordinate,0.11,-0.01,0.23,False,120263627,120263628
100,28,count,-0.29,-0.38,-0.2,True,120263628,120263629
100,28,ocr,0.03,-0.02,0.09,False,120263629,120263630
100,28,shape,-0.06,-0.14,0.03,False,120263630,120263631
100,28,spatial,0.2,0.12,0.28,False,120263631,120263632
100,29,color,0.19,0.08,0.29,False,120263726,120263727
100,29,coordinate,0.04,-0.07,0.15,False,120263727,120263728
100,29,count,-0.28,-0.37,-0.19,True,120263728,120263729
100,29,ocr,0.02,-0.05,0.09,False,120263729,120263730
100,29,shape,-0.01,-0.09,0.06,False,120263730,120263731
100,29,spatial,0.24,0.16,0.32,False,120263731,120263732
100,30,color,0.13,0.01,0.24,False,120263826,120263827
100,30,coordinate,0.2,0.09,0.32,False,120263827,120263828
100,30,count,-0.27,-0.35,-0.18,True,120263828,120263829
100,30,ocr,0.04,0.0,0.09,False,120263829,120263830
100,30,shape,-0.07,-0.15,0.01,False,120263830,120263831
100,30,spatial,0.28,0.19,0.37,False,120263831,120263832
100,31,color,0.15,0.03,0.26,False,120263926,120263927
100,31,coordinate,0.07,-0.04,0.18,False,120263927,120263928
100,31,count,-0.28,-0.37,-0.2,True,120263928,120263929
100,31,ocr,0.04,-0.03,0.11,False,120263929,120263930
100,31,shape,-0.04,-0.11,0.02,False,120263930,120263931
100,31,spatial,0.19,0.12,0.27,False,120263931,120263932
100,32,color,0.2,0.09,0.3,False,120264026,120264027
100,32,coordinate,0.07,-0.04,0.17,False,120264027,120264028
100,32,count,-0.27,-0.36,-0.18,True,120264028,120264029
100,32,ocr,0.06,-0.01,0.12,False,120264029,120264030
100,32,shape,-0.08,-0.15,-0.02,False,120264030,120264031
100,32,spatial,0.24,0.16,0.33,False,120264031,120264032
100,33,color,0.16,0.05,0.26,False,120264126,120264127
100,33,coordinate,0.14,0.02,0.26,False,120264127,120264128
100,33,count,-0.3,-0.4,-0.21,True,120264128,120264129
100,33,ocr,0.05,0.0,0.11,False,120264129,120264130
100,33,shape,-0.05,-0.12,0.02,False,120264130,120264131
100,33,spatial,0.26,0.17,0.35,False,120264131,120264132
100,34,color,0.2,0.09,0.32,False,120264226,120264227
100,34,coordinate,0.1,0.01,0.19,False,120264227,120264228
100,34,count,-0.27,-0.36,-0.19,True,120264228,120264229
100,34,ocr,0.04,-0.02,0.1,False,120264229,120264230
100,34,shape,-0.04,-0.11,0.03,False,120264230,120264231
100,34,spatial,0.26,0.18,0.35,False,120264231,120264232
100,35,color,0.14,0.03,0.26,False,120264326,120264327
100,35,coordinate,0.11,0.0,0.22,False,120264327,120264328
100,35,count,-0.26,-0.35,-0.18,True,120264328,120264329
100,35,ocr,0.05,-0.01,0.11,False,120264329,120264330
100,35,shape,-0.02,-0.09,0.06,False,120264330,120264331
100,35,spatial,0.24,0.16,0.33,False,120264331,120264332
100,36,color,0.2,0.07,0.32,False,120264426,120264427
100,36,coordinate,0.06,-0.05,0.17,False,120264427,120264428
100,36,count,-0.34,-0.44,-0.25,True,120264428,120264429
100,36,ocr,0.02,-0.03,0.07,False,120264429,120264430
100,36,shape,-0.01,-0.08,0.06,False,120264430,120264431
100,36,spatial,0.25,0.17,0.34,False,120264431,120264432
100,37,color,0.1,-0.01,0.21,False,120264526,120264527
100,37,coordinate,0.13,0.01,0.25,False,120264527,120264528
100,37,count,-0.31,-0.4,-0.22,True,120264528,120264529
100,37,ocr,0.02,-0.03,0.08,False,120264529,120264530
100,37,shape,-0.01,-0.08,0.06,False,120264530,120264531
100,37,spatial,0.26,0.17,0.35,False,120264531,120264532
100,38,color,0.17,0.07,0.28,False,120264626,120264627
100,38,coordinate,0.06,-0.05,0.17,False,120264627,120264628
100,38,count,-0.29,-0.38,-0.2,True,120264628,120264629
100,38,ocr,0.0,-0.05,0.05,False,120264629,120264630
100,38,shape,-0.03,-0.12,0.05,False,120264630,120264631
100,38,spatial,0.25,0.17,0.34,False,120264631,120264632
100,39,color,0.16,0.05,0.27,False,120264726,120264727
100,39,coordinate,0.1,-0.01,0.22,False,120264727,120264728
100,39,count,-0.26,-0.35,-0.18,True,120264728,120264729
100,39,ocr,0.04,-0.02,0.1,False,120264729,120264730
100,39,shape,-0.03,-0.1,0.04,False,120264730,120264731
100,39,spatial,0.24,0.16,0.32,False,120264731,120264732
100,40,color,0.21,0.1,0.32,False,120264826,120264827
100,40,coordinate,0.07,-0.04,0.18,False,120264827,120264828
100,40,count,-0.29,-0.38,-0.21,True,120264828,120264829
100,40,ocr,0.04,-0.02,0.1,False,120264829,120264830
100,40,shape,-0.06,-0.14,0.02,False,120264830,120264831
100,40,spatial,0.28,0.2,0.37,False,120264831,120264832
100,41,color,0.17,0.07,0.27,False,120264926,120264927
100,41,coordinate,0.04,-0.06,0.14,False,120264927,120264928
100,41,count,-0.33,-0.42,-0.23,True,120264928,120264929
100,41,ocr,0.04,0.01,0.08,False,120264929,120264930
100,41,shape,-0.05,-0.13,0.03,False,120264930,120264931
100,41,spatial,0.27,0.19,0.36,False,120264931,120264932
100,42,color,0.23,0.12,0.35,False,120265026,120265027
100,42,coordinate,0.07,-0.03,0.17,False,120265027,120265028
100,42,count,-0.33,-0.43,-0.24,True,120265028,120265029
100,42,ocr,0.04,-0.03,0.11,False,120265029,120265030
100,42,shape,0.0,-0.08,0.08,False,120265030,120265031
100,42,spatial,0.25,0.17,0.33,False,120265031,120265032
100,43,color,0.19,0.07,0.31,False,120265126,120265127
100,43,coordinate,0.12,0.02,0.23,False,120265127,120265128
100,43,count,-0.25,-0.33,-0.17,True,120265128,120265129
100,43,ocr,0.06,-0.01,0.13,False,120265129,120265130
100,43,shape,-0.07,-0.15,0.02,False,120265130,120265131
100,43,spatial,0.21,0.13,0.29,False,120265131,120265132
100,44,color,0.24,0.14,0.35,False,120265226,120265227
100,44,coordinate,0.15,0.04,0.26,False,120265227,120265228
100,44,count,-0.28,-0.37,-0.19,True,120265228,120265229
100,44,ocr,0.04,-0.02,0.1,False,120265229,120265230
100,44,shape,-0.09,-0.17,-0.01,False,120265230,120265231
100,44,spatial,0.28,0.2,0.36,False,120265231,120265232
100,45,color,0.16,0.04,0.28,False,120265326,120265327
100,45,coordinate,0.1,-0.01,0.21,False,120265327,120265328
100,45,count,-0.34,-0.44,-0.25,True,120265328,120265329
100,45,ocr,0.05,0.0,0.1,False,120265329,120265330
100,45,shape,0.06,0.0,0.12,False,120265330,120265331
100,45,spatial,0.2,0.12,0.28,False,120265331,120265332
100,46,color,0.22,0.12,0.32,False,120265426,120265427
100,46,coordinate,0.08,-0.02,0.18,False,120265427,120265428
100,46,count,-0.33,-0.42,-0.23,True,120265428,120265429
100,46,ocr,0.05,-0.01,0.12,False,120265429,120265430
100,46,shape,-0.08,-0.16,0.0,False,120265430,120265431
100,46,spatial,0.28,0.19,0.38,False,120265431,120265432
100,47,color,0.18,0.08,0.29,False,120265526,120265527
100,47,coordinate,0.08,-0.03,0.2,False,120265527,120265528
100,47,count,-0.33,-0.42,-0.24,True,120265528,120265529
100,47,ocr,0.02,-0.03,0.07,False,120265529,120265530
100,47,shape,-0.07,-0.15,0.0,False,120265530,120265531
100,47,spatial,0.24,0.16,0.33,False,120265531,120265532
100,48,color,0.18,0.07,0.29,False,120265626,120265627
100,48,coordinate,0.14,0.03,0.25,False,120265627,120265628
100,48,count,-0.27,-0.36,-0.19,True,120265628,120265629
100,48,ocr,0.03,-0.03,0.09,False,120265629,120265630
100,48,shape,-0.01,-0.08,0.06,False,120265630,120265631
100,48,spatial,0.26,0.17,0.35,False,120265631,120265632
100,49,color,0.16,0.05,0.28,False,120265726,120265727
100,49,coordinate,0.08,-0.03,0.19,False,120265727,120265728
100,49,count,-0.31,-0.4,-0.22,True,120265728,120265729
100,49,ocr,0.03,-0.03,0.09,False,120265729,120265730
100,49,shape,0.0,-0.07,0.07,False,120265730,120265731
100,49,spatial,0.26,0.18,0.34,False,120265731,120265732
100,50,color,0.12,0.01,0.23,False,120265826,120265827
100,50,coordinate,0.14,0.04,0.24,False,120265827,120265828
100,50,count,-0.28,-0.37,-0.19,True,120265828,120265829
100,50,ocr,0.02,-0.04,0.08,False,120265829,120265830
100,50,shape,-0.03,-0.11,0.06,False,120265830,120265831
100,50,spatial,0.22,0.14,0.31,False,120265831,120265832
100,51,color,0.18,0.06,0.3,False,120265926,120265927
100,51,coordinate,0.05,-0.04,0.14,False,120265927,120265928
100,51,count,-0.3,-0.39,-0.21,True,120265928,120265929
100,51,ocr,0.02,-0.05,0.08,False,120265929,120265930
100,51,shape,-0.06,-0.14,0.01,False,120265930,120265931
100,51,spatial,0.27,0.19,0.36,False,120265931,120265932
100,52,color,0.17,0.05,0.29,False,120266026,120266027
100,52,coordinate,0.1,-0.01,0.21,False,120266027,120266028
100,52,count,-0.29,-0.38,-0.2,True,120266028,120266029
100,52,ocr,0.01,-0.05,0.07,False,120266029,120266030
100,52,shape,-0.02,-0.1,0.06,False,120266030,120266031
100,52,spatial,0.18,0.11,0.26,False,120266031,120266032
100,53,color,0.22,0.11,0.33,False,120266126,120266127
100,53,coordinate,0.1,-0.01,0.2,False,120266127,120266128
100,53,count,-0.34,-0.43,-0.25,True,120266128,120266129
100,53,ocr,0.01,-0.05,0.07,False,120266129,120266130
100,53,shape,-0.07,-0.16,0.01,False,120266130,120266131
100,53,spatial,0.22,0.14,0.3,False,120266131,120266132
100,54,color,0.18,0.06,0.29,False,120266226,120266227
100,54,coordinate,0.14,0.04,0.24,False,120266227,120266228
100,54,count,-0.28,-0.37,-0.2,True,120266228,120266229
100,54,ocr,0.05,-0.01,0.11,False,120266229,120266230
100,54,shape,-0.01,-0.08,0.07,False,120266230,120266231
100,54,spatial,0.25,0.17,0.34,False,120266231,120266232
100,55,color,0.21,0.1,0.32,False,120266326,120266327
100,55,coordinate,0.11,0.01,0.21,False,120266327,120266328
100,55,count,-0.3,-0.39,-0.21,True,120266328,120266329
100,55,ocr,0.05,-0.01,0.11,False,120266329,120266330
100,55,shape,-0.06,-0.13,0.01,False,120266330,120266331
100,55,spatial,0.26,0.17,0.36,False,120266331,120266332
100,56,color,0.17,0.06,0.28,False,120266426,120266427
100,56,coordinate,0.03,-0.08,0.14,False,120266427,120266428
100,56,count,-0.26,-0.35,-0.18,True,120266428,120266429
100,56,ocr,0.07,0.02,0.12,False,120266429,120266430
100,56,shape,-0.03,-0.11,0.04,False,120266430,120266431
100,56,spatial,0.23,0.15,0.31,False,120266431,120266432
100,57,color,0.15,0.04,0.27,False,120266526,120266527
100,57,coordinate,0.03,-0.08,0.13,False,120266527,120266528
100,57,count,-0.32,-0.41,-0.23,True,120266528,120266529
100,57,ocr,0.0,-0.06,0.06,False,120266529,120266530
100,57,shape,-0.07,-0.15,0.01,False,120266530,120266531
100,57,spatial,0.22,0.14,0.3,False,120266531,120266532
100,58,color,0.21,0.09,0.33,False,120266626,120266627
100,58,coordinate,0.12,0.01,0.23,False,120266627,120266628
100,58,count,-0.25,-0.34,-0.17,True,120266628,120266629
100,58,ocr,0.07,0.02,0.13,False,120266629,120266630
100,58,shape,-0.03,-0.11,0.04,False,120266630,120266631
100,58,spatial,0.3,0.22,0.39,False,120266631,120266632
100,59,color,0.21,0.11,0.32,False,120266726,120266727
100,59,coordinate,0.09,-0.02,0.19,False,120266727,120266728
100,59,count,-0.33,-0.42,-0.24,True,120266728,120266729
100,59,ocr,0.05,-0.01,0.11,False,120266729,120266730
100,59,shape,-0.03,-0.11,0.04,False,120266730,120266731
100,59,spatial,0.24,0.16,0.33,False,120266731,120266732
100,60,color,0.2,0.09,0.3,False,120266826,120266827
100,60,coordinate,0.04,-0.06,0.15,False,120266827,120266828
100,60,count,-0.27,-0.36,-0.19,True,120266828,120266829
100,60,ocr,0.04,-0.01,0.09,False,120266829,120266830
100,60,shape,-0.03,-0.1,0.04,False,120266830,120266831
100,60,spatial,0.27,0.19,0.36,False,120266831,120266832
100,61,color,0.27,0.16,0.38,False,120266926,120266927
100,61,coordinate,0.15,0.04,0.26,False,120266927,120266928
100,61,count,-0.36,-0.46,-0.27,True,120266928,120266929
100,61,ocr,0.03,-0.03,0.09,False,120266929,120266930
100,61,shape,-0.03,-0.1,0.04,False,120266930,120266931
100,61,spatial,0.22,0.14,0.3,False,120266931,120266932
100,62,color,0.15,0.04,0.26,False,120267026,120267027
100,62,coordinate,0.15,0.05,0.26,False,120267027,120267028
100,62,count,-0.27,-0.36,-0.18,True,120267028,120267029
100,62,ocr,0.04,-0.02,0.1,False,120267029,120267030
100,62,shape,-0.05,-0.13,0.03,False,120267030,120267031
100,62,spatial,0.22,0.14,0.3,False,120267031,120267032
100,63,color,0.24,0.13,0.35,False,120267126,120267127
100,63,coordinate,0.13,0.02,0.24,False,120267127,120267128
100,63,count,-0.27,-0.36,-0.19,True,120267128,120267129
100,63,ocr,0.03,-0.03,0.09,False,120267129,120267130
100,63,shape,-0.04,-0.11,0.03,False,120267130,120267131
100,63,spatial,0.24,0.16,0.33,False,120267131,120267132
100,64,color,0.21,0.09,0.33,False,120267226,120267227
100,64,coordinate,0.11,0.01,0.21,False,120267227,120267228
100,64,count,-0.31,-0.41,-0.22,True,120267228,120267229
100,64,ocr,0.0,-0.05,0.05,False,120267229,120267230
100,64,shape,-0.01,-0.1,0.07,False,120267230,120267231
100,64,spatial,0.29,0.2,0.38,False,120267231,120267232
100,65,color,0.19,0.08,0.31,False,120267326,120267327
100,65,coordinate,0.03,-0.08,0.13,False,120267327,120267328
100,65,count,-0.33,-0.42,-0.24,True,120267328,120267329
100,65,ocr,0.02,-0.03,0.08,False,120267329,120267330
100,65,shape,-0.06,-0.14,0.01,False,120267330,120267331
100,65,spatial,0.26,0.18,0.35,False,120267331,120267332
100,66,color,0.17,0.07,0.28,False,120267426,120267427
100,66,coordinate,0.13,0.03,0.23,False,120267427,120267428
100,66,count,-0.27,-0.36,-0.19,True,120267428,120267429
100,66,ocr,0.01,-0.05,0.07,False,120267429,120267430
100,66,shape,-0.04,-0.11,0.03,False,120267430,120267431
100,66,spatial,0.2,0.12,0.28,False,120267431,120267432
100,67,color,0.23,0.12,0.34,False,120267526,120267527
100,67,coordinate,0.12,0.02,0.22,False,120267527,120267528
100,67,count,-0.31,-0.4,-0.22,True,120267528,120267529
100,67,ocr,0.03,-0.01,0.07,False,120267529,120267530
100,67,shape,0.0,-0.08,0.08,False,120267530,120267531
100,67,spatial,0.29,0.2,0.38,False,120267531,120267532
100,68,color,0.16,0.05,0.27,False,120267626,120267627
100,68,coordinate,0.11,0.01,0.21,False,120267627,120267628
100,68,count,-0.29,-0.38,-0.2,True,120267628,120267629
100,68,ocr,0.03,-0.03,0.09,False,120267629,120267630
100,68,shape,-0.02,-0.11,0.07,False,120267630,120267631
100,68,spatial,0.24,0.16,0.33,False,120267631,120267632
100,69,color,0.26,0.14,0.37,False,120267726,120267727
100,69,coordinate,0.09,-0.02,0.19,False,120267727,120267728
100,69,count,-0.35,-0.44,-0.25,True,120267728,120267729
100,69,ocr,-0.01,-0.06,0.04,False,120267729,120267730
100,69,shape,-0.01,-0.09,0.07,False,120267730,120267731
100,69,spatial,0.26,0.18,0.35,False,120267731,120267732
100,70,color,0.14,0.04,0.24,False,120267826,120267827
100,70,coordinate,0.04,-0.06,0.14,False,120267827,120267828
100,70,count,-0.3,-0.39,-0.21,True,120267828,120267829
100,70,ocr,-0.01,-0.03,0.0,False,120267829,120267830
100,70,shape,-0.02,-0.1,0.05,False,120267830,120267831
100,70,spatial,0.24,0.16,0.32,False,120267831,120267832
100,71,color,0.27,0.16,0.39,False,120267926,120267927
100,71,coordinate,0.14,0.02,0.25,False,120267927,120267928
100,71,count,-0.32,-0.41,-0.23,True,120267928,120267929
100,71,ocr,0.03,-0.03,0.09,False,120267929,120267930
100,71,shape,-0.01,-0.09,0.07,False,120267930,120267931
100,71,spatial,0.32,0.23,0.42,False,120267931,120267932
100,72,color,0.23,0.12,0.34,False,120268026,120268027
100,72,coordinate,0.09,-0.02,0.2,False,120268027,120268028
100,72,count,-0.28,-0.37,-0.2,True,120268028,120268029
100,72,ocr,0.06,0.0,0.12,False,120268029,120268030
100,72,shape,-0.06,-0.14,0.02,False,120268030,120268031
100,72,spatial,0.22,0.14,0.3,False,120268031,120268032
100,73,color,0.2,0.09,0.31,False,120268126,120268127
100,73,coordinate,0.16,0.04,0.28,False,120268127,120268128
100,73,count,-0.28,-0.36,-0.19,True,120268128,120268129
100,73,ocr,0.03,-0.03,0.1,False,120268129,120268130
100,73,shape,-0.07,-0.15,0.0,False,120268130,120268131
100,73,spatial,0.25,0.17,0.34,False,120268131,120268132
100,74,color,0.29,0.19,0.4,False,120268226,120268227
100,74,coordinate,0.16,0.07,0.25,False,120268227,120268228
100,74,count,-0.32,-0.42,-0.23,True,120268228,120268229
100,74,ocr,0.06,0.0,0.13,False,120268229,120268230
100,74,shape,-0.03,-0.1,0.04,False,120268230,120268231
100,74,spatial,0.25,0.17,0.34,False,120268231,120268232
100,75,color,0.15,0.03,0.27,False,120268326,120268327
100,75,coordinate,0.06,-0.05,0.16,False,120268327,120268328
100,75,count,-0.29,-0.38,-0.2,True,120268328,120268329
100,75,ocr,0.0,-0.06,0.06,False,120268329,120268330
100,75,shape,-0.07,-0.14,0.0,False,120268330,120268331
100,75,spatial,0.24,0.16,0.33,False,120268331,120268332
100,76,color,0.2,0.09,0.32,False,120268426,120268427
100,76,coordinate,0.11,0.0,0.22,False,120268427,120268428
100,76,count,-0.28,-0.37,-0.2,True,120268428,120268429
100,76,ocr,0.0,-0.05,0.05,False,120268429,120268430
100,76,shape,-0.03,-0.1,0.04,False,120268430,120268431
100,76,spatial,0.3,0.22,0.39,False,120268431,120268432
100,77,color,0.19,0.07,0.3,False,120268526,120268527
100,77,coordinate,0.06,-0.05,0.18,False,120268527,120268528
100,77,count,-0.33,-0.42,-0.24,True,120268528,120268529
100,77,ocr,0.06,0.0,0.13,False,120268529,120268530
100,77,shape,-0.02,-0.1,0.07,False,120268530,120268531
100,77,spatial,0.29,0.21,0.38,False,120268531,120268532
100,78,color,0.25,0.14,0.36,False,120268626,120268627
100,78,coordinate,0.09,-0.01,0.18,False,120268627,120268628
100,78,count,-0.3,-0.39,-0.21,True,120268628,120268629
100,78,ocr,0.04,-0.01,0.1,False,120268629,120268630
100,78,shape,-0.07,-0.15,0.0,False,120268630,120268631
100,78,spatial,0.29,0.2,0.38,False,120268631,120268632
100,79,color,0.21,0.09,0.32,False,120268726,120268727
100,79,coordinate,0.07,-0.04,0.19,False,120268727,120268728
100,79,count,-0.32,-0.41,-0.23,True,120268728,120268729
100,79,ocr,0.07,0.02,0.12,False,120268729,120268730
100,79,shape,-0.02,-0.09,0.05,False,120268730,120268731
100,79,spatial,0.25,0.17,0.33,False,120268731,120268732
100,80,color,0.21,0.1,0.32,False,120268826,120268827
100,80,coordinate,0.09,-0.01,0.2,False,120268827,120268828
100,80,count,-0.31,-0.41,-0.22,True,120268828,120268829
100,80,ocr,0.02,-0.03,0.07,False,120268829,120268830
100,80,shape,-0.05,-0.13,0.03,False,120268830,120268831
100,80,spatial,0.24,0.16,0.32,False,120268831,120268832
100,81,color,0.16,0.05,0.27,False,120268926,120268927
100,81,coordinate,0.12,0.02,0.22,False,120268927,120268928
100,81,count,-0.26,-0.35,-0.17,True,120268928,120268929
100,81,ocr,0.01,-0.05,0.07,False,120268929,120268930
100,81,shape,-0.04,-0.12,0.04,False,120268930,120268931
100,81,spatial,0.29,0.2,0.38,False,120268931,120268932
100,82,color,0.21,0.1,0.32,False,120269026,120269027
100,82,coordinate,0.1,0.0,0.2,False,120269027,120269028
100,82,count,-0.28,-0.37,-0.19,True,120269028,120269029
100,82,ocr,0.04,-0.03,0.11,False,120269029,120269030
100,82,shape,-0.05,-0.13,0.03,False,120269030,120269031
100,82,spatial,0.28,0.2,0.37,False,120269031,120269032
100,83,color,0.13,0.01,0.24,False,120269126,120269127
100,83,coordinate,0.1,-0.01,0.21,False,120269127,120269128
100,83,count,-0.28,-0.37,-0.19,True,120269128,120269129
100,83,ocr,0.03,-0.03,0.1,False,120269129,120269130
100,83,shape,-0.06,-0.13,0.01,False,120269130,120269131
100,83,spatial,0.3,0.21,0.4,False,120269131,120269132
100,84,color,0.23,0.12,0.34,False,120269226,120269227
100,84,coordinate,0.11,-0.01,0.23,False,120269227,120269228
100,84,count,-0.33,-0.42,-0.24,True,120269228,120269229
100,84,ocr,0.04,-0.01,0.1,False,120269229,120269230
100,84,shape,-0.01,-0.09,0.07,False,120269230,120269231
100,84,spatial,0.3,0.21,0.4,False,120269231,120269232
100,85,color,0.16,0.05,0.27,False,120269326,120269327
100,85,coordinate,0.1,0.0,0.2,False,120269327,120269328
100,85,count,-0.32,-0.41,-0.23,True,120269328,120269329
100,85,ocr,0.05,-0.01,0.11,False,120269329,120269330
100,85,shape,-0.04,-0.11,0.02,False,120269330,120269331
100,85,spatial,0.29,0.21,0.38,False,120269331,120269332
100,86,color,0.15,0.04,0.26,False,120269426,120269427
100,86,coordinate,0.05,-0.06,0.16,False,120269427,120269428
100,86,count,-0.25,-0.34,-0.17,True,120269428,120269429
100,86,ocr,0.05,-0.01,0.12,False,120269429,120269430
100,86,shape,-0.04,-0.11,0.02,False,120269430,120269431
100,86,spatial,0.25,0.17,0.34,False,120269431,120269432
100,87,color,0.22,0.11,0.33,False,120269526,120269527
100,87,coordinate,0.11,0.0,0.22,False,120269527,120269528
100,87,count,-0.3,-0.39,-0.21,True,120269528,120269529
100,87,ocr,0.05,-0.01,0.11,False,120269529,120269530
100,87,shape,0.0,-0.09,0.08,False,120269530,120269531
100,87,spatial,0.26,0.18,0.35,False,120269531,120269532
100,88,color,0.21,0.1,0.31,False,120269626,120269627
100,88,coordinate,-0.02,-0.13,0.09,False,120269627,120269628
100,88,count,-0.27,-0.36,-0.18,True,120269628,120269629
100,88,ocr,0.06,0.01,0.12,False,120269629,120269630
100,88,shape,-0.09,-0.17,-0.01,False,120269630,120269631
100,88,spatial,0.26,0.18,0.35,False,120269631,120269632
100,89,color,0.19,0.08,0.31,False,120269726,120269727
100,89,coordinate,0.07,-0.02,0.17,False,120269727,120269728
100,89,count,-0.37,-0.46,-0.27,True,120269728,120269729
100,89,ocr,0.03,-0.03,0.09,False,120269729,120269730
100,89,shape,0.0,-0.07,0.07,False,120269730,120269731
100,89,spatial,0.26,0.18,0.35,False,120269731,120269732
100,90,color,0.23,0.11,0.35,False,120269826,120269827
100,90,coordinate,0.06,-0.04,0.16,False,120269827,120269828
100,90,count,-0.27,-0.36,-0.19,True,120269828,120269829
100,90,ocr,0.07,0.02,0.13,False,120269829,120269830
100,90,shape,-0.01,-0.08,0.07,False,120269830,120269831
100,90,spatial,0.28,0.2,0.37,False,120269831,120269832
100,91,color,0.24,0.13,0.36,False,120269926,120269927
100,91,coordinate,0.08,-0.03,0.19,False,120269927,120269928
100,91,count,-0.32,-0.41,-0.23,True,120269928,120269929
100,91,ocr,0.01,-0.04,0.06,False,120269929,120269930
100,91,shape,-0.06,-0.15,0.03,False,120269930,120269931
100,91,spatial,0.23,0.15,0.31,False,120269931,120269932
100,92,color,0.14,0.02,0.26,False,120270026,120270027
100,92,coordinate,0.12,0.0,0.24,False,120270027,120270028
100,92,count,-0.31,-0.4,-0.22,True,120270028,120270029
100,92,ocr,0.05,-0.01,0.12,False,120270029,120270030
100,92,shape,-0.04,-0.12,0.04,False,120270030,120270031
100,92,spatial,0.25,0.16,0.34,False,120270031,120270032
100,93,color,0.22,0.1,0.34,False,120270126,120270127
100,93,coordinate,0.12,0.02,0.23,False,120270127,120270128
100,93,count,-0.3,-0.39,-0.21,True,120270128,120270129
100,93,ocr,0.01,-0.03,0.05,False,120270129,120270130
100,93,shape,-0.02,-0.1,0.06,False,120270130,120270131
100,93,spatial,0.26,0.18,0.35,False,120270131,120270132
100,94,color,0.2,0.09,0.31,False,120270226,120270227
100,94,coordinate,0.08,-0.02,0.18,False,120270227,120270228
100,94,count,-0.26,-0.35,-0.18,True,120270228,120270229
100,94,ocr,0.05,0.0,0.1,False,120270229,120270230
100,94,shape,-0.07,-0.17,0.03,False,120270230,120270231
100,94,spatial,0.25,0.17,0.34,False,120270231,120270232
100,95,color,0.24,0.13,0.34,False,120270326,120270327
100,95,coordinate,0.1,-0.01,0.21,False,120270327,120270328
100,95,count,-0.26,-0.34,-0.18,True,120270328,120270329
100,95,ocr,0.02,-0.04,0.08,False,120270329,120270330
100,95,shape,-0.07,-0.14,0.0,False,120270330,120270331
100,95,spatial,0.22,0.14,0.3,False,120270331,120270332
100,96,color,0.25,0.13,0.37,False,120270426,120270427
100,96,coordinate,0.08,-0.02,0.19,False,120270427,120270428
100,96,count,-0.35,-0.45,-0.26,True,120270428,120270429
100,96,ocr,0.07,0.02,0.13,False,120270429,120270430
100,96,shape,0.01,-0.06,0.08,False,120270430,120270431
100,96,spatial,0.23,0.15,0.32,False,120270431,120270432
100,97,color,0.23,0.13,0.34,False,120270526,120270527
100,97,coordinate,0.05,-0.05,0.16,False,120270527,120270528
100,97,count,-0.38,-0.47,-0.29,True,120270528,120270529
100,97,ocr,0.03,-0.03,0.09,False,120270529,120270530
100,97,shape,-0.06,-0.14,0.02,False,120270530,120270531
100,97,spatial,0.2,0.13,0.28,False,120270531,120270532
100,98,color,0.24,0.13,0.35,False,120270626,120270627
100,98,coordinate,0.15,0.04,0.26,False,120270627,120270628
100,98,count,-0.34,-0.43,-0.25,True,120270628,120270629
100,98,ocr,0.04,-0.01,0.1,False,120270629,120270630
100,98,shape,-0.06,-0.14,0.02,False,120270630,120270631
100,98,spatial,0.33,0.24,0.43,False,120270631,120270632
100,99,color,0.26,0.15,0.37,False,120270726,120270727
100,99,coordinate,0.09,-0.02,0.2,False,120270727,120270728
100,99,count,-0.34,-0.43,-0.25,True,120270728,120270729
100,99,ocr,0.07,0.02,0.13,False,120270729,120270730
100,99,shape,-0.05,-0.13,0.03,False,120270730,120270731
100,99,spatial,0.25,0.17,0.34,False,120270731,120270732
100,100,color,0.25,0.14,0.36,False,120270826,120270827
100,100,coordinate,0.08,-0.03,0.19,False,120270827,120270828
100,100,count,-0.34,-0.43,-0.25,True,120270828,120270829
100,100,ocr,0.0,-0.05,0.05,False,120270829,120270830
100,100,shape,-0.02,-0.1,0.06,False,120270830,120270831
100,100,spatial,0.26,0.18,0.35,False,120270831,120270832
100,101,color,0.21,0.11,0.31,False,120270926,120270927
100,101,coordinate,0.12,0.01,0.22,False,120270927,120270928
100,101,count,-0.36,-0.46,-0.27,True,120270928,120270929
100,101,ocr,0.0,-0.05,0.05,False,120270929,120270930
100,101,shape,-0.07,-0.15,0.01,False,120270930,120270931
100,101,spatial,0.3,0.21,0.39,False,120270931,120270932
100,102,color,0.18,0.06,0.3,False,120271026,120271027
100,102,coordinate,0.13,0.03,0.23,False,120271027,120271028
100,102,count,-0.28,-0.37,-0.19,True,120271028,120271029
100,102,ocr,-0.02,-0.06,0.02,False,120271029,120271030
100,102,shape,-0.04,-0.12,0.03,False,120271030,120271031
100,102,spatial,0.29,0.2,0.38,False,120271031,120271032
100,103,color,0.24,0.12,0.36,False,120271126,120271127
100,103,coordinate,0.12,0.02,0.22,False,120271127,120271128
100,103,count,-0.27,-0.36,-0.18,True,120271128,120271129
100,103,ocr,0.01,-0.04,0.06,False,120271129,120271130
100,103,shape,-0.04,-0.11,0.04,False,120271130,120271131
100,103,spatial,0.25,0.17,0.34,False,120271131,120271132
100,104,color,0.16,0.05,0.27,False,120271226,120271227
100,104,coordinate,0.09,-0.02,0.2,False,120271227,120271228
100,104,count,-0.32,-0.41,-0.23,True,120271228,120271229
100,104,ocr,0.04,-0.03,0.11,False,120271229,120271230
100,104,shape,-0.05,-0.14,0.03,False,120271230,120271231
100,104,spatial,0.28,0.19,0.37,False,120271231,120271232
100,105,color,0.23,0.12,0.35,False,120271326,120271327
100,105,coordinate,0.12,0.0,0.24,False,120271327,120271328
100,105,count,-0.29,-0.38,-0.21,True,120271328,120271329
100,105,ocr,0.02,-0.04,0.09,False,120271329,120271330
100,105,shape,-0.04,-0.13,0.04,False,120271330,120271331
100,105,spatial,0.28,0.2,0.37,False,120271331,120271332
100,106,color,0.23,0.11,0.35,False,120271426,120271427
100,106,coordinate,0.05,-0.05,0.15,False,120271427,120271428
100,106,count,-0.32,-0.41,-0.23,True,120271428,120271429
100,106,ocr,0.01,-0.04,0.06,False,120271429,120271430
100,106,shape,-0.02,-0.09,0.05,False,120271430,120271431
100,106,spatial,0.28,0.19,0.37,False,120271431,120271432
100,107,color,0.26,0.14,0.38,False,120271526,120271527
100,107,coordinate,0.11,0.01,0.22,False,120271527,120271528
100,107,count,-0.27,-0.36,-0.18,True,120271528,120271529
100,107,ocr,0.04,-0.01,0.1,False,120271529,120271530
100,107,shape,-0.03,-0.1,0.04,False,120271530,120271531
100,107,spatial,0.26,0.18,0.35,False,120271531,120271532
100,108,color,0.17,0.06,0.28,False,120271626,120271627
100,108,coordinate,0.12,0.02,0.22,False,120271627,120271628
100,108,count,-0.27,-0.36,-0.19,True,120271628,120271629
100,108,ocr,0.05,0.0,0.1,False,120271629,120271630
100,108,shape,0.0,-0.06,0.06,False,120271630,120271631
100,108,spatial,0.22,0.14,0.3,False,120271631,120271632
100,109,color,0.19,0.07,0.3,False,120271726,120271727
100,109,coordinate,0.06,-0.05,0.16,False,120271727,120271728
100,109,count,-0.31,-0.4,-0.23,True,120271728,120271729
100,109,ocr,0.01,-0.03,0.06,False,120271729,120271730
100,109,shape,-0.04,-0.13,0.04,False,120271730,120271731
100,109,spatial,0.25,0.17,0.34,False,120271731,120271732
100,110,color,0.22,0.11,0.33,False,120271826,120271827
100,110,coordinate,0.03,-0.08,0.14,False,120271827,120271828
100,110,count,-0.26,-0.35,-0.18,True,120271828,120271829
100,110,ocr,0.06,0.0,0.12,False,120271829,120271830
100,110,shape,-0.06,-0.13,0.01,False,120271830,120271831
100,110,spatial,0.28,0.19,0.37,False,120271831,120271832
100,111,color,0.18,0.06,0.3,False,120271926,120271927
100,111,coordinate,0.04,-0.05,0.14,False,120271927,120271928
100,111,count,-0.26,-0.35,-0.18,True,120271928,120271929
100,111,ocr,0.03,-0.03,0.09,False,120271929,120271930
100,111,shape,-0.03,-0.1,0.04,False,120271930,120271931
100,111,spatial,0.22,0.14,0.31,False,120271931,120271932
100,112,color,0.13,0.03,0.24,False,120272026,120272027
100,112,coordinate,0.07,-0.04,0.19,False,120272027,120272028
100,112,count,-0.31,-0.4,-0.22,True,120272028,120272029
100,112,ocr,0.07,0.02,0.13,False,120272029,120272030
100,112,shape,-0.04,-0.13,0.04,False,120272030,120272031
100,112,spatial,0.25,0.17,0.34,False,120272031,120272032
100,113,color,0.26,0.15,0.37,False,120272126,120272127
100,113,coordinate,0.06,-0.04,0.16,False,120272127,120272128
100,113,count,-0.27,-0.36,-0.19,True,120272128,120272129
100,113,ocr,0.01,-0.05,0.07,False,120272129,120272130
100,113,shape,-0.08,-0.15,-0.02,False,120272130,120272131
100,113,spatial,0.28,0.2,0.37,False,120272131,120272132
100,114,color,0.19,0.09,0.29,False,120272226,120272227
100,114,coordinate,0.12,0.01,0.23,False,120272227,120272228
100,114,count,-0.33,-0.43,-0.25,True,120272228,120272229
100,114,ocr,0.09,0.04,0.15,False,120272229,120272230
100,114,shape,-0.06,-0.13,0.01,False,120272230,120272231
100,114,spatial,0.27,0.18,0.36,False,120272231,120272232
100,115,color,0.22,0.1,0.33,False,120272326,120272327
100,115,coordinate,0.08,-0.03,0.19,False,120272327,120272328
100,115,count,-0.34,-0.44,-0.25,True,120272328,120272329
100,115,ocr,0.03,-0.02,0.08,False,120272329,120272330
100,115,shape,0.03,-0.05,0.11,False,120272330,120272331
100,115,spatial,0.27,0.19,0.36,False,120272331,120272332
100,116,color,0.23,0.12,0.34,False,120272426,120272427
100,116,coordinate,0.14,0.04,0.25,False,120272427,120272428
100,116,count,-0.29,-0.38,-0.2,True,120272428,120272429
100,116,ocr,0.04,-0.02,0.1,False,120272429,120272430
100,116,shape,-0.01,-0.08,0.06,False,120272430,120272431
100,116,spatial,0.22,0.14,0.3,False,120272431,120272432
100,117,color,0.18,0.05,0.3,False,120272526,120272527
100,117,coordinate,0.05,-0.06,0.15,False,120272527,120272528
100,117,count,-0.3,-0.39,-0.22,True,120272528,120272529
100,117,ocr,0.06,0.0,0.12,False,120272529,120272530
100,117,shape,-0.01,-0.08,0.06,False,120272530,120272531
100,117,spatial,0.23,0.15,0.32,False,120272531,120272532
100,118,color,0.15,0.04,0.26,False,120272626,120272627
100,118,coordinate,0.07,-0.03,0.18,False,120272627,120272628
100,118,count,-0.36,-0.45,-0.27,True,120272628,120272629
100,118,ocr,0.04,-0.01,0.1,False,120272629,120272630
100,118,shape,-0.04,-0.11,0.03,False,120272630,120272631
100,118,spatial,0.26,0.18,0.35,False,120272631,120272632
100,119,color,0.21,0.09,0.32,False,120272726,120272727
100,119,coordinate,0.17,0.06,0.29,False,120272727,120272728
100,119,count,-0.31,-0.4,-0.22,True,120272728,120272729
100,119,ocr,0.04,-0.02,0.1,False,120272729,120272730
100,119,shape,-0.03,-0.09,0.03,False,120272730,120272731
100,119,spatial,0.24,0.15,0.33,False,120272731,120272732
100,120,color,0.24,0.12,0.35,False,120272826,120272827
100,120,coordinate,0.11,0.0,0.22,False,120272827,120272828
100,120,count,-0.27,-0.36,-0.18,True,120272828,120272829
100,120,ocr,0.05,-0.01,0.11,False,120272829,120272830
100,120,shape,-0.02,-0.1,0.06,False,120272830,120272831
100,120,spatial,0.24,0.16,0.32,False,120272831,120272832
100,121,color,0.18,0.07,0.3,False,120272926,120272927
100,121,coordinate,0.06,-0.06,0.18,False,120272927,120272928
100,121,count,-0.33,-0.42,-0.24,True,120272928,120272929
100,121,ocr,0.01,-0.05,0.07,False,120272929,120272930
100,121,shape,-0.06,-0.13,0.01,False,120272930,120272931
100,121,spatial,0.27,0.18,0.36,False,120272931,120272932
100,122,color,0.19,0.08,0.3,False,120273026,120273027
100,122,coordinate,0.1,-0.01,0.21,False,120273027,120273028
100,122,count,-0.33,-0.42,-0.24,True,120273028,120273029
100,122,ocr,0.04,-0.02,0.1,False,120273029,120273030
100,122,shape,-0.02,-0.09,0.05,False,120273030,120273031
100,122,spatial,0.25,0.17,0.34,False,120273031,120273032
100,123,color,0.21,0.1,0.32,False,120273126,120273127
100,123,coordinate,0.06,-0.04,0.15,False,120273127,120273128
100,123,count,-0.27,-0.36,-0.19,True,120273128,120273129
100,123,ocr,0.06,0.0,0.12,False,120273129,120273130
100,123,shape,-0.04,-0.12,0.03,False,120273130,120273131
100,123,spatial,0.26,0.17,0.35,False,120273131,120273132
100,124,color,0.13,0.0,0.25,False,120273226,120273227
100,124,coordinate,0.1,0.01,0.2,False,120273227,120273228
100,124,count,-0.29,-0.38,-0.2,True,120273228,120273229
100,124,ocr,0.01,-0.04,0.06,False,120273229,120273230
100,124,shape,-0.01,-0.08,0.06,False,120273230,120273231
100,124,spatial,0.28,0.19,0.37,False,120273231,120273232
100,125,color,0.27,0.16,0.38,False,120273326,120273327
100,125,coordinate,0.12,0.01,0.23,False,120273327,120273328
100,125,count,-0.3,-0.39,-0.21,True,120273328,120273329
100,125,ocr,0.04,-0.02,0.1,False,120273329,120273330
100,125,shape,-0.06,-0.15,0.02,False,120273330,120273331
100,125,spatial,0.29,0.21,0.38,False,120273331,120273332
100,126,color,0.22,0.11,0.33,False,120273426,120273427
100,126,coordinate,0.06,-0.05,0.17,False,120273427,120273428
100,126,count,-0.35,-0.45,-0.25,True,120273428,120273429
100,126,ocr,0.08,0.02,0.15,False,120273429,120273430
100,126,shape,-0.05,-0.14,0.04,False,120273430,120273431
100,126,spatial,0.26,0.18,0.35,False,120273431,120273432
100,127,color,0.19,0.07,0.3,False,120273526,120273527
100,127,coordinate,0.15,0.04,0.26,False,120273527,120273528
100,127,count,-0.28,-0.37,-0.19,True,120273528,120273529
100,127,ocr,0.03,-0.03,0.1,False,120273529,120273530
100,127,shape,-0.03,-0.11,0.05,False,120273530,120273531
100,127,spatial,0.31,0.22,0.41,False,120273531,120273532
100,128,color,0.16,0.04,0.27,False,120273626,120273627
100,128,coordinate,0.11,0.01,0.22,False,120273627,120273628
100,128,count,-0.29,-0.38,-0.2,True,120273628,120273629
100,128,ocr,0.02,-0.02,0.07,False,120273629,120273630
100,128,shape,-0.01,-0.08,0.06,False,120273630,120273631
100,128,spatial,0.25,0.17,0.34,False,120273631,120273632
100,129,color,0.24,0.13,0.35,False,120273726,120273727
100,129,coordinate,0.01,-0.1,0.11,False,120273727,120273728
100,129,count,-0.31,-0.4,-0.22,True,120273728,120273729
100,129,ocr,0.02,-0.03,0.08,False,120273729,120273730
100,129,shape,-0.01,-0.09,0.06,False,120273730,120273731
100,129,spatial,0.25,0.17,0.33,False,120273731,120273732
100,130,color,0.24,0.12,0.36,False,120273826,120273827
100,130,coordinate,0.11,0.01,0.21,False,120273827,120273828
100,130,count,-0.3,-0.39,-0.21,True,120273828,120273829
100,130,ocr,0.02,-0.04,0.08,False,120273829,120273830
100,130,shape,-0.04,-0.11,0.02,False,120273830,120273831
100,130,spatial,0.19,0.12,0.27,False,120273831,120273832
100,131,color,0.24,0.13,0.35,False,120273926,120273927
100,131,coordinate,0.07,-0.03,0.18,False,120273927,120273928
100,131,count,-0.3,-0.39,-0.22,True,120273928,120273929
100,131,ocr,0.06,0.0,0.12,False,120273929,120273930
100,131,shape,-0.04,-0.11,0.03,False,120273930,120273931
100,131,spatial,0.27,0.19,0.36,False,120273931,120273932
100,132,color,0.19,0.08,0.3,False,120274026,120274027
100,132,coordinate,0.1,0.0,0.2,False,120274027,120274028
100,132,count,-0.31,-0.4,-0.22,True,120274028,120274029
100,132,ocr,0.03,-0.03,0.09,False,120274029,120274030
100,132,shape,-0.05,-0.13,0.02,False,120274030,120274031
100,132,spatial,0.24,0.16,0.33,False,120274031,120274032
100,133,color,0.26,0.13,0.38,False,120274126,120274127
100,133,coordinate,0.06,-0.05,0.16,False,120274127,120274128
100,133,count,-0.32,-0.41,-0.23,True,120274128,120274129
100,133,ocr,0.02,-0.04,0.08,False,120274129,120274130
100,133,shape,-0.05,-0.13,0.03,False,120274130,120274131
100,133,spatial,0.22,0.14,0.31,False,120274131,120274132
100,134,color,0.3,0.19,0.41,False,120274226,120274227
100,134,coordinate,0.12,0.02,0.22,False,120274227,120274228
100,134,count,-0.29,-0.38,-0.2,True,120274228,120274229
100,134,ocr,0.05,-0.01,0.11,False,120274229,120274230
100,134,shape,-0.03,-0.1,0.04,False,120274230,120274231
100,134,spatial,0.26,0.18,0.35,False,120274231,120274232
100,135,color,0.21,0.1,0.32,False,120274326,120274327
100,135,coordinate,0.12,0.02,0.22,False,120274327,120274328
100,135,count,-0.31,-0.41,-0.22,True,120274328,120274329
100,135,ocr,0.05,-0.01,0.11,False,120274329,120274330
100,135,shape,-0.05,-0.14,0.03,False,120274330,120274331
100,135,spatial,0.28,0.19,0.37,False,120274331,120274332
100,136,color,0.27,0.16,0.38,False,120274426,120274427
100,136,coordinate,0.13,0.02,0.24,False,120274427,120274428
100,136,count,-0.34,-0.43,-0.25,True,120274428,120274429
100,136,ocr,0.08,0.02,0.14,False,120274429,120274430
100,136,shape,-0.04,-0.11,0.03,False,120274430,120274431
100,136,spatial,0.28,0.2,0.38,False,120274431,120274432
100,137,color,0.23,0.13,0.33,False,120274526,120274527
100,137,coordinate,0.01,-0.1,0.11,False,120274527,120274528
100,137,count,-0.25,-0.34,-0.17,True,120274528,120274529
100,137,ocr,0.05,0.0,0.11,False,120274529,120274530
100,137,shape,-0.02,-0.09,0.04,False,120274530,120274531
100,137,spatial,0.3,0.21,0.39,False,120274531,120274532
100,138,color,0.21,0.1,0.32,False,120274626,120274627
100,138,coordinate,0.1,0.0,0.2,False,120274627,120274628
100,138,count,-0.31,-0.41,-0.22,True,120274628,120274629
100,138,ocr,0.08,0.02,0.14,False,120274629,120274630
100,138,shape,-0.08,-0.16,0.0,False,120274630,120274631
100,138,spatial,0.24,0.16,0.33,False,120274631,120274632
100,139,color,0.14,0.04,0.25,False,120274726,120274727
100,139,coordinate,0.1,0.0,0.21,False,120274727,120274728
100,139,count,-0.29,-0.38,-0.2,True,120274728,120274729
100,139,ocr,0.04,-0.02,0.1,False,120274729,120274730
100,139,shape,-0.06,-0.14,0.02,False,120274730,120274731
100,139,spatial,0.29,0.2,0.38,False,120274731,120274732
100,140,color,0.22,0.12,0.32,False,120274826,120274827
100,140,coordinate,0.08,-0.04,0.19,False,120274827,120274828
100,140,count,-0.27,-0.36,-0.19,True,120274828,120274829
100,140,ocr,0.05,-0.02,0.12,False,120274829,120274830
100,140,shape,-0.01,-0.08,0.06,False,120274830,120274831
100,140,spatial,0.2,0.12,0.28,False,120274831,120274832
100,141,color,0.25,0.14,0.36,False,120274926,120274927
100,141,coordinate,0.17,0.09,0.27,False,120274927,120274928
100,141,count,-0.32,-0.41,-0.23,True,120274928,120274929
100,141,ocr,0.05,-0.02,0.12,False,120274929,120274930
100,141,shape,0.0,-0.07,0.07,False,120274930,120274931
100,141,spatial,0.24,0.16,0.32,False,120274931,120274932
100,142,color,0.24,0.13,0.35,False,120275026,120275027
100,142,coordinate,0.06,-0.04,0.15,False,120275027,120275028
100,142,count,-0.32,-0.41,-0.23,True,120275028,120275029
100,142,ocr,0.03,-0.03,0.09,False,120275029,120275030
100,142,shape,-0.06,-0.14,0.02,False,120275030,120275031
100,142,spatial,0.24,0.15,0.32,False,120275031,120275032
100,143,color,0.21,0.11,0.31,False,120275126,120275127
100,143,coordinate,0.11,0.0,0.22,False,120275127,120275128
100,143,count,-0.33,-0.42,-0.24,True,120275128,120275129
100,143,ocr,0.07,0.02,0.13,False,120275129,120275130
100,143,shape,-0.08,-0.16,0.0,False,120275130,120275131
100,143,spatial,0.23,0.15,0.32,False,120275131,120275132
100,144,color,0.18,0.07,0.29,False,120275226,120275227
100,144,coordinate,0.09,-0.02,0.2,False,120275227,120275228
100,144,count,-0.36,-0.46,-0.27,True,120275228,120275229
100,144,ocr,0.03,-0.01,0.07,False,120275229,120275230
100,144,shape,-0.01,-0.1,0.08,False,120275230,120275231
100,144,spatial,0.3,0.21,0.4,False,120275231,120275232
100,145,color,0.18,0.07,0.29,False,120275326,120275327
100,145,coordinate,0.14,0.03,0.25,False,120275327,120275328
100,145,count,-0.31,-0.4,-0.22,True,120275328,120275329
100,145,ocr,0.05,0.0,0.1,False,120275329,120275330
100,145,shape,-0.02,-0.1,0.06,False,120275330,120275331
100,145,spatial,0.26,0.17,0.35,False,120275331,120275332
100,146,color,0.17,0.06,0.28,False,120275426,120275427
100,146,coordinate,0.15,0.04,0.25,False,120275427,120275428
100,146,count,-0.29,-0.38,-0.2,True,120275428,120275429
100,146,ocr,0.04,-0.01,0.09,False,120275429,120275430
100,146,shape,-0.02,-0.08,0.04,False,120275430,120275431
100,146,spatial,0.27,0.19,0.36,False,120275431,120275432
100,147,color,0.17,0.07,0.28,False,120275526,120275527
100,147,coordinate,0.06,-0.04,0.16,False,120275527,120275528
100,147,count,-0.33,-0.42,-0.25,True,120275528,120275529
100,147,ocr,0.03,-0.02,0.08,False,120275529,120275530
100,147,shape,-0.03,-0.11,0.05,False,120275530,120275531
100,147,spatial,0.27,0.18,0.36,False,120275531,120275532
100,148,color,0.21,0.1,0.32,False,120275626,120275627
100,148,coordinate,0.08,-0.04,0.2,False,120275627,120275628
100,148,count,-0.29,-0.38,-0.21,True,120275628,120275629
100,148,ocr,0.05,0.0,0.11,False,120275629,120275630
100,148,shape,-0.07,-0.15,0.01,False,120275630,120275631
100,148,spatial,0.24,0.16,0.33,False,120275631,120275632
100,149,color,0.2,0.1,0.31,False,120275726,120275727
100,149,coordinate,0.16,0.05,0.27,False,120275727,120275728
100,149,count,-0.29,-0.38,-0.2,True,120275728,120275729
100,149,ocr,0.03,-0.02,0.09,False,120275729,120275730
100,149,shape,-0.01,-0.08,0.06,False,120275730,120275731
100,149,spatial,0.26,0.18,0.35,False,120275731,120275732
100,150,color,0.18,0.07,0.29,False,120275826,120275827
100,150,coordinate,0.1,-0.01,0.21,False,120275827,120275828
100,150,count,-0.27,-0.36,-0.19,True,120275828,120275829
100,150,ocr,0.03,-0.02,0.08,False,120275829,120275830
100,150,shape,-0.04,-0.12,0.05,False,120275830,120275831
100,150,spatial,0.21,0.13,0.29,False,120275831,120275832
100,151,color,0.17,0.06,0.28,False,120275926,120275927
100,151,coordinate,0.17,0.05,0.29,False,120275927,120275928
100,151,count,-0.29,-0.38,-0.2,True,120275928,120275929
100,151,ocr,0.07,0.02,0.13,False,120275929,120275930
100,151,shape,-0.01,-0.08,0.06,False,120275930,120275931
100,151,spatial,0.26,0.18,0.34,False,120275931,120275932
100,152,color,0.17,0.06,0.28,False,120276026,120276027
100,152,coordinate,0.09,-0.01,0.19,False,120276027,120276028
100,152,count,-0.3,-0.39,-0.21,True,120276028,120276029
100,152,ocr,0.02,-0.02,0.06,False,120276029,120276030
100,152,shape,0.01,-0.07,0.09,False,120276030,120276031
100,152,spatial,0.25,0.17,0.34,False,120276031,120276032
100,153,color,0.18,0.07,0.3,False,120276126,120276127
100,153,coordinate,0.09,-0.02,0.2,False,120276127,120276128
100,153,count,-0.29,-0.38,-0.2,True,120276128,120276129
100,153,ocr,0.01,-0.04,0.06,False,120276129,120276130
100,153,shape,-0.01,-0.1,0.08,False,120276130,120276131
100,153,spatial,0.32,0.23,0.42,False,120276131,120276132
100,154,color,0.2,0.1,0.31,False,120276226,120276227
100,154,coordinate,0.1,-0.01,0.21,False,120276227,120276228
100,154,count,-0.41,-0.51,-0.32,True,120276228,120276229
100,154,ocr,0.01,-0.05,0.07,False,120276229,120276230
100,154,shape,-0.01,-0.08,0.06,False,120276230,120276231
100,154,spatial,0.25,0.17,0.34,False,120276231,120276232
100,155,color,0.21,0.11,0.32,False,120276326,120276327
100,155,coordinate,0.1,-0.01,0.21,False,120276327,120276328
100,155,count,-0.28,-0.37,-0.2,True,120276328,120276329
100,155,ocr,0.0,-0.04,0.04,False,120276329,120276330
100,155,shape,-0.04,-0.12,0.04,False,120276330,120276331
100,155,spatial,0.28,0.19,0.37,False,120276331,120276332
100,156,color,0.2,0.1,0.3,False,120276426,120276427
100,156,coordinate,0.07,-0.02,0.17,False,120276427,120276428
100,156,count,-0.29,-0.39,-0.2,True,120276428,120276429
100,156,ocr,0.04,-0.01,0.09,False,120276429,120276430
100,156,shape,-0.01,-0.09,0.06,False,120276430,120276431
100,156,spatial,0.28,0.2,0.37,False,120276431,120276432
100,157,color,0.13,0.02,0.23,False,120276526,120276527
100,157,coordinate,0.16,0.04,0.27,False,120276527,120276528
100,157,count,-0.29,-0.38,-0.2,True,120276528,120276529
100,157,ocr,0.03,-0.04,0.1,False,120276529,120276530
100,157,shape,-0.06,-0.13,0.01,False,120276530,120276531
100,157,spatial,0.29,0.21,0.38,False,120276531,120276532
100,158,color,0.2,0.1,0.3,False,120276626,120276627
100,158,coordinate,0.11,0.0,0.23,False,120276627,120276628
100,158,count,-0.3,-0.39,-0.21,True,120276628,120276629
100,158,ocr,0.01,-0.04,0.06,False,120276629,120276630
100,158,shape,-0.08,-0.16,0.0,False,120276630,120276631
100,158,spatial,0.25,0.17,0.33,False,120276631,120276632
100,159,color,0.23,0.11,0.35,False,120276726,120276727
100,159,coordinate,0.11,-0.01,0.23,False,120276727,120276728
100,159,count,-0.29,-0.38,-0.2,True,120276728,120276729
100,159,ocr,0.03,-0.02,0.08,False,120276729,120276730
100,159,shape,-0.06,-0.13,0.02,False,120276730,120276731
100,159,spatial,0.28,0.19,0.38,False,120276731,120276732
100,160,color,0.28,0.18,0.39,False,120276826,120276827
100,160,coordinate,0.16,0.05,0.28,False,120276827,120276828
100,160,count,-0.32,-0.43,-0.24,True,120276828,120276829
100,160,ocr,0.0,-0.06,0.05,False,120276829,120276830
100,160,shape,-0.07,-0.14,0.0,False,120276830,120276831
100,160,spatial,0.29,0.21,0.38,False,120276831,120276832
100,161,color,0.16,0.05,0.27,False,120276926,120276927
100,161,coordinate,0.09,-0.01,0.2,False,120276927,120276928
100,161,count,-0.26,-0.35,-0.18,True,120276928,120276929
100,161,ocr,-0.01,-0.07,0.04,False,120276929,120276930
100,161,shape,0.0,-0.08,0.08,False,120276930,120276931
100,161,spatial,0.28,0.19,0.36,False,120276931,120276932
100,162,color,0.21,0.1,0.33,False,120277026,120277027
100,162,coordinate,0.01,-0.09,0.11,False,120277027,120277028
100,162,count,-0.35,-0.44,-0.26,True,120277028,120277029
100,162,ocr,0.05,-0.01,0.12,False,120277029,120277030
100,162,shape,0.0,-0.09,0.08,False,120277030,120277031
100,162,spatial,0.32,0.23,0.41,False,120277031,120277032
100,163,color,0.18,0.07,0.29,False,120277126,120277127
100,163,coordinate,0.12,0.01,0.23,False,120277127,120277128
100,163,count,-0.28,-0.37,-0.19,True,120277128,120277129
100,163,ocr,0.05,-0.01,0.11,False,120277129,120277130
100,163,shape,-0.07,-0.15,0.01,False,120277130,120277131
100,163,spatial,0.22,0.14,0.3,False,120277131,120277132
100,164,color,0.25,0.14,0.36,False,120277226,120277227
100,164,coordinate,0.02,-0.09,0.14,False,120277227,120277228
100,164,count,-0.29,-0.38,-0.2,True,120277228,120277229
100,164,ocr,0.03,-0.03,0.09,False,120277229,120277230
100,164,shape,-0.05,-0.13,0.03,False,120277230,120277231
100,164,spatial,0.21,0.14,0.29,False,120277231,120277232
100,165,color,0.17,0.05,0.29,False,120277326,120277327
100,165,coordinate,0.1,0.0,0.2,False,120277327,120277328
100,165,count,-0.33,-0.42,-0.24,True,120277328,120277329
100,165,ocr,0.05,-0.01,0.11,False,120277329,120277330
100,165,shape,-0.03,-0.1,0.04,False,120277330,120277331
100,165,spatial,0.25,0.17,0.34,False,120277331,120277332
100,166,color,0.2,0.09,0.32,False,120277426,120277427
100,166,coordinate,0.07,-0.03,0.17,False,120277427,120277428
100,166,count,-0.39,-0.48,-0.3,True,120277428,120277429
100,166,ocr,0.03,-0.02,0.08,False,120277429,120277430
100,166,shape,0.01,-0.07,0.09,False,120277430,120277431
100,166,spatial,0.28,0.19,0.36,False,120277431,120277432
100,167,color,0.22,0.12,0.33,False,120277526,120277527
100,167,coordinate,0.05,-0.06,0.16,False,120277527,120277528
100,167,count,-0.36,-0.46,-0.27,True,120277528,120277529
100,167,ocr,0.03,-0.02,0.08,False,120277529,120277530
100,167,shape,-0.07,-0.15,0.01,False,120277530,120277531
100,167,spatial,0.23,0.15,0.31,False,120277531,120277532
100,168,color,0.28,0.17,0.38,False,120277626,120277627
100,168,coordinate,0.12,0.01,0.22,False,120277627,120277628
100,168,count,-0.3,-0.4,-0.21,True,120277628,120277629
100,168,ocr,0.05,-0.01,0.11,False,120277629,120277630
100,168,shape,-0.03,-0.12,0.05,False,120277630,120277631
100,168,spatial,0.25,0.17,0.34,False,120277631,120277632
100,169,color,0.19,0.07,0.31,False,120277726,120277727
100,169,coordinate,0.07,-0.03,0.17,False,120277727,120277728
100,169,count,-0.3,-0.39,-0.21,True,120277728,120277729
100,169,ocr,0.03,-0.02,0.08,False,120277729,120277730
100,169,shape,-0.04,-0.12,0.04,False,120277730,120277731
100,169,spatial,0.29,0.2,0.38,False,120277731,120277732
100,170,color,0.19,0.07,0.31,False,120277826,120277827
100,170,coordinate,0.09,-0.01,0.2,False,120277827,120277828
100,170,count,-0.33,-0.42,-0.24,True,120277828,120277829
100,170,ocr,0.05,-0.01,0.11,False,120277829,120277830
100,170,shape,-0.05,-0.13,0.02,False,120277830,120277831
100,170,spatial,0.24,0.16,0.33,False,120277831,120277832
100,171,color,0.27,0.15,0.39,False,120277926,120277927
100,171,coordinate,0.08,-0.03,0.19,False,120277927,120277928
100,171,count,-0.3,-0.4,-0.21,True,120277928,120277929
100,171,ocr,0.04,-0.01,0.1,False,120277929,120277930
100,171,shape,-0.06,-0.14,0.02,False,120277930,120277931
100,171,spatial,0.27,0.19,0.36,False,120277931,120277932
100,172,color,0.17,0.05,0.28,False,120278026,120278027
100,172,coordinate,0.13,0.02,0.24,False,120278027,120278028
100,172,count,-0.31,-0.4,-0.22,True,120278028,120278029
100,172,ocr,0.06,0.0,0.13,False,120278029,120278030
100,172,shape,-0.03,-0.11,0.06,False,120278030,120278031
100,172,spatial,0.24,0.16,0.33,False,120278031,120278032
100,173,color,0.27,0.16,0.38,False,120278126,120278127
100,173,coordinate,0.02,-0.08,0.12,False,120278127,120278128
100,173,count,-0.36,-0.46,-0.27,True,120278128,120278129
100,173,ocr,0.07,0.01,0.13,False,120278129,120278130
100,173,shape,-0.06,-0.13,0.01,False,120278130,120278131
100,173,spatial,0.27,0.18,0.36,False,120278131,120278132
100,174,color,0.09,-0.02,0.2,False,120278226,120278227
100,174,coordinate,0.08,-0.03,0.19,False,120278227,120278228
100,174,count,-0.27,-0.36,-0.18,True,120278228,120278229
100,174,ocr,0.07,0.01,0.14,False,120278229,120278230
100,174,shape,0.01,-0.06,0.08,False,120278230,120278231
100,174,spatial,0.24,0.16,0.33,False,120278231,120278232
100,175,color,0.18,0.07,0.29,False,120278326,120278327
100,175,coordinate,0.07,-0.04,0.17,False,120278327,120278328
100,175,count,-0.33,-0.42,-0.24,True,120278328,120278329
100,175,ocr,0.06,0.0,0.12,False,120278329,120278330
100,175,shape,-0.01,-0.08,0.06,False,120278330,120278331
100,175,spatial,0.27,0.18,0.36,False,120278331,120278332
100,176,color,0.13,0.02,0.24,False,120278426,120278427
100,176,coordinate,0.05,-0.06,0.15,False,120278427,120278428
100,176,count,-0.38,-0.48,-0.28,True,120278428,120278429
100,176,ocr,0.01,-0.04,0.06,False,120278429,120278430
100,176,shape,-0.02,-0.09,0.05,False,120278430,120278431
100,176,spatial,0.26,0.17,0.35,False,120278431,120278432
100,177,color,0.27,0.15,0.39,False,120278526,120278527
100,177,coordinate,0.01,-0.1,0.12,False,120278527,120278528
100,177,count,-0.28,-0.37,-0.2,True,120278528,120278529
100,177,ocr,0.01,-0.04,0.07,False,120278529,120278530
100,177,shape,-0.04,-0.13,0.05,False,120278530,120278531
100,177,spatial,0.26,0.17,0.35,False,120278531,120278532
100,178,color,0.2,0.1,0.31,False,120278626,120278627
100,178,coordinate,0.14,0.05,0.24,False,120278627,120278628
100,178,count,-0.3,-0.38,-0.21,True,120278628,120278629
100,178,ocr,0.04,-0.02,0.1,False,120278629,120278630
100,178,shape,0.01,-0.07,0.08,False,120278630,120278631
100,178,spatial,0.26,0.18,0.35,False,120278631,120278632
100,179,color,0.29,0.18,0.4,False,120278726,120278727
100,179,coordinate,0.09,-0.02,0.2,False,120278727,120278728
100,179,count,-0.28,-0.37,-0.19,True,120278728,120278729
100,179,ocr,0.05,0.0,0.1,False,120278729,120278730
100,179,shape,-0.04,-0.11,0.03,False,120278730,120278731
100,179,spatial,0.25,0.17,0.34,False,120278731,120278732
100,180,color,0.25,0.14,0.35,False,120278826,120278827
100,180,coordinate,0.11,0.0,0.22,False,120278827,120278828
100,180,count,-0.32,-0.41,-0.23,True,120278828,120278829
100,180,ocr,0.0,-0.06,0.06,False,120278829,120278830
100,180,shape,-0.02,-0.09,0.05,False,120278830,120278831
100,180,spatial,0.19,0.12,0.27,False,120278831,120278832
100,181,color,0.23,0.12,0.35,False,120278926,120278927
100,181,coordinate,0.11,0.01,0.21,False,120278927,120278928
100,181,count,-0.31,-0.4,-0.21,True,120278928,120278929
100,181,ocr,0.06,0.0,0.13,False,120278929,120278930
100,181,shape,-0.06,-0.14,0.01,False,120278930,120278931
100,181,spatial,0.22,0.15,0.3,False,120278931,120278932
100,182,color,0.25,0.14,0.36,False,120279026,120279027
100,182,coordinate,0.1,-0.01,0.21,False,120279027,120279028
100,182,count,-0.3,-0.39,-0.21,True,120279028,120279029
100,182,ocr,0.04,-0.01,0.1,False,120279029,120279030
100,182,shape,-0.05,-0.14,0.04,False,120279030,120279031
100,182,spatial,0.28,0.19,0.37,False,120279031,120279032
100,183,color,0.23,0.13,0.34,False,120279126,120279127
100,183,coordinate,0.18,0.07,0.29,False,120279127,120279128
100,183,count,-0.35,-0.45,-0.26,True,120279128,120279129
100,183,ocr,0.02,-0.04,0.08,False,120279129,120279130
100,183,shape,-0.07,-0.15,0.0,False,120279130,120279131
100,183,spatial,0.25,0.16,0.34,False,120279131,120279132
100,184,color,0.21,0.1,0.32,False,120279226,120279227
100,184,coordinate,0.07,-0.04,0.18,False,120279227,120279228
100,184,count,-0.27,-0.36,-0.18,True,120279228,120279229
100,184,ocr,0.02,-0.04,0.08,False,120279229,120279230
100,184,shape,-0.06,-0.15,0.03,False,120279230,120279231
100,184,spatial,0.27,0.18,0.36,False,120279231,120279232
100,185,color,0.2,0.08,0.32,False,120279326,120279327
100,185,coordinate,0.12,0.01,0.23,False,120279327,120279328
100,185,count,-0.31,-0.4,-0.23,True,120279328,120279329
100,185,ocr,0.02,-0.04,0.08,False,120279329,120279330
100,185,shape,-0.02,-0.09,0.05,False,120279330,120279331
100,185,spatial,0.25,0.17,0.34,False,120279331,120279332
100,186,color,0.17,0.06,0.28,False,120279426,120279427
100,186,coordinate,0.04,-0.07,0.14,False,120279427,120279428
100,186,count,-0.27,-0.36,-0.18,True,120279428,120279429
100,186,ocr,0.03,-0.03,0.09,False,120279429,120279430
100,186,shape,0.0,-0.08,0.08,False,120279430,120279431
100,186,spatial,0.3,0.21,0.39,False,120279431,120279432
100,187,color,0.24,0.13,0.36,False,120279526,120279527
100,187,coordinate,0.17,0.05,0.28,False,120279527,120279528
100,187,count,-0.35,-0.45,-0.26,True,120279528,120279529
100,187,ocr,0.04,-0.03,0.11,False,120279529,120279530
100,187,shape,-0.03,-0.13,0.06,False,120279530,120279531
100,187,spatial,0.31,0.22,0.4,False,120279531,120279532
100,188,color,0.19,0.08,0.3,False,120279626,120279627
100,188,coordinate,0.06,-0.05,0.17,False,120279627,120279628
100,188,count,-0.32,-0.41,-0.23,True,120279628,120279629
100,188,ocr,0.03,-0.02,0.08,False,120279629,120279630
100,188,shape,-0.05,-0.13,0.03,False,120279630,120279631
100,188,spatial,0.34,0.25,0.43,False,120279631,120279632
100,189,color,0.23,0.12,0.35,False,120279726,120279727
100,189,coordinate,0.14,0.04,0.25,False,120279727,120279728
100,189,count,-0.29,-0.38,-0.2,True,120279728,120279729
100,189,ocr,0.02,-0.03,0.07,False,120279729,120279730
100,189,shape,-0.08,-0.16,0.0,False,120279730,120279731
100,189,spatial,0.29,0.2,0.38,False,120279731,120279732
100,190,color,0.21,0.1,0.32,False,120279826,120279827
100,190,coordinate,0.07,-0.05,0.19,False,120279827,120279828
100,190,count,-0.32,-0.42,-0.23,True,120279828,120279829
100,190,ocr,0.07,0.01,0.14,False,120279829,120279830
100,190,shape,-0.06,-0.14,0.02,False,120279830,120279831
100,190,spatial,0.24,0.16,0.33,False,120279831,120279832
100,191,color,0.21,0.11,0.32,False,120279926,120279927
100,191,coordinate,0.06,-0.04,0.17,False,120279927,120279928
100,191,count,-0.29,-0.38,-0.21,True,120279928,120279929
100,191,ocr,0.05,-0.01,0.11,False,120279929,120279930
100,191,shape,0.01,-0.06,0.07,False,120279930,120279931
100,191,spatial,0.26,0.18,0.35,False,120279931,120279932
100,192,color,0.22,0.11,0.33,False,120280026,120280027
100,192,coordinate,0.07,-0.03,0.18,False,120280027,120280028
100,192,count,-0.23,-0.32,-0.15,True,120280028,120280029
100,192,ocr,0.02,-0.04,0.08,False,120280029,120280030
100,192,shape,-0.04,-0.12,0.04,False,120280030,120280031
100,192,spatial,0.22,0.14,0.3,False,120280031,120280032
100,193,color,0.25,0.14,0.36,False,120280126,120280127
100,193,coordinate,0.14,0.02,0.26,False,120280127,120280128
100,193,count,-0.27,-0.36,-0.19,True,120280128,120280129
100,193,ocr,0.05,0.0,0.1,False,120280129,120280130
100,193,shape,0.0,-0.07,0.07,False,120280130,120280131
100,193,spatial,0.29,0.2,0.38,False,120280131,120280132
100,194,color,0.2,0.09,0.31,False,120280226,120280227
100,194,coordinate,0.06,-0.06,0.18,False,120280227,120280228
100,194,count,-0.34,-0.43,-0.25,True,120280228,120280229
100,194,ocr,0.03,-0.02,0.08,False,120280229,120280230
100,194,shape,-0.07,-0.16,0.01,False,120280230,120280231
100,194,spatial,0.3,0.21,0.39,False,120280231,120280232
100,195,color,0.2,0.09,0.32,False,120280326,120280327
100,195,coordinate,0.08,-0.02,0.18,False,120280327,120280328
100,195,count,-0.34,-0.43,-0.25,True,120280328,120280329
100,195,ocr,0.02,-0.01,0.06,False,120280329,120280330
100,195,shape,0.02,-0.05,0.1,False,120280330,120280331
100,195,spatial,0.24,0.16,0.33,False,120280331,120280332
100,196,color,0.24,0.13,0.34,False,120280426,120280427
100,196,coordinate,0.05,-0.06,0.16,False,120280427,120280428
100,196,count,-0.36,-0.45,-0.27,True,120280428,120280429
100,196,ocr,-0.01,-0.05,0.03,False,120280429,120280430
100,196,shape,0.01,-0.07,0.1,False,120280430,120280431
100,196,spatial,0.27,0.19,0.36,False,120280431,120280432
100,197,color,0.21,0.1,0.32,False,120280526,120280527
100,197,coordinate,0.13,0.03,0.24,False,120280527,120280528
100,197,count,-0.31,-0.41,-0.22,True,120280528,120280529
100,197,ocr,0.07,0.01,0.13,False,120280529,120280530
100,197,shape,-0.06,-0.14,0.01,False,120280530,120280531
100,197,spatial,0.26,0.18,0.35,False,120280531,120280532
100,198,color,0.18,0.07,0.29,False,120280626,120280627
100,198,coordinate,0.06,-0.07,0.18,False,120280627,120280628
100,198,count,-0.26,-0.35,-0.18,True,120280628,120280629
100,198,ocr,0.04,-0.01,0.09,False,120280629,120280630
100,198,shape,-0.05,-0.13,0.03,False,120280630,120280631
100,198,spatial,0.25,0.17,0.34,False,120280631,120280632
100,199,color,0.17,0.05,0.29,False,120280726,120280727
100,199,coordinate,0.07,-0.03,0.17,False,120280727,120280728
100,199,count,-0.28,-0.37,-0.2,True,120280728,120280729
100,199,ocr,0.05,0.0,0.1,False,120280729,120280730
100,199,shape,-0.03,-0.09,0.02,False,120280730,120280731
100,199,spatial,0.29,0.2,0.38,False,120280731,120280732
