/run/media/ezra/13D010B6FDBC1A06/1CatVLLM/.venv-1cat/lib/python3.12/site-packages/torch/cuda/__init__.py:1007: UserWarning: Can't initialize NVML
  raw_cnt = _raw_device_count_nvml()
Loading weights:   0%|          | 0/290 [00:00<?, ?it/s]Loading weights: 100%|██████████| 290/290 [00:00<00:00, 16171.83it/s]
/run/media/ezra/13D010B6FDBC1A06/1CatVLLM/.venv-1cat/lib/python3.12/site-packages/torch/cuda/__init__.py:1007: UserWarning: Can't initialize NVML
  raw_cnt = _raw_device_count_nvml()
[step-001500] preference/vision 16/2400
[step-001500] preference/vision 32/2400
[step-001500] preference/vision 48/2400
[step-001500] preference/vision 64/2400
[step-001500] preference/vision 80/2400
[step-001500] preference/vision 96/2400
[step-001500] preference/vision 112/2400
[step-001500] preference/vision 128/2400
[step-001500] preference/vision 144/2400
[step-001500] preference/vision 160/2400
[step-001500] preference/vision 176/2400
[step-001500] preference/vision 192/2400
[step-001500] preference/vision 208/2400
[step-001500] preference/vision 224/2400
[step-001500] preference/vision 240/2400
[step-001500] preference/vision 256/2400
[step-001500] preference/vision 272/2400
[step-001500] preference/vision 288/2400
[step-001500] preference/vision 304/2400
[step-001500] preference/vision 320/2400
[step-001500] preference/vision 336/2400
[step-001500] preference/vision 352/2400
[step-001500] preference/vision 368/2400
[step-001500] preference/vision 384/2400
[step-001500] preference/vision 400/2400
[step-001500] preference/vision 416/2400
[step-001500] preference/vision 432/2400
[step-001500] preference/vision 448/2400
[step-001500] preference/vision 464/2400
[step-001500] preference/vision 480/2400
[step-001500] preference/vision 496/2400
[step-001500] preference/vision 512/2400
[step-001500] preference/vision 528/2400
[step-001500] preference/vision 544/2400
[step-001500] preference/vision 560/2400
[step-001500] preference/vision 576/2400
[step-001500] preference/vision 592/2400
[step-001500] preference/vision 608/2400
[step-001500] preference/vision 624/2400
[step-001500] preference/vision 640/2400
[step-001500] preference/vision 656/2400
[step-001500] preference/vision 672/2400
[step-001500] preference/vision 688/2400
[step-001500] preference/vision 704/2400
[step-001500] preference/vision 720/2400
[step-001500] preference/vision 736/2400
[step-001500] preference/vision 752/2400
[step-001500] preference/vision 768/2400
[step-001500] preference/vision 784/2400
[step-001500] preference/vision 800/2400
[step-001500] preference/vision 816/2400
[step-001500] preference/vision 832/2400
[step-001500] preference/vision 848/2400
[step-001500] preference/vision 864/2400
[step-001500] preference/vision 880/2400
[step-001500] preference/vision 896/2400
[step-001500] preference/vision 912/2400
[step-001500] preference/vision 928/2400
[step-001500] preference/vision 944/2400
[step-001500] preference/vision 960/2400
[step-001500] preference/vision 976/2400
[step-001500] preference/vision 992/2400
[step-001500] preference/vision 1008/2400
[step-001500] preference/vision 1024/2400
[step-001500] preference/vision 1040/2400
[step-001500] preference/vision 1056/2400
[step-001500] preference/vision 1072/2400
[step-001500] preference/vision 1088/2400
[step-001500] preference/vision 1104/2400
[step-001500] preference/vision 1120/2400
[step-001500] preference/vision 1136/2400
[step-001500] preference/vision 1152/2400
[step-001500] preference/vision 1168/2400
[step-001500] preference/vision 1184/2400
[step-001500] preference/vision 1200/2400
[step-001500] preference/vision 1216/2400
[step-001500] preference/vision 1232/2400
[step-001500] preference/vision 1248/2400
[step-001500] preference/vision 1264/2400
[step-001500] preference/vision 1280/2400
[step-001500] preference/vision 1296/2400
[step-001500] preference/vision 1312/2400
[step-001500] preference/vision 1328/2400
[step-001500] preference/vision 1344/2400
[step-001500] preference/vision 1360/2400
[step-001500] preference/vision 1376/2400
[step-001500] preference/vision 1392/2400
[step-001500] preference/vision 1408/2400
[step-001500] preference/vision 1424/2400
[step-001500] preference/vision 1440/2400
[step-001500] preference/vision 1456/2400
[step-001500] preference/vision 1472/2400
[step-001500] preference/vision 1488/2400
[step-001500] preference/vision 1504/2400
[step-001500] preference/vision 1520/2400
[step-001500] preference/vision 1536/2400
[step-001500] preference/vision 1552/2400
[step-001500] preference/vision 1568/2400
[step-001500] preference/vision 1584/2400
[step-001500] preference/vision 1600/2400
[step-001500] preference/vision 1616/2400
[step-001500] preference/vision 1632/2400
[step-001500] preference/vision 1648/2400
[step-001500] preference/vision 1664/2400
[step-001500] preference/vision 1680/2400
[step-001500] preference/vision 1696/2400
[step-001500] preference/vision 1712/2400
[step-001500] preference/vision 1728/2400
[step-001500] preference/vision 1744/2400
[step-001500] preference/vision 1760/2400
[step-001500] preference/vision 1776/2400
[step-001500] preference/vision 1792/2400
[step-001500] preference/vision 1808/2400
[step-001500] preference/vision 1824/2400
[step-001500] preference/vision 1840/2400
[step-001500] preference/vision 1856/2400
[step-001500] preference/vision 1872/2400
[step-001500] preference/vision 1888/2400
[step-001500] preference/vision 1904/2400
[step-001500] preference/vision 1920/2400
[step-001500] preference/vision 1936/2400
[step-001500] preference/vision 1952/2400
[step-001500] preference/vision 1968/2400
[step-001500] preference/vision 1984/2400
[step-001500] preference/vision 2000/2400
[step-001500] preference/vision 2016/2400
[step-001500] preference/vision 2032/2400
[step-001500] preference/vision 2048/2400
[step-001500] preference/vision 2064/2400
[step-001500] preference/vision 2080/2400
[step-001500] preference/vision 2096/2400
[step-001500] preference/vision 2112/2400
[step-001500] preference/vision 2128/2400
[step-001500] preference/vision 2144/2400
[step-001500] preference/vision 2160/2400
[step-001500] preference/vision 2176/2400
[step-001500] preference/vision 2192/2400
[step-001500] preference/vision 2208/2400
[step-001500] preference/vision 2224/2400
[step-001500] preference/vision 2240/2400
[step-001500] preference/vision 2256/2400
[step-001500] preference/vision 2272/2400
[step-001500] preference/vision 2288/2400
[step-001500] preference/vision 2304/2400
[step-001500] preference/vision 2320/2400
[step-001500] preference/vision 2336/2400
[step-001500] preference/vision 2352/2400
[step-001500] preference/vision 2368/2400
[step-001500] preference/vision 2384/2400
[step-001500] preference/vision 2400/2400
[step-001500] preference/shuffled_image 16/2400
[step-001500] preference/shuffled_image 32/2400
[step-001500] preference/shuffled_image 48/2400
[step-001500] preference/shuffled_image 64/2400
[step-001500] preference/shuffled_image 80/2400
[step-001500] preference/shuffled_image 96/2400
[step-001500] preference/shuffled_image 112/2400
[step-001500] preference/shuffled_image 128/2400
[step-001500] preference/shuffled_image 144/2400
[step-001500] preference/shuffled_image 160/2400
[step-001500] preference/shuffled_image 176/2400
[step-001500] preference/shuffled_image 192/2400
[step-001500] preference/shuffled_image 208/2400
[step-001500] preference/shuffled_image 224/2400
[step-001500] preference/shuffled_image 240/2400
[step-001500] preference/shuffled_image 256/2400
[step-001500] preference/shuffled_image 272/2400
[step-001500] preference/shuffled_image 288/2400
[step-001500] preference/shuffled_image 304/2400
[step-001500] preference/shuffled_image 320/2400
[step-001500] preference/shuffled_image 336/2400
[step-001500] preference/shuffled_image 352/2400
[step-001500] preference/shuffled_image 368/2400
[step-001500] preference/shuffled_image 384/2400
[step-001500] preference/shuffled_image 400/2400
[step-001500] preference/shuffled_image 416/2400
[step-001500] preference/shuffled_image 432/2400
[step-001500] preference/shuffled_image 448/2400
[step-001500] preference/shuffled_image 464/2400
[step-001500] preference/shuffled_image 480/2400
[step-001500] preference/shuffled_image 496/2400
[step-001500] preference/shuffled_image 512/2400
[step-001500] preference/shuffled_image 528/2400
[step-001500] preference/shuffled_image 544/2400
[step-001500] preference/shuffled_image 560/2400
[step-001500] preference/shuffled_image 576/2400
[step-001500] preference/shuffled_image 592/2400
[step-001500] preference/shuffled_image 608/2400
[step-001500] preference/shuffled_image 624/2400
[step-001500] preference/shuffled_image 640/2400
[step-001500] preference/shuffled_image 656/2400
[step-001500] preference/shuffled_image 672/2400
[step-001500] preference/shuffled_image 688/2400
[step-001500] preference/shuffled_image 704/2400
[step-001500] preference/shuffled_image 720/2400
[step-001500] preference/shuffled_image 736/2400
[step-001500] preference/shuffled_image 752/2400
[step-001500] preference/shuffled_image 768/2400
[step-001500] preference/shuffled_image 784/2400
[step-001500] preference/shuffled_image 800/2400
[step-001500] preference/shuffled_image 816/2400
[step-001500] preference/shuffled_image 832/2400
[step-001500] preference/shuffled_image 848/2400
[step-001500] preference/shuffled_image 864/2400
[step-001500] preference/shuffled_image 880/2400
[step-001500] preference/shuffled_image 896/2400
[step-001500] preference/shuffled_image 912/2400
[step-001500] preference/shuffled_image 928/2400
[step-001500] preference/shuffled_image 944/2400
[step-001500] preference/shuffled_image 960/2400
[step-001500] preference/shuffled_image 976/2400
[step-001500] preference/shuffled_image 992/2400
[step-001500] preference/shuffled_image 1008/2400
[step-001500] preference/shuffled_image 1024/2400
[step-001500] preference/shuffled_image 1040/2400
[step-001500] preference/shuffled_image 1056/2400
[step-001500] preference/shuffled_image 1072/2400
[step-001500] preference/shuffled_image 1088/2400
[step-001500] preference/shuffled_image 1104/2400
[step-001500] preference/shuffled_image 1120/2400
[step-001500] preference/shuffled_image 1136/2400
[step-001500] preference/shuffled_image 1152/2400
[step-001500] preference/shuffled_image 1168/2400
[step-001500] preference/shuffled_image 1184/2400
[step-001500] preference/shuffled_image 1200/2400
[step-001500] preference/shuffled_image 1216/2400
[step-001500] preference/shuffled_image 1232/2400
[step-001500] preference/shuffled_image 1248/2400
[step-001500] preference/shuffled_image 1264/2400
[step-001500] preference/shuffled_image 1280/2400
[step-001500] preference/shuffled_image 1296/2400
[step-001500] preference/shuffled_image 1312/2400
[step-001500] preference/shuffled_image 1328/2400
[step-001500] preference/shuffled_image 1344/2400
[step-001500] preference/shuffled_image 1360/2400
[step-001500] preference/shuffled_image 1376/2400
[step-001500] preference/shuffled_image 1392/2400
[step-001500] preference/shuffled_image 1408/2400
[step-001500] preference/shuffled_image 1424/2400
[step-001500] preference/shuffled_image 1440/2400
[step-001500] preference/shuffled_image 1456/2400
[step-001500] preference/shuffled_image 1472/2400
[step-001500] preference/shuffled_image 1488/2400
[step-001500] preference/shuffled_image 1504/2400
[step-001500] preference/shuffled_image 1520/2400
[step-001500] preference/shuffled_image 1536/2400
[step-001500] preference/shuffled_image 1552/2400
[step-001500] preference/shuffled_image 1568/2400
[step-001500] preference/shuffled_image 1584/2400
[step-001500] preference/shuffled_image 1600/2400
[step-001500] preference/shuffled_image 1616/2400
[step-001500] preference/shuffled_image 1632/2400
[step-001500] preference/shuffled_image 1648/2400
[step-001500] preference/shuffled_image 1664/2400
[step-001500] preference/shuffled_image 1680/2400
[step-001500] preference/shuffled_image 1696/2400
[step-001500] preference/shuffled_image 1712/2400
[step-001500] preference/shuffled_image 1728/2400
[step-001500] preference/shuffled_image 1744/2400
[step-001500] preference/shuffled_image 1760/2400
[step-001500] preference/shuffled_image 1776/2400
[step-001500] preference/shuffled_image 1792/2400
[step-001500] preference/shuffled_image 1808/2400
[step-001500] preference/shuffled_image 1824/2400
[step-001500] preference/shuffled_image 1840/2400
[step-001500] preference/shuffled_image 1856/2400
[step-001500] preference/shuffled_image 1872/2400
[step-001500] preference/shuffled_image 1888/2400
[step-001500] preference/shuffled_image 1904/2400
[step-001500] preference/shuffled_image 1920/2400
[step-001500] preference/shuffled_image 1936/2400
[step-001500] preference/shuffled_image 1952/2400
[step-001500] preference/shuffled_image 1968/2400
[step-001500] preference/shuffled_image 1984/2400
[step-001500] preference/shuffled_image 2000/2400
[step-001500] preference/shuffled_image 2016/2400
[step-001500] preference/shuffled_image 2032/2400
[step-001500] preference/shuffled_image 2048/2400
[step-001500] preference/shuffled_image 2064/2400
[step-001500] preference/shuffled_image 2080/2400
[step-001500] preference/shuffled_image 2096/2400
[step-001500] preference/shuffled_image 2112/2400
[step-001500] preference/shuffled_image 2128/2400
[step-001500] preference/shuffled_image 2144/2400
[step-001500] preference/shuffled_image 2160/2400
[step-001500] preference/shuffled_image 2176/2400
[step-001500] preference/shuffled_image 2192/2400
[step-001500] preference/shuffled_image 2208/2400
[step-001500] preference/shuffled_image 2224/2400
[step-001500] preference/shuffled_image 2240/2400
[step-001500] preference/shuffled_image 2256/2400
[step-001500] preference/shuffled_image 2272/2400
[step-001500] preference/shuffled_image 2288/2400
[step-001500] preference/shuffled_image 2304/2400
[step-001500] preference/shuffled_image 2320/2400
[step-001500] preference/shuffled_image 2336/2400
[step-001500] preference/shuffled_image 2352/2400
[step-001500] preference/shuffled_image 2368/2400
[step-001500] preference/shuffled_image 2384/2400
[step-001500] preference/shuffled_image 2400/2400
[step-001500] preference/paired_counterfactual_image 16/2400
[step-001500] preference/paired_counterfactual_image 32/2400
[step-001500] preference/paired_counterfactual_image 48/2400
[step-001500] preference/paired_counterfactual_image 64/2400
[step-001500] preference/paired_counterfactual_image 80/2400
[step-001500] preference/paired_counterfactual_image 96/2400
[step-001500] preference/paired_counterfactual_image 112/2400
[step-001500] preference/paired_counterfactual_image 128/2400
[step-001500] preference/paired_counterfactual_image 144/2400
[step-001500] preference/paired_counterfactual_image 160/2400
[step-001500] preference/paired_counterfactual_image 176/2400
[step-001500] preference/paired_counterfactual_image 192/2400
[step-001500] preference/paired_counterfactual_image 208/2400
[step-001500] preference/paired_counterfactual_image 224/2400
[step-001500] preference/paired_counterfactual_image 240/2400
[step-001500] preference/paired_counterfactual_image 256/2400
[step-001500] preference/paired_counterfactual_image 272/2400
[step-001500] preference/paired_counterfactual_image 288/2400
[step-001500] preference/paired_counterfactual_image 304/2400
[step-001500] preference/paired_counterfactual_image 320/2400
[step-001500] preference/paired_counterfactual_image 336/2400
[step-001500] preference/paired_counterfactual_image 352/2400
[step-001500] preference/paired_counterfactual_image 368/2400
[step-001500] preference/paired_counterfactual_image 384/2400
[step-001500] preference/paired_counterfactual_image 400/2400
[step-001500] preference/paired_counterfactual_image 416/2400
[step-001500] preference/paired_counterfactual_image 432/2400
[step-001500] preference/paired_counterfactual_image 448/2400
[step-001500] preference/paired_counterfactual_image 464/2400
[step-001500] preference/paired_counterfactual_image 480/2400
[step-001500] preference/paired_counterfactual_image 496/2400
[step-001500] preference/paired_counterfactual_image 512/2400
[step-001500] preference/paired_counterfactual_image 528/2400
[step-001500] preference/paired_counterfactual_image 544/2400
[step-001500] preference/paired_counterfactual_image 560/2400
[step-001500] preference/paired_counterfactual_image 576/2400
[step-001500] preference/paired_counterfactual_image 592/2400
[step-001500] preference/paired_counterfactual_image 608/2400
[step-001500] preference/paired_counterfactual_image 624/2400
[step-001500] preference/paired_counterfactual_image 640/2400
[step-001500] preference/paired_counterfactual_image 656/2400
[step-001500] preference/paired_counterfactual_image 672/2400
[step-001500] preference/paired_counterfactual_image 688/2400
[step-001500] preference/paired_counterfactual_image 704/2400
[step-001500] preference/paired_counterfactual_image 720/2400
[step-001500] preference/paired_counterfactual_image 736/2400
[step-001500] preference/paired_counterfactual_image 752/2400
[step-001500] preference/paired_counterfactual_image 768/2400
[step-001500] preference/paired_counterfactual_image 784/2400
[step-001500] preference/paired_counterfactual_image 800/2400
[step-001500] preference/paired_counterfactual_image 816/2400
[step-001500] preference/paired_counterfactual_image 832/2400
[step-001500] preference/paired_counterfactual_image 848/2400
[step-001500] preference/paired_counterfactual_image 864/2400
[step-001500] preference/paired_counterfactual_image 880/2400
[step-001500] preference/paired_counterfactual_image 896/2400
[step-001500] preference/paired_counterfactual_image 912/2400
[step-001500] preference/paired_counterfactual_image 928/2400
[step-001500] preference/paired_counterfactual_image 944/2400
[step-001500] preference/paired_counterfactual_image 960/2400
[step-001500] preference/paired_counterfactual_image 976/2400
[step-001500] preference/paired_counterfactual_image 992/2400
[step-001500] preference/paired_counterfactual_image 1008/2400
[step-001500] preference/paired_counterfactual_image 1024/2400
[step-001500] preference/paired_counterfactual_image 1040/2400
[step-001500] preference/paired_counterfactual_image 1056/2400
[step-001500] preference/paired_counterfactual_image 1072/2400
[step-001500] preference/paired_counterfactual_image 1088/2400
[step-001500] preference/paired_counterfactual_image 1104/2400
[step-001500] preference/paired_counterfactual_image 1120/2400
[step-001500] preference/paired_counterfactual_image 1136/2400
[step-001500] preference/paired_counterfactual_image 1152/2400
[step-001500] preference/paired_counterfactual_image 1168/2400
[step-001500] preference/paired_counterfactual_image 1184/2400
[step-001500] preference/paired_counterfactual_image 1200/2400
[step-001500] preference/paired_counterfactual_image 1216/2400
[step-001500] preference/paired_counterfactual_image 1232/2400
[step-001500] preference/paired_counterfactual_image 1248/2400
[step-001500] preference/paired_counterfactual_image 1264/2400
[step-001500] preference/paired_counterfactual_image 1280/2400
[step-001500] preference/paired_counterfactual_image 1296/2400
[step-001500] preference/paired_counterfactual_image 1312/2400
[step-001500] preference/paired_counterfactual_image 1328/2400
[step-001500] preference/paired_counterfactual_image 1344/2400
[step-001500] preference/paired_counterfactual_image 1360/2400
[step-001500] preference/paired_counterfactual_image 1376/2400
[step-001500] preference/paired_counterfactual_image 1392/2400
[step-001500] preference/paired_counterfactual_image 1408/2400
[step-001500] preference/paired_counterfactual_image 1424/2400
[step-001500] preference/paired_counterfactual_image 1440/2400
[step-001500] preference/paired_counterfactual_image 1456/2400
[step-001500] preference/paired_counterfactual_image 1472/2400
[step-001500] preference/paired_counterfactual_image 1488/2400
[step-001500] preference/paired_counterfactual_image 1504/2400
[step-001500] preference/paired_counterfactual_image 1520/2400
[step-001500] preference/paired_counterfactual_image 1536/2400
[step-001500] preference/paired_counterfactual_image 1552/2400
[step-001500] preference/paired_counterfactual_image 1568/2400
[step-001500] preference/paired_counterfactual_image 1584/2400
[step-001500] preference/paired_counterfactual_image 1600/2400
[step-001500] preference/paired_counterfactual_image 1616/2400
[step-001500] preference/paired_counterfactual_image 1632/2400
[step-001500] preference/paired_counterfactual_image 1648/2400
[step-001500] preference/paired_counterfactual_image 1664/2400
[step-001500] preference/paired_counterfactual_image 1680/2400
[step-001500] preference/paired_counterfactual_image 1696/2400
[step-001500] preference/paired_counterfactual_image 1712/2400
[step-001500] preference/paired_counterfactual_image 1728/2400
[step-001500] preference/paired_counterfactual_image 1744/2400
[step-001500] preference/paired_counterfactual_image 1760/2400
[step-001500] preference/paired_counterfactual_image 1776/2400
[step-001500] preference/paired_counterfactual_image 1792/2400
[step-001500] preference/paired_counterfactual_image 1808/2400
[step-001500] preference/paired_counterfactual_image 1824/2400
[step-001500] preference/paired_counterfactual_image 1840/2400
[step-001500] preference/paired_counterfactual_image 1856/2400
[step-001500] preference/paired_counterfactual_image 1872/2400
[step-001500] preference/paired_counterfactual_image 1888/2400
[step-001500] preference/paired_counterfactual_image 1904/2400
[step-001500] preference/paired_counterfactual_image 1920/2400
[step-001500] preference/paired_counterfactual_image 1936/2400
[step-001500] preference/paired_counterfactual_image 1952/2400
[step-001500] preference/paired_counterfactual_image 1968/2400
[step-001500] preference/paired_counterfactual_image 1984/2400
[step-001500] preference/paired_counterfactual_image 2000/2400
[step-001500] preference/paired_counterfactual_image 2016/2400
[step-001500] preference/paired_counterfactual_image 2032/2400
[step-001500] preference/paired_counterfactual_image 2048/2400
[step-001500] preference/paired_counterfactual_image 2064/2400
[step-001500] preference/paired_counterfactual_image 2080/2400
[step-001500] preference/paired_counterfactual_image 2096/2400
[step-001500] preference/paired_counterfactual_image 2112/2400
[step-001500] preference/paired_counterfactual_image 2128/2400
[step-001500] preference/paired_counterfactual_image 2144/2400
[step-001500] preference/paired_counterfactual_image 2160/2400
[step-001500] preference/paired_counterfactual_image 2176/2400
[step-001500] preference/paired_counterfactual_image 2192/2400
[step-001500] preference/paired_counterfactual_image 2208/2400
[step-001500] preference/paired_counterfactual_image 2224/2400
[step-001500] preference/paired_counterfactual_image 2240/2400
[step-001500] preference/paired_counterfactual_image 2256/2400
[step-001500] preference/paired_counterfactual_image 2272/2400
[step-001500] preference/paired_counterfactual_image 2288/2400
[step-001500] preference/paired_counterfactual_image 2304/2400
[step-001500] preference/paired_counterfactual_image 2320/2400
[step-001500] preference/paired_counterfactual_image 2336/2400
[step-001500] preference/paired_counterfactual_image 2352/2400
[step-001500] preference/paired_counterfactual_image 2368/2400
[step-001500] preference/paired_counterfactual_image 2384/2400
[step-001500] preference/paired_counterfactual_image 2400/2400
[step-001500] preference/background_matched_aux 16/2400
[step-001500] preference/background_matched_aux 32/2400
[step-001500] preference/background_matched_aux 48/2400
[step-001500] preference/background_matched_aux 64/2400
[step-001500] preference/background_matched_aux 80/2400
[step-001500] preference/background_matched_aux 96/2400
[step-001500] preference/background_matched_aux 112/2400
[step-001500] preference/background_matched_aux 128/2400
[step-001500] preference/background_matched_aux 144/2400
[step-001500] preference/background_matched_aux 160/2400
[step-001500] preference/background_matched_aux 176/2400
[step-001500] preference/background_matched_aux 192/2400
[step-001500] preference/background_matched_aux 208/2400
[step-001500] preference/background_matched_aux 224/2400
[step-001500] preference/background_matched_aux 240/2400
[step-001500] preference/background_matched_aux 256/2400
[step-001500] preference/background_matched_aux 272/2400
[step-001500] preference/background_matched_aux 288/2400
[step-001500] preference/background_matched_aux 304/2400
[step-001500] preference/background_matched_aux 320/2400
[step-001500] preference/background_matched_aux 336/2400
[step-001500] preference/background_matched_aux 352/2400
[step-001500] preference/background_matched_aux 368/2400
[step-001500] preference/background_matched_aux 384/2400
[step-001500] preference/background_matched_aux 400/2400
[step-001500] preference/background_matched_aux 416/2400
[step-001500] preference/background_matched_aux 432/2400
[step-001500] preference/background_matched_aux 448/2400
[step-001500] preference/background_matched_aux 464/2400
[step-001500] preference/background_matched_aux 480/2400
[step-001500] preference/background_matched_aux 496/2400
[step-001500] preference/background_matched_aux 512/2400
[step-001500] preference/background_matched_aux 528/2400
[step-001500] preference/background_matched_aux 544/2400
[step-001500] preference/background_matched_aux 560/2400
[step-001500] preference/background_matched_aux 576/2400
[step-001500] preference/background_matched_aux 592/2400
[step-001500] preference/background_matched_aux 608/2400
[step-001500] preference/background_matched_aux 624/2400
[step-001500] preference/background_matched_aux 640/2400
[step-001500] preference/background_matched_aux 656/2400
[step-001500] preference/background_matched_aux 672/2400
[step-001500] preference/background_matched_aux 688/2400
[step-001500] preference/background_matched_aux 704/2400
[step-001500] preference/background_matched_aux 720/2400
[step-001500] preference/background_matched_aux 736/2400
[step-001500] preference/background_matched_aux 752/2400
[step-001500] preference/background_matched_aux 768/2400
[step-001500] preference/background_matched_aux 784/2400
[step-001500] preference/background_matched_aux 800/2400
[step-001500] preference/background_matched_aux 816/2400
[step-001500] preference/background_matched_aux 832/2400
[step-001500] preference/background_matched_aux 848/2400
[step-001500] preference/background_matched_aux 864/2400
[step-001500] preference/background_matched_aux 880/2400
[step-001500] preference/background_matched_aux 896/2400
[step-001500] preference/background_matched_aux 912/2400
[step-001500] preference/background_matched_aux 928/2400
[step-001500] preference/background_matched_aux 944/2400
[step-001500] preference/background_matched_aux 960/2400
[step-001500] preference/background_matched_aux 976/2400
[step-001500] preference/background_matched_aux 992/2400
[step-001500] preference/background_matched_aux 1008/2400
[step-001500] preference/background_matched_aux 1024/2400
[step-001500] preference/background_matched_aux 1040/2400
[step-001500] preference/background_matched_aux 1056/2400
[step-001500] preference/background_matched_aux 1072/2400
[step-001500] preference/background_matched_aux 1088/2400
[step-001500] preference/background_matched_aux 1104/2400
[step-001500] preference/background_matched_aux 1120/2400
[step-001500] preference/background_matched_aux 1136/2400
[step-001500] preference/background_matched_aux 1152/2400
[step-001500] preference/background_matched_aux 1168/2400
[step-001500] preference/background_matched_aux 1184/2400
[step-001500] preference/background_matched_aux 1200/2400
[step-001500] preference/background_matched_aux 1216/2400
[step-001500] preference/background_matched_aux 1232/2400
[step-001500] preference/background_matched_aux 1248/2400
[step-001500] preference/background_matched_aux 1264/2400
[step-001500] preference/background_matched_aux 1280/2400
[step-001500] preference/background_matched_aux 1296/2400
[step-001500] preference/background_matched_aux 1312/2400
[step-001500] preference/background_matched_aux 1328/2400
[step-001500] preference/background_matched_aux 1344/2400
[step-001500] preference/background_matched_aux 1360/2400
[step-001500] preference/background_matched_aux 1376/2400
[step-001500] preference/background_matched_aux 1392/2400
[step-001500] preference/background_matched_aux 1408/2400
[step-001500] preference/background_matched_aux 1424/2400
[step-001500] preference/background_matched_aux 1440/2400
[step-001500] preference/background_matched_aux 1456/2400
[step-001500] preference/background_matched_aux 1472/2400
[step-001500] preference/background_matched_aux 1488/2400
[step-001500] preference/background_matched_aux 1504/2400
[step-001500] preference/background_matched_aux 1520/2400
[step-001500] preference/background_matched_aux 1536/2400
[step-001500] preference/background_matched_aux 1552/2400
[step-001500] preference/background_matched_aux 1568/2400
[step-001500] preference/background_matched_aux 1584/2400
[step-001500] preference/background_matched_aux 1600/2400
[step-001500] preference/background_matched_aux 1616/2400
[step-001500] preference/background_matched_aux 1632/2400
[step-001500] preference/background_matched_aux 1648/2400
[step-001500] preference/background_matched_aux 1664/2400
[step-001500] preference/background_matched_aux 1680/2400
[step-001500] preference/background_matched_aux 1696/2400
[step-001500] preference/background_matched_aux 1712/2400
[step-001500] preference/background_matched_aux 1728/2400
[step-001500] preference/background_matched_aux 1744/2400
[step-001500] preference/background_matched_aux 1760/2400
[step-001500] preference/background_matched_aux 1776/2400
[step-001500] preference/background_matched_aux 1792/2400
[step-001500] preference/background_matched_aux 1808/2400
[step-001500] preference/background_matched_aux 1824/2400
[step-001500] preference/background_matched_aux 1840/2400
[step-001500] preference/background_matched_aux 1856/2400
[step-001500] preference/background_matched_aux 1872/2400
[step-001500] preference/background_matched_aux 1888/2400
[step-001500] preference/background_matched_aux 1904/2400
[step-001500] preference/background_matched_aux 1920/2400
[step-001500] preference/background_matched_aux 1936/2400
[step-001500] preference/background_matched_aux 1952/2400
[step-001500] preference/background_matched_aux 1968/2400
[step-001500] preference/background_matched_aux 1984/2400
[step-001500] preference/background_matched_aux 2000/2400
[step-001500] preference/background_matched_aux 2016/2400
[step-001500] preference/background_matched_aux 2032/2400
[step-001500] preference/background_matched_aux 2048/2400
[step-001500] preference/background_matched_aux 2064/2400
[step-001500] preference/background_matched_aux 2080/2400
[step-001500] preference/background_matched_aux 2096/2400
[step-001500] preference/background_matched_aux 2112/2400
[step-001500] preference/background_matched_aux 2128/2400
[step-001500] preference/background_matched_aux 2144/2400
[step-001500] preference/background_matched_aux 2160/2400
[step-001500] preference/background_matched_aux 2176/2400
[step-001500] preference/background_matched_aux 2192/2400
[step-001500] preference/background_matched_aux 2208/2400
[step-001500] preference/background_matched_aux 2224/2400
[step-001500] preference/background_matched_aux 2240/2400
[step-001500] preference/background_matched_aux 2256/2400
[step-001500] preference/background_matched_aux 2272/2400
[step-001500] preference/background_matched_aux 2288/2400
[step-001500] preference/background_matched_aux 2304/2400
[step-001500] preference/background_matched_aux 2320/2400
[step-001500] preference/background_matched_aux 2336/2400
[step-001500] preference/background_matched_aux 2352/2400
[step-001500] preference/background_matched_aux 2368/2400
[step-001500] preference/background_matched_aux 2384/2400
[step-001500] preference/background_matched_aux 2400/2400
[balanced-projector-step25] preference/vision 16/2400
[balanced-projector-step25] preference/vision 32/2400
[balanced-projector-step25] preference/vision 48/2400
[balanced-projector-step25] preference/vision 64/2400
[balanced-projector-step25] preference/vision 80/2400
[balanced-projector-step25] preference/vision 96/2400
[balanced-projector-step25] preference/vision 112/2400
[balanced-projector-step25] preference/vision 128/2400
[balanced-projector-step25] preference/vision 144/2400
[balanced-projector-step25] preference/vision 160/2400
[balanced-projector-step25] preference/vision 176/2400
[balanced-projector-step25] preference/vision 192/2400
[balanced-projector-step25] preference/vision 208/2400
[balanced-projector-step25] preference/vision 224/2400
[balanced-projector-step25] preference/vision 240/2400
[balanced-projector-step25] preference/vision 256/2400
[balanced-projector-step25] preference/vision 272/2400
[balanced-projector-step25] preference/vision 288/2400
[balanced-projector-step25] preference/vision 304/2400
[balanced-projector-step25] preference/vision 320/2400
[balanced-projector-step25] preference/vision 336/2400
[balanced-projector-step25] preference/vision 352/2400
[balanced-projector-step25] preference/vision 368/2400
[balanced-projector-step25] preference/vision 384/2400
[balanced-projector-step25] preference/vision 400/2400
[balanced-projector-step25] preference/vision 416/2400
[balanced-projector-step25] preference/vision 432/2400
[balanced-projector-step25] preference/vision 448/2400
[balanced-projector-step25] preference/vision 464/2400
[balanced-projector-step25] preference/vision 480/2400
[balanced-projector-step25] preference/vision 496/2400
[balanced-projector-step25] preference/vision 512/2400
[balanced-projector-step25] preference/vision 528/2400
[balanced-projector-step25] preference/vision 544/2400
[balanced-projector-step25] preference/vision 560/2400
[balanced-projector-step25] preference/vision 576/2400
[balanced-projector-step25] preference/vision 592/2400
[balanced-projector-step25] preference/vision 608/2400
[balanced-projector-step25] preference/vision 624/2400
[balanced-projector-step25] preference/vision 640/2400
[balanced-projector-step25] preference/vision 656/2400
[balanced-projector-step25] preference/vision 672/2400
[balanced-projector-step25] preference/vision 688/2400
[balanced-projector-step25] preference/vision 704/2400
[balanced-projector-step25] preference/vision 720/2400
[balanced-projector-step25] preference/vision 736/2400
[balanced-projector-step25] preference/vision 752/2400
[balanced-projector-step25] preference/vision 768/2400
[balanced-projector-step25] preference/vision 784/2400
[balanced-projector-step25] preference/vision 800/2400
[balanced-projector-step25] preference/vision 816/2400
[balanced-projector-step25] preference/vision 832/2400
[balanced-projector-step25] preference/vision 848/2400
[balanced-projector-step25] preference/vision 864/2400
[balanced-projector-step25] preference/vision 880/2400
[balanced-projector-step25] preference/vision 896/2400
[balanced-projector-step25] preference/vision 912/2400
[balanced-projector-step25] preference/vision 928/2400
[balanced-projector-step25] preference/vision 944/2400
[balanced-projector-step25] preference/vision 960/2400
[balanced-projector-step25] preference/vision 976/2400
[balanced-projector-step25] preference/vision 992/2400
[balanced-projector-step25] preference/vision 1008/2400
[balanced-projector-step25] preference/vision 1024/2400
[balanced-projector-step25] preference/vision 1040/2400
[balanced-projector-step25] preference/vision 1056/2400
[balanced-projector-step25] preference/vision 1072/2400
[balanced-projector-step25] preference/vision 1088/2400
[balanced-projector-step25] preference/vision 1104/2400
[balanced-projector-step25] preference/vision 1120/2400
[balanced-projector-step25] preference/vision 1136/2400
[balanced-projector-step25] preference/vision 1152/2400
[balanced-projector-step25] preference/vision 1168/2400
[balanced-projector-step25] preference/vision 1184/2400
[balanced-projector-step25] preference/vision 1200/2400
[balanced-projector-step25] preference/vision 1216/2400
[balanced-projector-step25] preference/vision 1232/2400
[balanced-projector-step25] preference/vision 1248/2400
[balanced-projector-step25] preference/vision 1264/2400
[balanced-projector-step25] preference/vision 1280/2400
[balanced-projector-step25] preference/vision 1296/2400
[balanced-projector-step25] preference/vision 1312/2400
[balanced-projector-step25] preference/vision 1328/2400
[balanced-projector-step25] preference/vision 1344/2400
[balanced-projector-step25] preference/vision 1360/2400
[balanced-projector-step25] preference/vision 1376/2400
[balanced-projector-step25] preference/vision 1392/2400
[balanced-projector-step25] preference/vision 1408/2400
[balanced-projector-step25] preference/vision 1424/2400
[balanced-projector-step25] preference/vision 1440/2400
[balanced-projector-step25] preference/vision 1456/2400
[balanced-projector-step25] preference/vision 1472/2400
[balanced-projector-step25] preference/vision 1488/2400
[balanced-projector-step25] preference/vision 1504/2400
[balanced-projector-step25] preference/vision 1520/2400
[balanced-projector-step25] preference/vision 1536/2400
[balanced-projector-step25] preference/vision 1552/2400
[balanced-projector-step25] preference/vision 1568/2400
[balanced-projector-step25] preference/vision 1584/2400
[balanced-projector-step25] preference/vision 1600/2400
[balanced-projector-step25] preference/vision 1616/2400
[balanced-projector-step25] preference/vision 1632/2400
[balanced-projector-step25] preference/vision 1648/2400
[balanced-projector-step25] preference/vision 1664/2400
[balanced-projector-step25] preference/vision 1680/2400
[balanced-projector-step25] preference/vision 1696/2400
[balanced-projector-step25] preference/vision 1712/2400
[balanced-projector-step25] preference/vision 1728/2400
[balanced-projector-step25] preference/vision 1744/2400
[balanced-projector-step25] preference/vision 1760/2400
[balanced-projector-step25] preference/vision 1776/2400
[balanced-projector-step25] preference/vision 1792/2400
[balanced-projector-step25] preference/vision 1808/2400
[balanced-projector-step25] preference/vision 1824/2400
[balanced-projector-step25] preference/vision 1840/2400
[balanced-projector-step25] preference/vision 1856/2400
[balanced-projector-step25] preference/vision 1872/2400
[balanced-projector-step25] preference/vision 1888/2400
[balanced-projector-step25] preference/vision 1904/2400
[balanced-projector-step25] preference/vision 1920/2400
[balanced-projector-step25] preference/vision 1936/2400
[balanced-projector-step25] preference/vision 1952/2400
[balanced-projector-step25] preference/vision 1968/2400
[balanced-projector-step25] preference/vision 1984/2400
[balanced-projector-step25] preference/vision 2000/2400
[balanced-projector-step25] preference/vision 2016/2400
[balanced-projector-step25] preference/vision 2032/2400
[balanced-projector-step25] preference/vision 2048/2400
[balanced-projector-step25] preference/vision 2064/2400
[balanced-projector-step25] preference/vision 2080/2400
[balanced-projector-step25] preference/vision 2096/2400
[balanced-projector-step25] preference/vision 2112/2400
[balanced-projector-step25] preference/vision 2128/2400
[balanced-projector-step25] preference/vision 2144/2400
[balanced-projector-step25] preference/vision 2160/2400
[balanced-projector-step25] preference/vision 2176/2400
[balanced-projector-step25] preference/vision 2192/2400
[balanced-projector-step25] preference/vision 2208/2400
[balanced-projector-step25] preference/vision 2224/2400
[balanced-projector-step25] preference/vision 2240/2400
[balanced-projector-step25] preference/vision 2256/2400
[balanced-projector-step25] preference/vision 2272/2400
[balanced-projector-step25] preference/vision 2288/2400
[balanced-projector-step25] preference/vision 2304/2400
[balanced-projector-step25] preference/vision 2320/2400
[balanced-projector-step25] preference/vision 2336/2400
[balanced-projector-step25] preference/vision 2352/2400
[balanced-projector-step25] preference/vision 2368/2400
[balanced-projector-step25] preference/vision 2384/2400
[balanced-projector-step25] preference/vision 2400/2400
[balanced-projector-step25] preference/shuffled_image 16/2400
[balanced-projector-step25] preference/shuffled_image 32/2400
[balanced-projector-step25] preference/shuffled_image 48/2400
[balanced-projector-step25] preference/shuffled_image 64/2400
[balanced-projector-step25] preference/shuffled_image 80/2400
[balanced-projector-step25] preference/shuffled_image 96/2400
[balanced-projector-step25] preference/shuffled_image 112/2400
[balanced-projector-step25] preference/shuffled_image 128/2400
[balanced-projector-step25] preference/shuffled_image 144/2400
[balanced-projector-step25] preference/shuffled_image 160/2400
[balanced-projector-step25] preference/shuffled_image 176/2400
[balanced-projector-step25] preference/shuffled_image 192/2400
[balanced-projector-step25] preference/shuffled_image 208/2400
[balanced-projector-step25] preference/shuffled_image 224/2400
[balanced-projector-step25] preference/shuffled_image 240/2400
[balanced-projector-step25] preference/shuffled_image 256/2400
[balanced-projector-step25] preference/shuffled_image 272/2400
[balanced-projector-step25] preference/shuffled_image 288/2400
[balanced-projector-step25] preference/shuffled_image 304/2400
[balanced-projector-step25] preference/shuffled_image 320/2400
[balanced-projector-step25] preference/shuffled_image 336/2400
[balanced-projector-step25] preference/shuffled_image 352/2400
[balanced-projector-step25] preference/shuffled_image 368/2400
[balanced-projector-step25] preference/shuffled_image 384/2400
[balanced-projector-step25] preference/shuffled_image 400/2400
[balanced-projector-step25] preference/shuffled_image 416/2400
[balanced-projector-step25] preference/shuffled_image 432/2400
[balanced-projector-step25] preference/shuffled_image 448/2400
[balanced-projector-step25] preference/shuffled_image 464/2400
[balanced-projector-step25] preference/shuffled_image 480/2400
[balanced-projector-step25] preference/shuffled_image 496/2400
[balanced-projector-step25] preference/shuffled_image 512/2400
[balanced-projector-step25] preference/shuffled_image 528/2400
[balanced-projector-step25] preference/shuffled_image 544/2400
[balanced-projector-step25] preference/shuffled_image 560/2400
[balanced-projector-step25] preference/shuffled_image 576/2400
[balanced-projector-step25] preference/shuffled_image 592/2400
[balanced-projector-step25] preference/shuffled_image 608/2400
[balanced-projector-step25] preference/shuffled_image 624/2400
[balanced-projector-step25] preference/shuffled_image 640/2400
[balanced-projector-step25] preference/shuffled_image 656/2400
[balanced-projector-step25] preference/shuffled_image 672/2400
[balanced-projector-step25] preference/shuffled_image 688/2400
[balanced-projector-step25] preference/shuffled_image 704/2400
[balanced-projector-step25] preference/shuffled_image 720/2400
[balanced-projector-step25] preference/shuffled_image 736/2400
[balanced-projector-step25] preference/shuffled_image 752/2400
[balanced-projector-step25] preference/shuffled_image 768/2400
[balanced-projector-step25] preference/shuffled_image 784/2400
[balanced-projector-step25] preference/shuffled_image 800/2400
[balanced-projector-step25] preference/shuffled_image 816/2400
[balanced-projector-step25] preference/shuffled_image 832/2400
[balanced-projector-step25] preference/shuffled_image 848/2400
[balanced-projector-step25] preference/shuffled_image 864/2400
[balanced-projector-step25] preference/shuffled_image 880/2400
[balanced-projector-step25] preference/shuffled_image 896/2400
[balanced-projector-step25] preference/shuffled_image 912/2400
[balanced-projector-step25] preference/shuffled_image 928/2400
[balanced-projector-step25] preference/shuffled_image 944/2400
[balanced-projector-step25] preference/shuffled_image 960/2400
[balanced-projector-step25] preference/shuffled_image 976/2400
[balanced-projector-step25] preference/shuffled_image 992/2400
[balanced-projector-step25] preference/shuffled_image 1008/2400
[balanced-projector-step25] preference/shuffled_image 1024/2400
[balanced-projector-step25] preference/shuffled_image 1040/2400
[balanced-projector-step25] preference/shuffled_image 1056/2400
[balanced-projector-step25] preference/shuffled_image 1072/2400
[balanced-projector-step25] preference/shuffled_image 1088/2400
[balanced-projector-step25] preference/shuffled_image 1104/2400
[balanced-projector-step25] preference/shuffled_image 1120/2400
[balanced-projector-step25] preference/shuffled_image 1136/2400
[balanced-projector-step25] preference/shuffled_image 1152/2400
[balanced-projector-step25] preference/shuffled_image 1168/2400
[balanced-projector-step25] preference/shuffled_image 1184/2400
[balanced-projector-step25] preference/shuffled_image 1200/2400
[balanced-projector-step25] preference/shuffled_image 1216/2400
[balanced-projector-step25] preference/shuffled_image 1232/2400
[balanced-projector-step25] preference/shuffled_image 1248/2400
[balanced-projector-step25] preference/shuffled_image 1264/2400
[balanced-projector-step25] preference/shuffled_image 1280/2400
[balanced-projector-step25] preference/shuffled_image 1296/2400
[balanced-projector-step25] preference/shuffled_image 1312/2400
[balanced-projector-step25] preference/shuffled_image 1328/2400
[balanced-projector-step25] preference/shuffled_image 1344/2400
[balanced-projector-step25] preference/shuffled_image 1360/2400
[balanced-projector-step25] preference/shuffled_image 1376/2400
[balanced-projector-step25] preference/shuffled_image 1392/2400
[balanced-projector-step25] preference/shuffled_image 1408/2400
[balanced-projector-step25] preference/shuffled_image 1424/2400
[balanced-projector-step25] preference/shuffled_image 1440/2400
[balanced-projector-step25] preference/shuffled_image 1456/2400
[balanced-projector-step25] preference/shuffled_image 1472/2400
[balanced-projector-step25] preference/shuffled_image 1488/2400
[balanced-projector-step25] preference/shuffled_image 1504/2400
[balanced-projector-step25] preference/shuffled_image 1520/2400
[balanced-projector-step25] preference/shuffled_image 1536/2400
[balanced-projector-step25] preference/shuffled_image 1552/2400
[balanced-projector-step25] preference/shuffled_image 1568/2400
[balanced-projector-step25] preference/shuffled_image 1584/2400
[balanced-projector-step25] preference/shuffled_image 1600/2400
[balanced-projector-step25] preference/shuffled_image 1616/2400
[balanced-projector-step25] preference/shuffled_image 1632/2400
[balanced-projector-step25] preference/shuffled_image 1648/2400
[balanced-projector-step25] preference/shuffled_image 1664/2400
[balanced-projector-step25] preference/shuffled_image 1680/2400
[balanced-projector-step25] preference/shuffled_image 1696/2400
[balanced-projector-step25] preference/shuffled_image 1712/2400
[balanced-projector-step25] preference/shuffled_image 1728/2400
[balanced-projector-step25] preference/shuffled_image 1744/2400
[balanced-projector-step25] preference/shuffled_image 1760/2400
[balanced-projector-step25] preference/shuffled_image 1776/2400
[balanced-projector-step25] preference/shuffled_image 1792/2400
[balanced-projector-step25] preference/shuffled_image 1808/2400
[balanced-projector-step25] preference/shuffled_image 1824/2400
[balanced-projector-step25] preference/shuffled_image 1840/2400
[balanced-projector-step25] preference/shuffled_image 1856/2400
[balanced-projector-step25] preference/shuffled_image 1872/2400
[balanced-projector-step25] preference/shuffled_image 1888/2400
[balanced-projector-step25] preference/shuffled_image 1904/2400
[balanced-projector-step25] preference/shuffled_image 1920/2400
[balanced-projector-step25] preference/shuffled_image 1936/2400
[balanced-projector-step25] preference/shuffled_image 1952/2400
[balanced-projector-step25] preference/shuffled_image 1968/2400
[balanced-projector-step25] preference/shuffled_image 1984/2400
[balanced-projector-step25] preference/shuffled_image 2000/2400
[balanced-projector-step25] preference/shuffled_image 2016/2400
[balanced-projector-step25] preference/shuffled_image 2032/2400
[balanced-projector-step25] preference/shuffled_image 2048/2400
[balanced-projector-step25] preference/shuffled_image 2064/2400
[balanced-projector-step25] preference/shuffled_image 2080/2400
[balanced-projector-step25] preference/shuffled_image 2096/2400
[balanced-projector-step25] preference/shuffled_image 2112/2400
[balanced-projector-step25] preference/shuffled_image 2128/2400
[balanced-projector-step25] preference/shuffled_image 2144/2400
[balanced-projector-step25] preference/shuffled_image 2160/2400
[balanced-projector-step25] preference/shuffled_image 2176/2400
[balanced-projector-step25] preference/shuffled_image 2192/2400
[balanced-projector-step25] preference/shuffled_image 2208/2400
[balanced-projector-step25] preference/shuffled_image 2224/2400
[balanced-projector-step25] preference/shuffled_image 2240/2400
[balanced-projector-step25] preference/shuffled_image 2256/2400
[balanced-projector-step25] preference/shuffled_image 2272/2400
[balanced-projector-step25] preference/shuffled_image 2288/2400
[balanced-projector-step25] preference/shuffled_image 2304/2400
[balanced-projector-step25] preference/shuffled_image 2320/2400
[balanced-projector-step25] preference/shuffled_image 2336/2400
[balanced-projector-step25] preference/shuffled_image 2352/2400
[balanced-projector-step25] preference/shuffled_image 2368/2400
[balanced-projector-step25] preference/shuffled_image 2384/2400
[balanced-projector-step25] preference/shuffled_image 2400/2400
[balanced-projector-step25] preference/paired_counterfactual_image 16/2400
[balanced-projector-step25] preference/paired_counterfactual_image 32/2400
[balanced-projector-step25] preference/paired_counterfactual_image 48/2400
[balanced-projector-step25] preference/paired_counterfactual_image 64/2400
[balanced-projector-step25] preference/paired_counterfactual_image 80/2400
[balanced-projector-step25] preference/paired_counterfactual_image 96/2400
[balanced-projector-step25] preference/paired_counterfactual_image 112/2400
[balanced-projector-step25] preference/paired_counterfactual_image 128/2400
[balanced-projector-step25] preference/paired_counterfactual_image 144/2400
[balanced-projector-step25] preference/paired_counterfactual_image 160/2400
[balanced-projector-step25] preference/paired_counterfactual_image 176/2400
[balanced-projector-step25] preference/paired_counterfactual_image 192/2400
[balanced-projector-step25] preference/paired_counterfactual_image 208/2400
[balanced-projector-step25] preference/paired_counterfactual_image 224/2400
[balanced-projector-step25] preference/paired_counterfactual_image 240/2400
[balanced-projector-step25] preference/paired_counterfactual_image 256/2400
[balanced-projector-step25] preference/paired_counterfactual_image 272/2400
[balanced-projector-step25] preference/paired_counterfactual_image 288/2400
[balanced-projector-step25] preference/paired_counterfactual_image 304/2400
[balanced-projector-step25] preference/paired_counterfactual_image 320/2400
[balanced-projector-step25] preference/paired_counterfactual_image 336/2400
[balanced-projector-step25] preference/paired_counterfactual_image 352/2400
[balanced-projector-step25] preference/paired_counterfactual_image 368/2400
[balanced-projector-step25] preference/paired_counterfactual_image 384/2400
[balanced-projector-step25] preference/paired_counterfactual_image 400/2400
[balanced-projector-step25] preference/paired_counterfactual_image 416/2400
[balanced-projector-step25] preference/paired_counterfactual_image 432/2400
[balanced-projector-step25] preference/paired_counterfactual_image 448/2400
[balanced-projector-step25] preference/paired_counterfactual_image 464/2400
[balanced-projector-step25] preference/paired_counterfactual_image 480/2400
[balanced-projector-step25] preference/paired_counterfactual_image 496/2400
[balanced-projector-step25] preference/paired_counterfactual_image 512/2400
[balanced-projector-step25] preference/paired_counterfactual_image 528/2400
[balanced-projector-step25] preference/paired_counterfactual_image 544/2400
[balanced-projector-step25] preference/paired_counterfactual_image 560/2400
[balanced-projector-step25] preference/paired_counterfactual_image 576/2400
[balanced-projector-step25] preference/paired_counterfactual_image 592/2400
[balanced-projector-step25] preference/paired_counterfactual_image 608/2400
[balanced-projector-step25] preference/paired_counterfactual_image 624/2400
[balanced-projector-step25] preference/paired_counterfactual_image 640/2400
[balanced-projector-step25] preference/paired_counterfactual_image 656/2400
[balanced-projector-step25] preference/paired_counterfactual_image 672/2400
[balanced-projector-step25] preference/paired_counterfactual_image 688/2400
[balanced-projector-step25] preference/paired_counterfactual_image 704/2400
[balanced-projector-step25] preference/paired_counterfactual_image 720/2400
[balanced-projector-step25] preference/paired_counterfactual_image 736/2400
[balanced-projector-step25] preference/paired_counterfactual_image 752/2400
[balanced-projector-step25] preference/paired_counterfactual_image 768/2400
[balanced-projector-step25] preference/paired_counterfactual_image 784/2400
[balanced-projector-step25] preference/paired_counterfactual_image 800/2400
[balanced-projector-step25] preference/paired_counterfactual_image 816/2400
[balanced-projector-step25] preference/paired_counterfactual_image 832/2400
[balanced-projector-step25] preference/paired_counterfactual_image 848/2400
[balanced-projector-step25] preference/paired_counterfactual_image 864/2400
[balanced-projector-step25] preference/paired_counterfactual_image 880/2400
[balanced-projector-step25] preference/paired_counterfactual_image 896/2400
[balanced-projector-step25] preference/paired_counterfactual_image 912/2400
[balanced-projector-step25] preference/paired_counterfactual_image 928/2400
[balanced-projector-step25] preference/paired_counterfactual_image 944/2400
[balanced-projector-step25] preference/paired_counterfactual_image 960/2400
[balanced-projector-step25] preference/paired_counterfactual_image 976/2400
[balanced-projector-step25] preference/paired_counterfactual_image 992/2400
[balanced-projector-step25] preference/paired_counterfactual_image 1008/2400
[balanced-projector-step25] preference/paired_counterfactual_image 1024/2400
[balanced-projector-step25] preference/paired_counterfactual_image 1040/2400
[balanced-projector-step25] preference/paired_counterfactual_image 1056/2400
[balanced-projector-step25] preference/paired_counterfactual_image 1072/2400
[balanced-projector-step25] preference/paired_counterfactual_image 1088/2400
[balanced-projector-step25] preference/paired_counterfactual_image 1104/2400
[balanced-projector-step25] preference/paired_counterfactual_image 1120/2400
[balanced-projector-step25] preference/paired_counterfactual_image 1136/2400
[balanced-projector-step25] preference/paired_counterfactual_image 1152/2400
[balanced-projector-step25] preference/paired_counterfactual_image 1168/2400
[balanced-projector-step25] preference/paired_counterfactual_image 1184/2400
[balanced-projector-step25] preference/paired_counterfactual_image 1200/2400
[balanced-projector-step25] preference/paired_counterfactual_image 1216/2400
[balanced-projector-step25] preference/paired_counterfactual_image 1232/2400
[balanced-projector-step25] preference/paired_counterfactual_image 1248/2400
[balanced-projector-step25] preference/paired_counterfactual_image 1264/2400
[balanced-projector-step25] preference/paired_counterfactual_image 1280/2400
[balanced-projector-step25] preference/paired_counterfactual_image 1296/2400
[balanced-projector-step25] preference/paired_counterfactual_image 1312/2400
[balanced-projector-step25] preference/paired_counterfactual_image 1328/2400
[balanced-projector-step25] preference/paired_counterfactual_image 1344/2400
[balanced-projector-step25] preference/paired_counterfactual_image 1360/2400
[balanced-projector-step25] preference/paired_counterfactual_image 1376/2400
[balanced-projector-step25] preference/paired_counterfactual_image 1392/2400
[balanced-projector-step25] preference/paired_counterfactual_image 1408/2400
[balanced-projector-step25] preference/paired_counterfactual_image 1424/2400
[balanced-projector-step25] preference/paired_counterfactual_image 1440/2400
[balanced-projector-step25] preference/paired_counterfactual_image 1456/2400
[balanced-projector-step25] preference/paired_counterfactual_image 1472/2400
[balanced-projector-step25] preference/paired_counterfactual_image 1488/2400
[balanced-projector-step25] preference/paired_counterfactual_image 1504/2400
[balanced-projector-step25] preference/paired_counterfactual_image 1520/2400
[balanced-projector-step25] preference/paired_counterfactual_image 1536/2400
[balanced-projector-step25] preference/paired_counterfactual_image 1552/2400
[balanced-projector-step25] preference/paired_counterfactual_image 1568/2400
[balanced-projector-step25] preference/paired_counterfactual_image 1584/2400
[balanced-projector-step25] preference/paired_counterfactual_image 1600/2400
[balanced-projector-step25] preference/paired_counterfactual_image 1616/2400
[balanced-projector-step25] preference/paired_counterfactual_image 1632/2400
[balanced-projector-step25] preference/paired_counterfactual_image 1648/2400
[balanced-projector-step25] preference/paired_counterfactual_image 1664/2400
[balanced-projector-step25] preference/paired_counterfactual_image 1680/2400
[balanced-projector-step25] preference/paired_counterfactual_image 1696/2400
[balanced-projector-step25] preference/paired_counterfactual_image 1712/2400
[balanced-projector-step25] preference/paired_counterfactual_image 1728/2400
[balanced-projector-step25] preference/paired_counterfactual_image 1744/2400
[balanced-projector-step25] preference/paired_counterfactual_image 1760/2400
[balanced-projector-step25] preference/paired_counterfactual_image 1776/2400
[balanced-projector-step25] preference/paired_counterfactual_image 1792/2400
[balanced-projector-step25] preference/paired_counterfactual_image 1808/2400
[balanced-projector-step25] preference/paired_counterfactual_image 1824/2400
[balanced-projector-step25] preference/paired_counterfactual_image 1840/2400
[balanced-projector-step25] preference/paired_counterfactual_image 1856/2400
[balanced-projector-step25] preference/paired_counterfactual_image 1872/2400
[balanced-projector-step25] preference/paired_counterfactual_image 1888/2400
[balanced-projector-step25] preference/paired_counterfactual_image 1904/2400
[balanced-projector-step25] preference/paired_counterfactual_image 1920/2400
[balanced-projector-step25] preference/paired_counterfactual_image 1936/2400
[balanced-projector-step25] preference/paired_counterfactual_image 1952/2400
[balanced-projector-step25] preference/paired_counterfactual_image 1968/2400
[balanced-projector-step25] preference/paired_counterfactual_image 1984/2400
[balanced-projector-step25] preference/paired_counterfactual_image 2000/2400
[balanced-projector-step25] preference/paired_counterfactual_image 2016/2400
[balanced-projector-step25] preference/paired_counterfactual_image 2032/2400
[balanced-projector-step25] preference/paired_counterfactual_image 2048/2400
[balanced-projector-step25] preference/paired_counterfactual_image 2064/2400
[balanced-projector-step25] preference/paired_counterfactual_image 2080/2400
[balanced-projector-step25] preference/paired_counterfactual_image 2096/2400
[balanced-projector-step25] preference/paired_counterfactual_image 2112/2400
[balanced-projector-step25] preference/paired_counterfactual_image 2128/2400
[balanced-projector-step25] preference/paired_counterfactual_image 2144/2400
[balanced-projector-step25] preference/paired_counterfactual_image 2160/2400
[balanced-projector-step25] preference/paired_counterfactual_image 2176/2400
[balanced-projector-step25] preference/paired_counterfactual_image 2192/2400
[balanced-projector-step25] preference/paired_counterfactual_image 2208/2400
[balanced-projector-step25] preference/paired_counterfactual_image 2224/2400
[balanced-projector-step25] preference/paired_counterfactual_image 2240/2400
[balanced-projector-step25] preference/paired_counterfactual_image 2256/2400
[balanced-projector-step25] preference/paired_counterfactual_image 2272/2400
[balanced-projector-step25] preference/paired_counterfactual_image 2288/2400
[balanced-projector-step25] preference/paired_counterfactual_image 2304/2400
[balanced-projector-step25] preference/paired_counterfactual_image 2320/2400
[balanced-projector-step25] preference/paired_counterfactual_image 2336/2400
[balanced-projector-step25] preference/paired_counterfactual_image 2352/2400
[balanced-projector-step25] preference/paired_counterfactual_image 2368/2400
[balanced-projector-step25] preference/paired_counterfactual_image 2384/2400
[balanced-projector-step25] preference/paired_counterfactual_image 2400/2400
[balanced-projector-step25] preference/background_matched_aux 16/2400
[balanced-projector-step25] preference/background_matched_aux 32/2400
[balanced-projector-step25] preference/background_matched_aux 48/2400
[balanced-projector-step25] preference/background_matched_aux 64/2400
[balanced-projector-step25] preference/background_matched_aux 80/2400
[balanced-projector-step25] preference/background_matched_aux 96/2400
[balanced-projector-step25] preference/background_matched_aux 112/2400
[balanced-projector-step25] preference/background_matched_aux 128/2400
[balanced-projector-step25] preference/background_matched_aux 144/2400
[balanced-projector-step25] preference/background_matched_aux 160/2400
[balanced-projector-step25] preference/background_matched_aux 176/2400
[balanced-projector-step25] preference/background_matched_aux 192/2400
[balanced-projector-step25] preference/background_matched_aux 208/2400
[balanced-projector-step25] preference/background_matched_aux 224/2400
[balanced-projector-step25] preference/background_matched_aux 240/2400
[balanced-projector-step25] preference/background_matched_aux 256/2400
[balanced-projector-step25] preference/background_matched_aux 272/2400
[balanced-projector-step25] preference/background_matched_aux 288/2400
[balanced-projector-step25] preference/background_matched_aux 304/2400
[balanced-projector-step25] preference/background_matched_aux 320/2400
[balanced-projector-step25] preference/background_matched_aux 336/2400
[balanced-projector-step25] preference/background_matched_aux 352/2400
[balanced-projector-step25] preference/background_matched_aux 368/2400
[balanced-projector-step25] preference/background_matched_aux 384/2400
[balanced-projector-step25] preference/background_matched_aux 400/2400
[balanced-projector-step25] preference/background_matched_aux 416/2400
[balanced-projector-step25] preference/background_matched_aux 432/2400
[balanced-projector-step25] preference/background_matched_aux 448/2400
[balanced-projector-step25] preference/background_matched_aux 464/2400
[balanced-projector-step25] preference/background_matched_aux 480/2400
[balanced-projector-step25] preference/background_matched_aux 496/2400
[balanced-projector-step25] preference/background_matched_aux 512/2400
[balanced-projector-step25] preference/background_matched_aux 528/2400
[balanced-projector-step25] preference/background_matched_aux 544/2400
[balanced-projector-step25] preference/background_matched_aux 560/2400
[balanced-projector-step25] preference/background_matched_aux 576/2400
[balanced-projector-step25] preference/background_matched_aux 592/2400
[balanced-projector-step25] preference/background_matched_aux 608/2400
[balanced-projector-step25] preference/background_matched_aux 624/2400
[balanced-projector-step25] preference/background_matched_aux 640/2400
[balanced-projector-step25] preference/background_matched_aux 656/2400
[balanced-projector-step25] preference/background_matched_aux 672/2400
[balanced-projector-step25] preference/background_matched_aux 688/2400
[balanced-projector-step25] preference/background_matched_aux 704/2400
[balanced-projector-step25] preference/background_matched_aux 720/2400
[balanced-projector-step25] preference/background_matched_aux 736/2400
[balanced-projector-step25] preference/background_matched_aux 752/2400
[balanced-projector-step25] preference/background_matched_aux 768/2400
[balanced-projector-step25] preference/background_matched_aux 784/2400
[balanced-projector-step25] preference/background_matched_aux 800/2400
[balanced-projector-step25] preference/background_matched_aux 816/2400
[balanced-projector-step25] preference/background_matched_aux 832/2400
[balanced-projector-step25] preference/background_matched_aux 848/2400
[balanced-projector-step25] preference/background_matched_aux 864/2400
[balanced-projector-step25] preference/background_matched_aux 880/2400
[balanced-projector-step25] preference/background_matched_aux 896/2400
[balanced-projector-step25] preference/background_matched_aux 912/2400
[balanced-projector-step25] preference/background_matched_aux 928/2400
[balanced-projector-step25] preference/background_matched_aux 944/2400
[balanced-projector-step25] preference/background_matched_aux 960/2400
[balanced-projector-step25] preference/background_matched_aux 976/2400
[balanced-projector-step25] preference/background_matched_aux 992/2400
[balanced-projector-step25] preference/background_matched_aux 1008/2400
[balanced-projector-step25] preference/background_matched_aux 1024/2400
[balanced-projector-step25] preference/background_matched_aux 1040/2400
[balanced-projector-step25] preference/background_matched_aux 1056/2400
[balanced-projector-step25] preference/background_matched_aux 1072/2400
[balanced-projector-step25] preference/background_matched_aux 1088/2400
[balanced-projector-step25] preference/background_matched_aux 1104/2400
[balanced-projector-step25] preference/background_matched_aux 1120/2400
[balanced-projector-step25] preference/background_matched_aux 1136/2400
[balanced-projector-step25] preference/background_matched_aux 1152/2400
[balanced-projector-step25] preference/background_matched_aux 1168/2400
[balanced-projector-step25] preference/background_matched_aux 1184/2400
[balanced-projector-step25] preference/background_matched_aux 1200/2400
[balanced-projector-step25] preference/background_matched_aux 1216/2400
[balanced-projector-step25] preference/background_matched_aux 1232/2400
[balanced-projector-step25] preference/background_matched_aux 1248/2400
[balanced-projector-step25] preference/background_matched_aux 1264/2400
[balanced-projector-step25] preference/background_matched_aux 1280/2400
[balanced-projector-step25] preference/background_matched_aux 1296/2400
[balanced-projector-step25] preference/background_matched_aux 1312/2400
[balanced-projector-step25] preference/background_matched_aux 1328/2400
[balanced-projector-step25] preference/background_matched_aux 1344/2400
[balanced-projector-step25] preference/background_matched_aux 1360/2400
[balanced-projector-step25] preference/background_matched_aux 1376/2400
[balanced-projector-step25] preference/background_matched_aux 1392/2400
[balanced-projector-step25] preference/background_matched_aux 1408/2400
[balanced-projector-step25] preference/background_matched_aux 1424/2400
[balanced-projector-step25] preference/background_matched_aux 1440/2400
[balanced-projector-step25] preference/background_matched_aux 1456/2400
[balanced-projector-step25] preference/background_matched_aux 1472/2400
[balanced-projector-step25] preference/background_matched_aux 1488/2400
[balanced-projector-step25] preference/background_matched_aux 1504/2400
[balanced-projector-step25] preference/background_matched_aux 1520/2400
[balanced-projector-step25] preference/background_matched_aux 1536/2400
[balanced-projector-step25] preference/background_matched_aux 1552/2400
[balanced-projector-step25] preference/background_matched_aux 1568/2400
[balanced-projector-step25] preference/background_matched_aux 1584/2400
[balanced-projector-step25] preference/background_matched_aux 1600/2400
[balanced-projector-step25] preference/background_matched_aux 1616/2400
[balanced-projector-step25] preference/background_matched_aux 1632/2400
[balanced-projector-step25] preference/background_matched_aux 1648/2400
[balanced-projector-step25] preference/background_matched_aux 1664/2400
[balanced-projector-step25] preference/background_matched_aux 1680/2400
[balanced-projector-step25] preference/background_matched_aux 1696/2400
[balanced-projector-step25] preference/background_matched_aux 1712/2400
[balanced-projector-step25] preference/background_matched_aux 1728/2400
[balanced-projector-step25] preference/background_matched_aux 1744/2400
[balanced-projector-step25] preference/background_matched_aux 1760/2400
[balanced-projector-step25] preference/background_matched_aux 1776/2400
[balanced-projector-step25] preference/background_matched_aux 1792/2400
[balanced-projector-step25] preference/background_matched_aux 1808/2400
[balanced-projector-step25] preference/background_matched_aux 1824/2400
[balanced-projector-step25] preference/background_matched_aux 1840/2400
[balanced-projector-step25] preference/background_matched_aux 1856/2400
[balanced-projector-step25] preference/background_matched_aux 1872/2400
[balanced-projector-step25] preference/background_matched_aux 1888/2400
[balanced-projector-step25] preference/background_matched_aux 1904/2400
[balanced-projector-step25] preference/background_matched_aux 1920/2400
[balanced-projector-step25] preference/background_matched_aux 1936/2400
[balanced-projector-step25] preference/background_matched_aux 1952/2400
[balanced-projector-step25] preference/background_matched_aux 1968/2400
[balanced-projector-step25] preference/background_matched_aux 1984/2400
[balanced-projector-step25] preference/background_matched_aux 2000/2400
[balanced-projector-step25] preference/background_matched_aux 2016/2400
[balanced-projector-step25] preference/background_matched_aux 2032/2400
[balanced-projector-step25] preference/background_matched_aux 2048/2400
[balanced-projector-step25] preference/background_matched_aux 2064/2400
[balanced-projector-step25] preference/background_matched_aux 2080/2400
[balanced-projector-step25] preference/background_matched_aux 2096/2400
[balanced-projector-step25] preference/background_matched_aux 2112/2400
[balanced-projector-step25] preference/background_matched_aux 2128/2400
[balanced-projector-step25] preference/background_matched_aux 2144/2400
[balanced-projector-step25] preference/background_matched_aux 2160/2400
[balanced-projector-step25] preference/background_matched_aux 2176/2400
[balanced-projector-step25] preference/background_matched_aux 2192/2400
[balanced-projector-step25] preference/background_matched_aux 2208/2400
[balanced-projector-step25] preference/background_matched_aux 2224/2400
[balanced-projector-step25] preference/background_matched_aux 2240/2400
[balanced-projector-step25] preference/background_matched_aux 2256/2400
[balanced-projector-step25] preference/background_matched_aux 2272/2400
[balanced-projector-step25] preference/background_matched_aux 2288/2400
[balanced-projector-step25] preference/background_matched_aux 2304/2400
[balanced-projector-step25] preference/background_matched_aux 2320/2400
[balanced-projector-step25] preference/background_matched_aux 2336/2400
[balanced-projector-step25] preference/background_matched_aux 2352/2400
[balanced-projector-step25] preference/background_matched_aux 2368/2400
[balanced-projector-step25] preference/background_matched_aux 2384/2400
[balanced-projector-step25] preference/background_matched_aux 2400/2400
[balanced-projector-step50] preference/vision 16/2400
[balanced-projector-step50] preference/vision 32/2400
[balanced-projector-step50] preference/vision 48/2400
[balanced-projector-step50] preference/vision 64/2400
[balanced-projector-step50] preference/vision 80/2400
[balanced-projector-step50] preference/vision 96/2400
[balanced-projector-step50] preference/vision 112/2400
[balanced-projector-step50] preference/vision 128/2400
[balanced-projector-step50] preference/vision 144/2400
[balanced-projector-step50] preference/vision 160/2400
[balanced-projector-step50] preference/vision 176/2400
[balanced-projector-step50] preference/vision 192/2400
[balanced-projector-step50] preference/vision 208/2400
[balanced-projector-step50] preference/vision 224/2400
[balanced-projector-step50] preference/vision 240/2400
[balanced-projector-step50] preference/vision 256/2400
[balanced-projector-step50] preference/vision 272/2400
[balanced-projector-step50] preference/vision 288/2400
[balanced-projector-step50] preference/vision 304/2400
[balanced-projector-step50] preference/vision 320/2400
[balanced-projector-step50] preference/vision 336/2400
[balanced-projector-step50] preference/vision 352/2400
[balanced-projector-step50] preference/vision 368/2400
[balanced-projector-step50] preference/vision 384/2400
[balanced-projector-step50] preference/vision 400/2400
[balanced-projector-step50] preference/vision 416/2400
[balanced-projector-step50] preference/vision 432/2400
[balanced-projector-step50] preference/vision 448/2400
[balanced-projector-step50] preference/vision 464/2400
[balanced-projector-step50] preference/vision 480/2400
[balanced-projector-step50] preference/vision 496/2400
[balanced-projector-step50] preference/vision 512/2400
[balanced-projector-step50] preference/vision 528/2400
[balanced-projector-step50] preference/vision 544/2400
[balanced-projector-step50] preference/vision 560/2400
[balanced-projector-step50] preference/vision 576/2400
[balanced-projector-step50] preference/vision 592/2400
[balanced-projector-step50] preference/vision 608/2400
[balanced-projector-step50] preference/vision 624/2400
[balanced-projector-step50] preference/vision 640/2400
[balanced-projector-step50] preference/vision 656/2400
[balanced-projector-step50] preference/vision 672/2400
[balanced-projector-step50] preference/vision 688/2400
[balanced-projector-step50] preference/vision 704/2400
[balanced-projector-step50] preference/vision 720/2400
[balanced-projector-step50] preference/vision 736/2400
[balanced-projector-step50] preference/vision 752/2400
[balanced-projector-step50] preference/vision 768/2400
[balanced-projector-step50] preference/vision 784/2400
[balanced-projector-step50] preference/vision 800/2400
[balanced-projector-step50] preference/vision 816/2400
[balanced-projector-step50] preference/vision 832/2400
[balanced-projector-step50] preference/vision 848/2400
[balanced-projector-step50] preference/vision 864/2400
[balanced-projector-step50] preference/vision 880/2400
[balanced-projector-step50] preference/vision 896/2400
[balanced-projector-step50] preference/vision 912/2400
[balanced-projector-step50] preference/vision 928/2400
[balanced-projector-step50] preference/vision 944/2400
[balanced-projector-step50] preference/vision 960/2400
[balanced-projector-step50] preference/vision 976/2400
[balanced-projector-step50] preference/vision 992/2400
[balanced-projector-step50] preference/vision 1008/2400
[balanced-projector-step50] preference/vision 1024/2400
[balanced-projector-step50] preference/vision 1040/2400
[balanced-projector-step50] preference/vision 1056/2400
[balanced-projector-step50] preference/vision 1072/2400
[balanced-projector-step50] preference/vision 1088/2400
[balanced-projector-step50] preference/vision 1104/2400
[balanced-projector-step50] preference/vision 1120/2400
[balanced-projector-step50] preference/vision 1136/2400
[balanced-projector-step50] preference/vision 1152/2400
[balanced-projector-step50] preference/vision 1168/2400
[balanced-projector-step50] preference/vision 1184/2400
[balanced-projector-step50] preference/vision 1200/2400
[balanced-projector-step50] preference/vision 1216/2400
[balanced-projector-step50] preference/vision 1232/2400
[balanced-projector-step50] preference/vision 1248/2400
[balanced-projector-step50] preference/vision 1264/2400
[balanced-projector-step50] preference/vision 1280/2400
[balanced-projector-step50] preference/vision 1296/2400
[balanced-projector-step50] preference/vision 1312/2400
[balanced-projector-step50] preference/vision 1328/2400
[balanced-projector-step50] preference/vision 1344/2400
[balanced-projector-step50] preference/vision 1360/2400
[balanced-projector-step50] preference/vision 1376/2400
[balanced-projector-step50] preference/vision 1392/2400
[balanced-projector-step50] preference/vision 1408/2400
[balanced-projector-step50] preference/vision 1424/2400
[balanced-projector-step50] preference/vision 1440/2400
[balanced-projector-step50] preference/vision 1456/2400
[balanced-projector-step50] preference/vision 1472/2400
[balanced-projector-step50] preference/vision 1488/2400
[balanced-projector-step50] preference/vision 1504/2400
[balanced-projector-step50] preference/vision 1520/2400
[balanced-projector-step50] preference/vision 1536/2400
[balanced-projector-step50] preference/vision 1552/2400
[balanced-projector-step50] preference/vision 1568/2400
[balanced-projector-step50] preference/vision 1584/2400
[balanced-projector-step50] preference/vision 1600/2400
[balanced-projector-step50] preference/vision 1616/2400
[balanced-projector-step50] preference/vision 1632/2400
[balanced-projector-step50] preference/vision 1648/2400
[balanced-projector-step50] preference/vision 1664/2400
[balanced-projector-step50] preference/vision 1680/2400
[balanced-projector-step50] preference/vision 1696/2400
[balanced-projector-step50] preference/vision 1712/2400
[balanced-projector-step50] preference/vision 1728/2400
[balanced-projector-step50] preference/vision 1744/2400
[balanced-projector-step50] preference/vision 1760/2400
[balanced-projector-step50] preference/vision 1776/2400
[balanced-projector-step50] preference/vision 1792/2400
[balanced-projector-step50] preference/vision 1808/2400
[balanced-projector-step50] preference/vision 1824/2400
[balanced-projector-step50] preference/vision 1840/2400
[balanced-projector-step50] preference/vision 1856/2400
[balanced-projector-step50] preference/vision 1872/2400
[balanced-projector-step50] preference/vision 1888/2400
[balanced-projector-step50] preference/vision 1904/2400
[balanced-projector-step50] preference/vision 1920/2400
[balanced-projector-step50] preference/vision 1936/2400
[balanced-projector-step50] preference/vision 1952/2400
[balanced-projector-step50] preference/vision 1968/2400
[balanced-projector-step50] preference/vision 1984/2400
[balanced-projector-step50] preference/vision 2000/2400
[balanced-projector-step50] preference/vision 2016/2400
[balanced-projector-step50] preference/vision 2032/2400
[balanced-projector-step50] preference/vision 2048/2400
[balanced-projector-step50] preference/vision 2064/2400
[balanced-projector-step50] preference/vision 2080/2400
[balanced-projector-step50] preference/vision 2096/2400
[balanced-projector-step50] preference/vision 2112/2400
[balanced-projector-step50] preference/vision 2128/2400
[balanced-projector-step50] preference/vision 2144/2400
[balanced-projector-step50] preference/vision 2160/2400
[balanced-projector-step50] preference/vision 2176/2400
[balanced-projector-step50] preference/vision 2192/2400
[balanced-projector-step50] preference/vision 2208/2400
[balanced-projector-step50] preference/vision 2224/2400
[balanced-projector-step50] preference/vision 2240/2400
[balanced-projector-step50] preference/vision 2256/2400
[balanced-projector-step50] preference/vision 2272/2400
[balanced-projector-step50] preference/vision 2288/2400
[balanced-projector-step50] preference/vision 2304/2400
[balanced-projector-step50] preference/vision 2320/2400
[balanced-projector-step50] preference/vision 2336/2400
[balanced-projector-step50] preference/vision 2352/2400
[balanced-projector-step50] preference/vision 2368/2400
[balanced-projector-step50] preference/vision 2384/2400
[balanced-projector-step50] preference/vision 2400/2400
[balanced-projector-step50] preference/shuffled_image 16/2400
[balanced-projector-step50] preference/shuffled_image 32/2400
[balanced-projector-step50] preference/shuffled_image 48/2400
[balanced-projector-step50] preference/shuffled_image 64/2400
[balanced-projector-step50] preference/shuffled_image 80/2400
[balanced-projector-step50] preference/shuffled_image 96/2400
[balanced-projector-step50] preference/shuffled_image 112/2400
[balanced-projector-step50] preference/shuffled_image 128/2400
[balanced-projector-step50] preference/shuffled_image 144/2400
[balanced-projector-step50] preference/shuffled_image 160/2400
[balanced-projector-step50] preference/shuffled_image 176/2400
[balanced-projector-step50] preference/shuffled_image 192/2400
[balanced-projector-step50] preference/shuffled_image 208/2400
[balanced-projector-step50] preference/shuffled_image 224/2400
[balanced-projector-step50] preference/shuffled_image 240/2400
[balanced-projector-step50] preference/shuffled_image 256/2400
[balanced-projector-step50] preference/shuffled_image 272/2400
[balanced-projector-step50] preference/shuffled_image 288/2400
[balanced-projector-step50] preference/shuffled_image 304/2400
[balanced-projector-step50] preference/shuffled_image 320/2400
[balanced-projector-step50] preference/shuffled_image 336/2400
[balanced-projector-step50] preference/shuffled_image 352/2400
[balanced-projector-step50] preference/shuffled_image 368/2400
[balanced-projector-step50] preference/shuffled_image 384/2400
[balanced-projector-step50] preference/shuffled_image 400/2400
[balanced-projector-step50] preference/shuffled_image 416/2400
[balanced-projector-step50] preference/shuffled_image 432/2400
[balanced-projector-step50] preference/shuffled_image 448/2400
[balanced-projector-step50] preference/shuffled_image 464/2400
[balanced-projector-step50] preference/shuffled_image 480/2400
[balanced-projector-step50] preference/shuffled_image 496/2400
[balanced-projector-step50] preference/shuffled_image 512/2400
[balanced-projector-step50] preference/shuffled_image 528/2400
[balanced-projector-step50] preference/shuffled_image 544/2400
[balanced-projector-step50] preference/shuffled_image 560/2400
[balanced-projector-step50] preference/shuffled_image 576/2400
[balanced-projector-step50] preference/shuffled_image 592/2400
[balanced-projector-step50] preference/shuffled_image 608/2400
[balanced-projector-step50] preference/shuffled_image 624/2400
[balanced-projector-step50] preference/shuffled_image 640/2400
[balanced-projector-step50] preference/shuffled_image 656/2400
[balanced-projector-step50] preference/shuffled_image 672/2400
[balanced-projector-step50] preference/shuffled_image 688/2400
[balanced-projector-step50] preference/shuffled_image 704/2400
[balanced-projector-step50] preference/shuffled_image 720/2400
[balanced-projector-step50] preference/shuffled_image 736/2400
[balanced-projector-step50] preference/shuffled_image 752/2400
[balanced-projector-step50] preference/shuffled_image 768/2400
[balanced-projector-step50] preference/shuffled_image 784/2400
[balanced-projector-step50] preference/shuffled_image 800/2400
[balanced-projector-step50] preference/shuffled_image 816/2400
[balanced-projector-step50] preference/shuffled_image 832/2400
[balanced-projector-step50] preference/shuffled_image 848/2400
[balanced-projector-step50] preference/shuffled_image 864/2400
[balanced-projector-step50] preference/shuffled_image 880/2400
[balanced-projector-step50] preference/shuffled_image 896/2400
[balanced-projector-step50] preference/shuffled_image 912/2400
[balanced-projector-step50] preference/shuffled_image 928/2400
[balanced-projector-step50] preference/shuffled_image 944/2400
[balanced-projector-step50] preference/shuffled_image 960/2400
[balanced-projector-step50] preference/shuffled_image 976/2400
[balanced-projector-step50] preference/shuffled_image 992/2400
[balanced-projector-step50] preference/shuffled_image 1008/2400
[balanced-projector-step50] preference/shuffled_image 1024/2400
[balanced-projector-step50] preference/shuffled_image 1040/2400
[balanced-projector-step50] preference/shuffled_image 1056/2400
[balanced-projector-step50] preference/shuffled_image 1072/2400
[balanced-projector-step50] preference/shuffled_image 1088/2400
[balanced-projector-step50] preference/shuffled_image 1104/2400
[balanced-projector-step50] preference/shuffled_image 1120/2400
[balanced-projector-step50] preference/shuffled_image 1136/2400
[balanced-projector-step50] preference/shuffled_image 1152/2400
[balanced-projector-step50] preference/shuffled_image 1168/2400
[balanced-projector-step50] preference/shuffled_image 1184/2400
[balanced-projector-step50] preference/shuffled_image 1200/2400
[balanced-projector-step50] preference/shuffled_image 1216/2400
[balanced-projector-step50] preference/shuffled_image 1232/2400
[balanced-projector-step50] preference/shuffled_image 1248/2400
[balanced-projector-step50] preference/shuffled_image 1264/2400
[balanced-projector-step50] preference/shuffled_image 1280/2400
[balanced-projector-step50] preference/shuffled_image 1296/2400
[balanced-projector-step50] preference/shuffled_image 1312/2400
[balanced-projector-step50] preference/shuffled_image 1328/2400
[balanced-projector-step50] preference/shuffled_image 1344/2400
[balanced-projector-step50] preference/shuffled_image 1360/2400
[balanced-projector-step50] preference/shuffled_image 1376/2400
[balanced-projector-step50] preference/shuffled_image 1392/2400
[balanced-projector-step50] preference/shuffled_image 1408/2400
[balanced-projector-step50] preference/shuffled_image 1424/2400
[balanced-projector-step50] preference/shuffled_image 1440/2400
[balanced-projector-step50] preference/shuffled_image 1456/2400
[balanced-projector-step50] preference/shuffled_image 1472/2400
[balanced-projector-step50] preference/shuffled_image 1488/2400
[balanced-projector-step50] preference/shuffled_image 1504/2400
[balanced-projector-step50] preference/shuffled_image 1520/2400
[balanced-projector-step50] preference/shuffled_image 1536/2400
[balanced-projector-step50] preference/shuffled_image 1552/2400
[balanced-projector-step50] preference/shuffled_image 1568/2400
[balanced-projector-step50] preference/shuffled_image 1584/2400
[balanced-projector-step50] preference/shuffled_image 1600/2400
[balanced-projector-step50] preference/shuffled_image 1616/2400
[balanced-projector-step50] preference/shuffled_image 1632/2400
[balanced-projector-step50] preference/shuffled_image 1648/2400
[balanced-projector-step50] preference/shuffled_image 1664/2400
[balanced-projector-step50] preference/shuffled_image 1680/2400
[balanced-projector-step50] preference/shuffled_image 1696/2400
[balanced-projector-step50] preference/shuffled_image 1712/2400
[balanced-projector-step50] preference/shuffled_image 1728/2400
[balanced-projector-step50] preference/shuffled_image 1744/2400
[balanced-projector-step50] preference/shuffled_image 1760/2400
[balanced-projector-step50] preference/shuffled_image 1776/2400
[balanced-projector-step50] preference/shuffled_image 1792/2400
[balanced-projector-step50] preference/shuffled_image 1808/2400
[balanced-projector-step50] preference/shuffled_image 1824/2400
[balanced-projector-step50] preference/shuffled_image 1840/2400
[balanced-projector-step50] preference/shuffled_image 1856/2400
[balanced-projector-step50] preference/shuffled_image 1872/2400
[balanced-projector-step50] preference/shuffled_image 1888/2400
[balanced-projector-step50] preference/shuffled_image 1904/2400
[balanced-projector-step50] preference/shuffled_image 1920/2400
[balanced-projector-step50] preference/shuffled_image 1936/2400
[balanced-projector-step50] preference/shuffled_image 1952/2400
[balanced-projector-step50] preference/shuffled_image 1968/2400
[balanced-projector-step50] preference/shuffled_image 1984/2400
[balanced-projector-step50] preference/shuffled_image 2000/2400
[balanced-projector-step50] preference/shuffled_image 2016/2400
[balanced-projector-step50] preference/shuffled_image 2032/2400
[balanced-projector-step50] preference/shuffled_image 2048/2400
[balanced-projector-step50] preference/shuffled_image 2064/2400
[balanced-projector-step50] preference/shuffled_image 2080/2400
[balanced-projector-step50] preference/shuffled_image 2096/2400
[balanced-projector-step50] preference/shuffled_image 2112/2400
[balanced-projector-step50] preference/shuffled_image 2128/2400
[balanced-projector-step50] preference/shuffled_image 2144/2400
[balanced-projector-step50] preference/shuffled_image 2160/2400
[balanced-projector-step50] preference/shuffled_image 2176/2400
[balanced-projector-step50] preference/shuffled_image 2192/2400
[balanced-projector-step50] preference/shuffled_image 2208/2400
[balanced-projector-step50] preference/shuffled_image 2224/2400
[balanced-projector-step50] preference/shuffled_image 2240/2400
[balanced-projector-step50] preference/shuffled_image 2256/2400
[balanced-projector-step50] preference/shuffled_image 2272/2400
[balanced-projector-step50] preference/shuffled_image 2288/2400
[balanced-projector-step50] preference/shuffled_image 2304/2400
[balanced-projector-step50] preference/shuffled_image 2320/2400
[balanced-projector-step50] preference/shuffled_image 2336/2400
[balanced-projector-step50] preference/shuffled_image 2352/2400
[balanced-projector-step50] preference/shuffled_image 2368/2400
[balanced-projector-step50] preference/shuffled_image 2384/2400
[balanced-projector-step50] preference/shuffled_image 2400/2400
[balanced-projector-step50] preference/paired_counterfactual_image 16/2400
[balanced-projector-step50] preference/paired_counterfactual_image 32/2400
[balanced-projector-step50] preference/paired_counterfactual_image 48/2400
[balanced-projector-step50] preference/paired_counterfactual_image 64/2400
[balanced-projector-step50] preference/paired_counterfactual_image 80/2400
[balanced-projector-step50] preference/paired_counterfactual_image 96/2400
[balanced-projector-step50] preference/paired_counterfactual_image 112/2400
[balanced-projector-step50] preference/paired_counterfactual_image 128/2400
[balanced-projector-step50] preference/paired_counterfactual_image 144/2400
[balanced-projector-step50] preference/paired_counterfactual_image 160/2400
[balanced-projector-step50] preference/paired_counterfactual_image 176/2400
[balanced-projector-step50] preference/paired_counterfactual_image 192/2400
[balanced-projector-step50] preference/paired_counterfactual_image 208/2400
[balanced-projector-step50] preference/paired_counterfactual_image 224/2400
[balanced-projector-step50] preference/paired_counterfactual_image 240/2400
[balanced-projector-step50] preference/paired_counterfactual_image 256/2400
[balanced-projector-step50] preference/paired_counterfactual_image 272/2400
[balanced-projector-step50] preference/paired_counterfactual_image 288/2400
[balanced-projector-step50] preference/paired_counterfactual_image 304/2400
[balanced-projector-step50] preference/paired_counterfactual_image 320/2400
[balanced-projector-step50] preference/paired_counterfactual_image 336/2400
[balanced-projector-step50] preference/paired_counterfactual_image 352/2400
[balanced-projector-step50] preference/paired_counterfactual_image 368/2400
[balanced-projector-step50] preference/paired_counterfactual_image 384/2400
[balanced-projector-step50] preference/paired_counterfactual_image 400/2400
[balanced-projector-step50] preference/paired_counterfactual_image 416/2400
[balanced-projector-step50] preference/paired_counterfactual_image 432/2400
[balanced-projector-step50] preference/paired_counterfactual_image 448/2400
[balanced-projector-step50] preference/paired_counterfactual_image 464/2400
[balanced-projector-step50] preference/paired_counterfactual_image 480/2400
[balanced-projector-step50] preference/paired_counterfactual_image 496/2400
[balanced-projector-step50] preference/paired_counterfactual_image 512/2400
[balanced-projector-step50] preference/paired_counterfactual_image 528/2400
[balanced-projector-step50] preference/paired_counterfactual_image 544/2400
[balanced-projector-step50] preference/paired_counterfactual_image 560/2400
[balanced-projector-step50] preference/paired_counterfactual_image 576/2400
[balanced-projector-step50] preference/paired_counterfactual_image 592/2400
[balanced-projector-step50] preference/paired_counterfactual_image 608/2400
[balanced-projector-step50] preference/paired_counterfactual_image 624/2400
[balanced-projector-step50] preference/paired_counterfactual_image 640/2400
[balanced-projector-step50] preference/paired_counterfactual_image 656/2400
[balanced-projector-step50] preference/paired_counterfactual_image 672/2400
[balanced-projector-step50] preference/paired_counterfactual_image 688/2400
[balanced-projector-step50] preference/paired_counterfactual_image 704/2400
[balanced-projector-step50] preference/paired_counterfactual_image 720/2400
[balanced-projector-step50] preference/paired_counterfactual_image 736/2400
[balanced-projector-step50] preference/paired_counterfactual_image 752/2400
[balanced-projector-step50] preference/paired_counterfactual_image 768/2400
[balanced-projector-step50] preference/paired_counterfactual_image 784/2400
[balanced-projector-step50] preference/paired_counterfactual_image 800/2400
[balanced-projector-step50] preference/paired_counterfactual_image 816/2400
[balanced-projector-step50] preference/paired_counterfactual_image 832/2400
[balanced-projector-step50] preference/paired_counterfactual_image 848/2400
[balanced-projector-step50] preference/paired_counterfactual_image 864/2400
[balanced-projector-step50] preference/paired_counterfactual_image 880/2400
[balanced-projector-step50] preference/paired_counterfactual_image 896/2400
[balanced-projector-step50] preference/paired_counterfactual_image 912/2400
[balanced-projector-step50] preference/paired_counterfactual_image 928/2400
[balanced-projector-step50] preference/paired_counterfactual_image 944/2400
[balanced-projector-step50] preference/paired_counterfactual_image 960/2400
[balanced-projector-step50] preference/paired_counterfactual_image 976/2400
[balanced-projector-step50] preference/paired_counterfactual_image 992/2400
[balanced-projector-step50] preference/paired_counterfactual_image 1008/2400
[balanced-projector-step50] preference/paired_counterfactual_image 1024/2400
[balanced-projector-step50] preference/paired_counterfactual_image 1040/2400
[balanced-projector-step50] preference/paired_counterfactual_image 1056/2400
[balanced-projector-step50] preference/paired_counterfactual_image 1072/2400
[balanced-projector-step50] preference/paired_counterfactual_image 1088/2400
[balanced-projector-step50] preference/paired_counterfactual_image 1104/2400
[balanced-projector-step50] preference/paired_counterfactual_image 1120/2400
[balanced-projector-step50] preference/paired_counterfactual_image 1136/2400
[balanced-projector-step50] preference/paired_counterfactual_image 1152/2400
[balanced-projector-step50] preference/paired_counterfactual_image 1168/2400
[balanced-projector-step50] preference/paired_counterfactual_image 1184/2400
[balanced-projector-step50] preference/paired_counterfactual_image 1200/2400
[balanced-projector-step50] preference/paired_counterfactual_image 1216/2400
[balanced-projector-step50] preference/paired_counterfactual_image 1232/2400
[balanced-projector-step50] preference/paired_counterfactual_image 1248/2400
[balanced-projector-step50] preference/paired_counterfactual_image 1264/2400
[balanced-projector-step50] preference/paired_counterfactual_image 1280/2400
[balanced-projector-step50] preference/paired_counterfactual_image 1296/2400
[balanced-projector-step50] preference/paired_counterfactual_image 1312/2400
[balanced-projector-step50] preference/paired_counterfactual_image 1328/2400
[balanced-projector-step50] preference/paired_counterfactual_image 1344/2400
[balanced-projector-step50] preference/paired_counterfactual_image 1360/2400
[balanced-projector-step50] preference/paired_counterfactual_image 1376/2400
[balanced-projector-step50] preference/paired_counterfactual_image 1392/2400
[balanced-projector-step50] preference/paired_counterfactual_image 1408/2400
[balanced-projector-step50] preference/paired_counterfactual_image 1424/2400
[balanced-projector-step50] preference/paired_counterfactual_image 1440/2400
[balanced-projector-step50] preference/paired_counterfactual_image 1456/2400
[balanced-projector-step50] preference/paired_counterfactual_image 1472/2400
[balanced-projector-step50] preference/paired_counterfactual_image 1488/2400
[balanced-projector-step50] preference/paired_counterfactual_image 1504/2400
[balanced-projector-step50] preference/paired_counterfactual_image 1520/2400
[balanced-projector-step50] preference/paired_counterfactual_image 1536/2400
[balanced-projector-step50] preference/paired_counterfactual_image 1552/2400
[balanced-projector-step50] preference/paired_counterfactual_image 1568/2400
[balanced-projector-step50] preference/paired_counterfactual_image 1584/2400
[balanced-projector-step50] preference/paired_counterfactual_image 1600/2400
[balanced-projector-step50] preference/paired_counterfactual_image 1616/2400
[balanced-projector-step50] preference/paired_counterfactual_image 1632/2400
[balanced-projector-step50] preference/paired_counterfactual_image 1648/2400
[balanced-projector-step50] preference/paired_counterfactual_image 1664/2400
[balanced-projector-step50] preference/paired_counterfactual_image 1680/2400
[balanced-projector-step50] preference/paired_counterfactual_image 1696/2400
[balanced-projector-step50] preference/paired_counterfactual_image 1712/2400
[balanced-projector-step50] preference/paired_counterfactual_image 1728/2400
[balanced-projector-step50] preference/paired_counterfactual_image 1744/2400
[balanced-projector-step50] preference/paired_counterfactual_image 1760/2400
[balanced-projector-step50] preference/paired_counterfactual_image 1776/2400
[balanced-projector-step50] preference/paired_counterfactual_image 1792/2400
[balanced-projector-step50] preference/paired_counterfactual_image 1808/2400
[balanced-projector-step50] preference/paired_counterfactual_image 1824/2400
[balanced-projector-step50] preference/paired_counterfactual_image 1840/2400
[balanced-projector-step50] preference/paired_counterfactual_image 1856/2400
[balanced-projector-step50] preference/paired_counterfactual_image 1872/2400
[balanced-projector-step50] preference/paired_counterfactual_image 1888/2400
[balanced-projector-step50] preference/paired_counterfactual_image 1904/2400
[balanced-projector-step50] preference/paired_counterfactual_image 1920/2400
[balanced-projector-step50] preference/paired_counterfactual_image 1936/2400
[balanced-projector-step50] preference/paired_counterfactual_image 1952/2400
[balanced-projector-step50] preference/paired_counterfactual_image 1968/2400
[balanced-projector-step50] preference/paired_counterfactual_image 1984/2400
[balanced-projector-step50] preference/paired_counterfactual_image 2000/2400
[balanced-projector-step50] preference/paired_counterfactual_image 2016/2400
[balanced-projector-step50] preference/paired_counterfactual_image 2032/2400
[balanced-projector-step50] preference/paired_counterfactual_image 2048/2400
[balanced-projector-step50] preference/paired_counterfactual_image 2064/2400
[balanced-projector-step50] preference/paired_counterfactual_image 2080/2400
[balanced-projector-step50] preference/paired_counterfactual_image 2096/2400
[balanced-projector-step50] preference/paired_counterfactual_image 2112/2400
[balanced-projector-step50] preference/paired_counterfactual_image 2128/2400
[balanced-projector-step50] preference/paired_counterfactual_image 2144/2400
[balanced-projector-step50] preference/paired_counterfactual_image 2160/2400
[balanced-projector-step50] preference/paired_counterfactual_image 2176/2400
[balanced-projector-step50] preference/paired_counterfactual_image 2192/2400
[balanced-projector-step50] preference/paired_counterfactual_image 2208/2400
[balanced-projector-step50] preference/paired_counterfactual_image 2224/2400
[balanced-projector-step50] preference/paired_counterfactual_image 2240/2400
[balanced-projector-step50] preference/paired_counterfactual_image 2256/2400
[balanced-projector-step50] preference/paired_counterfactual_image 2272/2400
[balanced-projector-step50] preference/paired_counterfactual_image 2288/2400
[balanced-projector-step50] preference/paired_counterfactual_image 2304/2400
[balanced-projector-step50] preference/paired_counterfactual_image 2320/2400
[balanced-projector-step50] preference/paired_counterfactual_image 2336/2400
[balanced-projector-step50] preference/paired_counterfactual_image 2352/2400
[balanced-projector-step50] preference/paired_counterfactual_image 2368/2400
[balanced-projector-step50] preference/paired_counterfactual_image 2384/2400
[balanced-projector-step50] preference/paired_counterfactual_image 2400/2400
[balanced-projector-step50] preference/background_matched_aux 16/2400
[balanced-projector-step50] preference/background_matched_aux 32/2400
[balanced-projector-step50] preference/background_matched_aux 48/2400
[balanced-projector-step50] preference/background_matched_aux 64/2400
[balanced-projector-step50] preference/background_matched_aux 80/2400
[balanced-projector-step50] preference/background_matched_aux 96/2400
[balanced-projector-step50] preference/background_matched_aux 112/2400
[balanced-projector-step50] preference/background_matched_aux 128/2400
[balanced-projector-step50] preference/background_matched_aux 144/2400
[balanced-projector-step50] preference/background_matched_aux 160/2400
[balanced-projector-step50] preference/background_matched_aux 176/2400
[balanced-projector-step50] preference/background_matched_aux 192/2400
[balanced-projector-step50] preference/background_matched_aux 208/2400
[balanced-projector-step50] preference/background_matched_aux 224/2400
[balanced-projector-step50] preference/background_matched_aux 240/2400
[balanced-projector-step50] preference/background_matched_aux 256/2400
[balanced-projector-step50] preference/background_matched_aux 272/2400
[balanced-projector-step50] preference/background_matched_aux 288/2400
[balanced-projector-step50] preference/background_matched_aux 304/2400
[balanced-projector-step50] preference/background_matched_aux 320/2400
[balanced-projector-step50] preference/background_matched_aux 336/2400
[balanced-projector-step50] preference/background_matched_aux 352/2400
[balanced-projector-step50] preference/background_matched_aux 368/2400
[balanced-projector-step50] preference/background_matched_aux 384/2400
[balanced-projector-step50] preference/background_matched_aux 400/2400
[balanced-projector-step50] preference/background_matched_aux 416/2400
[balanced-projector-step50] preference/background_matched_aux 432/2400
[balanced-projector-step50] preference/background_matched_aux 448/2400
[balanced-projector-step50] preference/background_matched_aux 464/2400
[balanced-projector-step50] preference/background_matched_aux 480/2400
[balanced-projector-step50] preference/background_matched_aux 496/2400
[balanced-projector-step50] preference/background_matched_aux 512/2400
[balanced-projector-step50] preference/background_matched_aux 528/2400
[balanced-projector-step50] preference/background_matched_aux 544/2400
[balanced-projector-step50] preference/background_matched_aux 560/2400
[balanced-projector-step50] preference/background_matched_aux 576/2400
[balanced-projector-step50] preference/background_matched_aux 592/2400
[balanced-projector-step50] preference/background_matched_aux 608/2400
[balanced-projector-step50] preference/background_matched_aux 624/2400
[balanced-projector-step50] preference/background_matched_aux 640/2400
[balanced-projector-step50] preference/background_matched_aux 656/2400
[balanced-projector-step50] preference/background_matched_aux 672/2400
[balanced-projector-step50] preference/background_matched_aux 688/2400
[balanced-projector-step50] preference/background_matched_aux 704/2400
[balanced-projector-step50] preference/background_matched_aux 720/2400
[balanced-projector-step50] preference/background_matched_aux 736/2400
[balanced-projector-step50] preference/background_matched_aux 752/2400
[balanced-projector-step50] preference/background_matched_aux 768/2400
[balanced-projector-step50] preference/background_matched_aux 784/2400
[balanced-projector-step50] preference/background_matched_aux 800/2400
[balanced-projector-step50] preference/background_matched_aux 816/2400
[balanced-projector-step50] preference/background_matched_aux 832/2400
[balanced-projector-step50] preference/background_matched_aux 848/2400
[balanced-projector-step50] preference/background_matched_aux 864/2400
[balanced-projector-step50] preference/background_matched_aux 880/2400
[balanced-projector-step50] preference/background_matched_aux 896/2400
[balanced-projector-step50] preference/background_matched_aux 912/2400
[balanced-projector-step50] preference/background_matched_aux 928/2400
[balanced-projector-step50] preference/background_matched_aux 944/2400
[balanced-projector-step50] preference/background_matched_aux 960/2400
[balanced-projector-step50] preference/background_matched_aux 976/2400
[balanced-projector-step50] preference/background_matched_aux 992/2400
[balanced-projector-step50] preference/background_matched_aux 1008/2400
[balanced-projector-step50] preference/background_matched_aux 1024/2400
[balanced-projector-step50] preference/background_matched_aux 1040/2400
[balanced-projector-step50] preference/background_matched_aux 1056/2400
[balanced-projector-step50] preference/background_matched_aux 1072/2400
[balanced-projector-step50] preference/background_matched_aux 1088/2400
[balanced-projector-step50] preference/background_matched_aux 1104/2400
[balanced-projector-step50] preference/background_matched_aux 1120/2400
[balanced-projector-step50] preference/background_matched_aux 1136/2400
[balanced-projector-step50] preference/background_matched_aux 1152/2400
[balanced-projector-step50] preference/background_matched_aux 1168/2400
[balanced-projector-step50] preference/background_matched_aux 1184/2400
[balanced-projector-step50] preference/background_matched_aux 1200/2400
[balanced-projector-step50] preference/background_matched_aux 1216/2400
[balanced-projector-step50] preference/background_matched_aux 1232/2400
[balanced-projector-step50] preference/background_matched_aux 1248/2400
[balanced-projector-step50] preference/background_matched_aux 1264/2400
[balanced-projector-step50] preference/background_matched_aux 1280/2400
[balanced-projector-step50] preference/background_matched_aux 1296/2400
[balanced-projector-step50] preference/background_matched_aux 1312/2400
[balanced-projector-step50] preference/background_matched_aux 1328/2400
[balanced-projector-step50] preference/background_matched_aux 1344/2400
[balanced-projector-step50] preference/background_matched_aux 1360/2400
[balanced-projector-step50] preference/background_matched_aux 1376/2400
[balanced-projector-step50] preference/background_matched_aux 1392/2400
[balanced-projector-step50] preference/background_matched_aux 1408/2400
[balanced-projector-step50] preference/background_matched_aux 1424/2400
[balanced-projector-step50] preference/background_matched_aux 1440/2400
[balanced-projector-step50] preference/background_matched_aux 1456/2400
[balanced-projector-step50] preference/background_matched_aux 1472/2400
[balanced-projector-step50] preference/background_matched_aux 1488/2400
[balanced-projector-step50] preference/background_matched_aux 1504/2400
[balanced-projector-step50] preference/background_matched_aux 1520/2400
[balanced-projector-step50] preference/background_matched_aux 1536/2400
[balanced-projector-step50] preference/background_matched_aux 1552/2400
[balanced-projector-step50] preference/background_matched_aux 1568/2400
[balanced-projector-step50] preference/background_matched_aux 1584/2400
[balanced-projector-step50] preference/background_matched_aux 1600/2400
[balanced-projector-step50] preference/background_matched_aux 1616/2400
[balanced-projector-step50] preference/background_matched_aux 1632/2400
[balanced-projector-step50] preference/background_matched_aux 1648/2400
[balanced-projector-step50] preference/background_matched_aux 1664/2400
[balanced-projector-step50] preference/background_matched_aux 1680/2400
[balanced-projector-step50] preference/background_matched_aux 1696/2400
[balanced-projector-step50] preference/background_matched_aux 1712/2400
[balanced-projector-step50] preference/background_matched_aux 1728/2400
[balanced-projector-step50] preference/background_matched_aux 1744/2400
[balanced-projector-step50] preference/background_matched_aux 1760/2400
[balanced-projector-step50] preference/background_matched_aux 1776/2400
[balanced-projector-step50] preference/background_matched_aux 1792/2400
[balanced-projector-step50] preference/background_matched_aux 1808/2400
[balanced-projector-step50] preference/background_matched_aux 1824/2400
[balanced-projector-step50] preference/background_matched_aux 1840/2400
[balanced-projector-step50] preference/background_matched_aux 1856/2400
[balanced-projector-step50] preference/background_matched_aux 1872/2400
[balanced-projector-step50] preference/background_matched_aux 1888/2400
[balanced-projector-step50] preference/background_matched_aux 1904/2400
[balanced-projector-step50] preference/background_matched_aux 1920/2400
[balanced-projector-step50] preference/background_matched_aux 1936/2400
[balanced-projector-step50] preference/background_matched_aux 1952/2400
[balanced-projector-step50] preference/background_matched_aux 1968/2400
[balanced-projector-step50] preference/background_matched_aux 1984/2400
[balanced-projector-step50] preference/background_matched_aux 2000/2400
[balanced-projector-step50] preference/background_matched_aux 2016/2400
[balanced-projector-step50] preference/background_matched_aux 2032/2400
[balanced-projector-step50] preference/background_matched_aux 2048/2400
[balanced-projector-step50] preference/background_matched_aux 2064/2400
[balanced-projector-step50] preference/background_matched_aux 2080/2400
[balanced-projector-step50] preference/background_matched_aux 2096/2400
[balanced-projector-step50] preference/background_matched_aux 2112/2400
[balanced-projector-step50] preference/background_matched_aux 2128/2400
[balanced-projector-step50] preference/background_matched_aux 2144/2400
[balanced-projector-step50] preference/background_matched_aux 2160/2400
[balanced-projector-step50] preference/background_matched_aux 2176/2400
[balanced-projector-step50] preference/background_matched_aux 2192/2400
[balanced-projector-step50] preference/background_matched_aux 2208/2400
[balanced-projector-step50] preference/background_matched_aux 2224/2400
[balanced-projector-step50] preference/background_matched_aux 2240/2400
[balanced-projector-step50] preference/background_matched_aux 2256/2400
[balanced-projector-step50] preference/background_matched_aux 2272/2400
[balanced-projector-step50] preference/background_matched_aux 2288/2400
[balanced-projector-step50] preference/background_matched_aux 2304/2400
[balanced-projector-step50] preference/background_matched_aux 2320/2400
[balanced-projector-step50] preference/background_matched_aux 2336/2400
[balanced-projector-step50] preference/background_matched_aux 2352/2400
[balanced-projector-step50] preference/background_matched_aux 2368/2400
[balanced-projector-step50] preference/background_matched_aux 2384/2400
[balanced-projector-step50] preference/background_matched_aux 2400/2400
[balanced-projector-step100] preference/vision 16/2400
[balanced-projector-step100] preference/vision 32/2400
[balanced-projector-step100] preference/vision 48/2400
[balanced-projector-step100] preference/vision 64/2400
[balanced-projector-step100] preference/vision 80/2400
[balanced-projector-step100] preference/vision 96/2400
[balanced-projector-step100] preference/vision 112/2400
[balanced-projector-step100] preference/vision 128/2400
[balanced-projector-step100] preference/vision 144/2400
[balanced-projector-step100] preference/vision 160/2400
[balanced-projector-step100] preference/vision 176/2400
[balanced-projector-step100] preference/vision 192/2400
[balanced-projector-step100] preference/vision 208/2400
[balanced-projector-step100] preference/vision 224/2400
[balanced-projector-step100] preference/vision 240/2400
[balanced-projector-step100] preference/vision 256/2400
[balanced-projector-step100] preference/vision 272/2400
[balanced-projector-step100] preference/vision 288/2400
[balanced-projector-step100] preference/vision 304/2400
[balanced-projector-step100] preference/vision 320/2400
[balanced-projector-step100] preference/vision 336/2400
[balanced-projector-step100] preference/vision 352/2400
[balanced-projector-step100] preference/vision 368/2400
[balanced-projector-step100] preference/vision 384/2400
[balanced-projector-step100] preference/vision 400/2400
[balanced-projector-step100] preference/vision 416/2400
[balanced-projector-step100] preference/vision 432/2400
[balanced-projector-step100] preference/vision 448/2400
[balanced-projector-step100] preference/vision 464/2400
[balanced-projector-step100] preference/vision 480/2400
[balanced-projector-step100] preference/vision 496/2400
[balanced-projector-step100] preference/vision 512/2400
[balanced-projector-step100] preference/vision 528/2400
[balanced-projector-step100] preference/vision 544/2400
[balanced-projector-step100] preference/vision 560/2400
[balanced-projector-step100] preference/vision 576/2400
[balanced-projector-step100] preference/vision 592/2400
[balanced-projector-step100] preference/vision 608/2400
[balanced-projector-step100] preference/vision 624/2400
[balanced-projector-step100] preference/vision 640/2400
[balanced-projector-step100] preference/vision 656/2400
[balanced-projector-step100] preference/vision 672/2400
[balanced-projector-step100] preference/vision 688/2400
[balanced-projector-step100] preference/vision 704/2400
[balanced-projector-step100] preference/vision 720/2400
[balanced-projector-step100] preference/vision 736/2400
[balanced-projector-step100] preference/vision 752/2400
[balanced-projector-step100] preference/vision 768/2400
[balanced-projector-step100] preference/vision 784/2400
[balanced-projector-step100] preference/vision 800/2400
[balanced-projector-step100] preference/vision 816/2400
[balanced-projector-step100] preference/vision 832/2400
[balanced-projector-step100] preference/vision 848/2400
[balanced-projector-step100] preference/vision 864/2400
[balanced-projector-step100] preference/vision 880/2400
[balanced-projector-step100] preference/vision 896/2400
[balanced-projector-step100] preference/vision 912/2400
[balanced-projector-step100] preference/vision 928/2400
[balanced-projector-step100] preference/vision 944/2400
[balanced-projector-step100] preference/vision 960/2400
[balanced-projector-step100] preference/vision 976/2400
[balanced-projector-step100] preference/vision 992/2400
[balanced-projector-step100] preference/vision 1008/2400
[balanced-projector-step100] preference/vision 1024/2400
[balanced-projector-step100] preference/vision 1040/2400
[balanced-projector-step100] preference/vision 1056/2400
[balanced-projector-step100] preference/vision 1072/2400
[balanced-projector-step100] preference/vision 1088/2400
[balanced-projector-step100] preference/vision 1104/2400
[balanced-projector-step100] preference/vision 1120/2400
[balanced-projector-step100] preference/vision 1136/2400
[balanced-projector-step100] preference/vision 1152/2400
[balanced-projector-step100] preference/vision 1168/2400
[balanced-projector-step100] preference/vision 1184/2400
[balanced-projector-step100] preference/vision 1200/2400
[balanced-projector-step100] preference/vision 1216/2400
[balanced-projector-step100] preference/vision 1232/2400
[balanced-projector-step100] preference/vision 1248/2400
[balanced-projector-step100] preference/vision 1264/2400
[balanced-projector-step100] preference/vision 1280/2400
[balanced-projector-step100] preference/vision 1296/2400
[balanced-projector-step100] preference/vision 1312/2400
[balanced-projector-step100] preference/vision 1328/2400
[balanced-projector-step100] preference/vision 1344/2400
[balanced-projector-step100] preference/vision 1360/2400
[balanced-projector-step100] preference/vision 1376/2400
[balanced-projector-step100] preference/vision 1392/2400
[balanced-projector-step100] preference/vision 1408/2400
[balanced-projector-step100] preference/vision 1424/2400
[balanced-projector-step100] preference/vision 1440/2400
[balanced-projector-step100] preference/vision 1456/2400
[balanced-projector-step100] preference/vision 1472/2400
[balanced-projector-step100] preference/vision 1488/2400
[balanced-projector-step100] preference/vision 1504/2400
[balanced-projector-step100] preference/vision 1520/2400
[balanced-projector-step100] preference/vision 1536/2400
[balanced-projector-step100] preference/vision 1552/2400
[balanced-projector-step100] preference/vision 1568/2400
[balanced-projector-step100] preference/vision 1584/2400
[balanced-projector-step100] preference/vision 1600/2400
[balanced-projector-step100] preference/vision 1616/2400
[balanced-projector-step100] preference/vision 1632/2400
[balanced-projector-step100] preference/vision 1648/2400
[balanced-projector-step100] preference/vision 1664/2400
[balanced-projector-step100] preference/vision 1680/2400
[balanced-projector-step100] preference/vision 1696/2400
[balanced-projector-step100] preference/vision 1712/2400
[balanced-projector-step100] preference/vision 1728/2400
[balanced-projector-step100] preference/vision 1744/2400
[balanced-projector-step100] preference/vision 1760/2400
[balanced-projector-step100] preference/vision 1776/2400
[balanced-projector-step100] preference/vision 1792/2400
[balanced-projector-step100] preference/vision 1808/2400
[balanced-projector-step100] preference/vision 1824/2400
[balanced-projector-step100] preference/vision 1840/2400
[balanced-projector-step100] preference/vision 1856/2400
[balanced-projector-step100] preference/vision 1872/2400
[balanced-projector-step100] preference/vision 1888/2400
[balanced-projector-step100] preference/vision 1904/2400
[balanced-projector-step100] preference/vision 1920/2400
[balanced-projector-step100] preference/vision 1936/2400
[balanced-projector-step100] preference/vision 1952/2400
[balanced-projector-step100] preference/vision 1968/2400
[balanced-projector-step100] preference/vision 1984/2400
[balanced-projector-step100] preference/vision 2000/2400
[balanced-projector-step100] preference/vision 2016/2400
[balanced-projector-step100] preference/vision 2032/2400
[balanced-projector-step100] preference/vision 2048/2400
[balanced-projector-step100] preference/vision 2064/2400
[balanced-projector-step100] preference/vision 2080/2400
[balanced-projector-step100] preference/vision 2096/2400
[balanced-projector-step100] preference/vision 2112/2400
[balanced-projector-step100] preference/vision 2128/2400
[balanced-projector-step100] preference/vision 2144/2400
[balanced-projector-step100] preference/vision 2160/2400
[balanced-projector-step100] preference/vision 2176/2400
[balanced-projector-step100] preference/vision 2192/2400
[balanced-projector-step100] preference/vision 2208/2400
[balanced-projector-step100] preference/vision 2224/2400
[balanced-projector-step100] preference/vision 2240/2400
[balanced-projector-step100] preference/vision 2256/2400
[balanced-projector-step100] preference/vision 2272/2400
[balanced-projector-step100] preference/vision 2288/2400
[balanced-projector-step100] preference/vision 2304/2400
[balanced-projector-step100] preference/vision 2320/2400
[balanced-projector-step100] preference/vision 2336/2400
[balanced-projector-step100] preference/vision 2352/2400
[balanced-projector-step100] preference/vision 2368/2400
[balanced-projector-step100] preference/vision 2384/2400
[balanced-projector-step100] preference/vision 2400/2400
[balanced-projector-step100] preference/shuffled_image 16/2400
[balanced-projector-step100] preference/shuffled_image 32/2400
[balanced-projector-step100] preference/shuffled_image 48/2400
[balanced-projector-step100] preference/shuffled_image 64/2400
[balanced-projector-step100] preference/shuffled_image 80/2400
[balanced-projector-step100] preference/shuffled_image 96/2400
[balanced-projector-step100] preference/shuffled_image 112/2400
[balanced-projector-step100] preference/shuffled_image 128/2400
[balanced-projector-step100] preference/shuffled_image 144/2400
[balanced-projector-step100] preference/shuffled_image 160/2400
[balanced-projector-step100] preference/shuffled_image 176/2400
[balanced-projector-step100] preference/shuffled_image 192/2400
[balanced-projector-step100] preference/shuffled_image 208/2400
[balanced-projector-step100] preference/shuffled_image 224/2400
[balanced-projector-step100] preference/shuffled_image 240/2400
[balanced-projector-step100] preference/shuffled_image 256/2400
[balanced-projector-step100] preference/shuffled_image 272/2400
[balanced-projector-step100] preference/shuffled_image 288/2400
[balanced-projector-step100] preference/shuffled_image 304/2400
[balanced-projector-step100] preference/shuffled_image 320/2400
[balanced-projector-step100] preference/shuffled_image 336/2400
[balanced-projector-step100] preference/shuffled_image 352/2400
[balanced-projector-step100] preference/shuffled_image 368/2400
[balanced-projector-step100] preference/shuffled_image 384/2400
[balanced-projector-step100] preference/shuffled_image 400/2400
[balanced-projector-step100] preference/shuffled_image 416/2400
[balanced-projector-step100] preference/shuffled_image 432/2400
[balanced-projector-step100] preference/shuffled_image 448/2400
[balanced-projector-step100] preference/shuffled_image 464/2400
[balanced-projector-step100] preference/shuffled_image 480/2400
[balanced-projector-step100] preference/shuffled_image 496/2400
[balanced-projector-step100] preference/shuffled_image 512/2400
[balanced-projector-step100] preference/shuffled_image 528/2400
[balanced-projector-step100] preference/shuffled_image 544/2400
[balanced-projector-step100] preference/shuffled_image 560/2400
[balanced-projector-step100] preference/shuffled_image 576/2400
[balanced-projector-step100] preference/shuffled_image 592/2400
[balanced-projector-step100] preference/shuffled_image 608/2400
[balanced-projector-step100] preference/shuffled_image 624/2400
[balanced-projector-step100] preference/shuffled_image 640/2400
[balanced-projector-step100] preference/shuffled_image 656/2400
[balanced-projector-step100] preference/shuffled_image 672/2400
[balanced-projector-step100] preference/shuffled_image 688/2400
[balanced-projector-step100] preference/shuffled_image 704/2400
[balanced-projector-step100] preference/shuffled_image 720/2400
[balanced-projector-step100] preference/shuffled_image 736/2400
[balanced-projector-step100] preference/shuffled_image 752/2400
[balanced-projector-step100] preference/shuffled_image 768/2400
[balanced-projector-step100] preference/shuffled_image 784/2400
[balanced-projector-step100] preference/shuffled_image 800/2400
[balanced-projector-step100] preference/shuffled_image 816/2400
[balanced-projector-step100] preference/shuffled_image 832/2400
[balanced-projector-step100] preference/shuffled_image 848/2400
[balanced-projector-step100] preference/shuffled_image 864/2400
[balanced-projector-step100] preference/shuffled_image 880/2400
[balanced-projector-step100] preference/shuffled_image 896/2400
[balanced-projector-step100] preference/shuffled_image 912/2400
[balanced-projector-step100] preference/shuffled_image 928/2400
[balanced-projector-step100] preference/shuffled_image 944/2400
[balanced-projector-step100] preference/shuffled_image 960/2400
[balanced-projector-step100] preference/shuffled_image 976/2400
[balanced-projector-step100] preference/shuffled_image 992/2400
[balanced-projector-step100] preference/shuffled_image 1008/2400
[balanced-projector-step100] preference/shuffled_image 1024/2400
[balanced-projector-step100] preference/shuffled_image 1040/2400
[balanced-projector-step100] preference/shuffled_image 1056/2400
[balanced-projector-step100] preference/shuffled_image 1072/2400
[balanced-projector-step100] preference/shuffled_image 1088/2400
[balanced-projector-step100] preference/shuffled_image 1104/2400
[balanced-projector-step100] preference/shuffled_image 1120/2400
[balanced-projector-step100] preference/shuffled_image 1136/2400
[balanced-projector-step100] preference/shuffled_image 1152/2400
[balanced-projector-step100] preference/shuffled_image 1168/2400
[balanced-projector-step100] preference/shuffled_image 1184/2400
[balanced-projector-step100] preference/shuffled_image 1200/2400
[balanced-projector-step100] preference/shuffled_image 1216/2400
[balanced-projector-step100] preference/shuffled_image 1232/2400
[balanced-projector-step100] preference/shuffled_image 1248/2400
[balanced-projector-step100] preference/shuffled_image 1264/2400
[balanced-projector-step100] preference/shuffled_image 1280/2400
[balanced-projector-step100] preference/shuffled_image 1296/2400
[balanced-projector-step100] preference/shuffled_image 1312/2400
[balanced-projector-step100] preference/shuffled_image 1328/2400
[balanced-projector-step100] preference/shuffled_image 1344/2400
[balanced-projector-step100] preference/shuffled_image 1360/2400
[balanced-projector-step100] preference/shuffled_image 1376/2400
[balanced-projector-step100] preference/shuffled_image 1392/2400
[balanced-projector-step100] preference/shuffled_image 1408/2400
[balanced-projector-step100] preference/shuffled_image 1424/2400
[balanced-projector-step100] preference/shuffled_image 1440/2400
[balanced-projector-step100] preference/shuffled_image 1456/2400
[balanced-projector-step100] preference/shuffled_image 1472/2400
[balanced-projector-step100] preference/shuffled_image 1488/2400
[balanced-projector-step100] preference/shuffled_image 1504/2400
[balanced-projector-step100] preference/shuffled_image 1520/2400
[balanced-projector-step100] preference/shuffled_image 1536/2400
[balanced-projector-step100] preference/shuffled_image 1552/2400
[balanced-projector-step100] preference/shuffled_image 1568/2400
[balanced-projector-step100] preference/shuffled_image 1584/2400
[balanced-projector-step100] preference/shuffled_image 1600/2400
[balanced-projector-step100] preference/shuffled_image 1616/2400
[balanced-projector-step100] preference/shuffled_image 1632/2400
[balanced-projector-step100] preference/shuffled_image 1648/2400
[balanced-projector-step100] preference/shuffled_image 1664/2400
[balanced-projector-step100] preference/shuffled_image 1680/2400
[balanced-projector-step100] preference/shuffled_image 1696/2400
[balanced-projector-step100] preference/shuffled_image 1712/2400
[balanced-projector-step100] preference/shuffled_image 1728/2400
[balanced-projector-step100] preference/shuffled_image 1744/2400
[balanced-projector-step100] preference/shuffled_image 1760/2400
[balanced-projector-step100] preference/shuffled_image 1776/2400
[balanced-projector-step100] preference/shuffled_image 1792/2400
[balanced-projector-step100] preference/shuffled_image 1808/2400
[balanced-projector-step100] preference/shuffled_image 1824/2400
[balanced-projector-step100] preference/shuffled_image 1840/2400
[balanced-projector-step100] preference/shuffled_image 1856/2400
[balanced-projector-step100] preference/shuffled_image 1872/2400
[balanced-projector-step100] preference/shuffled_image 1888/2400
[balanced-projector-step100] preference/shuffled_image 1904/2400
[balanced-projector-step100] preference/shuffled_image 1920/2400
[balanced-projector-step100] preference/shuffled_image 1936/2400
[balanced-projector-step100] preference/shuffled_image 1952/2400
[balanced-projector-step100] preference/shuffled_image 1968/2400
[balanced-projector-step100] preference/shuffled_image 1984/2400
[balanced-projector-step100] preference/shuffled_image 2000/2400
[balanced-projector-step100] preference/shuffled_image 2016/2400
[balanced-projector-step100] preference/shuffled_image 2032/2400
[balanced-projector-step100] preference/shuffled_image 2048/2400
[balanced-projector-step100] preference/shuffled_image 2064/2400
[balanced-projector-step100] preference/shuffled_image 2080/2400
[balanced-projector-step100] preference/shuffled_image 2096/2400
[balanced-projector-step100] preference/shuffled_image 2112/2400
[balanced-projector-step100] preference/shuffled_image 2128/2400
[balanced-projector-step100] preference/shuffled_image 2144/2400
[balanced-projector-step100] preference/shuffled_image 2160/2400
[balanced-projector-step100] preference/shuffled_image 2176/2400
[balanced-projector-step100] preference/shuffled_image 2192/2400
[balanced-projector-step100] preference/shuffled_image 2208/2400
[balanced-projector-step100] preference/shuffled_image 2224/2400
[balanced-projector-step100] preference/shuffled_image 2240/2400
[balanced-projector-step100] preference/shuffled_image 2256/2400
[balanced-projector-step100] preference/shuffled_image 2272/2400
[balanced-projector-step100] preference/shuffled_image 2288/2400
[balanced-projector-step100] preference/shuffled_image 2304/2400
[balanced-projector-step100] preference/shuffled_image 2320/2400
[balanced-projector-step100] preference/shuffled_image 2336/2400
[balanced-projector-step100] preference/shuffled_image 2352/2400
[balanced-projector-step100] preference/shuffled_image 2368/2400
[balanced-projector-step100] preference/shuffled_image 2384/2400
[balanced-projector-step100] preference/shuffled_image 2400/2400
[balanced-projector-step100] preference/paired_counterfactual_image 16/2400
[balanced-projector-step100] preference/paired_counterfactual_image 32/2400
[balanced-projector-step100] preference/paired_counterfactual_image 48/2400
[balanced-projector-step100] preference/paired_counterfactual_image 64/2400
[balanced-projector-step100] preference/paired_counterfactual_image 80/2400
[balanced-projector-step100] preference/paired_counterfactual_image 96/2400
[balanced-projector-step100] preference/paired_counterfactual_image 112/2400
[balanced-projector-step100] preference/paired_counterfactual_image 128/2400
[balanced-projector-step100] preference/paired_counterfactual_image 144/2400
[balanced-projector-step100] preference/paired_counterfactual_image 160/2400
[balanced-projector-step100] preference/paired_counterfactual_image 176/2400
[balanced-projector-step100] preference/paired_counterfactual_image 192/2400
[balanced-projector-step100] preference/paired_counterfactual_image 208/2400
[balanced-projector-step100] preference/paired_counterfactual_image 224/2400
[balanced-projector-step100] preference/paired_counterfactual_image 240/2400
[balanced-projector-step100] preference/paired_counterfactual_image 256/2400
[balanced-projector-step100] preference/paired_counterfactual_image 272/2400
[balanced-projector-step100] preference/paired_counterfactual_image 288/2400
[balanced-projector-step100] preference/paired_counterfactual_image 304/2400
[balanced-projector-step100] preference/paired_counterfactual_image 320/2400
[balanced-projector-step100] preference/paired_counterfactual_image 336/2400
[balanced-projector-step100] preference/paired_counterfactual_image 352/2400
[balanced-projector-step100] preference/paired_counterfactual_image 368/2400
[balanced-projector-step100] preference/paired_counterfactual_image 384/2400
[balanced-projector-step100] preference/paired_counterfactual_image 400/2400
[balanced-projector-step100] preference/paired_counterfactual_image 416/2400
[balanced-projector-step100] preference/paired_counterfactual_image 432/2400
[balanced-projector-step100] preference/paired_counterfactual_image 448/2400
[balanced-projector-step100] preference/paired_counterfactual_image 464/2400
[balanced-projector-step100] preference/paired_counterfactual_image 480/2400
[balanced-projector-step100] preference/paired_counterfactual_image 496/2400
[balanced-projector-step100] preference/paired_counterfactual_image 512/2400
[balanced-projector-step100] preference/paired_counterfactual_image 528/2400
[balanced-projector-step100] preference/paired_counterfactual_image 544/2400
[balanced-projector-step100] preference/paired_counterfactual_image 560/2400
[balanced-projector-step100] preference/paired_counterfactual_image 576/2400
[balanced-projector-step100] preference/paired_counterfactual_image 592/2400
[balanced-projector-step100] preference/paired_counterfactual_image 608/2400
[balanced-projector-step100] preference/paired_counterfactual_image 624/2400
[balanced-projector-step100] preference/paired_counterfactual_image 640/2400
[balanced-projector-step100] preference/paired_counterfactual_image 656/2400
[balanced-projector-step100] preference/paired_counterfactual_image 672/2400
[balanced-projector-step100] preference/paired_counterfactual_image 688/2400
[balanced-projector-step100] preference/paired_counterfactual_image 704/2400
[balanced-projector-step100] preference/paired_counterfactual_image 720/2400
[balanced-projector-step100] preference/paired_counterfactual_image 736/2400
[balanced-projector-step100] preference/paired_counterfactual_image 752/2400
[balanced-projector-step100] preference/paired_counterfactual_image 768/2400
[balanced-projector-step100] preference/paired_counterfactual_image 784/2400
[balanced-projector-step100] preference/paired_counterfactual_image 800/2400
[balanced-projector-step100] preference/paired_counterfactual_image 816/2400
[balanced-projector-step100] preference/paired_counterfactual_image 832/2400
[balanced-projector-step100] preference/paired_counterfactual_image 848/2400
[balanced-projector-step100] preference/paired_counterfactual_image 864/2400
[balanced-projector-step100] preference/paired_counterfactual_image 880/2400
[balanced-projector-step100] preference/paired_counterfactual_image 896/2400
[balanced-projector-step100] preference/paired_counterfactual_image 912/2400
[balanced-projector-step100] preference/paired_counterfactual_image 928/2400
[balanced-projector-step100] preference/paired_counterfactual_image 944/2400
[balanced-projector-step100] preference/paired_counterfactual_image 960/2400
[balanced-projector-step100] preference/paired_counterfactual_image 976/2400
[balanced-projector-step100] preference/paired_counterfactual_image 992/2400
[balanced-projector-step100] preference/paired_counterfactual_image 1008/2400
[balanced-projector-step100] preference/paired_counterfactual_image 1024/2400
[balanced-projector-step100] preference/paired_counterfactual_image 1040/2400
[balanced-projector-step100] preference/paired_counterfactual_image 1056/2400
[balanced-projector-step100] preference/paired_counterfactual_image 1072/2400
[balanced-projector-step100] preference/paired_counterfactual_image 1088/2400
[balanced-projector-step100] preference/paired_counterfactual_image 1104/2400
[balanced-projector-step100] preference/paired_counterfactual_image 1120/2400
[balanced-projector-step100] preference/paired_counterfactual_image 1136/2400
[balanced-projector-step100] preference/paired_counterfactual_image 1152/2400
[balanced-projector-step100] preference/paired_counterfactual_image 1168/2400
[balanced-projector-step100] preference/paired_counterfactual_image 1184/2400
[balanced-projector-step100] preference/paired_counterfactual_image 1200/2400
[balanced-projector-step100] preference/paired_counterfactual_image 1216/2400
[balanced-projector-step100] preference/paired_counterfactual_image 1232/2400
[balanced-projector-step100] preference/paired_counterfactual_image 1248/2400
[balanced-projector-step100] preference/paired_counterfactual_image 1264/2400
[balanced-projector-step100] preference/paired_counterfactual_image 1280/2400
[balanced-projector-step100] preference/paired_counterfactual_image 1296/2400
[balanced-projector-step100] preference/paired_counterfactual_image 1312/2400
[balanced-projector-step100] preference/paired_counterfactual_image 1328/2400
[balanced-projector-step100] preference/paired_counterfactual_image 1344/2400
[balanced-projector-step100] preference/paired_counterfactual_image 1360/2400
[balanced-projector-step100] preference/paired_counterfactual_image 1376/2400
[balanced-projector-step100] preference/paired_counterfactual_image 1392/2400
[balanced-projector-step100] preference/paired_counterfactual_image 1408/2400
[balanced-projector-step100] preference/paired_counterfactual_image 1424/2400
[balanced-projector-step100] preference/paired_counterfactual_image 1440/2400
[balanced-projector-step100] preference/paired_counterfactual_image 1456/2400
[balanced-projector-step100] preference/paired_counterfactual_image 1472/2400
[balanced-projector-step100] preference/paired_counterfactual_image 1488/2400
[balanced-projector-step100] preference/paired_counterfactual_image 1504/2400
[balanced-projector-step100] preference/paired_counterfactual_image 1520/2400
[balanced-projector-step100] preference/paired_counterfactual_image 1536/2400
[balanced-projector-step100] preference/paired_counterfactual_image 1552/2400
[balanced-projector-step100] preference/paired_counterfactual_image 1568/2400
[balanced-projector-step100] preference/paired_counterfactual_image 1584/2400
[balanced-projector-step100] preference/paired_counterfactual_image 1600/2400
[balanced-projector-step100] preference/paired_counterfactual_image 1616/2400
[balanced-projector-step100] preference/paired_counterfactual_image 1632/2400
[balanced-projector-step100] preference/paired_counterfactual_image 1648/2400
[balanced-projector-step100] preference/paired_counterfactual_image 1664/2400
[balanced-projector-step100] preference/paired_counterfactual_image 1680/2400
[balanced-projector-step100] preference/paired_counterfactual_image 1696/2400
[balanced-projector-step100] preference/paired_counterfactual_image 1712/2400
[balanced-projector-step100] preference/paired_counterfactual_image 1728/2400
[balanced-projector-step100] preference/paired_counterfactual_image 1744/2400
[balanced-projector-step100] preference/paired_counterfactual_image 1760/2400
[balanced-projector-step100] preference/paired_counterfactual_image 1776/2400
[balanced-projector-step100] preference/paired_counterfactual_image 1792/2400
[balanced-projector-step100] preference/paired_counterfactual_image 1808/2400
[balanced-projector-step100] preference/paired_counterfactual_image 1824/2400
[balanced-projector-step100] preference/paired_counterfactual_image 1840/2400
[balanced-projector-step100] preference/paired_counterfactual_image 1856/2400
[balanced-projector-step100] preference/paired_counterfactual_image 1872/2400
[balanced-projector-step100] preference/paired_counterfactual_image 1888/2400
[balanced-projector-step100] preference/paired_counterfactual_image 1904/2400
[balanced-projector-step100] preference/paired_counterfactual_image 1920/2400
[balanced-projector-step100] preference/paired_counterfactual_image 1936/2400
[balanced-projector-step100] preference/paired_counterfactual_image 1952/2400
[balanced-projector-step100] preference/paired_counterfactual_image 1968/2400
[balanced-projector-step100] preference/paired_counterfactual_image 1984/2400
[balanced-projector-step100] preference/paired_counterfactual_image 2000/2400
[balanced-projector-step100] preference/paired_counterfactual_image 2016/2400
[balanced-projector-step100] preference/paired_counterfactual_image 2032/2400
[balanced-projector-step100] preference/paired_counterfactual_image 2048/2400
[balanced-projector-step100] preference/paired_counterfactual_image 2064/2400
[balanced-projector-step100] preference/paired_counterfactual_image 2080/2400
[balanced-projector-step100] preference/paired_counterfactual_image 2096/2400
[balanced-projector-step100] preference/paired_counterfactual_image 2112/2400
[balanced-projector-step100] preference/paired_counterfactual_image 2128/2400
[balanced-projector-step100] preference/paired_counterfactual_image 2144/2400
[balanced-projector-step100] preference/paired_counterfactual_image 2160/2400
[balanced-projector-step100] preference/paired_counterfactual_image 2176/2400
[balanced-projector-step100] preference/paired_counterfactual_image 2192/2400
[balanced-projector-step100] preference/paired_counterfactual_image 2208/2400
[balanced-projector-step100] preference/paired_counterfactual_image 2224/2400
[balanced-projector-step100] preference/paired_counterfactual_image 2240/2400
[balanced-projector-step100] preference/paired_counterfactual_image 2256/2400
[balanced-projector-step100] preference/paired_counterfactual_image 2272/2400
[balanced-projector-step100] preference/paired_counterfactual_image 2288/2400
[balanced-projector-step100] preference/paired_counterfactual_image 2304/2400
[balanced-projector-step100] preference/paired_counterfactual_image 2320/2400
[balanced-projector-step100] preference/paired_counterfactual_image 2336/2400
[balanced-projector-step100] preference/paired_counterfactual_image 2352/2400
[balanced-projector-step100] preference/paired_counterfactual_image 2368/2400
[balanced-projector-step100] preference/paired_counterfactual_image 2384/2400
[balanced-projector-step100] preference/paired_counterfactual_image 2400/2400
[balanced-projector-step100] preference/background_matched_aux 16/2400
[balanced-projector-step100] preference/background_matched_aux 32/2400
[balanced-projector-step100] preference/background_matched_aux 48/2400
[balanced-projector-step100] preference/background_matched_aux 64/2400
[balanced-projector-step100] preference/background_matched_aux 80/2400
[balanced-projector-step100] preference/background_matched_aux 96/2400
[balanced-projector-step100] preference/background_matched_aux 112/2400
[balanced-projector-step100] preference/background_matched_aux 128/2400
[balanced-projector-step100] preference/background_matched_aux 144/2400
[balanced-projector-step100] preference/background_matched_aux 160/2400
[balanced-projector-step100] preference/background_matched_aux 176/2400
[balanced-projector-step100] preference/background_matched_aux 192/2400
[balanced-projector-step100] preference/background_matched_aux 208/2400
[balanced-projector-step100] preference/background_matched_aux 224/2400
[balanced-projector-step100] preference/background_matched_aux 240/2400
[balanced-projector-step100] preference/background_matched_aux 256/2400
[balanced-projector-step100] preference/background_matched_aux 272/2400
[balanced-projector-step100] preference/background_matched_aux 288/2400
[balanced-projector-step100] preference/background_matched_aux 304/2400
[balanced-projector-step100] preference/background_matched_aux 320/2400
[balanced-projector-step100] preference/background_matched_aux 336/2400
[balanced-projector-step100] preference/background_matched_aux 352/2400
[balanced-projector-step100] preference/background_matched_aux 368/2400
[balanced-projector-step100] preference/background_matched_aux 384/2400
[balanced-projector-step100] preference/background_matched_aux 400/2400
[balanced-projector-step100] preference/background_matched_aux 416/2400
[balanced-projector-step100] preference/background_matched_aux 432/2400
[balanced-projector-step100] preference/background_matched_aux 448/2400
[balanced-projector-step100] preference/background_matched_aux 464/2400
[balanced-projector-step100] preference/background_matched_aux 480/2400
[balanced-projector-step100] preference/background_matched_aux 496/2400
[balanced-projector-step100] preference/background_matched_aux 512/2400
[balanced-projector-step100] preference/background_matched_aux 528/2400
[balanced-projector-step100] preference/background_matched_aux 544/2400
[balanced-projector-step100] preference/background_matched_aux 560/2400
[balanced-projector-step100] preference/background_matched_aux 576/2400
[balanced-projector-step100] preference/background_matched_aux 592/2400
[balanced-projector-step100] preference/background_matched_aux 608/2400
[balanced-projector-step100] preference/background_matched_aux 624/2400
[balanced-projector-step100] preference/background_matched_aux 640/2400
[balanced-projector-step100] preference/background_matched_aux 656/2400
[balanced-projector-step100] preference/background_matched_aux 672/2400
[balanced-projector-step100] preference/background_matched_aux 688/2400
[balanced-projector-step100] preference/background_matched_aux 704/2400
[balanced-projector-step100] preference/background_matched_aux 720/2400
[balanced-projector-step100] preference/background_matched_aux 736/2400
[balanced-projector-step100] preference/background_matched_aux 752/2400
[balanced-projector-step100] preference/background_matched_aux 768/2400
[balanced-projector-step100] preference/background_matched_aux 784/2400
[balanced-projector-step100] preference/background_matched_aux 800/2400
[balanced-projector-step100] preference/background_matched_aux 816/2400
[balanced-projector-step100] preference/background_matched_aux 832/2400
[balanced-projector-step100] preference/background_matched_aux 848/2400
[balanced-projector-step100] preference/background_matched_aux 864/2400
[balanced-projector-step100] preference/background_matched_aux 880/2400
[balanced-projector-step100] preference/background_matched_aux 896/2400
[balanced-projector-step100] preference/background_matched_aux 912/2400
[balanced-projector-step100] preference/background_matched_aux 928/2400
[balanced-projector-step100] preference/background_matched_aux 944/2400
[balanced-projector-step100] preference/background_matched_aux 960/2400
[balanced-projector-step100] preference/background_matched_aux 976/2400
[balanced-projector-step100] preference/background_matched_aux 992/2400
[balanced-projector-step100] preference/background_matched_aux 1008/2400
[balanced-projector-step100] preference/background_matched_aux 1024/2400
[balanced-projector-step100] preference/background_matched_aux 1040/2400
[balanced-projector-step100] preference/background_matched_aux 1056/2400
[balanced-projector-step100] preference/background_matched_aux 1072/2400
[balanced-projector-step100] preference/background_matched_aux 1088/2400
[balanced-projector-step100] preference/background_matched_aux 1104/2400
[balanced-projector-step100] preference/background_matched_aux 1120/2400
[balanced-projector-step100] preference/background_matched_aux 1136/2400
[balanced-projector-step100] preference/background_matched_aux 1152/2400
[balanced-projector-step100] preference/background_matched_aux 1168/2400
[balanced-projector-step100] preference/background_matched_aux 1184/2400
[balanced-projector-step100] preference/background_matched_aux 1200/2400
[balanced-projector-step100] preference/background_matched_aux 1216/2400
[balanced-projector-step100] preference/background_matched_aux 1232/2400
[balanced-projector-step100] preference/background_matched_aux 1248/2400
[balanced-projector-step100] preference/background_matched_aux 1264/2400
[balanced-projector-step100] preference/background_matched_aux 1280/2400
[balanced-projector-step100] preference/background_matched_aux 1296/2400
[balanced-projector-step100] preference/background_matched_aux 1312/2400
[balanced-projector-step100] preference/background_matched_aux 1328/2400
[balanced-projector-step100] preference/background_matched_aux 1344/2400
[balanced-projector-step100] preference/background_matched_aux 1360/2400
[balanced-projector-step100] preference/background_matched_aux 1376/2400
[balanced-projector-step100] preference/background_matched_aux 1392/2400
[balanced-projector-step100] preference/background_matched_aux 1408/2400
[balanced-projector-step100] preference/background_matched_aux 1424/2400
[balanced-projector-step100] preference/background_matched_aux 1440/2400
[balanced-projector-step100] preference/background_matched_aux 1456/2400
[balanced-projector-step100] preference/background_matched_aux 1472/2400
[balanced-projector-step100] preference/background_matched_aux 1488/2400
[balanced-projector-step100] preference/background_matched_aux 1504/2400
[balanced-projector-step100] preference/background_matched_aux 1520/2400
[balanced-projector-step100] preference/background_matched_aux 1536/2400
[balanced-projector-step100] preference/background_matched_aux 1552/2400
[balanced-projector-step100] preference/background_matched_aux 1568/2400
[balanced-projector-step100] preference/background_matched_aux 1584/2400
[balanced-projector-step100] preference/background_matched_aux 1600/2400
[balanced-projector-step100] preference/background_matched_aux 1616/2400
[balanced-projector-step100] preference/background_matched_aux 1632/2400
[balanced-projector-step100] preference/background_matched_aux 1648/2400
[balanced-projector-step100] preference/background_matched_aux 1664/2400
[balanced-projector-step100] preference/background_matched_aux 1680/2400
[balanced-projector-step100] preference/background_matched_aux 1696/2400
[balanced-projector-step100] preference/background_matched_aux 1712/2400
[balanced-projector-step100] preference/background_matched_aux 1728/2400
[balanced-projector-step100] preference/background_matched_aux 1744/2400
[balanced-projector-step100] preference/background_matched_aux 1760/2400
[balanced-projector-step100] preference/background_matched_aux 1776/2400
[balanced-projector-step100] preference/background_matched_aux 1792/2400
[balanced-projector-step100] preference/background_matched_aux 1808/2400
[balanced-projector-step100] preference/background_matched_aux 1824/2400
[balanced-projector-step100] preference/background_matched_aux 1840/2400
[balanced-projector-step100] preference/background_matched_aux 1856/2400
[balanced-projector-step100] preference/background_matched_aux 1872/2400
[balanced-projector-step100] preference/background_matched_aux 1888/2400
[balanced-projector-step100] preference/background_matched_aux 1904/2400
[balanced-projector-step100] preference/background_matched_aux 1920/2400
[balanced-projector-step100] preference/background_matched_aux 1936/2400
[balanced-projector-step100] preference/background_matched_aux 1952/2400
[balanced-projector-step100] preference/background_matched_aux 1968/2400
[balanced-projector-step100] preference/background_matched_aux 1984/2400
[balanced-projector-step100] preference/background_matched_aux 2000/2400
[balanced-projector-step100] preference/background_matched_aux 2016/2400
[balanced-projector-step100] preference/background_matched_aux 2032/2400
[balanced-projector-step100] preference/background_matched_aux 2048/2400
[balanced-projector-step100] preference/background_matched_aux 2064/2400
[balanced-projector-step100] preference/background_matched_aux 2080/2400
[balanced-projector-step100] preference/background_matched_aux 2096/2400
[balanced-projector-step100] preference/background_matched_aux 2112/2400
[balanced-projector-step100] preference/background_matched_aux 2128/2400
[balanced-projector-step100] preference/background_matched_aux 2144/2400
[balanced-projector-step100] preference/background_matched_aux 2160/2400
[balanced-projector-step100] preference/background_matched_aux 2176/2400
[balanced-projector-step100] preference/background_matched_aux 2192/2400
[balanced-projector-step100] preference/background_matched_aux 2208/2400
[balanced-projector-step100] preference/background_matched_aux 2224/2400
[balanced-projector-step100] preference/background_matched_aux 2240/2400
[balanced-projector-step100] preference/background_matched_aux 2256/2400
[balanced-projector-step100] preference/background_matched_aux 2272/2400
[balanced-projector-step100] preference/background_matched_aux 2288/2400
[balanced-projector-step100] preference/background_matched_aux 2304/2400
[balanced-projector-step100] preference/background_matched_aux 2320/2400
[balanced-projector-step100] preference/background_matched_aux 2336/2400
[balanced-projector-step100] preference/background_matched_aux 2352/2400
[balanced-projector-step100] preference/background_matched_aux 2368/2400
[balanced-projector-step100] preference/background_matched_aux 2384/2400
[balanced-projector-step100] preference/background_matched_aux 2400/2400
{
  "status": "valid",
  "wall_seconds": 1513.084989309311,
  "failures": 0,
  "summary": "/run/media/ezra/13D010B6FDBC1A06/data/perception_v1/transfer/balanced_multitask_preference_v2/SUMMARY.json"
}
