/run/media/ezra/13D010B6FDBC1A06/1CatVLLM/.venv-1cat/lib/python3.12/site-packages/torch/cuda/__init__.py:1007: UserWarning: Can't initialize NVML
  raw_cnt = _raw_device_count_nvml()
/run/media/ezra/13D010B6FDBC1A06/1CatVLLM/.venv-1cat/lib/python3.12/site-packages/torch/cuda/__init__.py:1007: UserWarning: Can't initialize NVML
  raw_cnt = _raw_device_count_nvml()
[1/2400] train-color-00000-a [100, 4, 1024]
[2/2400] train-color-00000-b [100, 4, 1024]
[3/2400] train-color-00001-a [100, 4, 1024]
[4/2400] train-color-00001-b [100, 4, 1024]
[5/2400] train-color-00002-a [100, 4, 1024]
[6/2400] train-color-00002-b [100, 4, 1024]
[7/2400] train-color-00003-a [100, 4, 1024]
[8/2400] train-color-00003-b [100, 4, 1024]
[9/2400] train-color-00004-a [100, 4, 1024]
[10/2400] train-color-00004-b [100, 4, 1024]
[11/2400] train-color-00005-a [100, 4, 1024]
[12/2400] train-color-00005-b [100, 4, 1024]
[13/2400] train-color-00006-a [100, 4, 1024]
[14/2400] train-color-00006-b [100, 4, 1024]
[15/2400] train-color-00007-a [100, 4, 1024]
[16/2400] train-color-00007-b [100, 4, 1024]
[17/2400] train-color-00008-a [100, 4, 1024]
[18/2400] train-color-00008-b [100, 4, 1024]
[19/2400] train-color-00009-a [100, 4, 1024]
[20/2400] train-color-00009-b [100, 4, 1024]
[21/2400] train-color-00010-a [100, 4, 1024]
[22/2400] train-color-00010-b [100, 4, 1024]
[23/2400] train-color-00011-a [100, 4, 1024]
[24/2400] train-color-00011-b [100, 4, 1024]
[25/2400] train-color-00012-a [100, 4, 1024]
[26/2400] train-color-00012-b [100, 4, 1024]
[27/2400] train-color-00013-a [100, 4, 1024]
[28/2400] train-color-00013-b [100, 4, 1024]
[29/2400] train-color-00014-a [100, 4, 1024]
[30/2400] train-color-00014-b [100, 4, 1024]
[31/2400] train-color-00015-a [100, 4, 1024]
[32/2400] train-color-00015-b [100, 4, 1024]
[33/2400] train-color-00016-a [100, 4, 1024]
[34/2400] train-color-00016-b [100, 4, 1024]
[35/2400] train-color-00017-a [100, 4, 1024]
[36/2400] train-color-00017-b [100, 4, 1024]
[37/2400] train-color-00018-a [100, 4, 1024]
[38/2400] train-color-00018-b [100, 4, 1024]
[39/2400] train-color-00019-a [100, 4, 1024]
[40/2400] train-color-00019-b [100, 4, 1024]
[41/2400] train-color-00020-a [100, 4, 1024]
[42/2400] train-color-00020-b [100, 4, 1024]
[43/2400] train-color-00021-a [100, 4, 1024]
[44/2400] train-color-00021-b [100, 4, 1024]
[45/2400] train-color-00022-a [100, 4, 1024]
[46/2400] train-color-00022-b [100, 4, 1024]
[47/2400] train-color-00023-a [100, 4, 1024]
[48/2400] train-color-00023-b [100, 4, 1024]
[49/2400] train-color-00024-a [100, 4, 1024]
[50/2400] train-color-00024-b [100, 4, 1024]
[51/2400] train-color-00025-a [100, 4, 1024]
[52/2400] train-color-00025-b [100, 4, 1024]
[53/2400] train-color-00026-a [100, 4, 1024]
[54/2400] train-color-00026-b [100, 4, 1024]
[55/2400] train-color-00027-a [100, 4, 1024]
[56/2400] train-color-00027-b [100, 4, 1024]
[57/2400] train-color-00028-a [100, 4, 1024]
[58/2400] train-color-00028-b [100, 4, 1024]
[59/2400] train-color-00029-a [100, 4, 1024]
[60/2400] train-color-00029-b [100, 4, 1024]
[61/2400] train-color-00030-a [100, 4, 1024]
[62/2400] train-color-00030-b [100, 4, 1024]
[63/2400] train-color-00031-a [100, 4, 1024]
[64/2400] train-color-00031-b [100, 4, 1024]
[65/2400] train-color-00032-a [100, 4, 1024]
[66/2400] train-color-00032-b [100, 4, 1024]
[67/2400] train-color-00033-a [100, 4, 1024]
[68/2400] train-color-00033-b [100, 4, 1024]
[69/2400] train-color-00034-a [100, 4, 1024]
[70/2400] train-color-00034-b [100, 4, 1024]
[71/2400] train-color-00035-a [100, 4, 1024]
[72/2400] train-color-00035-b [100, 4, 1024]
[73/2400] train-color-00036-a [100, 4, 1024]
[74/2400] train-color-00036-b [100, 4, 1024]
[75/2400] train-color-00037-a [100, 4, 1024]
[76/2400] train-color-00037-b [100, 4, 1024]
[77/2400] train-color-00038-a [100, 4, 1024]
[78/2400] train-color-00038-b [100, 4, 1024]
[79/2400] train-color-00039-a [100, 4, 1024]
[80/2400] train-color-00039-b [100, 4, 1024]
[81/2400] train-color-00040-a [100, 4, 1024]
[82/2400] train-color-00040-b [100, 4, 1024]
[83/2400] train-color-00041-a [100, 4, 1024]
[84/2400] train-color-00041-b [100, 4, 1024]
[85/2400] train-color-00042-a [100, 4, 1024]
[86/2400] train-color-00042-b [100, 4, 1024]
[87/2400] train-color-00043-a [100, 4, 1024]
[88/2400] train-color-00043-b [100, 4, 1024]
[89/2400] train-color-00044-a [100, 4, 1024]
[90/2400] train-color-00044-b [100, 4, 1024]
[91/2400] train-color-00045-a [100, 4, 1024]
[92/2400] train-color-00045-b [100, 4, 1024]
[93/2400] train-color-00046-a [100, 4, 1024]
[94/2400] train-color-00046-b [100, 4, 1024]
[95/2400] train-color-00047-a [100, 4, 1024]
[96/2400] train-color-00047-b [100, 4, 1024]
[97/2400] train-color-00048-a [100, 4, 1024]
[98/2400] train-color-00048-b [100, 4, 1024]
[99/2400] train-color-00049-a [100, 4, 1024]
[100/2400] train-color-00049-b [100, 4, 1024]
[101/2400] train-color-00050-a [100, 4, 1024]
[102/2400] train-color-00050-b [100, 4, 1024]
[103/2400] train-color-00051-a [100, 4, 1024]
[104/2400] train-color-00051-b [100, 4, 1024]
[105/2400] train-color-00052-a [100, 4, 1024]
[106/2400] train-color-00052-b [100, 4, 1024]
[107/2400] train-color-00053-a [100, 4, 1024]
[108/2400] train-color-00053-b [100, 4, 1024]
[109/2400] train-color-00054-a [100, 4, 1024]
[110/2400] train-color-00054-b [100, 4, 1024]
[111/2400] train-color-00055-a [100, 4, 1024]
[112/2400] train-color-00055-b [100, 4, 1024]
[113/2400] train-color-00056-a [100, 4, 1024]
[114/2400] train-color-00056-b [100, 4, 1024]
[115/2400] train-color-00057-a [100, 4, 1024]
[116/2400] train-color-00057-b [100, 4, 1024]
[117/2400] train-color-00058-a [100, 4, 1024]
[118/2400] train-color-00058-b [100, 4, 1024]
[119/2400] train-color-00059-a [100, 4, 1024]
[120/2400] train-color-00059-b [100, 4, 1024]
[121/2400] train-color-00060-a [100, 4, 1024]
[122/2400] train-color-00060-b [100, 4, 1024]
[123/2400] train-color-00061-a [100, 4, 1024]
[124/2400] train-color-00061-b [100, 4, 1024]
[125/2400] train-color-00062-a [100, 4, 1024]
[126/2400] train-color-00062-b [100, 4, 1024]
[127/2400] train-color-00063-a [100, 4, 1024]
[128/2400] train-color-00063-b [100, 4, 1024]
[129/2400] train-color-00064-a [100, 4, 1024]
[130/2400] train-color-00064-b [100, 4, 1024]
[131/2400] train-color-00065-a [100, 4, 1024]
[132/2400] train-color-00065-b [100, 4, 1024]
[133/2400] train-color-00066-a [100, 4, 1024]
[134/2400] train-color-00066-b [100, 4, 1024]
[135/2400] train-color-00067-a [100, 4, 1024]
[136/2400] train-color-00067-b [100, 4, 1024]
[137/2400] train-color-00068-a [100, 4, 1024]
[138/2400] train-color-00068-b [100, 4, 1024]
[139/2400] train-color-00069-a [100, 4, 1024]
[140/2400] train-color-00069-b [100, 4, 1024]
[141/2400] train-color-00070-a [100, 4, 1024]
[142/2400] train-color-00070-b [100, 4, 1024]
[143/2400] train-color-00071-a [100, 4, 1024]
[144/2400] train-color-00071-b [100, 4, 1024]
[145/2400] train-color-00072-a [100, 4, 1024]
[146/2400] train-color-00072-b [100, 4, 1024]
[147/2400] train-color-00073-a [100, 4, 1024]
[148/2400] train-color-00073-b [100, 4, 1024]
[149/2400] train-color-00074-a [100, 4, 1024]
[150/2400] train-color-00074-b [100, 4, 1024]
[151/2400] train-color-00075-a [100, 4, 1024]
[152/2400] train-color-00075-b [100, 4, 1024]
[153/2400] train-color-00076-a [100, 4, 1024]
[154/2400] train-color-00076-b [100, 4, 1024]
[155/2400] train-color-00077-a [100, 4, 1024]
[156/2400] train-color-00077-b [100, 4, 1024]
[157/2400] train-color-00078-a [100, 4, 1024]
[158/2400] train-color-00078-b [100, 4, 1024]
[159/2400] train-color-00079-a [100, 4, 1024]
[160/2400] train-color-00079-b [100, 4, 1024]
[161/2400] train-color-00080-a [100, 4, 1024]
[162/2400] train-color-00080-b [100, 4, 1024]
[163/2400] train-color-00081-a [100, 4, 1024]
[164/2400] train-color-00081-b [100, 4, 1024]
[165/2400] train-color-00082-a [100, 4, 1024]
[166/2400] train-color-00082-b [100, 4, 1024]
[167/2400] train-color-00083-a [100, 4, 1024]
[168/2400] train-color-00083-b [100, 4, 1024]
[169/2400] train-color-00084-a [100, 4, 1024]
[170/2400] train-color-00084-b [100, 4, 1024]
[171/2400] train-color-00085-a [100, 4, 1024]
[172/2400] train-color-00085-b [100, 4, 1024]
[173/2400] train-color-00086-a [100, 4, 1024]
[174/2400] train-color-00086-b [100, 4, 1024]
[175/2400] train-color-00087-a [100, 4, 1024]
[176/2400] train-color-00087-b [100, 4, 1024]
[177/2400] train-color-00088-a [100, 4, 1024]
[178/2400] train-color-00088-b [100, 4, 1024]
[179/2400] train-color-00089-a [100, 4, 1024]
[180/2400] train-color-00089-b [100, 4, 1024]
[181/2400] train-color-00090-a [100, 4, 1024]
[182/2400] train-color-00090-b [100, 4, 1024]
[183/2400] train-color-00091-a [100, 4, 1024]
[184/2400] train-color-00091-b [100, 4, 1024]
[185/2400] train-color-00092-a [100, 4, 1024]
[186/2400] train-color-00092-b [100, 4, 1024]
[187/2400] train-color-00093-a [100, 4, 1024]
[188/2400] train-color-00093-b [100, 4, 1024]
[189/2400] train-color-00094-a [100, 4, 1024]
[190/2400] train-color-00094-b [100, 4, 1024]
[191/2400] train-color-00095-a [100, 4, 1024]
[192/2400] train-color-00095-b [100, 4, 1024]
[193/2400] train-color-00096-a [100, 4, 1024]
[194/2400] train-color-00096-b [100, 4, 1024]
[195/2400] train-color-00097-a [100, 4, 1024]
[196/2400] train-color-00097-b [100, 4, 1024]
[197/2400] train-color-00098-a [100, 4, 1024]
[198/2400] train-color-00098-b [100, 4, 1024]
[199/2400] train-color-00099-a [100, 4, 1024]
[200/2400] train-color-00099-b [100, 4, 1024]
[201/2400] train-color-00100-a [100, 4, 1024]
[202/2400] train-color-00100-b [100, 4, 1024]
[203/2400] train-color-00101-a [100, 4, 1024]
[204/2400] train-color-00101-b [100, 4, 1024]
[205/2400] train-color-00102-a [100, 4, 1024]
[206/2400] train-color-00102-b [100, 4, 1024]
[207/2400] train-color-00103-a [100, 4, 1024]
[208/2400] train-color-00103-b [100, 4, 1024]
[209/2400] train-color-00104-a [100, 4, 1024]
[210/2400] train-color-00104-b [100, 4, 1024]
[211/2400] train-color-00105-a [100, 4, 1024]
[212/2400] train-color-00105-b [100, 4, 1024]
[213/2400] train-color-00106-a [100, 4, 1024]
[214/2400] train-color-00106-b [100, 4, 1024]
[215/2400] train-color-00107-a [100, 4, 1024]
[216/2400] train-color-00107-b [100, 4, 1024]
[217/2400] train-color-00108-a [100, 4, 1024]
[218/2400] train-color-00108-b [100, 4, 1024]
[219/2400] train-color-00109-a [100, 4, 1024]
[220/2400] train-color-00109-b [100, 4, 1024]
[221/2400] train-color-00110-a [100, 4, 1024]
[222/2400] train-color-00110-b [100, 4, 1024]
[223/2400] train-color-00111-a [100, 4, 1024]
[224/2400] train-color-00111-b [100, 4, 1024]
[225/2400] train-color-00112-a [100, 4, 1024]
[226/2400] train-color-00112-b [100, 4, 1024]
[227/2400] train-color-00113-a [100, 4, 1024]
[228/2400] train-color-00113-b [100, 4, 1024]
[229/2400] train-color-00114-a [100, 4, 1024]
[230/2400] train-color-00114-b [100, 4, 1024]
[231/2400] train-color-00115-a [100, 4, 1024]
[232/2400] train-color-00115-b [100, 4, 1024]
[233/2400] train-color-00116-a [100, 4, 1024]
[234/2400] train-color-00116-b [100, 4, 1024]
[235/2400] train-color-00117-a [100, 4, 1024]
[236/2400] train-color-00117-b [100, 4, 1024]
[237/2400] train-color-00118-a [100, 4, 1024]
[238/2400] train-color-00118-b [100, 4, 1024]
[239/2400] train-color-00119-a [100, 4, 1024]
[240/2400] train-color-00119-b [100, 4, 1024]
[241/2400] train-color-00120-a [100, 4, 1024]
[242/2400] train-color-00120-b [100, 4, 1024]
[243/2400] train-color-00121-a [100, 4, 1024]
[244/2400] train-color-00121-b [100, 4, 1024]
[245/2400] train-color-00122-a [100, 4, 1024]
[246/2400] train-color-00122-b [100, 4, 1024]
[247/2400] train-color-00123-a [100, 4, 1024]
[248/2400] train-color-00123-b [100, 4, 1024]
[249/2400] train-color-00124-a [100, 4, 1024]
[250/2400] train-color-00124-b [100, 4, 1024]
[251/2400] train-color-00125-a [100, 4, 1024]
[252/2400] train-color-00125-b [100, 4, 1024]
[253/2400] train-color-00126-a [100, 4, 1024]
[254/2400] train-color-00126-b [100, 4, 1024]
[255/2400] train-color-00127-a [100, 4, 1024]
[256/2400] train-color-00127-b [100, 4, 1024]
[257/2400] train-color-00128-a [100, 4, 1024]
[258/2400] train-color-00128-b [100, 4, 1024]
[259/2400] train-color-00129-a [100, 4, 1024]
[260/2400] train-color-00129-b [100, 4, 1024]
[261/2400] train-color-00130-a [100, 4, 1024]
[262/2400] train-color-00130-b [100, 4, 1024]
[263/2400] train-color-00131-a [100, 4, 1024]
[264/2400] train-color-00131-b [100, 4, 1024]
[265/2400] train-color-00132-a [100, 4, 1024]
[266/2400] train-color-00132-b [100, 4, 1024]
[267/2400] train-color-00133-a [100, 4, 1024]
[268/2400] train-color-00133-b [100, 4, 1024]
[269/2400] train-color-00134-a [100, 4, 1024]
[270/2400] train-color-00134-b [100, 4, 1024]
[271/2400] train-color-00135-a [100, 4, 1024]
[272/2400] train-color-00135-b [100, 4, 1024]
[273/2400] train-color-00136-a [100, 4, 1024]
[274/2400] train-color-00136-b [100, 4, 1024]
[275/2400] train-color-00137-a [100, 4, 1024]
[276/2400] train-color-00137-b [100, 4, 1024]
[277/2400] train-color-00138-a [100, 4, 1024]
[278/2400] train-color-00138-b [100, 4, 1024]
[279/2400] train-color-00139-a [100, 4, 1024]
[280/2400] train-color-00139-b [100, 4, 1024]
[281/2400] train-color-00140-a [100, 4, 1024]
[282/2400] train-color-00140-b [100, 4, 1024]
[283/2400] train-color-00141-a [100, 4, 1024]
[284/2400] train-color-00141-b [100, 4, 1024]
[285/2400] train-color-00142-a [100, 4, 1024]
[286/2400] train-color-00142-b [100, 4, 1024]
[287/2400] train-color-00143-a [100, 4, 1024]
[288/2400] train-color-00143-b [100, 4, 1024]
[289/2400] train-color-00144-a [100, 4, 1024]
[290/2400] train-color-00144-b [100, 4, 1024]
[291/2400] train-color-00145-a [100, 4, 1024]
[292/2400] train-color-00145-b [100, 4, 1024]
[293/2400] train-color-00146-a [100, 4, 1024]
[294/2400] train-color-00146-b [100, 4, 1024]
[295/2400] train-color-00147-a [100, 4, 1024]
[296/2400] train-color-00147-b [100, 4, 1024]
[297/2400] train-color-00148-a [100, 4, 1024]
[298/2400] train-color-00148-b [100, 4, 1024]
[299/2400] train-color-00149-a [100, 4, 1024]
[300/2400] train-color-00149-b [100, 4, 1024]
[301/2400] train-color-00150-a [100, 4, 1024]
[302/2400] train-color-00150-b [100, 4, 1024]
[303/2400] train-color-00151-a [100, 4, 1024]
[304/2400] train-color-00151-b [100, 4, 1024]
[305/2400] train-color-00152-a [100, 4, 1024]
[306/2400] train-color-00152-b [100, 4, 1024]
[307/2400] train-color-00153-a [100, 4, 1024]
[308/2400] train-color-00153-b [100, 4, 1024]
[309/2400] train-color-00154-a [100, 4, 1024]
[310/2400] train-color-00154-b [100, 4, 1024]
[311/2400] train-color-00155-a [100, 4, 1024]
[312/2400] train-color-00155-b [100, 4, 1024]
[313/2400] train-color-00156-a [100, 4, 1024]
[314/2400] train-color-00156-b [100, 4, 1024]
[315/2400] train-color-00157-a [100, 4, 1024]
[316/2400] train-color-00157-b [100, 4, 1024]
[317/2400] train-color-00158-a [100, 4, 1024]
[318/2400] train-color-00158-b [100, 4, 1024]
[319/2400] train-color-00159-a [100, 4, 1024]
[320/2400] train-color-00159-b [100, 4, 1024]
[321/2400] train-color-00160-a [100, 4, 1024]
[322/2400] train-color-00160-b [100, 4, 1024]
[323/2400] train-color-00161-a [100, 4, 1024]
[324/2400] train-color-00161-b [100, 4, 1024]
[325/2400] train-color-00162-a [100, 4, 1024]
[326/2400] train-color-00162-b [100, 4, 1024]
[327/2400] train-color-00163-a [100, 4, 1024]
[328/2400] train-color-00163-b [100, 4, 1024]
[329/2400] train-color-00164-a [100, 4, 1024]
[330/2400] train-color-00164-b [100, 4, 1024]
[331/2400] train-color-00165-a [100, 4, 1024]
[332/2400] train-color-00165-b [100, 4, 1024]
[333/2400] train-color-00166-a [100, 4, 1024]
[334/2400] train-color-00166-b [100, 4, 1024]
[335/2400] train-color-00167-a [100, 4, 1024]
[336/2400] train-color-00167-b [100, 4, 1024]
[337/2400] train-color-00168-a [100, 4, 1024]
[338/2400] train-color-00168-b [100, 4, 1024]
[339/2400] train-color-00169-a [100, 4, 1024]
[340/2400] train-color-00169-b [100, 4, 1024]
[341/2400] train-color-00170-a [100, 4, 1024]
[342/2400] train-color-00170-b [100, 4, 1024]
[343/2400] train-color-00171-a [100, 4, 1024]
[344/2400] train-color-00171-b [100, 4, 1024]
[345/2400] train-color-00172-a [100, 4, 1024]
[346/2400] train-color-00172-b [100, 4, 1024]
[347/2400] train-color-00173-a [100, 4, 1024]
[348/2400] train-color-00173-b [100, 4, 1024]
[349/2400] train-color-00174-a [100, 4, 1024]
[350/2400] train-color-00174-b [100, 4, 1024]
[351/2400] train-color-00175-a [100, 4, 1024]
[352/2400] train-color-00175-b [100, 4, 1024]
[353/2400] train-color-00176-a [100, 4, 1024]
[354/2400] train-color-00176-b [100, 4, 1024]
[355/2400] train-color-00177-a [100, 4, 1024]
[356/2400] train-color-00177-b [100, 4, 1024]
[357/2400] train-color-00178-a [100, 4, 1024]
[358/2400] train-color-00178-b [100, 4, 1024]
[359/2400] train-color-00179-a [100, 4, 1024]
[360/2400] train-color-00179-b [100, 4, 1024]
[361/2400] train-color-00180-a [100, 4, 1024]
[362/2400] train-color-00180-b [100, 4, 1024]
[363/2400] train-color-00181-a [100, 4, 1024]
[364/2400] train-color-00181-b [100, 4, 1024]
[365/2400] train-color-00182-a [100, 4, 1024]
[366/2400] train-color-00182-b [100, 4, 1024]
[367/2400] train-color-00183-a [100, 4, 1024]
[368/2400] train-color-00183-b [100, 4, 1024]
[369/2400] train-color-00184-a [100, 4, 1024]
[370/2400] train-color-00184-b [100, 4, 1024]
[371/2400] train-color-00185-a [100, 4, 1024]
[372/2400] train-color-00185-b [100, 4, 1024]
[373/2400] train-color-00186-a [100, 4, 1024]
[374/2400] train-color-00186-b [100, 4, 1024]
[375/2400] train-color-00187-a [100, 4, 1024]
[376/2400] train-color-00187-b [100, 4, 1024]
[377/2400] train-color-00188-a [100, 4, 1024]
[378/2400] train-color-00188-b [100, 4, 1024]
[379/2400] train-color-00189-a [100, 4, 1024]
[380/2400] train-color-00189-b [100, 4, 1024]
[381/2400] train-color-00190-a [100, 4, 1024]
[382/2400] train-color-00190-b [100, 4, 1024]
[383/2400] train-color-00191-a [100, 4, 1024]
[384/2400] train-color-00191-b [100, 4, 1024]
[385/2400] train-color-00192-a [100, 4, 1024]
[386/2400] train-color-00192-b [100, 4, 1024]
[387/2400] train-color-00193-a [100, 4, 1024]
[388/2400] train-color-00193-b [100, 4, 1024]
[389/2400] train-color-00194-a [100, 4, 1024]
[390/2400] train-color-00194-b [100, 4, 1024]
[391/2400] train-color-00195-a [100, 4, 1024]
[392/2400] train-color-00195-b [100, 4, 1024]
[393/2400] train-color-00196-a [100, 4, 1024]
[394/2400] train-color-00196-b [100, 4, 1024]
[395/2400] train-color-00197-a [100, 4, 1024]
[396/2400] train-color-00197-b [100, 4, 1024]
[397/2400] train-color-00198-a [100, 4, 1024]
[398/2400] train-color-00198-b [100, 4, 1024]
[399/2400] train-color-00199-a [100, 4, 1024]
[400/2400] train-color-00199-b [100, 4, 1024]
[401/2400] train-coordinate-00000-a [100, 4, 1024]
[402/2400] train-coordinate-00000-b [100, 4, 1024]
[403/2400] train-coordinate-00001-a [100, 4, 1024]
[404/2400] train-coordinate-00001-b [100, 4, 1024]
[405/2400] train-coordinate-00002-a [100, 4, 1024]
[406/2400] train-coordinate-00002-b [100, 4, 1024]
[407/2400] train-coordinate-00003-a [100, 4, 1024]
[408/2400] train-coordinate-00003-b [100, 4, 1024]
[409/2400] train-coordinate-00004-a [100, 4, 1024]
[410/2400] train-coordinate-00004-b [100, 4, 1024]
[411/2400] train-coordinate-00005-a [100, 4, 1024]
[412/2400] train-coordinate-00005-b [100, 4, 1024]
[413/2400] train-coordinate-00006-a [100, 4, 1024]
[414/2400] train-coordinate-00006-b [100, 4, 1024]
[415/2400] train-coordinate-00007-a [100, 4, 1024]
[416/2400] train-coordinate-00007-b [100, 4, 1024]
[417/2400] train-coordinate-00008-a [100, 4, 1024]
[418/2400] train-coordinate-00008-b [100, 4, 1024]
[419/2400] train-coordinate-00009-a [100, 4, 1024]
[420/2400] train-coordinate-00009-b [100, 4, 1024]
[421/2400] train-coordinate-00010-a [100, 4, 1024]
[422/2400] train-coordinate-00010-b [100, 4, 1024]
[423/2400] train-coordinate-00011-a [100, 4, 1024]
[424/2400] train-coordinate-00011-b [100, 4, 1024]
[425/2400] train-coordinate-00012-a [100, 4, 1024]
[426/2400] train-coordinate-00012-b [100, 4, 1024]
[427/2400] train-coordinate-00013-a [100, 4, 1024]
[428/2400] train-coordinate-00013-b [100, 4, 1024]
[429/2400] train-coordinate-00014-a [100, 4, 1024]
[430/2400] train-coordinate-00014-b [100, 4, 1024]
[431/2400] train-coordinate-00015-a [100, 4, 1024]
[432/2400] train-coordinate-00015-b [100, 4, 1024]
[433/2400] train-coordinate-00016-a [100, 4, 1024]
[434/2400] train-coordinate-00016-b [100, 4, 1024]
[435/2400] train-coordinate-00017-a [100, 4, 1024]
[436/2400] train-coordinate-00017-b [100, 4, 1024]
[437/2400] train-coordinate-00018-a [100, 4, 1024]
[438/2400] train-coordinate-00018-b [100, 4, 1024]
[439/2400] train-coordinate-00019-a [100, 4, 1024]
[440/2400] train-coordinate-00019-b [100, 4, 1024]
[441/2400] train-coordinate-00020-a [100, 4, 1024]
[442/2400] train-coordinate-00020-b [100, 4, 1024]
[443/2400] train-coordinate-00021-a [100, 4, 1024]
[444/2400] train-coordinate-00021-b [100, 4, 1024]
[445/2400] train-coordinate-00022-a [100, 4, 1024]
[446/2400] train-coordinate-00022-b [100, 4, 1024]
[447/2400] train-coordinate-00023-a [100, 4, 1024]
[448/2400] train-coordinate-00023-b [100, 4, 1024]
[449/2400] train-coordinate-00024-a [100, 4, 1024]
[450/2400] train-coordinate-00024-b [100, 4, 1024]
[451/2400] train-coordinate-00025-a [100, 4, 1024]
[452/2400] train-coordinate-00025-b [100, 4, 1024]
[453/2400] train-coordinate-00026-a [100, 4, 1024]
[454/2400] train-coordinate-00026-b [100, 4, 1024]
[455/2400] train-coordinate-00027-a [100, 4, 1024]
[456/2400] train-coordinate-00027-b [100, 4, 1024]
[457/2400] train-coordinate-00028-a [100, 4, 1024]
[458/2400] train-coordinate-00028-b [100, 4, 1024]
[459/2400] train-coordinate-00029-a [100, 4, 1024]
[460/2400] train-coordinate-00029-b [100, 4, 1024]
[461/2400] train-coordinate-00030-a [100, 4, 1024]
[462/2400] train-coordinate-00030-b [100, 4, 1024]
[463/2400] train-coordinate-00031-a [100, 4, 1024]
[464/2400] train-coordinate-00031-b [100, 4, 1024]
[465/2400] train-coordinate-00032-a [100, 4, 1024]
[466/2400] train-coordinate-00032-b [100, 4, 1024]
[467/2400] train-coordinate-00033-a [100, 4, 1024]
[468/2400] train-coordinate-00033-b [100, 4, 1024]
[469/2400] train-coordinate-00034-a [100, 4, 1024]
[470/2400] train-coordinate-00034-b [100, 4, 1024]
[471/2400] train-coordinate-00035-a [100, 4, 1024]
[472/2400] train-coordinate-00035-b [100, 4, 1024]
[473/2400] train-coordinate-00036-a [100, 4, 1024]
[474/2400] train-coordinate-00036-b [100, 4, 1024]
[475/2400] train-coordinate-00037-a [100, 4, 1024]
[476/2400] train-coordinate-00037-b [100, 4, 1024]
[477/2400] train-coordinate-00038-a [100, 4, 1024]
[478/2400] train-coordinate-00038-b [100, 4, 1024]
[479/2400] train-coordinate-00039-a [100, 4, 1024]
[480/2400] train-coordinate-00039-b [100, 4, 1024]
[481/2400] train-coordinate-00040-a [100, 4, 1024]
[482/2400] train-coordinate-00040-b [100, 4, 1024]
[483/2400] train-coordinate-00041-a [100, 4, 1024]
[484/2400] train-coordinate-00041-b [100, 4, 1024]
[485/2400] train-coordinate-00042-a [100, 4, 1024]
[486/2400] train-coordinate-00042-b [100, 4, 1024]
[487/2400] train-coordinate-00043-a [100, 4, 1024]
[488/2400] train-coordinate-00043-b [100, 4, 1024]
[489/2400] train-coordinate-00044-a [100, 4, 1024]
[490/2400] train-coordinate-00044-b [100, 4, 1024]
[491/2400] train-coordinate-00045-a [100, 4, 1024]
[492/2400] train-coordinate-00045-b [100, 4, 1024]
[493/2400] train-coordinate-00046-a [100, 4, 1024]
[494/2400] train-coordinate-00046-b [100, 4, 1024]
[495/2400] train-coordinate-00047-a [100, 4, 1024]
[496/2400] train-coordinate-00047-b [100, 4, 1024]
[497/2400] train-coordinate-00048-a [100, 4, 1024]
[498/2400] train-coordinate-00048-b [100, 4, 1024]
[499/2400] train-coordinate-00049-a [100, 4, 1024]
[500/2400] train-coordinate-00049-b [100, 4, 1024]
[501/2400] train-coordinate-00050-a [100, 4, 1024]
[502/2400] train-coordinate-00050-b [100, 4, 1024]
[503/2400] train-coordinate-00051-a [100, 4, 1024]
[504/2400] train-coordinate-00051-b [100, 4, 1024]
[505/2400] train-coordinate-00052-a [100, 4, 1024]
[506/2400] train-coordinate-00052-b [100, 4, 1024]
[507/2400] train-coordinate-00053-a [100, 4, 1024]
[508/2400] train-coordinate-00053-b [100, 4, 1024]
[509/2400] train-coordinate-00054-a [100, 4, 1024]
[510/2400] train-coordinate-00054-b [100, 4, 1024]
[511/2400] train-coordinate-00055-a [100, 4, 1024]
[512/2400] train-coordinate-00055-b [100, 4, 1024]
[513/2400] train-coordinate-00056-a [100, 4, 1024]
[514/2400] train-coordinate-00056-b [100, 4, 1024]
[515/2400] train-coordinate-00057-a [100, 4, 1024]
[516/2400] train-coordinate-00057-b [100, 4, 1024]
[517/2400] train-coordinate-00058-a [100, 4, 1024]
[518/2400] train-coordinate-00058-b [100, 4, 1024]
[519/2400] train-coordinate-00059-a [100, 4, 1024]
[520/2400] train-coordinate-00059-b [100, 4, 1024]
[521/2400] train-coordinate-00060-a [100, 4, 1024]
[522/2400] train-coordinate-00060-b [100, 4, 1024]
[523/2400] train-coordinate-00061-a [100, 4, 1024]
[524/2400] train-coordinate-00061-b [100, 4, 1024]
[525/2400] train-coordinate-00062-a [100, 4, 1024]
[526/2400] train-coordinate-00062-b [100, 4, 1024]
[527/2400] train-coordinate-00063-a [100, 4, 1024]
[528/2400] train-coordinate-00063-b [100, 4, 1024]
[529/2400] train-coordinate-00064-a [100, 4, 1024]
[530/2400] train-coordinate-00064-b [100, 4, 1024]
[531/2400] train-coordinate-00065-a [100, 4, 1024]
[532/2400] train-coordinate-00065-b [100, 4, 1024]
[533/2400] train-coordinate-00066-a [100, 4, 1024]
[534/2400] train-coordinate-00066-b [100, 4, 1024]
[535/2400] train-coordinate-00067-a [100, 4, 1024]
[536/2400] train-coordinate-00067-b [100, 4, 1024]
[537/2400] train-coordinate-00068-a [100, 4, 1024]
[538/2400] train-coordinate-00068-b [100, 4, 1024]
[539/2400] train-coordinate-00069-a [100, 4, 1024]
[540/2400] train-coordinate-00069-b [100, 4, 1024]
[541/2400] train-coordinate-00070-a [100, 4, 1024]
[542/2400] train-coordinate-00070-b [100, 4, 1024]
[543/2400] train-coordinate-00071-a [100, 4, 1024]
[544/2400] train-coordinate-00071-b [100, 4, 1024]
[545/2400] train-coordinate-00072-a [100, 4, 1024]
[546/2400] train-coordinate-00072-b [100, 4, 1024]
[547/2400] train-coordinate-00073-a [100, 4, 1024]
[548/2400] train-coordinate-00073-b [100, 4, 1024]
[549/2400] train-coordinate-00074-a [100, 4, 1024]
[550/2400] train-coordinate-00074-b [100, 4, 1024]
[551/2400] train-coordinate-00075-a [100, 4, 1024]
[552/2400] train-coordinate-00075-b [100, 4, 1024]
[553/2400] train-coordinate-00076-a [100, 4, 1024]
[554/2400] train-coordinate-00076-b [100, 4, 1024]
[555/2400] train-coordinate-00077-a [100, 4, 1024]
[556/2400] train-coordinate-00077-b [100, 4, 1024]
[557/2400] train-coordinate-00078-a [100, 4, 1024]
[558/2400] train-coordinate-00078-b [100, 4, 1024]
[559/2400] train-coordinate-00079-a [100, 4, 1024]
[560/2400] train-coordinate-00079-b [100, 4, 1024]
[561/2400] train-coordinate-00080-a [100, 4, 1024]
[562/2400] train-coordinate-00080-b [100, 4, 1024]
[563/2400] train-coordinate-00081-a [100, 4, 1024]
[564/2400] train-coordinate-00081-b [100, 4, 1024]
[565/2400] train-coordinate-00082-a [100, 4, 1024]
[566/2400] train-coordinate-00082-b [100, 4, 1024]
[567/2400] train-coordinate-00083-a [100, 4, 1024]
[568/2400] train-coordinate-00083-b [100, 4, 1024]
[569/2400] train-coordinate-00084-a [100, 4, 1024]
[570/2400] train-coordinate-00084-b [100, 4, 1024]
[571/2400] train-coordinate-00085-a [100, 4, 1024]
[572/2400] train-coordinate-00085-b [100, 4, 1024]
[573/2400] train-coordinate-00086-a [100, 4, 1024]
[574/2400] train-coordinate-00086-b [100, 4, 1024]
[575/2400] train-coordinate-00087-a [100, 4, 1024]
[576/2400] train-coordinate-00087-b [100, 4, 1024]
[577/2400] train-coordinate-00088-a [100, 4, 1024]
[578/2400] train-coordinate-00088-b [100, 4, 1024]
[579/2400] train-coordinate-00089-a [100, 4, 1024]
[580/2400] train-coordinate-00089-b [100, 4, 1024]
[581/2400] train-coordinate-00090-a [100, 4, 1024]
[582/2400] train-coordinate-00090-b [100, 4, 1024]
[583/2400] train-coordinate-00091-a [100, 4, 1024]
[584/2400] train-coordinate-00091-b [100, 4, 1024]
[585/2400] train-coordinate-00092-a [100, 4, 1024]
[586/2400] train-coordinate-00092-b [100, 4, 1024]
[587/2400] train-coordinate-00093-a [100, 4, 1024]
[588/2400] train-coordinate-00093-b [100, 4, 1024]
[589/2400] train-coordinate-00094-a [100, 4, 1024]
[590/2400] train-coordinate-00094-b [100, 4, 1024]
[591/2400] train-coordinate-00095-a [100, 4, 1024]
[592/2400] train-coordinate-00095-b [100, 4, 1024]
[593/2400] train-coordinate-00096-a [100, 4, 1024]
[594/2400] train-coordinate-00096-b [100, 4, 1024]
[595/2400] train-coordinate-00097-a [100, 4, 1024]
[596/2400] train-coordinate-00097-b [100, 4, 1024]
[597/2400] train-coordinate-00098-a [100, 4, 1024]
[598/2400] train-coordinate-00098-b [100, 4, 1024]
[599/2400] train-coordinate-00099-a [100, 4, 1024]
[600/2400] train-coordinate-00099-b [100, 4, 1024]
[601/2400] train-coordinate-00100-a [100, 4, 1024]
[602/2400] train-coordinate-00100-b [100, 4, 1024]
[603/2400] train-coordinate-00101-a [100, 4, 1024]
[604/2400] train-coordinate-00101-b [100, 4, 1024]
[605/2400] train-coordinate-00102-a [100, 4, 1024]
[606/2400] train-coordinate-00102-b [100, 4, 1024]
[607/2400] train-coordinate-00103-a [100, 4, 1024]
[608/2400] train-coordinate-00103-b [100, 4, 1024]
[609/2400] train-coordinate-00104-a [100, 4, 1024]
[610/2400] train-coordinate-00104-b [100, 4, 1024]
[611/2400] train-coordinate-00105-a [100, 4, 1024]
[612/2400] train-coordinate-00105-b [100, 4, 1024]
[613/2400] train-coordinate-00106-a [100, 4, 1024]
[614/2400] train-coordinate-00106-b [100, 4, 1024]
[615/2400] train-coordinate-00107-a [100, 4, 1024]
[616/2400] train-coordinate-00107-b [100, 4, 1024]
[617/2400] train-coordinate-00108-a [100, 4, 1024]
[618/2400] train-coordinate-00108-b [100, 4, 1024]
[619/2400] train-coordinate-00109-a [100, 4, 1024]
[620/2400] train-coordinate-00109-b [100, 4, 1024]
[621/2400] train-coordinate-00110-a [100, 4, 1024]
[622/2400] train-coordinate-00110-b [100, 4, 1024]
[623/2400] train-coordinate-00111-a [100, 4, 1024]
[624/2400] train-coordinate-00111-b [100, 4, 1024]
[625/2400] train-coordinate-00112-a [100, 4, 1024]
[626/2400] train-coordinate-00112-b [100, 4, 1024]
[627/2400] train-coordinate-00113-a [100, 4, 1024]
[628/2400] train-coordinate-00113-b [100, 4, 1024]
[629/2400] train-coordinate-00114-a [100, 4, 1024]
[630/2400] train-coordinate-00114-b [100, 4, 1024]
[631/2400] train-coordinate-00115-a [100, 4, 1024]
[632/2400] train-coordinate-00115-b [100, 4, 1024]
[633/2400] train-coordinate-00116-a [100, 4, 1024]
[634/2400] train-coordinate-00116-b [100, 4, 1024]
[635/2400] train-coordinate-00117-a [100, 4, 1024]
[636/2400] train-coordinate-00117-b [100, 4, 1024]
[637/2400] train-coordinate-00118-a [100, 4, 1024]
[638/2400] train-coordinate-00118-b [100, 4, 1024]
[639/2400] train-coordinate-00119-a [100, 4, 1024]
[640/2400] train-coordinate-00119-b [100, 4, 1024]
[641/2400] train-coordinate-00120-a [100, 4, 1024]
[642/2400] train-coordinate-00120-b [100, 4, 1024]
[643/2400] train-coordinate-00121-a [100, 4, 1024]
[644/2400] train-coordinate-00121-b [100, 4, 1024]
[645/2400] train-coordinate-00122-a [100, 4, 1024]
[646/2400] train-coordinate-00122-b [100, 4, 1024]
[647/2400] train-coordinate-00123-a [100, 4, 1024]
[648/2400] train-coordinate-00123-b [100, 4, 1024]
[649/2400] train-coordinate-00124-a [100, 4, 1024]
[650/2400] train-coordinate-00124-b [100, 4, 1024]
[651/2400] train-coordinate-00125-a [100, 4, 1024]
[652/2400] train-coordinate-00125-b [100, 4, 1024]
[653/2400] train-coordinate-00126-a [100, 4, 1024]
[654/2400] train-coordinate-00126-b [100, 4, 1024]
[655/2400] train-coordinate-00127-a [100, 4, 1024]
[656/2400] train-coordinate-00127-b [100, 4, 1024]
[657/2400] train-coordinate-00128-a [100, 4, 1024]
[658/2400] train-coordinate-00128-b [100, 4, 1024]
[659/2400] train-coordinate-00129-a [100, 4, 1024]
[660/2400] train-coordinate-00129-b [100, 4, 1024]
[661/2400] train-coordinate-00130-a [100, 4, 1024]
[662/2400] train-coordinate-00130-b [100, 4, 1024]
[663/2400] train-coordinate-00131-a [100, 4, 1024]
[664/2400] train-coordinate-00131-b [100, 4, 1024]
[665/2400] train-coordinate-00132-a [100, 4, 1024]
[666/2400] train-coordinate-00132-b [100, 4, 1024]
[667/2400] train-coordinate-00133-a [100, 4, 1024]
[668/2400] train-coordinate-00133-b [100, 4, 1024]
[669/2400] train-coordinate-00134-a [100, 4, 1024]
[670/2400] train-coordinate-00134-b [100, 4, 1024]
[671/2400] train-coordinate-00135-a [100, 4, 1024]
[672/2400] train-coordinate-00135-b [100, 4, 1024]
[673/2400] train-coordinate-00136-a [100, 4, 1024]
[674/2400] train-coordinate-00136-b [100, 4, 1024]
[675/2400] train-coordinate-00137-a [100, 4, 1024]
[676/2400] train-coordinate-00137-b [100, 4, 1024]
[677/2400] train-coordinate-00138-a [100, 4, 1024]
[678/2400] train-coordinate-00138-b [100, 4, 1024]
[679/2400] train-coordinate-00139-a [100, 4, 1024]
[680/2400] train-coordinate-00139-b [100, 4, 1024]
[681/2400] train-coordinate-00140-a [100, 4, 1024]
[682/2400] train-coordinate-00140-b [100, 4, 1024]
[683/2400] train-coordinate-00141-a [100, 4, 1024]
[684/2400] train-coordinate-00141-b [100, 4, 1024]
[685/2400] train-coordinate-00142-a [100, 4, 1024]
[686/2400] train-coordinate-00142-b [100, 4, 1024]
[687/2400] train-coordinate-00143-a [100, 4, 1024]
[688/2400] train-coordinate-00143-b [100, 4, 1024]
[689/2400] train-coordinate-00144-a [100, 4, 1024]
[690/2400] train-coordinate-00144-b [100, 4, 1024]
[691/2400] train-coordinate-00145-a [100, 4, 1024]
[692/2400] train-coordinate-00145-b [100, 4, 1024]
[693/2400] train-coordinate-00146-a [100, 4, 1024]
[694/2400] train-coordinate-00146-b [100, 4, 1024]
[695/2400] train-coordinate-00147-a [100, 4, 1024]
[696/2400] train-coordinate-00147-b [100, 4, 1024]
[697/2400] train-coordinate-00148-a [100, 4, 1024]
[698/2400] train-coordinate-00148-b [100, 4, 1024]
[699/2400] train-coordinate-00149-a [100, 4, 1024]
[700/2400] train-coordinate-00149-b [100, 4, 1024]
[701/2400] train-coordinate-00150-a [100, 4, 1024]
[702/2400] train-coordinate-00150-b [100, 4, 1024]
[703/2400] train-coordinate-00151-a [100, 4, 1024]
[704/2400] train-coordinate-00151-b [100, 4, 1024]
[705/2400] train-coordinate-00152-a [100, 4, 1024]
[706/2400] train-coordinate-00152-b [100, 4, 1024]
[707/2400] train-coordinate-00153-a [100, 4, 1024]
[708/2400] train-coordinate-00153-b [100, 4, 1024]
[709/2400] train-coordinate-00154-a [100, 4, 1024]
[710/2400] train-coordinate-00154-b [100, 4, 1024]
[711/2400] train-coordinate-00155-a [100, 4, 1024]
[712/2400] train-coordinate-00155-b [100, 4, 1024]
[713/2400] train-coordinate-00156-a [100, 4, 1024]
[714/2400] train-coordinate-00156-b [100, 4, 1024]
[715/2400] train-coordinate-00157-a [100, 4, 1024]
[716/2400] train-coordinate-00157-b [100, 4, 1024]
[717/2400] train-coordinate-00158-a [100, 4, 1024]
[718/2400] train-coordinate-00158-b [100, 4, 1024]
[719/2400] train-coordinate-00159-a [100, 4, 1024]
[720/2400] train-coordinate-00159-b [100, 4, 1024]
[721/2400] train-coordinate-00160-a [100, 4, 1024]
[722/2400] train-coordinate-00160-b [100, 4, 1024]
[723/2400] train-coordinate-00161-a [100, 4, 1024]
[724/2400] train-coordinate-00161-b [100, 4, 1024]
[725/2400] train-coordinate-00162-a [100, 4, 1024]
[726/2400] train-coordinate-00162-b [100, 4, 1024]
[727/2400] train-coordinate-00163-a [100, 4, 1024]
[728/2400] train-coordinate-00163-b [100, 4, 1024]
[729/2400] train-coordinate-00164-a [100, 4, 1024]
[730/2400] train-coordinate-00164-b [100, 4, 1024]
[731/2400] train-coordinate-00165-a [100, 4, 1024]
[732/2400] train-coordinate-00165-b [100, 4, 1024]
[733/2400] train-coordinate-00166-a [100, 4, 1024]
[734/2400] train-coordinate-00166-b [100, 4, 1024]
[735/2400] train-coordinate-00167-a [100, 4, 1024]
[736/2400] train-coordinate-00167-b [100, 4, 1024]
[737/2400] train-coordinate-00168-a [100, 4, 1024]
[738/2400] train-coordinate-00168-b [100, 4, 1024]
[739/2400] train-coordinate-00169-a [100, 4, 1024]
[740/2400] train-coordinate-00169-b [100, 4, 1024]
[741/2400] train-coordinate-00170-a [100, 4, 1024]
[742/2400] train-coordinate-00170-b [100, 4, 1024]
[743/2400] train-coordinate-00171-a [100, 4, 1024]
[744/2400] train-coordinate-00171-b [100, 4, 1024]
[745/2400] train-coordinate-00172-a [100, 4, 1024]
[746/2400] train-coordinate-00172-b [100, 4, 1024]
[747/2400] train-coordinate-00173-a [100, 4, 1024]
[748/2400] train-coordinate-00173-b [100, 4, 1024]
[749/2400] train-coordinate-00174-a [100, 4, 1024]
[750/2400] train-coordinate-00174-b [100, 4, 1024]
[751/2400] train-coordinate-00175-a [100, 4, 1024]
[752/2400] train-coordinate-00175-b [100, 4, 1024]
[753/2400] train-coordinate-00176-a [100, 4, 1024]
[754/2400] train-coordinate-00176-b [100, 4, 1024]
[755/2400] train-coordinate-00177-a [100, 4, 1024]
[756/2400] train-coordinate-00177-b [100, 4, 1024]
[757/2400] train-coordinate-00178-a [100, 4, 1024]
[758/2400] train-coordinate-00178-b [100, 4, 1024]
[759/2400] train-coordinate-00179-a [100, 4, 1024]
[760/2400] train-coordinate-00179-b [100, 4, 1024]
[761/2400] train-coordinate-00180-a [100, 4, 1024]
[762/2400] train-coordinate-00180-b [100, 4, 1024]
[763/2400] train-coordinate-00181-a [100, 4, 1024]
[764/2400] train-coordinate-00181-b [100, 4, 1024]
[765/2400] train-coordinate-00182-a [100, 4, 1024]
[766/2400] train-coordinate-00182-b [100, 4, 1024]
[767/2400] train-coordinate-00183-a [100, 4, 1024]
[768/2400] train-coordinate-00183-b [100, 4, 1024]
[769/2400] train-coordinate-00184-a [100, 4, 1024]
[770/2400] train-coordinate-00184-b [100, 4, 1024]
[771/2400] train-coordinate-00185-a [100, 4, 1024]
[772/2400] train-coordinate-00185-b [100, 4, 1024]
[773/2400] train-coordinate-00186-a [100, 4, 1024]
[774/2400] train-coordinate-00186-b [100, 4, 1024]
[775/2400] train-coordinate-00187-a [100, 4, 1024]
[776/2400] train-coordinate-00187-b [100, 4, 1024]
[777/2400] train-coordinate-00188-a [100, 4, 1024]
[778/2400] train-coordinate-00188-b [100, 4, 1024]
[779/2400] train-coordinate-00189-a [100, 4, 1024]
[780/2400] train-coordinate-00189-b [100, 4, 1024]
[781/2400] train-coordinate-00190-a [100, 4, 1024]
[782/2400] train-coordinate-00190-b [100, 4, 1024]
[783/2400] train-coordinate-00191-a [100, 4, 1024]
[784/2400] train-coordinate-00191-b [100, 4, 1024]
[785/2400] train-coordinate-00192-a [100, 4, 1024]
[786/2400] train-coordinate-00192-b [100, 4, 1024]
[787/2400] train-coordinate-00193-a [100, 4, 1024]
[788/2400] train-coordinate-00193-b [100, 4, 1024]
[789/2400] train-coordinate-00194-a [100, 4, 1024]
[790/2400] train-coordinate-00194-b [100, 4, 1024]
[791/2400] train-coordinate-00195-a [100, 4, 1024]
[792/2400] train-coordinate-00195-b [100, 4, 1024]
[793/2400] train-coordinate-00196-a [100, 4, 1024]
[794/2400] train-coordinate-00196-b [100, 4, 1024]
[795/2400] train-coordinate-00197-a [100, 4, 1024]
[796/2400] train-coordinate-00197-b [100, 4, 1024]
[797/2400] train-coordinate-00198-a [100, 4, 1024]
[798/2400] train-coordinate-00198-b [100, 4, 1024]
[799/2400] train-coordinate-00199-a [100, 4, 1024]
[800/2400] train-coordinate-00199-b [100, 4, 1024]
[801/2400] train-count-00000-a [100, 4, 1024]
[802/2400] train-count-00000-b [100, 4, 1024]
[803/2400] train-count-00001-a [100, 4, 1024]
[804/2400] train-count-00001-b [100, 4, 1024]
[805/2400] train-count-00002-a [100, 4, 1024]
[806/2400] train-count-00002-b [100, 4, 1024]
[807/2400] train-count-00003-a [100, 4, 1024]
[808/2400] train-count-00003-b [100, 4, 1024]
[809/2400] train-count-00004-a [100, 4, 1024]
[810/2400] train-count-00004-b [100, 4, 1024]
[811/2400] train-count-00005-a [100, 4, 1024]
[812/2400] train-count-00005-b [100, 4, 1024]
[813/2400] train-count-00006-a [100, 4, 1024]
[814/2400] train-count-00006-b [100, 4, 1024]
[815/2400] train-count-00007-a [100, 4, 1024]
[816/2400] train-count-00007-b [100, 4, 1024]
[817/2400] train-count-00008-a [100, 4, 1024]
[818/2400] train-count-00008-b [100, 4, 1024]
[819/2400] train-count-00009-a [100, 4, 1024]
[820/2400] train-count-00009-b [100, 4, 1024]
[821/2400] train-count-00010-a [100, 4, 1024]
[822/2400] train-count-00010-b [100, 4, 1024]
[823/2400] train-count-00011-a [100, 4, 1024]
[824/2400] train-count-00011-b [100, 4, 1024]
[825/2400] train-count-00012-a [100, 4, 1024]
[826/2400] train-count-00012-b [100, 4, 1024]
[827/2400] train-count-00013-a [100, 4, 1024]
[828/2400] train-count-00013-b [100, 4, 1024]
[829/2400] train-count-00014-a [100, 4, 1024]
[830/2400] train-count-00014-b [100, 4, 1024]
[831/2400] train-count-00015-a [100, 4, 1024]
[832/2400] train-count-00015-b [100, 4, 1024]
[833/2400] train-count-00016-a [100, 4, 1024]
[834/2400] train-count-00016-b [100, 4, 1024]
[835/2400] train-count-00017-a [100, 4, 1024]
[836/2400] train-count-00017-b [100, 4, 1024]
[837/2400] train-count-00018-a [100, 4, 1024]
[838/2400] train-count-00018-b [100, 4, 1024]
[839/2400] train-count-00019-a [100, 4, 1024]
[840/2400] train-count-00019-b [100, 4, 1024]
[841/2400] train-count-00020-a [100, 4, 1024]
[842/2400] train-count-00020-b [100, 4, 1024]
[843/2400] train-count-00021-a [100, 4, 1024]
[844/2400] train-count-00021-b [100, 4, 1024]
[845/2400] train-count-00022-a [100, 4, 1024]
[846/2400] train-count-00022-b [100, 4, 1024]
[847/2400] train-count-00023-a [100, 4, 1024]
[848/2400] train-count-00023-b [100, 4, 1024]
[849/2400] train-count-00024-a [100, 4, 1024]
[850/2400] train-count-00024-b [100, 4, 1024]
[851/2400] train-count-00025-a [100, 4, 1024]
[852/2400] train-count-00025-b [100, 4, 1024]
[853/2400] train-count-00026-a [100, 4, 1024]
[854/2400] train-count-00026-b [100, 4, 1024]
[855/2400] train-count-00027-a [100, 4, 1024]
[856/2400] train-count-00027-b [100, 4, 1024]
[857/2400] train-count-00028-a [100, 4, 1024]
[858/2400] train-count-00028-b [100, 4, 1024]
[859/2400] train-count-00029-a [100, 4, 1024]
[860/2400] train-count-00029-b [100, 4, 1024]
[861/2400] train-count-00030-a [100, 4, 1024]
[862/2400] train-count-00030-b [100, 4, 1024]
[863/2400] train-count-00031-a [100, 4, 1024]
[864/2400] train-count-00031-b [100, 4, 1024]
[865/2400] train-count-00032-a [100, 4, 1024]
[866/2400] train-count-00032-b [100, 4, 1024]
[867/2400] train-count-00033-a [100, 4, 1024]
[868/2400] train-count-00033-b [100, 4, 1024]
[869/2400] train-count-00034-a [100, 4, 1024]
[870/2400] train-count-00034-b [100, 4, 1024]
[871/2400] train-count-00035-a [100, 4, 1024]
[872/2400] train-count-00035-b [100, 4, 1024]
[873/2400] train-count-00036-a [100, 4, 1024]
[874/2400] train-count-00036-b [100, 4, 1024]
[875/2400] train-count-00037-a [100, 4, 1024]
[876/2400] train-count-00037-b [100, 4, 1024]
[877/2400] train-count-00038-a [100, 4, 1024]
[878/2400] train-count-00038-b [100, 4, 1024]
[879/2400] train-count-00039-a [100, 4, 1024]
[880/2400] train-count-00039-b [100, 4, 1024]
[881/2400] train-count-00040-a [100, 4, 1024]
[882/2400] train-count-00040-b [100, 4, 1024]
[883/2400] train-count-00041-a [100, 4, 1024]
[884/2400] train-count-00041-b [100, 4, 1024]
[885/2400] train-count-00042-a [100, 4, 1024]
[886/2400] train-count-00042-b [100, 4, 1024]
[887/2400] train-count-00043-a [100, 4, 1024]
[888/2400] train-count-00043-b [100, 4, 1024]
[889/2400] train-count-00044-a [100, 4, 1024]
[890/2400] train-count-00044-b [100, 4, 1024]
[891/2400] train-count-00045-a [100, 4, 1024]
[892/2400] train-count-00045-b [100, 4, 1024]
[893/2400] train-count-00046-a [100, 4, 1024]
[894/2400] train-count-00046-b [100, 4, 1024]
[895/2400] train-count-00047-a [100, 4, 1024]
[896/2400] train-count-00047-b [100, 4, 1024]
[897/2400] train-count-00048-a [100, 4, 1024]
[898/2400] train-count-00048-b [100, 4, 1024]
[899/2400] train-count-00049-a [100, 4, 1024]
[900/2400] train-count-00049-b [100, 4, 1024]
[901/2400] train-count-00050-a [100, 4, 1024]
[902/2400] train-count-00050-b [100, 4, 1024]
[903/2400] train-count-00051-a [100, 4, 1024]
[904/2400] train-count-00051-b [100, 4, 1024]
[905/2400] train-count-00052-a [100, 4, 1024]
[906/2400] train-count-00052-b [100, 4, 1024]
[907/2400] train-count-00053-a [100, 4, 1024]
[908/2400] train-count-00053-b [100, 4, 1024]
[909/2400] train-count-00054-a [100, 4, 1024]
[910/2400] train-count-00054-b [100, 4, 1024]
[911/2400] train-count-00055-a [100, 4, 1024]
[912/2400] train-count-00055-b [100, 4, 1024]
[913/2400] train-count-00056-a [100, 4, 1024]
[914/2400] train-count-00056-b [100, 4, 1024]
[915/2400] train-count-00057-a [100, 4, 1024]
[916/2400] train-count-00057-b [100, 4, 1024]
[917/2400] train-count-00058-a [100, 4, 1024]
[918/2400] train-count-00058-b [100, 4, 1024]
[919/2400] train-count-00059-a [100, 4, 1024]
[920/2400] train-count-00059-b [100, 4, 1024]
[921/2400] train-count-00060-a [100, 4, 1024]
[922/2400] train-count-00060-b [100, 4, 1024]
[923/2400] train-count-00061-a [100, 4, 1024]
[924/2400] train-count-00061-b [100, 4, 1024]
[925/2400] train-count-00062-a [100, 4, 1024]
[926/2400] train-count-00062-b [100, 4, 1024]
[927/2400] train-count-00063-a [100, 4, 1024]
[928/2400] train-count-00063-b [100, 4, 1024]
[929/2400] train-count-00064-a [100, 4, 1024]
[930/2400] train-count-00064-b [100, 4, 1024]
[931/2400] train-count-00065-a [100, 4, 1024]
[932/2400] train-count-00065-b [100, 4, 1024]
[933/2400] train-count-00066-a [100, 4, 1024]
[934/2400] train-count-00066-b [100, 4, 1024]
[935/2400] train-count-00067-a [100, 4, 1024]
[936/2400] train-count-00067-b [100, 4, 1024]
[937/2400] train-count-00068-a [100, 4, 1024]
[938/2400] train-count-00068-b [100, 4, 1024]
[939/2400] train-count-00069-a [100, 4, 1024]
[940/2400] train-count-00069-b [100, 4, 1024]
[941/2400] train-count-00070-a [100, 4, 1024]
[942/2400] train-count-00070-b [100, 4, 1024]
[943/2400] train-count-00071-a [100, 4, 1024]
[944/2400] train-count-00071-b [100, 4, 1024]
[945/2400] train-count-00072-a [100, 4, 1024]
[946/2400] train-count-00072-b [100, 4, 1024]
[947/2400] train-count-00073-a [100, 4, 1024]
[948/2400] train-count-00073-b [100, 4, 1024]
[949/2400] train-count-00074-a [100, 4, 1024]
[950/2400] train-count-00074-b [100, 4, 1024]
[951/2400] train-count-00075-a [100, 4, 1024]
[952/2400] train-count-00075-b [100, 4, 1024]
[953/2400] train-count-00076-a [100, 4, 1024]
[954/2400] train-count-00076-b [100, 4, 1024]
[955/2400] train-count-00077-a [100, 4, 1024]
[956/2400] train-count-00077-b [100, 4, 1024]
[957/2400] train-count-00078-a [100, 4, 1024]
[958/2400] train-count-00078-b [100, 4, 1024]
[959/2400] train-count-00079-a [100, 4, 1024]
[960/2400] train-count-00079-b [100, 4, 1024]
[961/2400] train-count-00080-a [100, 4, 1024]
[962/2400] train-count-00080-b [100, 4, 1024]
[963/2400] train-count-00081-a [100, 4, 1024]
[964/2400] train-count-00081-b [100, 4, 1024]
[965/2400] train-count-00082-a [100, 4, 1024]
[966/2400] train-count-00082-b [100, 4, 1024]
[967/2400] train-count-00083-a [100, 4, 1024]
[968/2400] train-count-00083-b [100, 4, 1024]
[969/2400] train-count-00084-a [100, 4, 1024]
[970/2400] train-count-00084-b [100, 4, 1024]
[971/2400] train-count-00085-a [100, 4, 1024]
[972/2400] train-count-00085-b [100, 4, 1024]
[973/2400] train-count-00086-a [100, 4, 1024]
[974/2400] train-count-00086-b [100, 4, 1024]
[975/2400] train-count-00087-a [100, 4, 1024]
[976/2400] train-count-00087-b [100, 4, 1024]
[977/2400] train-count-00088-a [100, 4, 1024]
[978/2400] train-count-00088-b [100, 4, 1024]
[979/2400] train-count-00089-a [100, 4, 1024]
[980/2400] train-count-00089-b [100, 4, 1024]
[981/2400] train-count-00090-a [100, 4, 1024]
[982/2400] train-count-00090-b [100, 4, 1024]
[983/2400] train-count-00091-a [100, 4, 1024]
[984/2400] train-count-00091-b [100, 4, 1024]
[985/2400] train-count-00092-a [100, 4, 1024]
[986/2400] train-count-00092-b [100, 4, 1024]
[987/2400] train-count-00093-a [100, 4, 1024]
[988/2400] train-count-00093-b [100, 4, 1024]
[989/2400] train-count-00094-a [100, 4, 1024]
[990/2400] train-count-00094-b [100, 4, 1024]
[991/2400] train-count-00095-a [100, 4, 1024]
[992/2400] train-count-00095-b [100, 4, 1024]
[993/2400] train-count-00096-a [100, 4, 1024]
[994/2400] train-count-00096-b [100, 4, 1024]
[995/2400] train-count-00097-a [100, 4, 1024]
[996/2400] train-count-00097-b [100, 4, 1024]
[997/2400] train-count-00098-a [100, 4, 1024]
[998/2400] train-count-00098-b [100, 4, 1024]
[999/2400] train-count-00099-a [100, 4, 1024]
[1000/2400] train-count-00099-b [100, 4, 1024]
[1001/2400] train-count-00100-a [100, 4, 1024]
[1002/2400] train-count-00100-b [100, 4, 1024]
[1003/2400] train-count-00101-a [100, 4, 1024]
[1004/2400] train-count-00101-b [100, 4, 1024]
[1005/2400] train-count-00102-a [100, 4, 1024]
[1006/2400] train-count-00102-b [100, 4, 1024]
[1007/2400] train-count-00103-a [100, 4, 1024]
[1008/2400] train-count-00103-b [100, 4, 1024]
[1009/2400] train-count-00104-a [100, 4, 1024]
[1010/2400] train-count-00104-b [100, 4, 1024]
[1011/2400] train-count-00105-a [100, 4, 1024]
[1012/2400] train-count-00105-b [100, 4, 1024]
[1013/2400] train-count-00106-a [100, 4, 1024]
[1014/2400] train-count-00106-b [100, 4, 1024]
[1015/2400] train-count-00107-a [100, 4, 1024]
[1016/2400] train-count-00107-b [100, 4, 1024]
[1017/2400] train-count-00108-a [100, 4, 1024]
[1018/2400] train-count-00108-b [100, 4, 1024]
[1019/2400] train-count-00109-a [100, 4, 1024]
[1020/2400] train-count-00109-b [100, 4, 1024]
[1021/2400] train-count-00110-a [100, 4, 1024]
[1022/2400] train-count-00110-b [100, 4, 1024]
[1023/2400] train-count-00111-a [100, 4, 1024]
[1024/2400] train-count-00111-b [100, 4, 1024]
[1025/2400] train-count-00112-a [100, 4, 1024]
[1026/2400] train-count-00112-b [100, 4, 1024]
[1027/2400] train-count-00113-a [100, 4, 1024]
[1028/2400] train-count-00113-b [100, 4, 1024]
[1029/2400] train-count-00114-a [100, 4, 1024]
[1030/2400] train-count-00114-b [100, 4, 1024]
[1031/2400] train-count-00115-a [100, 4, 1024]
[1032/2400] train-count-00115-b [100, 4, 1024]
[1033/2400] train-count-00116-a [100, 4, 1024]
[1034/2400] train-count-00116-b [100, 4, 1024]
[1035/2400] train-count-00117-a [100, 4, 1024]
[1036/2400] train-count-00117-b [100, 4, 1024]
[1037/2400] train-count-00118-a [100, 4, 1024]
[1038/2400] train-count-00118-b [100, 4, 1024]
[1039/2400] train-count-00119-a [100, 4, 1024]
[1040/2400] train-count-00119-b [100, 4, 1024]
[1041/2400] train-count-00120-a [100, 4, 1024]
[1042/2400] train-count-00120-b [100, 4, 1024]
[1043/2400] train-count-00121-a [100, 4, 1024]
[1044/2400] train-count-00121-b [100, 4, 1024]
[1045/2400] train-count-00122-a [100, 4, 1024]
[1046/2400] train-count-00122-b [100, 4, 1024]
[1047/2400] train-count-00123-a [100, 4, 1024]
[1048/2400] train-count-00123-b [100, 4, 1024]
[1049/2400] train-count-00124-a [100, 4, 1024]
[1050/2400] train-count-00124-b [100, 4, 1024]
[1051/2400] train-count-00125-a [100, 4, 1024]
[1052/2400] train-count-00125-b [100, 4, 1024]
[1053/2400] train-count-00126-a [100, 4, 1024]
[1054/2400] train-count-00126-b [100, 4, 1024]
[1055/2400] train-count-00127-a [100, 4, 1024]
[1056/2400] train-count-00127-b [100, 4, 1024]
[1057/2400] train-count-00128-a [100, 4, 1024]
[1058/2400] train-count-00128-b [100, 4, 1024]
[1059/2400] train-count-00129-a [100, 4, 1024]
[1060/2400] train-count-00129-b [100, 4, 1024]
[1061/2400] train-count-00130-a [100, 4, 1024]
[1062/2400] train-count-00130-b [100, 4, 1024]
[1063/2400] train-count-00131-a [100, 4, 1024]
[1064/2400] train-count-00131-b [100, 4, 1024]
[1065/2400] train-count-00132-a [100, 4, 1024]
[1066/2400] train-count-00132-b [100, 4, 1024]
[1067/2400] train-count-00133-a [100, 4, 1024]
[1068/2400] train-count-00133-b [100, 4, 1024]
[1069/2400] train-count-00134-a [100, 4, 1024]
[1070/2400] train-count-00134-b [100, 4, 1024]
[1071/2400] train-count-00135-a [100, 4, 1024]
[1072/2400] train-count-00135-b [100, 4, 1024]
[1073/2400] train-count-00136-a [100, 4, 1024]
[1074/2400] train-count-00136-b [100, 4, 1024]
[1075/2400] train-count-00137-a [100, 4, 1024]
[1076/2400] train-count-00137-b [100, 4, 1024]
[1077/2400] train-count-00138-a [100, 4, 1024]
[1078/2400] train-count-00138-b [100, 4, 1024]
[1079/2400] train-count-00139-a [100, 4, 1024]
[1080/2400] train-count-00139-b [100, 4, 1024]
[1081/2400] train-count-00140-a [100, 4, 1024]
[1082/2400] train-count-00140-b [100, 4, 1024]
[1083/2400] train-count-00141-a [100, 4, 1024]
[1084/2400] train-count-00141-b [100, 4, 1024]
[1085/2400] train-count-00142-a [100, 4, 1024]
[1086/2400] train-count-00142-b [100, 4, 1024]
[1087/2400] train-count-00143-a [100, 4, 1024]
[1088/2400] train-count-00143-b [100, 4, 1024]
[1089/2400] train-count-00144-a [100, 4, 1024]
[1090/2400] train-count-00144-b [100, 4, 1024]
[1091/2400] train-count-00145-a [100, 4, 1024]
[1092/2400] train-count-00145-b [100, 4, 1024]
[1093/2400] train-count-00146-a [100, 4, 1024]
[1094/2400] train-count-00146-b [100, 4, 1024]
[1095/2400] train-count-00147-a [100, 4, 1024]
[1096/2400] train-count-00147-b [100, 4, 1024]
[1097/2400] train-count-00148-a [100, 4, 1024]
[1098/2400] train-count-00148-b [100, 4, 1024]
[1099/2400] train-count-00149-a [100, 4, 1024]
[1100/2400] train-count-00149-b [100, 4, 1024]
[1101/2400] train-count-00150-a [100, 4, 1024]
[1102/2400] train-count-00150-b [100, 4, 1024]
[1103/2400] train-count-00151-a [100, 4, 1024]
[1104/2400] train-count-00151-b [100, 4, 1024]
[1105/2400] train-count-00152-a [100, 4, 1024]
[1106/2400] train-count-00152-b [100, 4, 1024]
[1107/2400] train-count-00153-a [100, 4, 1024]
[1108/2400] train-count-00153-b [100, 4, 1024]
[1109/2400] train-count-00154-a [100, 4, 1024]
[1110/2400] train-count-00154-b [100, 4, 1024]
[1111/2400] train-count-00155-a [100, 4, 1024]
[1112/2400] train-count-00155-b [100, 4, 1024]
[1113/2400] train-count-00156-a [100, 4, 1024]
[1114/2400] train-count-00156-b [100, 4, 1024]
[1115/2400] train-count-00157-a [100, 4, 1024]
[1116/2400] train-count-00157-b [100, 4, 1024]
[1117/2400] train-count-00158-a [100, 4, 1024]
[1118/2400] train-count-00158-b [100, 4, 1024]
[1119/2400] train-count-00159-a [100, 4, 1024]
[1120/2400] train-count-00159-b [100, 4, 1024]
[1121/2400] train-count-00160-a [100, 4, 1024]
[1122/2400] train-count-00160-b [100, 4, 1024]
[1123/2400] train-count-00161-a [100, 4, 1024]
[1124/2400] train-count-00161-b [100, 4, 1024]
[1125/2400] train-count-00162-a [100, 4, 1024]
[1126/2400] train-count-00162-b [100, 4, 1024]
[1127/2400] train-count-00163-a [100, 4, 1024]
[1128/2400] train-count-00163-b [100, 4, 1024]
[1129/2400] train-count-00164-a [100, 4, 1024]
[1130/2400] train-count-00164-b [100, 4, 1024]
[1131/2400] train-count-00165-a [100, 4, 1024]
[1132/2400] train-count-00165-b [100, 4, 1024]
[1133/2400] train-count-00166-a [100, 4, 1024]
[1134/2400] train-count-00166-b [100, 4, 1024]
[1135/2400] train-count-00167-a [100, 4, 1024]
[1136/2400] train-count-00167-b [100, 4, 1024]
[1137/2400] train-count-00168-a [100, 4, 1024]
[1138/2400] train-count-00168-b [100, 4, 1024]
[1139/2400] train-count-00169-a [100, 4, 1024]
[1140/2400] train-count-00169-b [100, 4, 1024]
[1141/2400] train-count-00170-a [100, 4, 1024]
[1142/2400] train-count-00170-b [100, 4, 1024]
[1143/2400] train-count-00171-a [100, 4, 1024]
[1144/2400] train-count-00171-b [100, 4, 1024]
[1145/2400] train-count-00172-a [100, 4, 1024]
[1146/2400] train-count-00172-b [100, 4, 1024]
[1147/2400] train-count-00173-a [100, 4, 1024]
[1148/2400] train-count-00173-b [100, 4, 1024]
[1149/2400] train-count-00174-a [100, 4, 1024]
[1150/2400] train-count-00174-b [100, 4, 1024]
[1151/2400] train-count-00175-a [100, 4, 1024]
[1152/2400] train-count-00175-b [100, 4, 1024]
[1153/2400] train-count-00176-a [100, 4, 1024]
[1154/2400] train-count-00176-b [100, 4, 1024]
[1155/2400] train-count-00177-a [100, 4, 1024]
[1156/2400] train-count-00177-b [100, 4, 1024]
[1157/2400] train-count-00178-a [100, 4, 1024]
[1158/2400] train-count-00178-b [100, 4, 1024]
[1159/2400] train-count-00179-a [100, 4, 1024]
[1160/2400] train-count-00179-b [100, 4, 1024]
[1161/2400] train-count-00180-a [100, 4, 1024]
[1162/2400] train-count-00180-b [100, 4, 1024]
[1163/2400] train-count-00181-a [100, 4, 1024]
[1164/2400] train-count-00181-b [100, 4, 1024]
[1165/2400] train-count-00182-a [100, 4, 1024]
[1166/2400] train-count-00182-b [100, 4, 1024]
[1167/2400] train-count-00183-a [100, 4, 1024]
[1168/2400] train-count-00183-b [100, 4, 1024]
[1169/2400] train-count-00184-a [100, 4, 1024]
[1170/2400] train-count-00184-b [100, 4, 1024]
[1171/2400] train-count-00185-a [100, 4, 1024]
[1172/2400] train-count-00185-b [100, 4, 1024]
[1173/2400] train-count-00186-a [100, 4, 1024]
[1174/2400] train-count-00186-b [100, 4, 1024]
[1175/2400] train-count-00187-a [100, 4, 1024]
[1176/2400] train-count-00187-b [100, 4, 1024]
[1177/2400] train-count-00188-a [100, 4, 1024]
[1178/2400] train-count-00188-b [100, 4, 1024]
[1179/2400] train-count-00189-a [100, 4, 1024]
[1180/2400] train-count-00189-b [100, 4, 1024]
[1181/2400] train-count-00190-a [100, 4, 1024]
[1182/2400] train-count-00190-b [100, 4, 1024]
[1183/2400] train-count-00191-a [100, 4, 1024]
[1184/2400] train-count-00191-b [100, 4, 1024]
[1185/2400] train-count-00192-a [100, 4, 1024]
[1186/2400] train-count-00192-b [100, 4, 1024]
[1187/2400] train-count-00193-a [100, 4, 1024]
[1188/2400] train-count-00193-b [100, 4, 1024]
[1189/2400] train-count-00194-a [100, 4, 1024]
[1190/2400] train-count-00194-b [100, 4, 1024]
[1191/2400] train-count-00195-a [100, 4, 1024]
[1192/2400] train-count-00195-b [100, 4, 1024]
[1193/2400] train-count-00196-a [100, 4, 1024]
[1194/2400] train-count-00196-b [100, 4, 1024]
[1195/2400] train-count-00197-a [100, 4, 1024]
[1196/2400] train-count-00197-b [100, 4, 1024]
[1197/2400] train-count-00198-a [100, 4, 1024]
[1198/2400] train-count-00198-b [100, 4, 1024]
[1199/2400] train-count-00199-a [100, 4, 1024]
[1200/2400] train-count-00199-b [100, 4, 1024]
[1201/2400] train-ocr-00000-a [100, 4, 1024]
[1202/2400] train-ocr-00000-b [100, 4, 1024]
[1203/2400] train-ocr-00001-a [100, 4, 1024]
[1204/2400] train-ocr-00001-b [100, 4, 1024]
[1205/2400] train-ocr-00002-a [100, 4, 1024]
[1206/2400] train-ocr-00002-b [100, 4, 1024]
[1207/2400] train-ocr-00003-a [100, 4, 1024]
[1208/2400] train-ocr-00003-b [100, 4, 1024]
[1209/2400] train-ocr-00004-a [100, 4, 1024]
[1210/2400] train-ocr-00004-b [100, 4, 1024]
[1211/2400] train-ocr-00005-a [100, 4, 1024]
[1212/2400] train-ocr-00005-b [100, 4, 1024]
[1213/2400] train-ocr-00006-a [100, 4, 1024]
[1214/2400] train-ocr-00006-b [100, 4, 1024]
[1215/2400] train-ocr-00007-a [100, 4, 1024]
[1216/2400] train-ocr-00007-b [100, 4, 1024]
[1217/2400] train-ocr-00008-a [100, 4, 1024]
[1218/2400] train-ocr-00008-b [100, 4, 1024]
[1219/2400] train-ocr-00009-a [100, 4, 1024]
[1220/2400] train-ocr-00009-b [100, 4, 1024]
[1221/2400] train-ocr-00010-a [100, 4, 1024]
[1222/2400] train-ocr-00010-b [100, 4, 1024]
[1223/2400] train-ocr-00011-a [100, 4, 1024]
[1224/2400] train-ocr-00011-b [100, 4, 1024]
[1225/2400] train-ocr-00012-a [100, 4, 1024]
[1226/2400] train-ocr-00012-b [100, 4, 1024]
[1227/2400] train-ocr-00013-a [100, 4, 1024]
[1228/2400] train-ocr-00013-b [100, 4, 1024]
[1229/2400] train-ocr-00014-a [100, 4, 1024]
[1230/2400] train-ocr-00014-b [100, 4, 1024]
[1231/2400] train-ocr-00015-a [100, 4, 1024]
[1232/2400] train-ocr-00015-b [100, 4, 1024]
[1233/2400] train-ocr-00016-a [100, 4, 1024]
[1234/2400] train-ocr-00016-b [100, 4, 1024]
[1235/2400] train-ocr-00017-a [100, 4, 1024]
[1236/2400] train-ocr-00017-b [100, 4, 1024]
[1237/2400] train-ocr-00018-a [100, 4, 1024]
[1238/2400] train-ocr-00018-b [100, 4, 1024]
[1239/2400] train-ocr-00019-a [100, 4, 1024]
[1240/2400] train-ocr-00019-b [100, 4, 1024]
[1241/2400] train-ocr-00020-a [100, 4, 1024]
[1242/2400] train-ocr-00020-b [100, 4, 1024]
[1243/2400] train-ocr-00021-a [100, 4, 1024]
[1244/2400] train-ocr-00021-b [100, 4, 1024]
[1245/2400] train-ocr-00022-a [100, 4, 1024]
[1246/2400] train-ocr-00022-b [100, 4, 1024]
[1247/2400] train-ocr-00023-a [100, 4, 1024]
[1248/2400] train-ocr-00023-b [100, 4, 1024]
[1249/2400] train-ocr-00024-a [100, 4, 1024]
[1250/2400] train-ocr-00024-b [100, 4, 1024]
[1251/2400] train-ocr-00025-a [100, 4, 1024]
[1252/2400] train-ocr-00025-b [100, 4, 1024]
[1253/2400] train-ocr-00026-a [100, 4, 1024]
[1254/2400] train-ocr-00026-b [100, 4, 1024]
[1255/2400] train-ocr-00027-a [100, 4, 1024]
[1256/2400] train-ocr-00027-b [100, 4, 1024]
[1257/2400] train-ocr-00028-a [100, 4, 1024]
[1258/2400] train-ocr-00028-b [100, 4, 1024]
[1259/2400] train-ocr-00029-a [100, 4, 1024]
[1260/2400] train-ocr-00029-b [100, 4, 1024]
[1261/2400] train-ocr-00030-a [100, 4, 1024]
[1262/2400] train-ocr-00030-b [100, 4, 1024]
[1263/2400] train-ocr-00031-a [100, 4, 1024]
[1264/2400] train-ocr-00031-b [100, 4, 1024]
[1265/2400] train-ocr-00032-a [100, 4, 1024]
[1266/2400] train-ocr-00032-b [100, 4, 1024]
[1267/2400] train-ocr-00033-a [100, 4, 1024]
[1268/2400] train-ocr-00033-b [100, 4, 1024]
[1269/2400] train-ocr-00034-a [100, 4, 1024]
[1270/2400] train-ocr-00034-b [100, 4, 1024]
[1271/2400] train-ocr-00035-a [100, 4, 1024]
[1272/2400] train-ocr-00035-b [100, 4, 1024]
[1273/2400] train-ocr-00036-a [100, 4, 1024]
[1274/2400] train-ocr-00036-b [100, 4, 1024]
[1275/2400] train-ocr-00037-a [100, 4, 1024]
[1276/2400] train-ocr-00037-b [100, 4, 1024]
[1277/2400] train-ocr-00038-a [100, 4, 1024]
[1278/2400] train-ocr-00038-b [100, 4, 1024]
[1279/2400] train-ocr-00039-a [100, 4, 1024]
[1280/2400] train-ocr-00039-b [100, 4, 1024]
[1281/2400] train-ocr-00040-a [100, 4, 1024]
[1282/2400] train-ocr-00040-b [100, 4, 1024]
[1283/2400] train-ocr-00041-a [100, 4, 1024]
[1284/2400] train-ocr-00041-b [100, 4, 1024]
[1285/2400] train-ocr-00042-a [100, 4, 1024]
[1286/2400] train-ocr-00042-b [100, 4, 1024]
[1287/2400] train-ocr-00043-a [100, 4, 1024]
[1288/2400] train-ocr-00043-b [100, 4, 1024]
[1289/2400] train-ocr-00044-a [100, 4, 1024]
[1290/2400] train-ocr-00044-b [100, 4, 1024]
[1291/2400] train-ocr-00045-a [100, 4, 1024]
[1292/2400] train-ocr-00045-b [100, 4, 1024]
[1293/2400] train-ocr-00046-a [100, 4, 1024]
[1294/2400] train-ocr-00046-b [100, 4, 1024]
[1295/2400] train-ocr-00047-a [100, 4, 1024]
[1296/2400] train-ocr-00047-b [100, 4, 1024]
[1297/2400] train-ocr-00048-a [100, 4, 1024]
[1298/2400] train-ocr-00048-b [100, 4, 1024]
[1299/2400] train-ocr-00049-a [100, 4, 1024]
[1300/2400] train-ocr-00049-b [100, 4, 1024]
[1301/2400] train-ocr-00050-a [100, 4, 1024]
[1302/2400] train-ocr-00050-b [100, 4, 1024]
[1303/2400] train-ocr-00051-a [100, 4, 1024]
[1304/2400] train-ocr-00051-b [100, 4, 1024]
[1305/2400] train-ocr-00052-a [100, 4, 1024]
[1306/2400] train-ocr-00052-b [100, 4, 1024]
[1307/2400] train-ocr-00053-a [100, 4, 1024]
[1308/2400] train-ocr-00053-b [100, 4, 1024]
[1309/2400] train-ocr-00054-a [100, 4, 1024]
[1310/2400] train-ocr-00054-b [100, 4, 1024]
[1311/2400] train-ocr-00055-a [100, 4, 1024]
[1312/2400] train-ocr-00055-b [100, 4, 1024]
[1313/2400] train-ocr-00056-a [100, 4, 1024]
[1314/2400] train-ocr-00056-b [100, 4, 1024]
[1315/2400] train-ocr-00057-a [100, 4, 1024]
[1316/2400] train-ocr-00057-b [100, 4, 1024]
[1317/2400] train-ocr-00058-a [100, 4, 1024]
[1318/2400] train-ocr-00058-b [100, 4, 1024]
[1319/2400] train-ocr-00059-a [100, 4, 1024]
[1320/2400] train-ocr-00059-b [100, 4, 1024]
[1321/2400] train-ocr-00060-a [100, 4, 1024]
[1322/2400] train-ocr-00060-b [100, 4, 1024]
[1323/2400] train-ocr-00061-a [100, 4, 1024]
[1324/2400] train-ocr-00061-b [100, 4, 1024]
[1325/2400] train-ocr-00062-a [100, 4, 1024]
[1326/2400] train-ocr-00062-b [100, 4, 1024]
[1327/2400] train-ocr-00063-a [100, 4, 1024]
[1328/2400] train-ocr-00063-b [100, 4, 1024]
[1329/2400] train-ocr-00064-a [100, 4, 1024]
[1330/2400] train-ocr-00064-b [100, 4, 1024]
[1331/2400] train-ocr-00065-a [100, 4, 1024]
[1332/2400] train-ocr-00065-b [100, 4, 1024]
[1333/2400] train-ocr-00066-a [100, 4, 1024]
[1334/2400] train-ocr-00066-b [100, 4, 1024]
[1335/2400] train-ocr-00067-a [100, 4, 1024]
[1336/2400] train-ocr-00067-b [100, 4, 1024]
[1337/2400] train-ocr-00068-a [100, 4, 1024]
[1338/2400] train-ocr-00068-b [100, 4, 1024]
[1339/2400] train-ocr-00069-a [100, 4, 1024]
[1340/2400] train-ocr-00069-b [100, 4, 1024]
[1341/2400] train-ocr-00070-a [100, 4, 1024]
[1342/2400] train-ocr-00070-b [100, 4, 1024]
[1343/2400] train-ocr-00071-a [100, 4, 1024]
[1344/2400] train-ocr-00071-b [100, 4, 1024]
[1345/2400] train-ocr-00072-a [100, 4, 1024]
[1346/2400] train-ocr-00072-b [100, 4, 1024]
[1347/2400] train-ocr-00073-a [100, 4, 1024]
[1348/2400] train-ocr-00073-b [100, 4, 1024]
[1349/2400] train-ocr-00074-a [100, 4, 1024]
[1350/2400] train-ocr-00074-b [100, 4, 1024]
[1351/2400] train-ocr-00075-a [100, 4, 1024]
[1352/2400] train-ocr-00075-b [100, 4, 1024]
[1353/2400] train-ocr-00076-a [100, 4, 1024]
[1354/2400] train-ocr-00076-b [100, 4, 1024]
[1355/2400] train-ocr-00077-a [100, 4, 1024]
[1356/2400] train-ocr-00077-b [100, 4, 1024]
[1357/2400] train-ocr-00078-a [100, 4, 1024]
[1358/2400] train-ocr-00078-b [100, 4, 1024]
[1359/2400] train-ocr-00079-a [100, 4, 1024]
[1360/2400] train-ocr-00079-b [100, 4, 1024]
[1361/2400] train-ocr-00080-a [100, 4, 1024]
[1362/2400] train-ocr-00080-b [100, 4, 1024]
[1363/2400] train-ocr-00081-a [100, 4, 1024]
[1364/2400] train-ocr-00081-b [100, 4, 1024]
[1365/2400] train-ocr-00082-a [100, 4, 1024]
[1366/2400] train-ocr-00082-b [100, 4, 1024]
[1367/2400] train-ocr-00083-a [100, 4, 1024]
[1368/2400] train-ocr-00083-b [100, 4, 1024]
[1369/2400] train-ocr-00084-a [100, 4, 1024]
[1370/2400] train-ocr-00084-b [100, 4, 1024]
[1371/2400] train-ocr-00085-a [100, 4, 1024]
[1372/2400] train-ocr-00085-b [100, 4, 1024]
[1373/2400] train-ocr-00086-a [100, 4, 1024]
[1374/2400] train-ocr-00086-b [100, 4, 1024]
[1375/2400] train-ocr-00087-a [100, 4, 1024]
[1376/2400] train-ocr-00087-b [100, 4, 1024]
[1377/2400] train-ocr-00088-a [100, 4, 1024]
[1378/2400] train-ocr-00088-b [100, 4, 1024]
[1379/2400] train-ocr-00089-a [100, 4, 1024]
[1380/2400] train-ocr-00089-b [100, 4, 1024]
[1381/2400] train-ocr-00090-a [100, 4, 1024]
[1382/2400] train-ocr-00090-b [100, 4, 1024]
[1383/2400] train-ocr-00091-a [100, 4, 1024]
[1384/2400] train-ocr-00091-b [100, 4, 1024]
[1385/2400] train-ocr-00092-a [100, 4, 1024]
[1386/2400] train-ocr-00092-b [100, 4, 1024]
[1387/2400] train-ocr-00093-a [100, 4, 1024]
[1388/2400] train-ocr-00093-b [100, 4, 1024]
[1389/2400] train-ocr-00094-a [100, 4, 1024]
[1390/2400] train-ocr-00094-b [100, 4, 1024]
[1391/2400] train-ocr-00095-a [100, 4, 1024]
[1392/2400] train-ocr-00095-b [100, 4, 1024]
[1393/2400] train-ocr-00096-a [100, 4, 1024]
[1394/2400] train-ocr-00096-b [100, 4, 1024]
[1395/2400] train-ocr-00097-a [100, 4, 1024]
[1396/2400] train-ocr-00097-b [100, 4, 1024]
[1397/2400] train-ocr-00098-a [100, 4, 1024]
[1398/2400] train-ocr-00098-b [100, 4, 1024]
[1399/2400] train-ocr-00099-a [100, 4, 1024]
[1400/2400] train-ocr-00099-b [100, 4, 1024]
[1401/2400] train-ocr-00100-a [100, 4, 1024]
[1402/2400] train-ocr-00100-b [100, 4, 1024]
[1403/2400] train-ocr-00101-a [100, 4, 1024]
[1404/2400] train-ocr-00101-b [100, 4, 1024]
[1405/2400] train-ocr-00102-a [100, 4, 1024]
[1406/2400] train-ocr-00102-b [100, 4, 1024]
[1407/2400] train-ocr-00103-a [100, 4, 1024]
[1408/2400] train-ocr-00103-b [100, 4, 1024]
[1409/2400] train-ocr-00104-a [100, 4, 1024]
[1410/2400] train-ocr-00104-b [100, 4, 1024]
[1411/2400] train-ocr-00105-a [100, 4, 1024]
[1412/2400] train-ocr-00105-b [100, 4, 1024]
[1413/2400] train-ocr-00106-a [100, 4, 1024]
[1414/2400] train-ocr-00106-b [100, 4, 1024]
[1415/2400] train-ocr-00107-a [100, 4, 1024]
[1416/2400] train-ocr-00107-b [100, 4, 1024]
[1417/2400] train-ocr-00108-a [100, 4, 1024]
[1418/2400] train-ocr-00108-b [100, 4, 1024]
[1419/2400] train-ocr-00109-a [100, 4, 1024]
[1420/2400] train-ocr-00109-b [100, 4, 1024]
[1421/2400] train-ocr-00110-a [100, 4, 1024]
[1422/2400] train-ocr-00110-b [100, 4, 1024]
[1423/2400] train-ocr-00111-a [100, 4, 1024]
[1424/2400] train-ocr-00111-b [100, 4, 1024]
[1425/2400] train-ocr-00112-a [100, 4, 1024]
[1426/2400] train-ocr-00112-b [100, 4, 1024]
[1427/2400] train-ocr-00113-a [100, 4, 1024]
[1428/2400] train-ocr-00113-b [100, 4, 1024]
[1429/2400] train-ocr-00114-a [100, 4, 1024]
[1430/2400] train-ocr-00114-b [100, 4, 1024]
[1431/2400] train-ocr-00115-a [100, 4, 1024]
[1432/2400] train-ocr-00115-b [100, 4, 1024]
[1433/2400] train-ocr-00116-a [100, 4, 1024]
[1434/2400] train-ocr-00116-b [100, 4, 1024]
[1435/2400] train-ocr-00117-a [100, 4, 1024]
[1436/2400] train-ocr-00117-b [100, 4, 1024]
[1437/2400] train-ocr-00118-a [100, 4, 1024]
[1438/2400] train-ocr-00118-b [100, 4, 1024]
[1439/2400] train-ocr-00119-a [100, 4, 1024]
[1440/2400] train-ocr-00119-b [100, 4, 1024]
[1441/2400] train-ocr-00120-a [100, 4, 1024]
[1442/2400] train-ocr-00120-b [100, 4, 1024]
[1443/2400] train-ocr-00121-a [100, 4, 1024]
[1444/2400] train-ocr-00121-b [100, 4, 1024]
[1445/2400] train-ocr-00122-a [100, 4, 1024]
[1446/2400] train-ocr-00122-b [100, 4, 1024]
[1447/2400] train-ocr-00123-a [100, 4, 1024]
[1448/2400] train-ocr-00123-b [100, 4, 1024]
[1449/2400] train-ocr-00124-a [100, 4, 1024]
[1450/2400] train-ocr-00124-b [100, 4, 1024]
[1451/2400] train-ocr-00125-a [100, 4, 1024]
[1452/2400] train-ocr-00125-b [100, 4, 1024]
[1453/2400] train-ocr-00126-a [100, 4, 1024]
[1454/2400] train-ocr-00126-b [100, 4, 1024]
[1455/2400] train-ocr-00127-a [100, 4, 1024]
[1456/2400] train-ocr-00127-b [100, 4, 1024]
[1457/2400] train-ocr-00128-a [100, 4, 1024]
[1458/2400] train-ocr-00128-b [100, 4, 1024]
[1459/2400] train-ocr-00129-a [100, 4, 1024]
[1460/2400] train-ocr-00129-b [100, 4, 1024]
[1461/2400] train-ocr-00130-a [100, 4, 1024]
[1462/2400] train-ocr-00130-b [100, 4, 1024]
[1463/2400] train-ocr-00131-a [100, 4, 1024]
[1464/2400] train-ocr-00131-b [100, 4, 1024]
[1465/2400] train-ocr-00132-a [100, 4, 1024]
[1466/2400] train-ocr-00132-b [100, 4, 1024]
[1467/2400] train-ocr-00133-a [100, 4, 1024]
[1468/2400] train-ocr-00133-b [100, 4, 1024]
[1469/2400] train-ocr-00134-a [100, 4, 1024]
[1470/2400] train-ocr-00134-b [100, 4, 1024]
[1471/2400] train-ocr-00135-a [100, 4, 1024]
[1472/2400] train-ocr-00135-b [100, 4, 1024]
[1473/2400] train-ocr-00136-a [100, 4, 1024]
[1474/2400] train-ocr-00136-b [100, 4, 1024]
[1475/2400] train-ocr-00137-a [100, 4, 1024]
[1476/2400] train-ocr-00137-b [100, 4, 1024]
[1477/2400] train-ocr-00138-a [100, 4, 1024]
[1478/2400] train-ocr-00138-b [100, 4, 1024]
[1479/2400] train-ocr-00139-a [100, 4, 1024]
[1480/2400] train-ocr-00139-b [100, 4, 1024]
[1481/2400] train-ocr-00140-a [100, 4, 1024]
[1482/2400] train-ocr-00140-b [100, 4, 1024]
[1483/2400] train-ocr-00141-a [100, 4, 1024]
[1484/2400] train-ocr-00141-b [100, 4, 1024]
[1485/2400] train-ocr-00142-a [100, 4, 1024]
[1486/2400] train-ocr-00142-b [100, 4, 1024]
[1487/2400] train-ocr-00143-a [100, 4, 1024]
[1488/2400] train-ocr-00143-b [100, 4, 1024]
[1489/2400] train-ocr-00144-a [100, 4, 1024]
[1490/2400] train-ocr-00144-b [100, 4, 1024]
[1491/2400] train-ocr-00145-a [100, 4, 1024]
[1492/2400] train-ocr-00145-b [100, 4, 1024]
[1493/2400] train-ocr-00146-a [100, 4, 1024]
[1494/2400] train-ocr-00146-b [100, 4, 1024]
[1495/2400] train-ocr-00147-a [100, 4, 1024]
[1496/2400] train-ocr-00147-b [100, 4, 1024]
[1497/2400] train-ocr-00148-a [100, 4, 1024]
[1498/2400] train-ocr-00148-b [100, 4, 1024]
[1499/2400] train-ocr-00149-a [100, 4, 1024]
[1500/2400] train-ocr-00149-b [100, 4, 1024]
[1501/2400] train-ocr-00150-a [100, 4, 1024]
[1502/2400] train-ocr-00150-b [100, 4, 1024]
[1503/2400] train-ocr-00151-a [100, 4, 1024]
[1504/2400] train-ocr-00151-b [100, 4, 1024]
[1505/2400] train-ocr-00152-a [100, 4, 1024]
[1506/2400] train-ocr-00152-b [100, 4, 1024]
[1507/2400] train-ocr-00153-a [100, 4, 1024]
[1508/2400] train-ocr-00153-b [100, 4, 1024]
[1509/2400] train-ocr-00154-a [100, 4, 1024]
[1510/2400] train-ocr-00154-b [100, 4, 1024]
[1511/2400] train-ocr-00155-a [100, 4, 1024]
[1512/2400] train-ocr-00155-b [100, 4, 1024]
[1513/2400] train-ocr-00156-a [100, 4, 1024]
[1514/2400] train-ocr-00156-b [100, 4, 1024]
[1515/2400] train-ocr-00157-a [100, 4, 1024]
[1516/2400] train-ocr-00157-b [100, 4, 1024]
[1517/2400] train-ocr-00158-a [100, 4, 1024]
[1518/2400] train-ocr-00158-b [100, 4, 1024]
[1519/2400] train-ocr-00159-a [100, 4, 1024]
[1520/2400] train-ocr-00159-b [100, 4, 1024]
[1521/2400] train-ocr-00160-a [100, 4, 1024]
[1522/2400] train-ocr-00160-b [100, 4, 1024]
[1523/2400] train-ocr-00161-a [100, 4, 1024]
[1524/2400] train-ocr-00161-b [100, 4, 1024]
[1525/2400] train-ocr-00162-a [100, 4, 1024]
[1526/2400] train-ocr-00162-b [100, 4, 1024]
[1527/2400] train-ocr-00163-a [100, 4, 1024]
[1528/2400] train-ocr-00163-b [100, 4, 1024]
[1529/2400] train-ocr-00164-a [100, 4, 1024]
[1530/2400] train-ocr-00164-b [100, 4, 1024]
[1531/2400] train-ocr-00165-a [100, 4, 1024]
[1532/2400] train-ocr-00165-b [100, 4, 1024]
[1533/2400] train-ocr-00166-a [100, 4, 1024]
[1534/2400] train-ocr-00166-b [100, 4, 1024]
[1535/2400] train-ocr-00167-a [100, 4, 1024]
[1536/2400] train-ocr-00167-b [100, 4, 1024]
[1537/2400] train-ocr-00168-a [100, 4, 1024]
[1538/2400] train-ocr-00168-b [100, 4, 1024]
[1539/2400] train-ocr-00169-a [100, 4, 1024]
[1540/2400] train-ocr-00169-b [100, 4, 1024]
[1541/2400] train-ocr-00170-a [100, 4, 1024]
[1542/2400] train-ocr-00170-b [100, 4, 1024]
[1543/2400] train-ocr-00171-a [100, 4, 1024]
[1544/2400] train-ocr-00171-b [100, 4, 1024]
[1545/2400] train-ocr-00172-a [100, 4, 1024]
[1546/2400] train-ocr-00172-b [100, 4, 1024]
[1547/2400] train-ocr-00173-a [100, 4, 1024]
[1548/2400] train-ocr-00173-b [100, 4, 1024]
[1549/2400] train-ocr-00174-a [100, 4, 1024]
[1550/2400] train-ocr-00174-b [100, 4, 1024]
[1551/2400] train-ocr-00175-a [100, 4, 1024]
[1552/2400] train-ocr-00175-b [100, 4, 1024]
[1553/2400] train-ocr-00176-a [100, 4, 1024]
[1554/2400] train-ocr-00176-b [100, 4, 1024]
[1555/2400] train-ocr-00177-a [100, 4, 1024]
[1556/2400] train-ocr-00177-b [100, 4, 1024]
[1557/2400] train-ocr-00178-a [100, 4, 1024]
[1558/2400] train-ocr-00178-b [100, 4, 1024]
[1559/2400] train-ocr-00179-a [100, 4, 1024]
[1560/2400] train-ocr-00179-b [100, 4, 1024]
[1561/2400] train-ocr-00180-a [100, 4, 1024]
[1562/2400] train-ocr-00180-b [100, 4, 1024]
[1563/2400] train-ocr-00181-a [100, 4, 1024]
[1564/2400] train-ocr-00181-b [100, 4, 1024]
[1565/2400] train-ocr-00182-a [100, 4, 1024]
[1566/2400] train-ocr-00182-b [100, 4, 1024]
[1567/2400] train-ocr-00183-a [100, 4, 1024]
[1568/2400] train-ocr-00183-b [100, 4, 1024]
[1569/2400] train-ocr-00184-a [100, 4, 1024]
[1570/2400] train-ocr-00184-b [100, 4, 1024]
[1571/2400] train-ocr-00185-a [100, 4, 1024]
[1572/2400] train-ocr-00185-b [100, 4, 1024]
[1573/2400] train-ocr-00186-a [100, 4, 1024]
[1574/2400] train-ocr-00186-b [100, 4, 1024]
[1575/2400] train-ocr-00187-a [100, 4, 1024]
[1576/2400] train-ocr-00187-b [100, 4, 1024]
[1577/2400] train-ocr-00188-a [100, 4, 1024]
[1578/2400] train-ocr-00188-b [100, 4, 1024]
[1579/2400] train-ocr-00189-a [100, 4, 1024]
[1580/2400] train-ocr-00189-b [100, 4, 1024]
[1581/2400] train-ocr-00190-a [100, 4, 1024]
[1582/2400] train-ocr-00190-b [100, 4, 1024]
[1583/2400] train-ocr-00191-a [100, 4, 1024]
[1584/2400] train-ocr-00191-b [100, 4, 1024]
[1585/2400] train-ocr-00192-a [100, 4, 1024]
[1586/2400] train-ocr-00192-b [100, 4, 1024]
[1587/2400] train-ocr-00193-a [100, 4, 1024]
[1588/2400] train-ocr-00193-b [100, 4, 1024]
[1589/2400] train-ocr-00194-a [100, 4, 1024]
[1590/2400] train-ocr-00194-b [100, 4, 1024]
[1591/2400] train-ocr-00195-a [100, 4, 1024]
[1592/2400] train-ocr-00195-b [100, 4, 1024]
[1593/2400] train-ocr-00196-a [100, 4, 1024]
[1594/2400] train-ocr-00196-b [100, 4, 1024]
[1595/2400] train-ocr-00197-a [100, 4, 1024]
[1596/2400] train-ocr-00197-b [100, 4, 1024]
[1597/2400] train-ocr-00198-a [100, 4, 1024]
[1598/2400] train-ocr-00198-b [100, 4, 1024]
[1599/2400] train-ocr-00199-a [100, 4, 1024]
[1600/2400] train-ocr-00199-b [100, 4, 1024]
[1601/2400] train-shape-00000-a [100, 4, 1024]
[1602/2400] train-shape-00000-b [100, 4, 1024]
[1603/2400] train-shape-00001-a [100, 4, 1024]
[1604/2400] train-shape-00001-b [100, 4, 1024]
[1605/2400] train-shape-00002-a [100, 4, 1024]
[1606/2400] train-shape-00002-b [100, 4, 1024]
[1607/2400] train-shape-00003-a [100, 4, 1024]
[1608/2400] train-shape-00003-b [100, 4, 1024]
[1609/2400] train-shape-00004-a [100, 4, 1024]
[1610/2400] train-shape-00004-b [100, 4, 1024]
[1611/2400] train-shape-00005-a [100, 4, 1024]
[1612/2400] train-shape-00005-b [100, 4, 1024]
[1613/2400] train-shape-00006-a [100, 4, 1024]
[1614/2400] train-shape-00006-b [100, 4, 1024]
[1615/2400] train-shape-00007-a [100, 4, 1024]
[1616/2400] train-shape-00007-b [100, 4, 1024]
[1617/2400] train-shape-00008-a [100, 4, 1024]
[1618/2400] train-shape-00008-b [100, 4, 1024]
[1619/2400] train-shape-00009-a [100, 4, 1024]
[1620/2400] train-shape-00009-b [100, 4, 1024]
[1621/2400] train-shape-00010-a [100, 4, 1024]
[1622/2400] train-shape-00010-b [100, 4, 1024]
[1623/2400] train-shape-00011-a [100, 4, 1024]
[1624/2400] train-shape-00011-b [100, 4, 1024]
[1625/2400] train-shape-00012-a [100, 4, 1024]
[1626/2400] train-shape-00012-b [100, 4, 1024]
[1627/2400] train-shape-00013-a [100, 4, 1024]
[1628/2400] train-shape-00013-b [100, 4, 1024]
[1629/2400] train-shape-00014-a [100, 4, 1024]
[1630/2400] train-shape-00014-b [100, 4, 1024]
[1631/2400] train-shape-00015-a [100, 4, 1024]
[1632/2400] train-shape-00015-b [100, 4, 1024]
[1633/2400] train-shape-00016-a [100, 4, 1024]
[1634/2400] train-shape-00016-b [100, 4, 1024]
[1635/2400] train-shape-00017-a [100, 4, 1024]
[1636/2400] train-shape-00017-b [100, 4, 1024]
[1637/2400] train-shape-00018-a [100, 4, 1024]
[1638/2400] train-shape-00018-b [100, 4, 1024]
[1639/2400] train-shape-00019-a [100, 4, 1024]
[1640/2400] train-shape-00019-b [100, 4, 1024]
[1641/2400] train-shape-00020-a [100, 4, 1024]
[1642/2400] train-shape-00020-b [100, 4, 1024]
[1643/2400] train-shape-00021-a [100, 4, 1024]
[1644/2400] train-shape-00021-b [100, 4, 1024]
[1645/2400] train-shape-00022-a [100, 4, 1024]
[1646/2400] train-shape-00022-b [100, 4, 1024]
[1647/2400] train-shape-00023-a [100, 4, 1024]
[1648/2400] train-shape-00023-b [100, 4, 1024]
[1649/2400] train-shape-00024-a [100, 4, 1024]
[1650/2400] train-shape-00024-b [100, 4, 1024]
[1651/2400] train-shape-00025-a [100, 4, 1024]
[1652/2400] train-shape-00025-b [100, 4, 1024]
[1653/2400] train-shape-00026-a [100, 4, 1024]
[1654/2400] train-shape-00026-b [100, 4, 1024]
[1655/2400] train-shape-00027-a [100, 4, 1024]
[1656/2400] train-shape-00027-b [100, 4, 1024]
[1657/2400] train-shape-00028-a [100, 4, 1024]
[1658/2400] train-shape-00028-b [100, 4, 1024]
[1659/2400] train-shape-00029-a [100, 4, 1024]
[1660/2400] train-shape-00029-b [100, 4, 1024]
[1661/2400] train-shape-00030-a [100, 4, 1024]
[1662/2400] train-shape-00030-b [100, 4, 1024]
[1663/2400] train-shape-00031-a [100, 4, 1024]
[1664/2400] train-shape-00031-b [100, 4, 1024]
[1665/2400] train-shape-00032-a [100, 4, 1024]
[1666/2400] train-shape-00032-b [100, 4, 1024]
[1667/2400] train-shape-00033-a [100, 4, 1024]
[1668/2400] train-shape-00033-b [100, 4, 1024]
[1669/2400] train-shape-00034-a [100, 4, 1024]
[1670/2400] train-shape-00034-b [100, 4, 1024]
[1671/2400] train-shape-00035-a [100, 4, 1024]
[1672/2400] train-shape-00035-b [100, 4, 1024]
[1673/2400] train-shape-00036-a [100, 4, 1024]
[1674/2400] train-shape-00036-b [100, 4, 1024]
[1675/2400] train-shape-00037-a [100, 4, 1024]
[1676/2400] train-shape-00037-b [100, 4, 1024]
[1677/2400] train-shape-00038-a [100, 4, 1024]
[1678/2400] train-shape-00038-b [100, 4, 1024]
[1679/2400] train-shape-00039-a [100, 4, 1024]
[1680/2400] train-shape-00039-b [100, 4, 1024]
[1681/2400] train-shape-00040-a [100, 4, 1024]
[1682/2400] train-shape-00040-b [100, 4, 1024]
[1683/2400] train-shape-00041-a [100, 4, 1024]
[1684/2400] train-shape-00041-b [100, 4, 1024]
[1685/2400] train-shape-00042-a [100, 4, 1024]
[1686/2400] train-shape-00042-b [100, 4, 1024]
[1687/2400] train-shape-00043-a [100, 4, 1024]
[1688/2400] train-shape-00043-b [100, 4, 1024]
[1689/2400] train-shape-00044-a [100, 4, 1024]
[1690/2400] train-shape-00044-b [100, 4, 1024]
[1691/2400] train-shape-00045-a [100, 4, 1024]
[1692/2400] train-shape-00045-b [100, 4, 1024]
[1693/2400] train-shape-00046-a [100, 4, 1024]
[1694/2400] train-shape-00046-b [100, 4, 1024]
[1695/2400] train-shape-00047-a [100, 4, 1024]
[1696/2400] train-shape-00047-b [100, 4, 1024]
[1697/2400] train-shape-00048-a [100, 4, 1024]
[1698/2400] train-shape-00048-b [100, 4, 1024]
[1699/2400] train-shape-00049-a [100, 4, 1024]
[1700/2400] train-shape-00049-b [100, 4, 1024]
[1701/2400] train-shape-00050-a [100, 4, 1024]
[1702/2400] train-shape-00050-b [100, 4, 1024]
[1703/2400] train-shape-00051-a [100, 4, 1024]
[1704/2400] train-shape-00051-b [100, 4, 1024]
[1705/2400] train-shape-00052-a [100, 4, 1024]
[1706/2400] train-shape-00052-b [100, 4, 1024]
[1707/2400] train-shape-00053-a [100, 4, 1024]
[1708/2400] train-shape-00053-b [100, 4, 1024]
[1709/2400] train-shape-00054-a [100, 4, 1024]
[1710/2400] train-shape-00054-b [100, 4, 1024]
[1711/2400] train-shape-00055-a [100, 4, 1024]
[1712/2400] train-shape-00055-b [100, 4, 1024]
[1713/2400] train-shape-00056-a [100, 4, 1024]
[1714/2400] train-shape-00056-b [100, 4, 1024]
[1715/2400] train-shape-00057-a [100, 4, 1024]
[1716/2400] train-shape-00057-b [100, 4, 1024]
[1717/2400] train-shape-00058-a [100, 4, 1024]
[1718/2400] train-shape-00058-b [100, 4, 1024]
[1719/2400] train-shape-00059-a [100, 4, 1024]
[1720/2400] train-shape-00059-b [100, 4, 1024]
[1721/2400] train-shape-00060-a [100, 4, 1024]
[1722/2400] train-shape-00060-b [100, 4, 1024]
[1723/2400] train-shape-00061-a [100, 4, 1024]
[1724/2400] train-shape-00061-b [100, 4, 1024]
[1725/2400] train-shape-00062-a [100, 4, 1024]
[1726/2400] train-shape-00062-b [100, 4, 1024]
[1727/2400] train-shape-00063-a [100, 4, 1024]
[1728/2400] train-shape-00063-b [100, 4, 1024]
[1729/2400] train-shape-00064-a [100, 4, 1024]
[1730/2400] train-shape-00064-b [100, 4, 1024]
[1731/2400] train-shape-00065-a [100, 4, 1024]
[1732/2400] train-shape-00065-b [100, 4, 1024]
[1733/2400] train-shape-00066-a [100, 4, 1024]
[1734/2400] train-shape-00066-b [100, 4, 1024]
[1735/2400] train-shape-00067-a [100, 4, 1024]
[1736/2400] train-shape-00067-b [100, 4, 1024]
[1737/2400] train-shape-00068-a [100, 4, 1024]
[1738/2400] train-shape-00068-b [100, 4, 1024]
[1739/2400] train-shape-00069-a [100, 4, 1024]
[1740/2400] train-shape-00069-b [100, 4, 1024]
[1741/2400] train-shape-00070-a [100, 4, 1024]
[1742/2400] train-shape-00070-b [100, 4, 1024]
[1743/2400] train-shape-00071-a [100, 4, 1024]
[1744/2400] train-shape-00071-b [100, 4, 1024]
[1745/2400] train-shape-00072-a [100, 4, 1024]
[1746/2400] train-shape-00072-b [100, 4, 1024]
[1747/2400] train-shape-00073-a [100, 4, 1024]
[1748/2400] train-shape-00073-b [100, 4, 1024]
[1749/2400] train-shape-00074-a [100, 4, 1024]
[1750/2400] train-shape-00074-b [100, 4, 1024]
[1751/2400] train-shape-00075-a [100, 4, 1024]
[1752/2400] train-shape-00075-b [100, 4, 1024]
[1753/2400] train-shape-00076-a [100, 4, 1024]
[1754/2400] train-shape-00076-b [100, 4, 1024]
[1755/2400] train-shape-00077-a [100, 4, 1024]
[1756/2400] train-shape-00077-b [100, 4, 1024]
[1757/2400] train-shape-00078-a [100, 4, 1024]
[1758/2400] train-shape-00078-b [100, 4, 1024]
[1759/2400] train-shape-00079-a [100, 4, 1024]
[1760/2400] train-shape-00079-b [100, 4, 1024]
[1761/2400] train-shape-00080-a [100, 4, 1024]
[1762/2400] train-shape-00080-b [100, 4, 1024]
[1763/2400] train-shape-00081-a [100, 4, 1024]
[1764/2400] train-shape-00081-b [100, 4, 1024]
[1765/2400] train-shape-00082-a [100, 4, 1024]
[1766/2400] train-shape-00082-b [100, 4, 1024]
[1767/2400] train-shape-00083-a [100, 4, 1024]
[1768/2400] train-shape-00083-b [100, 4, 1024]
[1769/2400] train-shape-00084-a [100, 4, 1024]
[1770/2400] train-shape-00084-b [100, 4, 1024]
[1771/2400] train-shape-00085-a [100, 4, 1024]
[1772/2400] train-shape-00085-b [100, 4, 1024]
[1773/2400] train-shape-00086-a [100, 4, 1024]
[1774/2400] train-shape-00086-b [100, 4, 1024]
[1775/2400] train-shape-00087-a [100, 4, 1024]
[1776/2400] train-shape-00087-b [100, 4, 1024]
[1777/2400] train-shape-00088-a [100, 4, 1024]
[1778/2400] train-shape-00088-b [100, 4, 1024]
[1779/2400] train-shape-00089-a [100, 4, 1024]
[1780/2400] train-shape-00089-b [100, 4, 1024]
[1781/2400] train-shape-00090-a [100, 4, 1024]
[1782/2400] train-shape-00090-b [100, 4, 1024]
[1783/2400] train-shape-00091-a [100, 4, 1024]
[1784/2400] train-shape-00091-b [100, 4, 1024]
[1785/2400] train-shape-00092-a [100, 4, 1024]
[1786/2400] train-shape-00092-b [100, 4, 1024]
[1787/2400] train-shape-00093-a [100, 4, 1024]
[1788/2400] train-shape-00093-b [100, 4, 1024]
[1789/2400] train-shape-00094-a [100, 4, 1024]
[1790/2400] train-shape-00094-b [100, 4, 1024]
[1791/2400] train-shape-00095-a [100, 4, 1024]
[1792/2400] train-shape-00095-b [100, 4, 1024]
[1793/2400] train-shape-00096-a [100, 4, 1024]
[1794/2400] train-shape-00096-b [100, 4, 1024]
[1795/2400] train-shape-00097-a [100, 4, 1024]
[1796/2400] train-shape-00097-b [100, 4, 1024]
[1797/2400] train-shape-00098-a [100, 4, 1024]
[1798/2400] train-shape-00098-b [100, 4, 1024]
[1799/2400] train-shape-00099-a [100, 4, 1024]
[1800/2400] train-shape-00099-b [100, 4, 1024]
[1801/2400] train-shape-00100-a [100, 4, 1024]
[1802/2400] train-shape-00100-b [100, 4, 1024]
[1803/2400] train-shape-00101-a [100, 4, 1024]
[1804/2400] train-shape-00101-b [100, 4, 1024]
[1805/2400] train-shape-00102-a [100, 4, 1024]
[1806/2400] train-shape-00102-b [100, 4, 1024]
[1807/2400] train-shape-00103-a [100, 4, 1024]
[1808/2400] train-shape-00103-b [100, 4, 1024]
[1809/2400] train-shape-00104-a [100, 4, 1024]
[1810/2400] train-shape-00104-b [100, 4, 1024]
[1811/2400] train-shape-00105-a [100, 4, 1024]
[1812/2400] train-shape-00105-b [100, 4, 1024]
[1813/2400] train-shape-00106-a [100, 4, 1024]
[1814/2400] train-shape-00106-b [100, 4, 1024]
[1815/2400] train-shape-00107-a [100, 4, 1024]
[1816/2400] train-shape-00107-b [100, 4, 1024]
[1817/2400] train-shape-00108-a [100, 4, 1024]
[1818/2400] train-shape-00108-b [100, 4, 1024]
[1819/2400] train-shape-00109-a [100, 4, 1024]
[1820/2400] train-shape-00109-b [100, 4, 1024]
[1821/2400] train-shape-00110-a [100, 4, 1024]
[1822/2400] train-shape-00110-b [100, 4, 1024]
[1823/2400] train-shape-00111-a [100, 4, 1024]
[1824/2400] train-shape-00111-b [100, 4, 1024]
[1825/2400] train-shape-00112-a [100, 4, 1024]
[1826/2400] train-shape-00112-b [100, 4, 1024]
[1827/2400] train-shape-00113-a [100, 4, 1024]
[1828/2400] train-shape-00113-b [100, 4, 1024]
[1829/2400] train-shape-00114-a [100, 4, 1024]
[1830/2400] train-shape-00114-b [100, 4, 1024]
[1831/2400] train-shape-00115-a [100, 4, 1024]
[1832/2400] train-shape-00115-b [100, 4, 1024]
[1833/2400] train-shape-00116-a [100, 4, 1024]
[1834/2400] train-shape-00116-b [100, 4, 1024]
[1835/2400] train-shape-00117-a [100, 4, 1024]
[1836/2400] train-shape-00117-b [100, 4, 1024]
[1837/2400] train-shape-00118-a [100, 4, 1024]
[1838/2400] train-shape-00118-b [100, 4, 1024]
[1839/2400] train-shape-00119-a [100, 4, 1024]
[1840/2400] train-shape-00119-b [100, 4, 1024]
[1841/2400] train-shape-00120-a [100, 4, 1024]
[1842/2400] train-shape-00120-b [100, 4, 1024]
[1843/2400] train-shape-00121-a [100, 4, 1024]
[1844/2400] train-shape-00121-b [100, 4, 1024]
[1845/2400] train-shape-00122-a [100, 4, 1024]
[1846/2400] train-shape-00122-b [100, 4, 1024]
[1847/2400] train-shape-00123-a [100, 4, 1024]
[1848/2400] train-shape-00123-b [100, 4, 1024]
[1849/2400] train-shape-00124-a [100, 4, 1024]
[1850/2400] train-shape-00124-b [100, 4, 1024]
[1851/2400] train-shape-00125-a [100, 4, 1024]
[1852/2400] train-shape-00125-b [100, 4, 1024]
[1853/2400] train-shape-00126-a [100, 4, 1024]
[1854/2400] train-shape-00126-b [100, 4, 1024]
[1855/2400] train-shape-00127-a [100, 4, 1024]
[1856/2400] train-shape-00127-b [100, 4, 1024]
[1857/2400] train-shape-00128-a [100, 4, 1024]
[1858/2400] train-shape-00128-b [100, 4, 1024]
[1859/2400] train-shape-00129-a [100, 4, 1024]
[1860/2400] train-shape-00129-b [100, 4, 1024]
[1861/2400] train-shape-00130-a [100, 4, 1024]
[1862/2400] train-shape-00130-b [100, 4, 1024]
[1863/2400] train-shape-00131-a [100, 4, 1024]
[1864/2400] train-shape-00131-b [100, 4, 1024]
[1865/2400] train-shape-00132-a [100, 4, 1024]
[1866/2400] train-shape-00132-b [100, 4, 1024]
[1867/2400] train-shape-00133-a [100, 4, 1024]
[1868/2400] train-shape-00133-b [100, 4, 1024]
[1869/2400] train-shape-00134-a [100, 4, 1024]
[1870/2400] train-shape-00134-b [100, 4, 1024]
[1871/2400] train-shape-00135-a [100, 4, 1024]
[1872/2400] train-shape-00135-b [100, 4, 1024]
[1873/2400] train-shape-00136-a [100, 4, 1024]
[1874/2400] train-shape-00136-b [100, 4, 1024]
[1875/2400] train-shape-00137-a [100, 4, 1024]
[1876/2400] train-shape-00137-b [100, 4, 1024]
[1877/2400] train-shape-00138-a [100, 4, 1024]
[1878/2400] train-shape-00138-b [100, 4, 1024]
[1879/2400] train-shape-00139-a [100, 4, 1024]
[1880/2400] train-shape-00139-b [100, 4, 1024]
[1881/2400] train-shape-00140-a [100, 4, 1024]
[1882/2400] train-shape-00140-b [100, 4, 1024]
[1883/2400] train-shape-00141-a [100, 4, 1024]
[1884/2400] train-shape-00141-b [100, 4, 1024]
[1885/2400] train-shape-00142-a [100, 4, 1024]
[1886/2400] train-shape-00142-b [100, 4, 1024]
[1887/2400] train-shape-00143-a [100, 4, 1024]
[1888/2400] train-shape-00143-b [100, 4, 1024]
[1889/2400] train-shape-00144-a [100, 4, 1024]
[1890/2400] train-shape-00144-b [100, 4, 1024]
[1891/2400] train-shape-00145-a [100, 4, 1024]
[1892/2400] train-shape-00145-b [100, 4, 1024]
[1893/2400] train-shape-00146-a [100, 4, 1024]
[1894/2400] train-shape-00146-b [100, 4, 1024]
[1895/2400] train-shape-00147-a [100, 4, 1024]
[1896/2400] train-shape-00147-b [100, 4, 1024]
[1897/2400] train-shape-00148-a [100, 4, 1024]
[1898/2400] train-shape-00148-b [100, 4, 1024]
[1899/2400] train-shape-00149-a [100, 4, 1024]
[1900/2400] train-shape-00149-b [100, 4, 1024]
[1901/2400] train-shape-00150-a [100, 4, 1024]
[1902/2400] train-shape-00150-b [100, 4, 1024]
[1903/2400] train-shape-00151-a [100, 4, 1024]
[1904/2400] train-shape-00151-b [100, 4, 1024]
[1905/2400] train-shape-00152-a [100, 4, 1024]
[1906/2400] train-shape-00152-b [100, 4, 1024]
[1907/2400] train-shape-00153-a [100, 4, 1024]
[1908/2400] train-shape-00153-b [100, 4, 1024]
[1909/2400] train-shape-00154-a [100, 4, 1024]
[1910/2400] train-shape-00154-b [100, 4, 1024]
[1911/2400] train-shape-00155-a [100, 4, 1024]
[1912/2400] train-shape-00155-b [100, 4, 1024]
[1913/2400] train-shape-00156-a [100, 4, 1024]
[1914/2400] train-shape-00156-b [100, 4, 1024]
[1915/2400] train-shape-00157-a [100, 4, 1024]
[1916/2400] train-shape-00157-b [100, 4, 1024]
[1917/2400] train-shape-00158-a [100, 4, 1024]
[1918/2400] train-shape-00158-b [100, 4, 1024]
[1919/2400] train-shape-00159-a [100, 4, 1024]
[1920/2400] train-shape-00159-b [100, 4, 1024]
[1921/2400] train-shape-00160-a [100, 4, 1024]
[1922/2400] train-shape-00160-b [100, 4, 1024]
[1923/2400] train-shape-00161-a [100, 4, 1024]
[1924/2400] train-shape-00161-b [100, 4, 1024]
[1925/2400] train-shape-00162-a [100, 4, 1024]
[1926/2400] train-shape-00162-b [100, 4, 1024]
[1927/2400] train-shape-00163-a [100, 4, 1024]
[1928/2400] train-shape-00163-b [100, 4, 1024]
[1929/2400] train-shape-00164-a [100, 4, 1024]
[1930/2400] train-shape-00164-b [100, 4, 1024]
[1931/2400] train-shape-00165-a [100, 4, 1024]
[1932/2400] train-shape-00165-b [100, 4, 1024]
[1933/2400] train-shape-00166-a [100, 4, 1024]
[1934/2400] train-shape-00166-b [100, 4, 1024]
[1935/2400] train-shape-00167-a [100, 4, 1024]
[1936/2400] train-shape-00167-b [100, 4, 1024]
[1937/2400] train-shape-00168-a [100, 4, 1024]
[1938/2400] train-shape-00168-b [100, 4, 1024]
[1939/2400] train-shape-00169-a [100, 4, 1024]
[1940/2400] train-shape-00169-b [100, 4, 1024]
[1941/2400] train-shape-00170-a [100, 4, 1024]
[1942/2400] train-shape-00170-b [100, 4, 1024]
[1943/2400] train-shape-00171-a [100, 4, 1024]
[1944/2400] train-shape-00171-b [100, 4, 1024]
[1945/2400] train-shape-00172-a [100, 4, 1024]
[1946/2400] train-shape-00172-b [100, 4, 1024]
[1947/2400] train-shape-00173-a [100, 4, 1024]
[1948/2400] train-shape-00173-b [100, 4, 1024]
[1949/2400] train-shape-00174-a [100, 4, 1024]
[1950/2400] train-shape-00174-b [100, 4, 1024]
[1951/2400] train-shape-00175-a [100, 4, 1024]
[1952/2400] train-shape-00175-b [100, 4, 1024]
[1953/2400] train-shape-00176-a [100, 4, 1024]
[1954/2400] train-shape-00176-b [100, 4, 1024]
[1955/2400] train-shape-00177-a [100, 4, 1024]
[1956/2400] train-shape-00177-b [100, 4, 1024]
[1957/2400] train-shape-00178-a [100, 4, 1024]
[1958/2400] train-shape-00178-b [100, 4, 1024]
[1959/2400] train-shape-00179-a [100, 4, 1024]
[1960/2400] train-shape-00179-b [100, 4, 1024]
[1961/2400] train-shape-00180-a [100, 4, 1024]
[1962/2400] train-shape-00180-b [100, 4, 1024]
[1963/2400] train-shape-00181-a [100, 4, 1024]
[1964/2400] train-shape-00181-b [100, 4, 1024]
[1965/2400] train-shape-00182-a [100, 4, 1024]
[1966/2400] train-shape-00182-b [100, 4, 1024]
[1967/2400] train-shape-00183-a [100, 4, 1024]
[1968/2400] train-shape-00183-b [100, 4, 1024]
[1969/2400] train-shape-00184-a [100, 4, 1024]
[1970/2400] train-shape-00184-b [100, 4, 1024]
[1971/2400] train-shape-00185-a [100, 4, 1024]
[1972/2400] train-shape-00185-b [100, 4, 1024]
[1973/2400] train-shape-00186-a [100, 4, 1024]
[1974/2400] train-shape-00186-b [100, 4, 1024]
[1975/2400] train-shape-00187-a [100, 4, 1024]
[1976/2400] train-shape-00187-b [100, 4, 1024]
[1977/2400] train-shape-00188-a [100, 4, 1024]
[1978/2400] train-shape-00188-b [100, 4, 1024]
[1979/2400] train-shape-00189-a [100, 4, 1024]
[1980/2400] train-shape-00189-b [100, 4, 1024]
[1981/2400] train-shape-00190-a [100, 4, 1024]
[1982/2400] train-shape-00190-b [100, 4, 1024]
[1983/2400] train-shape-00191-a [100, 4, 1024]
[1984/2400] train-shape-00191-b [100, 4, 1024]
[1985/2400] train-shape-00192-a [100, 4, 1024]
[1986/2400] train-shape-00192-b [100, 4, 1024]
[1987/2400] train-shape-00193-a [100, 4, 1024]
[1988/2400] train-shape-00193-b [100, 4, 1024]
[1989/2400] train-shape-00194-a [100, 4, 1024]
[1990/2400] train-shape-00194-b [100, 4, 1024]
[1991/2400] train-shape-00195-a [100, 4, 1024]
[1992/2400] train-shape-00195-b [100, 4, 1024]
[1993/2400] train-shape-00196-a [100, 4, 1024]
[1994/2400] train-shape-00196-b [100, 4, 1024]
[1995/2400] train-shape-00197-a [100, 4, 1024]
[1996/2400] train-shape-00197-b [100, 4, 1024]
[1997/2400] train-shape-00198-a [100, 4, 1024]
[1998/2400] train-shape-00198-b [100, 4, 1024]
[1999/2400] train-shape-00199-a [100, 4, 1024]
[2000/2400] train-shape-00199-b [100, 4, 1024]
[2001/2400] train-spatial-00000-a [100, 4, 1024]
[2002/2400] train-spatial-00000-b [100, 4, 1024]
[2003/2400] train-spatial-00001-a [100, 4, 1024]
[2004/2400] train-spatial-00001-b [100, 4, 1024]
[2005/2400] train-spatial-00002-a [100, 4, 1024]
[2006/2400] train-spatial-00002-b [100, 4, 1024]
[2007/2400] train-spatial-00003-a [100, 4, 1024]
[2008/2400] train-spatial-00003-b [100, 4, 1024]
[2009/2400] train-spatial-00004-a [100, 4, 1024]
[2010/2400] train-spatial-00004-b [100, 4, 1024]
[2011/2400] train-spatial-00005-a [100, 4, 1024]
[2012/2400] train-spatial-00005-b [100, 4, 1024]
[2013/2400] train-spatial-00006-a [100, 4, 1024]
[2014/2400] train-spatial-00006-b [100, 4, 1024]
[2015/2400] train-spatial-00007-a [100, 4, 1024]
[2016/2400] train-spatial-00007-b [100, 4, 1024]
[2017/2400] train-spatial-00008-a [100, 4, 1024]
[2018/2400] train-spatial-00008-b [100, 4, 1024]
[2019/2400] train-spatial-00009-a [100, 4, 1024]
[2020/2400] train-spatial-00009-b [100, 4, 1024]
[2021/2400] train-spatial-00010-a [100, 4, 1024]
[2022/2400] train-spatial-00010-b [100, 4, 1024]
[2023/2400] train-spatial-00011-a [100, 4, 1024]
[2024/2400] train-spatial-00011-b [100, 4, 1024]
[2025/2400] train-spatial-00012-a [100, 4, 1024]
[2026/2400] train-spatial-00012-b [100, 4, 1024]
[2027/2400] train-spatial-00013-a [100, 4, 1024]
[2028/2400] train-spatial-00013-b [100, 4, 1024]
[2029/2400] train-spatial-00014-a [100, 4, 1024]
[2030/2400] train-spatial-00014-b [100, 4, 1024]
[2031/2400] train-spatial-00015-a [100, 4, 1024]
[2032/2400] train-spatial-00015-b [100, 4, 1024]
[2033/2400] train-spatial-00016-a [100, 4, 1024]
[2034/2400] train-spatial-00016-b [100, 4, 1024]
[2035/2400] train-spatial-00017-a [100, 4, 1024]
[2036/2400] train-spatial-00017-b [100, 4, 1024]
[2037/2400] train-spatial-00018-a [100, 4, 1024]
[2038/2400] train-spatial-00018-b [100, 4, 1024]
[2039/2400] train-spatial-00019-a [100, 4, 1024]
[2040/2400] train-spatial-00019-b [100, 4, 1024]
[2041/2400] train-spatial-00020-a [100, 4, 1024]
[2042/2400] train-spatial-00020-b [100, 4, 1024]
[2043/2400] train-spatial-00021-a [100, 4, 1024]
[2044/2400] train-spatial-00021-b [100, 4, 1024]
[2045/2400] train-spatial-00022-a [100, 4, 1024]
[2046/2400] train-spatial-00022-b [100, 4, 1024]
[2047/2400] train-spatial-00023-a [100, 4, 1024]
[2048/2400] train-spatial-00023-b [100, 4, 1024]
[2049/2400] train-spatial-00024-a [100, 4, 1024]
[2050/2400] train-spatial-00024-b [100, 4, 1024]
[2051/2400] train-spatial-00025-a [100, 4, 1024]
[2052/2400] train-spatial-00025-b [100, 4, 1024]
[2053/2400] train-spatial-00026-a [100, 4, 1024]
[2054/2400] train-spatial-00026-b [100, 4, 1024]
[2055/2400] train-spatial-00027-a [100, 4, 1024]
[2056/2400] train-spatial-00027-b [100, 4, 1024]
[2057/2400] train-spatial-00028-a [100, 4, 1024]
[2058/2400] train-spatial-00028-b [100, 4, 1024]
[2059/2400] train-spatial-00029-a [100, 4, 1024]
[2060/2400] train-spatial-00029-b [100, 4, 1024]
[2061/2400] train-spatial-00030-a [100, 4, 1024]
[2062/2400] train-spatial-00030-b [100, 4, 1024]
[2063/2400] train-spatial-00031-a [100, 4, 1024]
[2064/2400] train-spatial-00031-b [100, 4, 1024]
[2065/2400] train-spatial-00032-a [100, 4, 1024]
[2066/2400] train-spatial-00032-b [100, 4, 1024]
[2067/2400] train-spatial-00033-a [100, 4, 1024]
[2068/2400] train-spatial-00033-b [100, 4, 1024]
[2069/2400] train-spatial-00034-a [100, 4, 1024]
[2070/2400] train-spatial-00034-b [100, 4, 1024]
[2071/2400] train-spatial-00035-a [100, 4, 1024]
[2072/2400] train-spatial-00035-b [100, 4, 1024]
[2073/2400] train-spatial-00036-a [100, 4, 1024]
[2074/2400] train-spatial-00036-b [100, 4, 1024]
[2075/2400] train-spatial-00037-a [100, 4, 1024]
[2076/2400] train-spatial-00037-b [100, 4, 1024]
[2077/2400] train-spatial-00038-a [100, 4, 1024]
[2078/2400] train-spatial-00038-b [100, 4, 1024]
[2079/2400] train-spatial-00039-a [100, 4, 1024]
[2080/2400] train-spatial-00039-b [100, 4, 1024]
[2081/2400] train-spatial-00040-a [100, 4, 1024]
[2082/2400] train-spatial-00040-b [100, 4, 1024]
[2083/2400] train-spatial-00041-a [100, 4, 1024]
[2084/2400] train-spatial-00041-b [100, 4, 1024]
[2085/2400] train-spatial-00042-a [100, 4, 1024]
[2086/2400] train-spatial-00042-b [100, 4, 1024]
[2087/2400] train-spatial-00043-a [100, 4, 1024]
[2088/2400] train-spatial-00043-b [100, 4, 1024]
[2089/2400] train-spatial-00044-a [100, 4, 1024]
[2090/2400] train-spatial-00044-b [100, 4, 1024]
[2091/2400] train-spatial-00045-a [100, 4, 1024]
[2092/2400] train-spatial-00045-b [100, 4, 1024]
[2093/2400] train-spatial-00046-a [100, 4, 1024]
[2094/2400] train-spatial-00046-b [100, 4, 1024]
[2095/2400] train-spatial-00047-a [100, 4, 1024]
[2096/2400] train-spatial-00047-b [100, 4, 1024]
[2097/2400] train-spatial-00048-a [100, 4, 1024]
[2098/2400] train-spatial-00048-b [100, 4, 1024]
[2099/2400] train-spatial-00049-a [100, 4, 1024]
[2100/2400] train-spatial-00049-b [100, 4, 1024]
[2101/2400] train-spatial-00050-a [100, 4, 1024]
[2102/2400] train-spatial-00050-b [100, 4, 1024]
[2103/2400] train-spatial-00051-a [100, 4, 1024]
[2104/2400] train-spatial-00051-b [100, 4, 1024]
[2105/2400] train-spatial-00052-a [100, 4, 1024]
[2106/2400] train-spatial-00052-b [100, 4, 1024]
[2107/2400] train-spatial-00053-a [100, 4, 1024]
[2108/2400] train-spatial-00053-b [100, 4, 1024]
[2109/2400] train-spatial-00054-a [100, 4, 1024]
[2110/2400] train-spatial-00054-b [100, 4, 1024]
[2111/2400] train-spatial-00055-a [100, 4, 1024]
[2112/2400] train-spatial-00055-b [100, 4, 1024]
[2113/2400] train-spatial-00056-a [100, 4, 1024]
[2114/2400] train-spatial-00056-b [100, 4, 1024]
[2115/2400] train-spatial-00057-a [100, 4, 1024]
[2116/2400] train-spatial-00057-b [100, 4, 1024]
[2117/2400] train-spatial-00058-a [100, 4, 1024]
[2118/2400] train-spatial-00058-b [100, 4, 1024]
[2119/2400] train-spatial-00059-a [100, 4, 1024]
[2120/2400] train-spatial-00059-b [100, 4, 1024]
[2121/2400] train-spatial-00060-a [100, 4, 1024]
[2122/2400] train-spatial-00060-b [100, 4, 1024]
[2123/2400] train-spatial-00061-a [100, 4, 1024]
[2124/2400] train-spatial-00061-b [100, 4, 1024]
[2125/2400] train-spatial-00062-a [100, 4, 1024]
[2126/2400] train-spatial-00062-b [100, 4, 1024]
[2127/2400] train-spatial-00063-a [100, 4, 1024]
[2128/2400] train-spatial-00063-b [100, 4, 1024]
[2129/2400] train-spatial-00064-a [100, 4, 1024]
[2130/2400] train-spatial-00064-b [100, 4, 1024]
[2131/2400] train-spatial-00065-a [100, 4, 1024]
[2132/2400] train-spatial-00065-b [100, 4, 1024]
[2133/2400] train-spatial-00066-a [100, 4, 1024]
[2134/2400] train-spatial-00066-b [100, 4, 1024]
[2135/2400] train-spatial-00067-a [100, 4, 1024]
[2136/2400] train-spatial-00067-b [100, 4, 1024]
[2137/2400] train-spatial-00068-a [100, 4, 1024]
[2138/2400] train-spatial-00068-b [100, 4, 1024]
[2139/2400] train-spatial-00069-a [100, 4, 1024]
[2140/2400] train-spatial-00069-b [100, 4, 1024]
[2141/2400] train-spatial-00070-a [100, 4, 1024]
[2142/2400] train-spatial-00070-b [100, 4, 1024]
[2143/2400] train-spatial-00071-a [100, 4, 1024]
[2144/2400] train-spatial-00071-b [100, 4, 1024]
[2145/2400] train-spatial-00072-a [100, 4, 1024]
[2146/2400] train-spatial-00072-b [100, 4, 1024]
[2147/2400] train-spatial-00073-a [100, 4, 1024]
[2148/2400] train-spatial-00073-b [100, 4, 1024]
[2149/2400] train-spatial-00074-a [100, 4, 1024]
[2150/2400] train-spatial-00074-b [100, 4, 1024]
[2151/2400] train-spatial-00075-a [100, 4, 1024]
[2152/2400] train-spatial-00075-b [100, 4, 1024]
[2153/2400] train-spatial-00076-a [100, 4, 1024]
[2154/2400] train-spatial-00076-b [100, 4, 1024]
[2155/2400] train-spatial-00077-a [100, 4, 1024]
[2156/2400] train-spatial-00077-b [100, 4, 1024]
[2157/2400] train-spatial-00078-a [100, 4, 1024]
[2158/2400] train-spatial-00078-b [100, 4, 1024]
[2159/2400] train-spatial-00079-a [100, 4, 1024]
[2160/2400] train-spatial-00079-b [100, 4, 1024]
[2161/2400] train-spatial-00080-a [100, 4, 1024]
[2162/2400] train-spatial-00080-b [100, 4, 1024]
[2163/2400] train-spatial-00081-a [100, 4, 1024]
[2164/2400] train-spatial-00081-b [100, 4, 1024]
[2165/2400] train-spatial-00082-a [100, 4, 1024]
[2166/2400] train-spatial-00082-b [100, 4, 1024]
[2167/2400] train-spatial-00083-a [100, 4, 1024]
[2168/2400] train-spatial-00083-b [100, 4, 1024]
[2169/2400] train-spatial-00084-a [100, 4, 1024]
[2170/2400] train-spatial-00084-b [100, 4, 1024]
[2171/2400] train-spatial-00085-a [100, 4, 1024]
[2172/2400] train-spatial-00085-b [100, 4, 1024]
[2173/2400] train-spatial-00086-a [100, 4, 1024]
[2174/2400] train-spatial-00086-b [100, 4, 1024]
[2175/2400] train-spatial-00087-a [100, 4, 1024]
[2176/2400] train-spatial-00087-b [100, 4, 1024]
[2177/2400] train-spatial-00088-a [100, 4, 1024]
[2178/2400] train-spatial-00088-b [100, 4, 1024]
[2179/2400] train-spatial-00089-a [100, 4, 1024]
[2180/2400] train-spatial-00089-b [100, 4, 1024]
[2181/2400] train-spatial-00090-a [100, 4, 1024]
[2182/2400] train-spatial-00090-b [100, 4, 1024]
[2183/2400] train-spatial-00091-a [100, 4, 1024]
[2184/2400] train-spatial-00091-b [100, 4, 1024]
[2185/2400] train-spatial-00092-a [100, 4, 1024]
[2186/2400] train-spatial-00092-b [100, 4, 1024]
[2187/2400] train-spatial-00093-a [100, 4, 1024]
[2188/2400] train-spatial-00093-b [100, 4, 1024]
[2189/2400] train-spatial-00094-a [100, 4, 1024]
[2190/2400] train-spatial-00094-b [100, 4, 1024]
[2191/2400] train-spatial-00095-a [100, 4, 1024]
[2192/2400] train-spatial-00095-b [100, 4, 1024]
[2193/2400] train-spatial-00096-a [100, 4, 1024]
[2194/2400] train-spatial-00096-b [100, 4, 1024]
[2195/2400] train-spatial-00097-a [100, 4, 1024]
[2196/2400] train-spatial-00097-b [100, 4, 1024]
[2197/2400] train-spatial-00098-a [100, 4, 1024]
[2198/2400] train-spatial-00098-b [100, 4, 1024]
[2199/2400] train-spatial-00099-a [100, 4, 1024]
[2200/2400] train-spatial-00099-b [100, 4, 1024]
[2201/2400] train-spatial-00100-a [100, 4, 1024]
[2202/2400] train-spatial-00100-b [100, 4, 1024]
[2203/2400] train-spatial-00101-a [100, 4, 1024]
[2204/2400] train-spatial-00101-b [100, 4, 1024]
[2205/2400] train-spatial-00102-a [100, 4, 1024]
[2206/2400] train-spatial-00102-b [100, 4, 1024]
[2207/2400] train-spatial-00103-a [100, 4, 1024]
[2208/2400] train-spatial-00103-b [100, 4, 1024]
[2209/2400] train-spatial-00104-a [100, 4, 1024]
[2210/2400] train-spatial-00104-b [100, 4, 1024]
[2211/2400] train-spatial-00105-a [100, 4, 1024]
[2212/2400] train-spatial-00105-b [100, 4, 1024]
[2213/2400] train-spatial-00106-a [100, 4, 1024]
[2214/2400] train-spatial-00106-b [100, 4, 1024]
[2215/2400] train-spatial-00107-a [100, 4, 1024]
[2216/2400] train-spatial-00107-b [100, 4, 1024]
[2217/2400] train-spatial-00108-a [100, 4, 1024]
[2218/2400] train-spatial-00108-b [100, 4, 1024]
[2219/2400] train-spatial-00109-a [100, 4, 1024]
[2220/2400] train-spatial-00109-b [100, 4, 1024]
[2221/2400] train-spatial-00110-a [100, 4, 1024]
[2222/2400] train-spatial-00110-b [100, 4, 1024]
[2223/2400] train-spatial-00111-a [100, 4, 1024]
[2224/2400] train-spatial-00111-b [100, 4, 1024]
[2225/2400] train-spatial-00112-a [100, 4, 1024]
[2226/2400] train-spatial-00112-b [100, 4, 1024]
[2227/2400] train-spatial-00113-a [100, 4, 1024]
[2228/2400] train-spatial-00113-b [100, 4, 1024]
[2229/2400] train-spatial-00114-a [100, 4, 1024]
[2230/2400] train-spatial-00114-b [100, 4, 1024]
[2231/2400] train-spatial-00115-a [100, 4, 1024]
[2232/2400] train-spatial-00115-b [100, 4, 1024]
[2233/2400] train-spatial-00116-a [100, 4, 1024]
[2234/2400] train-spatial-00116-b [100, 4, 1024]
[2235/2400] train-spatial-00117-a [100, 4, 1024]
[2236/2400] train-spatial-00117-b [100, 4, 1024]
[2237/2400] train-spatial-00118-a [100, 4, 1024]
[2238/2400] train-spatial-00118-b [100, 4, 1024]
[2239/2400] train-spatial-00119-a [100, 4, 1024]
[2240/2400] train-spatial-00119-b [100, 4, 1024]
[2241/2400] train-spatial-00120-a [100, 4, 1024]
[2242/2400] train-spatial-00120-b [100, 4, 1024]
[2243/2400] train-spatial-00121-a [100, 4, 1024]
[2244/2400] train-spatial-00121-b [100, 4, 1024]
[2245/2400] train-spatial-00122-a [100, 4, 1024]
[2246/2400] train-spatial-00122-b [100, 4, 1024]
[2247/2400] train-spatial-00123-a [100, 4, 1024]
[2248/2400] train-spatial-00123-b [100, 4, 1024]
[2249/2400] train-spatial-00124-a [100, 4, 1024]
[2250/2400] train-spatial-00124-b [100, 4, 1024]
[2251/2400] train-spatial-00125-a [100, 4, 1024]
[2252/2400] train-spatial-00125-b [100, 4, 1024]
[2253/2400] train-spatial-00126-a [100, 4, 1024]
[2254/2400] train-spatial-00126-b [100, 4, 1024]
[2255/2400] train-spatial-00127-a [100, 4, 1024]
[2256/2400] train-spatial-00127-b [100, 4, 1024]
[2257/2400] train-spatial-00128-a [100, 4, 1024]
[2258/2400] train-spatial-00128-b [100, 4, 1024]
[2259/2400] train-spatial-00129-a [100, 4, 1024]
[2260/2400] train-spatial-00129-b [100, 4, 1024]
[2261/2400] train-spatial-00130-a [100, 4, 1024]
[2262/2400] train-spatial-00130-b [100, 4, 1024]
[2263/2400] train-spatial-00131-a [100, 4, 1024]
[2264/2400] train-spatial-00131-b [100, 4, 1024]
[2265/2400] train-spatial-00132-a [100, 4, 1024]
[2266/2400] train-spatial-00132-b [100, 4, 1024]
[2267/2400] train-spatial-00133-a [100, 4, 1024]
[2268/2400] train-spatial-00133-b [100, 4, 1024]
[2269/2400] train-spatial-00134-a [100, 4, 1024]
[2270/2400] train-spatial-00134-b [100, 4, 1024]
[2271/2400] train-spatial-00135-a [100, 4, 1024]
[2272/2400] train-spatial-00135-b [100, 4, 1024]
[2273/2400] train-spatial-00136-a [100, 4, 1024]
[2274/2400] train-spatial-00136-b [100, 4, 1024]
[2275/2400] train-spatial-00137-a [100, 4, 1024]
[2276/2400] train-spatial-00137-b [100, 4, 1024]
[2277/2400] train-spatial-00138-a [100, 4, 1024]
[2278/2400] train-spatial-00138-b [100, 4, 1024]
[2279/2400] train-spatial-00139-a [100, 4, 1024]
[2280/2400] train-spatial-00139-b [100, 4, 1024]
[2281/2400] train-spatial-00140-a [100, 4, 1024]
[2282/2400] train-spatial-00140-b [100, 4, 1024]
[2283/2400] train-spatial-00141-a [100, 4, 1024]
[2284/2400] train-spatial-00141-b [100, 4, 1024]
[2285/2400] train-spatial-00142-a [100, 4, 1024]
[2286/2400] train-spatial-00142-b [100, 4, 1024]
[2287/2400] train-spatial-00143-a [100, 4, 1024]
[2288/2400] train-spatial-00143-b [100, 4, 1024]
[2289/2400] train-spatial-00144-a [100, 4, 1024]
[2290/2400] train-spatial-00144-b [100, 4, 1024]
[2291/2400] train-spatial-00145-a [100, 4, 1024]
[2292/2400] train-spatial-00145-b [100, 4, 1024]
[2293/2400] train-spatial-00146-a [100, 4, 1024]
[2294/2400] train-spatial-00146-b [100, 4, 1024]
[2295/2400] train-spatial-00147-a [100, 4, 1024]
[2296/2400] train-spatial-00147-b [100, 4, 1024]
[2297/2400] train-spatial-00148-a [100, 4, 1024]
[2298/2400] train-spatial-00148-b [100, 4, 1024]
[2299/2400] train-spatial-00149-a [100, 4, 1024]
[2300/2400] train-spatial-00149-b [100, 4, 1024]
[2301/2400] train-spatial-00150-a [100, 4, 1024]
[2302/2400] train-spatial-00150-b [100, 4, 1024]
[2303/2400] train-spatial-00151-a [100, 4, 1024]
[2304/2400] train-spatial-00151-b [100, 4, 1024]
[2305/2400] train-spatial-00152-a [100, 4, 1024]
[2306/2400] train-spatial-00152-b [100, 4, 1024]
[2307/2400] train-spatial-00153-a [100, 4, 1024]
[2308/2400] train-spatial-00153-b [100, 4, 1024]
[2309/2400] train-spatial-00154-a [100, 4, 1024]
[2310/2400] train-spatial-00154-b [100, 4, 1024]
[2311/2400] train-spatial-00155-a [100, 4, 1024]
[2312/2400] train-spatial-00155-b [100, 4, 1024]
[2313/2400] train-spatial-00156-a [100, 4, 1024]
[2314/2400] train-spatial-00156-b [100, 4, 1024]
[2315/2400] train-spatial-00157-a [100, 4, 1024]
[2316/2400] train-spatial-00157-b [100, 4, 1024]
[2317/2400] train-spatial-00158-a [100, 4, 1024]
[2318/2400] train-spatial-00158-b [100, 4, 1024]
[2319/2400] train-spatial-00159-a [100, 4, 1024]
[2320/2400] train-spatial-00159-b [100, 4, 1024]
[2321/2400] train-spatial-00160-a [100, 4, 1024]
[2322/2400] train-spatial-00160-b [100, 4, 1024]
[2323/2400] train-spatial-00161-a [100, 4, 1024]
[2324/2400] train-spatial-00161-b [100, 4, 1024]
[2325/2400] train-spatial-00162-a [100, 4, 1024]
[2326/2400] train-spatial-00162-b [100, 4, 1024]
[2327/2400] train-spatial-00163-a [100, 4, 1024]
[2328/2400] train-spatial-00163-b [100, 4, 1024]
[2329/2400] train-spatial-00164-a [100, 4, 1024]
[2330/2400] train-spatial-00164-b [100, 4, 1024]
[2331/2400] train-spatial-00165-a [100, 4, 1024]
[2332/2400] train-spatial-00165-b [100, 4, 1024]
[2333/2400] train-spatial-00166-a [100, 4, 1024]
[2334/2400] train-spatial-00166-b [100, 4, 1024]
[2335/2400] train-spatial-00167-a [100, 4, 1024]
[2336/2400] train-spatial-00167-b [100, 4, 1024]
[2337/2400] train-spatial-00168-a [100, 4, 1024]
[2338/2400] train-spatial-00168-b [100, 4, 1024]
[2339/2400] train-spatial-00169-a [100, 4, 1024]
[2340/2400] train-spatial-00169-b [100, 4, 1024]
[2341/2400] train-spatial-00170-a [100, 4, 1024]
[2342/2400] train-spatial-00170-b [100, 4, 1024]
[2343/2400] train-spatial-00171-a [100, 4, 1024]
[2344/2400] train-spatial-00171-b [100, 4, 1024]
[2345/2400] train-spatial-00172-a [100, 4, 1024]
[2346/2400] train-spatial-00172-b [100, 4, 1024]
[2347/2400] train-spatial-00173-a [100, 4, 1024]
[2348/2400] train-spatial-00173-b [100, 4, 1024]
[2349/2400] train-spatial-00174-a [100, 4, 1024]
[2350/2400] train-spatial-00174-b [100, 4, 1024]
[2351/2400] train-spatial-00175-a [100, 4, 1024]
[2352/2400] train-spatial-00175-b [100, 4, 1024]
[2353/2400] train-spatial-00176-a [100, 4, 1024]
[2354/2400] train-spatial-00176-b [100, 4, 1024]
[2355/2400] train-spatial-00177-a [100, 4, 1024]
[2356/2400] train-spatial-00177-b [100, 4, 1024]
[2357/2400] train-spatial-00178-a [100, 4, 1024]
[2358/2400] train-spatial-00178-b [100, 4, 1024]
[2359/2400] train-spatial-00179-a [100, 4, 1024]
[2360/2400] train-spatial-00179-b [100, 4, 1024]
[2361/2400] train-spatial-00180-a [100, 4, 1024]
[2362/2400] train-spatial-00180-b [100, 4, 1024]
[2363/2400] train-spatial-00181-a [100, 4, 1024]
[2364/2400] train-spatial-00181-b [100, 4, 1024]
[2365/2400] train-spatial-00182-a [100, 4, 1024]
[2366/2400] train-spatial-00182-b [100, 4, 1024]
[2367/2400] train-spatial-00183-a [100, 4, 1024]
[2368/2400] train-spatial-00183-b [100, 4, 1024]
[2369/2400] train-spatial-00184-a [100, 4, 1024]
[2370/2400] train-spatial-00184-b [100, 4, 1024]
[2371/2400] train-spatial-00185-a [100, 4, 1024]
[2372/2400] train-spatial-00185-b [100, 4, 1024]
[2373/2400] train-spatial-00186-a [100, 4, 1024]
[2374/2400] train-spatial-00186-b [100, 4, 1024]
[2375/2400] train-spatial-00187-a [100, 4, 1024]
[2376/2400] train-spatial-00187-b [100, 4, 1024]
[2377/2400] train-spatial-00188-a [100, 4, 1024]
[2378/2400] train-spatial-00188-b [100, 4, 1024]
[2379/2400] train-spatial-00189-a [100, 4, 1024]
[2380/2400] train-spatial-00189-b [100, 4, 1024]
[2381/2400] train-spatial-00190-a [100, 4, 1024]
[2382/2400] train-spatial-00190-b [100, 4, 1024]
[2383/2400] train-spatial-00191-a [100, 4, 1024]
[2384/2400] train-spatial-00191-b [100, 4, 1024]
[2385/2400] train-spatial-00192-a [100, 4, 1024]
[2386/2400] train-spatial-00192-b [100, 4, 1024]
[2387/2400] train-spatial-00193-a [100, 4, 1024]
[2388/2400] train-spatial-00193-b [100, 4, 1024]
[2389/2400] train-spatial-00194-a [100, 4, 1024]
[2390/2400] train-spatial-00194-b [100, 4, 1024]
[2391/2400] train-spatial-00195-a [100, 4, 1024]
[2392/2400] train-spatial-00195-b [100, 4, 1024]
[2393/2400] train-spatial-00196-a [100, 4, 1024]
[2394/2400] train-spatial-00196-b [100, 4, 1024]
[2395/2400] train-spatial-00197-a [100, 4, 1024]
[2396/2400] train-spatial-00197-b [100, 4, 1024]
[2397/2400] train-spatial-00198-a [100, 4, 1024]
[2398/2400] train-spatial-00198-b [100, 4, 1024]
[2399/2400] train-spatial-00199-a [100, 4, 1024]
[2400/2400] train-spatial-00199-b [100, 4, 1024]
{
  "requested": 2400,
  "cached": 2400,
  "failed": 0,
  "wall_seconds": 251.53813314437866,
  "peak_gpu_memory_bytes": 1946604032,
  "manifest": "MANIFEST.json",
  "records": "cache_records.jsonl",
  "failures": "failures.jsonl"
}
