family,modality,metric,state_a,condition_a,state_b,condition_b,task,denominator,sum_a,sum_b,mean_a,mean_b,mean_gap,a_only_better,b_only_better,equal,ci95_low,ci95_high,bootstrap_samples,seed
interpolation_minus_frozen,preference,paired_preference,projector-interp000,vision,frozen-base,vision,overall,300,158.0,66.0,0.5266666666666666,0.22,0.30666666666666664,94,2,204,0.25333333333333335,0.3566666666666667,2000,20260822
interpolation_minus_alpha1,preference,paired_preference,projector-interp000,vision,projector-interp100,vision,overall,300,158.0,155.0,0.5266666666666666,0.5166666666666667,0.01,41,38,221,-0.04666666666666667,0.06666666666666667,2000,20260823
interpolation_minus_frozen,preference,sample_preference,projector-interp000,vision,frozen-base,vision,overall,300,227.5,182.0,0.7583333333333333,0.6066666666666667,0.15166666666666667,95,5,200,0.12333333333333334,0.18,2000,20260824
interpolation_minus_alpha1,preference,sample_preference,projector-interp000,vision,projector-interp100,vision,overall,300,227.5,225.0,0.7583333333333333,0.75,0.008333333333333333,42,38,220,-0.021666666666666667,0.03833333333333333,2000,20260825
interpolation_minus_frozen,preference,mean_margin,projector-interp000,vision,frozen-base,vision,overall,300,543.7104052717054,292.0251442624345,1.8123680175723516,0.9734171475414483,0.8389508700309033,283,16,1,0.7389805984713677,0.9414691757030031,2000,20260826
interpolation_minus_alpha1,preference,mean_margin,projector-interp000,vision,projector-interp100,vision,overall,300,543.7104052717054,759.686394495463,1.8123680175723516,2.5322879816515433,-0.7199199640791917,65,233,2,-0.8985709934333571,-0.5506716797613448,2000,20260827
interpolation_minus_frozen,preference,paired_preference,projector-interp000,vision,frozen-base,vision,color,50,29.0,11.0,0.58,0.22,0.36,18,0,32,0.24,0.5,2000,20260828
interpolation_minus_alpha1,preference,paired_preference,projector-interp000,vision,projector-interp100,vision,color,50,29.0,37.0,0.58,0.74,-0.16,4,12,34,-0.3,-0.02,2000,20260829
interpolation_minus_frozen,preference,sample_preference,projector-interp000,vision,frozen-base,vision,color,50,39.5,30.5,0.79,0.61,0.18,18,0,32,0.11,0.25,2000,20260830
interpolation_minus_alpha1,preference,sample_preference,projector-interp000,vision,projector-interp100,vision,color,50,39.5,43.5,0.79,0.87,-0.08,4,12,34,-0.15,0.0,2000,20260831
interpolation_minus_frozen,preference,mean_margin,projector-interp000,vision,frozen-base,vision,color,50,102.81249975413084,30.125000536441803,2.056249995082617,0.6025000107288361,1.4537499843537807,50,0,0,1.1649999864399434,1.7793749246001243,2000,20260832
interpolation_minus_alpha1,preference,mean_margin,projector-interp000,vision,projector-interp100,vision,color,50,102.81249975413084,180.0000012210803,2.056249995082617,3.600000024421606,-1.5437500293389894,1,49,0,-1.7456250982685015,-1.3400000012619422,2000,20260833
interpolation_minus_frozen,preference,paired_preference,projector-interp000,vision,frozen-base,vision,coordinate,50,22.0,1.0,0.44,0.02,0.42,22,1,27,0.26,0.56,2000,20260834
interpolation_minus_alpha1,preference,paired_preference,projector-interp000,vision,projector-interp100,vision,coordinate,50,22.0,27.0,0.44,0.54,-0.1,3,8,39,-0.22,0.02,2000,20260835
interpolation_minus_frozen,preference,sample_preference,projector-interp000,vision,frozen-base,vision,coordinate,50,36.0,25.5,0.72,0.51,0.21,22,1,27,0.13,0.29,2000,20260836
interpolation_minus_alpha1,preference,sample_preference,projector-interp000,vision,projector-interp100,vision,coordinate,50,36.0,38.5,0.72,0.77,-0.05,3,8,39,-0.11,0.01,2000,20260837
interpolation_minus_frozen,preference,mean_margin,projector-interp000,vision,frozen-base,vision,coordinate,50,35.5944567322731,3.2378735542297363,0.711889134645462,0.06475747108459473,0.6471316635608673,50,0,0,0.5048917418718338,0.7895124757289886,2000,20260838
interpolation_minus_alpha1,preference,mean_margin,projector-interp000,vision,projector-interp100,vision,coordinate,50,35.5944567322731,76.88749706745148,0.711889134645462,1.5377499413490296,-0.8258608067035675,0,50,0,-0.9644147554039955,-0.6954151126742363,2000,20260839
interpolation_minus_frozen,preference,paired_preference,projector-interp000,vision,frozen-base,vision,count,50,21.0,8.0,0.42,0.16,0.26,14,1,35,0.14,0.4,2000,20260840
interpolation_minus_alpha1,preference,paired_preference,projector-interp000,vision,projector-interp100,vision,count,50,21.0,6.0,0.42,0.12,0.3,15,0,35,0.18,0.44,2000,20260841
interpolation_minus_frozen,preference,sample_preference,projector-interp000,vision,frozen-base,vision,count,50,34.0,28.0,0.68,0.56,0.12,15,4,31,0.03,0.21,2000,20260842
interpolation_minus_alpha1,preference,sample_preference,projector-interp000,vision,projector-interp100,vision,count,50,34.0,25.5,0.68,0.51,0.17,16,0,34,0.1,0.24,2000,20260843
interpolation_minus_frozen,preference,mean_margin,projector-interp000,vision,frozen-base,vision,count,50,18.281249701976776,2.2187501192092896,0.3656249940395355,0.04437500238418579,0.32124999165534973,44,5,1,0.2506249922513962,0.39999999761581423,2000,20260844
interpolation_minus_alpha1,preference,mean_margin,projector-interp000,vision,projector-interp100,vision,count,50,18.281249701976776,17.562500208616257,0.3656249940395355,0.35125000417232516,0.014374989867210388,18,30,2,-0.08375000983476638,0.11812500447034836,2000,20260845
interpolation_minus_frozen,preference,paired_preference,projector-interp000,vision,frozen-base,vision,ocr,50,9.0,5.0,0.18,0.1,0.08,4,0,46,0.02,0.16,2000,20260846
interpolation_minus_alpha1,preference,paired_preference,projector-interp000,vision,projector-interp100,vision,ocr,50,9.0,11.0,0.18,0.22,-0.04,3,5,42,-0.16,0.06,2000,20260847
interpolation_minus_frozen,preference,sample_preference,projector-interp000,vision,frozen-base,vision,ocr,50,29.5,27.5,0.59,0.55,0.04,4,0,46,0.01,0.08,2000,20260848
interpolation_minus_alpha1,preference,sample_preference,projector-interp000,vision,projector-interp100,vision,ocr,50,29.5,30.5,0.59,0.61,-0.02,3,5,42,-0.07,0.04,2000,20260849
interpolation_minus_frozen,preference,mean_margin,projector-interp000,vision,frozen-base,vision,ocr,50,30.80309904189337,24.095561588378178,0.6160619808378673,0.48191123176756356,0.1341507490703038,40,10,0,0.07943140638442264,0.1955369056292944,2000,20260850
interpolation_minus_alpha1,preference,mean_margin,projector-interp000,vision,projector-interp100,vision,ocr,50,30.80309904189337,38.66087416921343,0.6160619808378673,0.7732174833842685,-0.15715550254640126,12,38,0,-0.23580057621002204,-0.08532252650033864,2000,20260851
interpolation_minus_frozen,preference,paired_preference,projector-interp000,vision,frozen-base,vision,shape,50,40.0,28.0,0.8,0.56,0.24,12,0,38,0.12,0.36,2000,20260852
interpolation_minus_alpha1,preference,paired_preference,projector-interp000,vision,projector-interp100,vision,shape,50,40.0,24.0,0.8,0.48,0.32,16,0,34,0.2,0.46,2000,20260853
interpolation_minus_frozen,preference,sample_preference,projector-interp000,vision,frozen-base,vision,shape,50,45.0,39.0,0.9,0.78,0.12,12,0,38,0.06,0.18,2000,20260854
interpolation_minus_alpha1,preference,sample_preference,projector-interp000,vision,projector-interp100,vision,shape,50,45.0,37.0,0.9,0.74,0.16,16,0,34,0.1,0.22,2000,20260855
interpolation_minus_frozen,preference,mean_margin,projector-interp000,vision,frozen-base,vision,shape,50,307.96874961827416,225.34375235065818,6.159374992365483,4.506875047013164,1.6524999453523197,49,1,0,1.3724999522604049,1.9374999481020496,2000,20260856
interpolation_minus_alpha1,preference,mean_margin,projector-interp000,vision,projector-interp100,vision,shape,50,307.96874961827416,247.32812554389238,6.159374992365483,4.946562510877848,1.2128124814876355,34,16,0,0.754374980458524,1.6971874963724987,2000,20260857
interpolation_minus_frozen,preference,paired_preference,projector-interp000,vision,frozen-base,vision,spatial,50,37.0,13.0,0.74,0.26,0.48,24,0,26,0.34,0.62,2000,20260858
interpolation_minus_alpha1,preference,paired_preference,projector-interp000,vision,projector-interp100,vision,spatial,50,37.0,50.0,0.74,1.0,-0.26,0,13,37,-0.38,-0.14,2000,20260859
interpolation_minus_frozen,preference,sample_preference,projector-interp000,vision,frozen-base,vision,spatial,50,43.5,31.5,0.87,0.63,0.24,24,0,26,0.17,0.31,2000,20260860
interpolation_minus_alpha1,preference,sample_preference,projector-interp000,vision,projector-interp100,vision,spatial,50,43.5,50.0,0.87,1.0,-0.13,0,13,37,-0.19,-0.07,2000,20260861
interpolation_minus_frozen,preference,mean_margin,projector-interp000,vision,frozen-base,vision,spatial,50,48.250350423157215,7.004206113517284,0.9650070084631444,0.1400841222703457,0.8249228861927986,50,0,0,0.671980499625206,0.9869084812700748,2000,20260862
interpolation_minus_alpha1,preference,mean_margin,projector-interp000,vision,projector-interp100,vision,spatial,50,48.250350423157215,199.2473962852091,0.9650070084631444,3.984947925704182,-3.019940917241038,0,50,0,-3.228720426555956,-2.8190879223233787,2000,20260863
interpolation_minus_frozen,preference,paired_preference,projector-interp025,vision,frozen-base,vision,overall,300,160.0,66.0,0.5333333333333333,0.22,0.31333333333333335,103,9,188,0.25333333333333335,0.37333333333333335,2000,20260864
interpolation_minus_alpha0,preference,paired_preference,projector-interp025,vision,projector-interp000,vision,overall,300,160.0,158.0,0.5333333333333333,0.5266666666666666,0.006666666666666667,22,20,258,-0.03666666666666667,0.05,2000,20260865
interpolation_minus_alpha1,preference,paired_preference,projector-interp025,vision,projector-interp100,vision,overall,300,160.0,155.0,0.5333333333333333,0.5166666666666667,0.016666666666666666,27,22,251,-0.02666666666666667,0.06333333333333334,2000,20260866
interpolation_minus_frozen,preference,sample_preference,projector-interp025,vision,frozen-base,vision,overall,300,228.5,182.0,0.7616666666666667,0.6066666666666667,0.155,105,12,183,0.125,0.185,2000,20260867
interpolation_minus_alpha0,preference,sample_preference,projector-interp025,vision,projector-interp000,vision,overall,300,228.5,227.5,0.7616666666666667,0.7583333333333333,0.0033333333333333335,22,20,258,-0.018333333333333333,0.025,2000,20260868
interpolation_minus_alpha1,preference,sample_preference,projector-interp025,vision,projector-interp100,vision,overall,300,228.5,225.0,0.7616666666666667,0.75,0.011666666666666667,28,22,250,-0.011666666666666667,0.035,2000,20260869
interpolation_minus_frozen,preference,mean_margin,projector-interp025,vision,frozen-base,vision,overall,300,614.0376850920729,292.0251442624345,2.0467922836402432,0.9734171475414483,1.0733751360987949,276,23,1,0.9525940599091727,1.1977074366287914,2000,20260870
interpolation_minus_alpha0,preference,mean_margin,projector-interp025,vision,projector-interp000,vision,overall,300,614.0376850920729,543.7104052717054,2.0467922836402432,1.8123680175723516,0.23442426606789155,243,55,2,0.20017194938395794,0.26894243979943355,2000,20260871
interpolation_minus_alpha1,preference,mean_margin,projector-interp025,vision,projector-interp100,vision,overall,300,614.0376850920729,759.686394495463,2.0467922836402432,2.5322879816515433,-0.4854956980113001,76,219,5,-0.6478086204328325,-0.3288245243288323,2000,20260872
interpolation_minus_frozen,preference,paired_preference,projector-interp025,vision,frozen-base,vision,color,50,30.0,11.0,0.6,0.22,0.38,20,1,29,0.24,0.52,2000,20260873
interpolation_minus_alpha0,preference,paired_preference,projector-interp025,vision,projector-interp000,vision,color,50,30.0,29.0,0.6,0.58,0.02,3,2,45,-0.06,0.1,2000,20260874
interpolation_minus_alpha1,preference,paired_preference,projector-interp025,vision,projector-interp100,vision,color,50,30.0,37.0,0.6,0.74,-0.14,5,12,33,-0.3,0.02,2000,20260875
interpolation_minus_frozen,preference,sample_preference,projector-interp025,vision,frozen-base,vision,color,50,40.0,30.5,0.8,0.61,0.19,20,1,29,0.12,0.26,2000,20260876
interpolation_minus_alpha0,preference,sample_preference,projector-interp025,vision,projector-interp000,vision,color,50,40.0,39.5,0.8,0.79,0.01,3,2,45,-0.03,0.06,2000,20260877
interpolation_minus_alpha1,preference,sample_preference,projector-interp025,vision,projector-interp100,vision,color,50,40.0,43.5,0.8,0.87,-0.07,5,12,33,-0.15,0.01,2000,20260878
interpolation_minus_frozen,preference,mean_margin,projector-interp025,vision,frozen-base,vision,color,50,122.40624997299165,30.125000536441803,2.448124999459833,0.6025000107288361,1.8456249887309968,50,0,0,1.4787500100769102,2.249999967627227,2000,20260879
interpolation_minus_alpha0,preference,mean_margin,projector-interp025,vision,projector-interp000,vision,color,50,122.40624997299165,102.81249975413084,2.448124999459833,2.056249995082617,0.3918750043772161,47,3,0,0.3118750024586916,0.4768749943189323,2000,20260880
interpolation_minus_alpha1,preference,mean_margin,projector-interp025,vision,projector-interp100,vision,color,50,122.40624997299165,180.0000012210803,2.448124999459833,3.600000024421606,-1.1518750249617733,1,49,0,-1.303750024382025,-1.001875045420602,2000,20260881
interpolation_minus_frozen,preference,paired_preference,projector-interp025,vision,frozen-base,vision,coordinate,50,24.0,1.0,0.48,0.02,0.46,23,0,27,0.32,0.6,2000,20260882
interpolation_minus_alpha0,preference,paired_preference,projector-interp025,vision,projector-interp000,vision,coordinate,50,24.0,22.0,0.48,0.44,0.04,4,2,44,-0.06,0.14,2000,20260883
interpolation_minus_alpha1,preference,paired_preference,projector-interp025,vision,projector-interp100,vision,coordinate,50,24.0,27.0,0.48,0.54,-0.06,1,4,45,-0.14,0.02,2000,20260884
interpolation_minus_frozen,preference,sample_preference,projector-interp025,vision,frozen-base,vision,coordinate,50,37.0,25.5,0.74,0.51,0.23,23,0,27,0.16,0.3,2000,20260885
interpolation_minus_alpha0,preference,sample_preference,projector-interp025,vision,projector-interp000,vision,coordinate,50,37.0,36.0,0.74,0.72,0.02,4,2,44,-0.03,0.07,2000,20260886
interpolation_minus_alpha1,preference,sample_preference,projector-interp025,vision,projector-interp100,vision,coordinate,50,37.0,38.5,0.74,0.77,-0.03,1,4,45,-0.08,0.01,2000,20260887
interpolation_minus_frozen,preference,mean_margin,projector-interp025,vision,frozen-base,vision,coordinate,50,46.223488450050354,3.2378735542297363,0.9244697690010071,0.06475747108459473,0.8597122979164123,46,4,0,0.6732854306697845,1.0526774698495864,2000,20260888
interpolation_minus_alpha0,preference,mean_margin,projector-interp025,vision,projector-interp000,vision,coordinate,50,46.223488450050354,35.5944567322731,0.9244697690010071,0.711889134645462,0.21258063435554506,40,10,0,0.15161130756139754,0.2695946970582008,2000,20260889
interpolation_minus_alpha1,preference,mean_margin,projector-interp025,vision,projector-interp100,vision,coordinate,50,46.223488450050354,76.88749706745148,0.9244697690010071,1.5377499413490296,-0.6132801723480225,0,50,0,-0.7104399058222771,-0.5214100617170334,2000,20260890
interpolation_minus_frozen,preference,paired_preference,projector-interp025,vision,frozen-base,vision,count,50,13.0,8.0,0.26,0.16,0.1,8,3,39,-0.02,0.22,2000,20260891
interpolation_minus_alpha0,preference,paired_preference,projector-interp025,vision,projector-interp000,vision,count,50,13.0,21.0,0.26,0.42,-0.16,1,9,40,-0.28,-0.04,2000,20260892
interpolation_minus_alpha1,preference,paired_preference,projector-interp025,vision,projector-interp100,vision,count,50,13.0,6.0,0.26,0.12,0.14,8,1,41,0.02,0.26,2000,20260893
interpolation_minus_frozen,preference,sample_preference,projector-interp025,vision,frozen-base,vision,count,50,30.0,28.0,0.6,0.56,0.04,10,6,34,-0.04,0.12,2000,20260894
interpolation_minus_alpha0,preference,sample_preference,projector-interp025,vision,projector-interp000,vision,count,50,30.0,34.0,0.6,0.68,-0.08,1,9,40,-0.14,-0.02,2000,20260895
interpolation_minus_alpha1,preference,sample_preference,projector-interp025,vision,projector-interp100,vision,count,50,30.0,25.5,0.6,0.51,0.09,9,1,40,0.03,0.16,2000,20260896
interpolation_minus_frozen,preference,mean_margin,projector-interp025,vision,frozen-base,vision,count,50,19.374999940395355,2.2187501192092896,0.3874999988079071,0.04437500238418579,0.3431249964237213,43,6,1,0.2587499928474426,0.42812500417232513,2000,20260897
interpolation_minus_alpha0,preference,mean_margin,projector-interp025,vision,projector-interp000,vision,count,50,19.374999940395355,18.281249701976776,0.3874999988079071,0.3656249940395355,0.02187500476837158,32,17,1,-0.008749992847442626,0.05062501788139343,2000,20260898
interpolation_minus_alpha1,preference,mean_margin,projector-interp025,vision,projector-interp100,vision,count,50,19.374999940395355,17.562500208616257,0.3874999988079071,0.35125000417232516,0.03624999463558197,21,24,5,-0.04562501013278961,0.12624999582767488,2000,20260899
interpolation_minus_frozen,preference,paired_preference,projector-interp025,vision,frozen-base,vision,ocr,50,8.0,5.0,0.16,0.1,0.06,3,0,47,0.0,0.14,2000,20260900
interpolation_minus_alpha0,preference,paired_preference,projector-interp025,vision,projector-interp000,vision,ocr,50,8.0,9.0,0.16,0.18,-0.02,0,1,49,-0.06,0.0,2000,20260901
interpolation_minus_alpha1,preference,paired_preference,projector-interp025,vision,projector-interp100,vision,ocr,50,8.0,11.0,0.16,0.22,-0.06,2,5,43,-0.16,0.04,2000,20260902
interpolation_minus_frozen,preference,sample_preference,projector-interp025,vision,frozen-base,vision,ocr,50,29.0,27.5,0.58,0.55,0.03,3,0,47,0.0,0.07,2000,20260903
interpolation_minus_alpha0,preference,sample_preference,projector-interp025,vision,projector-interp000,vision,ocr,50,29.0,29.5,0.58,0.59,-0.01,0,1,49,-0.03,0.0,2000,20260904
interpolation_minus_alpha1,preference,sample_preference,projector-interp025,vision,projector-interp100,vision,ocr,50,29.0,30.5,0.58,0.61,-0.03,2,5,43,-0.08,0.02,2000,20260905
interpolation_minus_frozen,preference,mean_margin,projector-interp025,vision,frozen-base,vision,ocr,50,34.20308327674866,24.095561588378178,0.6840616655349732,0.48191123176756356,0.20215043376740957,40,10,0,0.1454508870896839,0.26157780629112604,2000,20260906
interpolation_minus_alpha0,preference,mean_margin,projector-interp025,vision,projector-interp000,vision,ocr,50,34.20308327674866,30.80309904189337,0.6840616655349732,0.6160619808378673,0.06799968469710578,40,9,1,0.045082190354665166,0.09398395960671561,2000,20260907
interpolation_minus_alpha1,preference,mean_margin,projector-interp025,vision,projector-interp100,vision,ocr,50,34.20308327674866,38.66087416921343,0.6840616655349732,0.7732174833842685,-0.08915581784929548,14,36,0,-0.14973510583241784,-0.03220264659609107,2000,20260908
interpolation_minus_frozen,preference,paired_preference,projector-interp025,vision,frozen-base,vision,shape,50,35.0,28.0,0.7,0.56,0.14,12,5,33,-0.02,0.3,2000,20260909
interpolation_minus_alpha0,preference,paired_preference,projector-interp025,vision,projector-interp000,vision,shape,50,35.0,40.0,0.7,0.8,-0.1,1,6,43,-0.2,0.0,2000,20260910
interpolation_minus_alpha1,preference,paired_preference,projector-interp025,vision,projector-interp100,vision,shape,50,35.0,24.0,0.7,0.48,0.22,11,0,39,0.1,0.34,2000,20260911
interpolation_minus_frozen,preference,sample_preference,projector-interp025,vision,frozen-base,vision,shape,50,42.5,39.0,0.85,0.78,0.07,12,5,33,-0.01,0.14,2000,20260912
interpolation_minus_alpha0,preference,sample_preference,projector-interp025,vision,projector-interp000,vision,shape,50,42.5,45.0,0.85,0.9,-0.05,1,6,43,-0.1,0.0,2000,20260913
interpolation_minus_alpha1,preference,sample_preference,projector-interp025,vision,projector-interp100,vision,shape,50,42.5,37.0,0.85,0.74,0.11,11,0,39,0.06,0.17,2000,20260914
interpolation_minus_frozen,preference,mean_margin,projector-interp025,vision,frozen-base,vision,shape,50,313.7656225380488,225.34375235065818,6.275312450760976,4.506875047013164,1.7684374037478119,47,3,0,1.4771873803623021,2.080937395794317,2000,20260915
interpolation_minus_alpha0,preference,mean_margin,projector-interp025,vision,projector-interp000,vision,shape,50,313.7656225380488,307.96874961827416,6.275312450760976,6.159374992365483,0.11593745839549228,34,16,0,0.0028124751127325,0.22156245172489433,2000,20260916
interpolation_minus_alpha1,preference,mean_margin,projector-interp025,vision,projector-interp100,vision,shape,50,313.7656225380488,247.32812554389238,6.275312450760976,4.946562510877848,1.3287499398831277,40,10,0,0.9162499393848702,1.7674999469053,2000,20260917
interpolation_minus_frozen,preference,paired_preference,projector-interp025,vision,frozen-base,vision,spatial,50,50.0,13.0,1.0,0.26,0.74,37,0,13,0.62,0.86,2000,20260918
interpolation_minus_alpha0,preference,paired_preference,projector-interp025,vision,projector-interp000,vision,spatial,50,50.0,37.0,1.0,0.74,0.26,13,0,37,0.14,0.38,2000,20260919
interpolation_minus_alpha1,preference,paired_preference,projector-interp025,vision,projector-interp100,vision,spatial,50,50.0,50.0,1.0,1.0,0.0,0,0,50,0.0,0.0,2000,20260920
interpolation_minus_frozen,preference,sample_preference,projector-interp025,vision,frozen-base,vision,spatial,50,50.0,31.5,1.0,0.63,0.37,37,0,13,0.31,0.43,2000,20260921
interpolation_minus_alpha0,preference,sample_preference,projector-interp025,vision,projector-interp000,vision,spatial,50,50.0,43.5,1.0,0.87,0.13,13,0,37,0.07,0.2,2000,20260922
interpolation_minus_alpha1,preference,sample_preference,projector-interp025,vision,projector-interp100,vision,spatial,50,50.0,50.0,1.0,1.0,0.0,0,0,50,0.0,0.0,2000,20260923
interpolation_minus_frozen,preference,mean_margin,projector-interp025,vision,frozen-base,vision,spatial,50,78.06424091383815,7.004206113517284,1.561284818276763,0.1400841222703457,1.4212006960064172,50,0,0,1.2017174212634563,1.6466338017582893,2000,20260924
interpolation_minus_alpha0,preference,mean_margin,projector-interp025,vision,projector-interp000,vision,spatial,50,78.06424091383815,48.250350423157215,1.561284818276763,0.9650070084631444,0.5962778098136187,50,0,0,0.5237870904058218,0.6687685292214155,2000,20260925
interpolation_minus_alpha1,preference,mean_margin,projector-interp025,vision,projector-interp100,vision,spatial,50,78.06424091383815,199.2473962852091,1.561284818276763,3.984947925704182,-2.4236631074274193,0,50,0,-2.579309798605391,-2.273663135517272,2000,20260926
interpolation_minus_frozen,preference,paired_preference,projector-interp050,vision,frozen-base,vision,overall,300,158.0,66.0,0.5266666666666666,0.22,0.30666666666666664,102,10,188,0.24666666666666667,0.36666666666666664,2000,20260927
interpolation_minus_alpha0,preference,paired_preference,projector-interp050,vision,projector-interp000,vision,overall,300,158.0,158.0,0.5266666666666666,0.5266666666666666,0.0,29,29,242,-0.05,0.05,2000,20260928
interpolation_minus_alpha1,preference,paired_preference,projector-interp050,vision,projector-interp100,vision,overall,300,158.0,155.0,0.5266666666666666,0.5166666666666667,0.01,16,13,271,-0.02666666666666667,0.04666666666666667,2000,20260929
interpolation_minus_frozen,preference,sample_preference,projector-interp050,vision,frozen-base,vision,overall,300,227.0,182.0,0.7566666666666667,0.6066666666666667,0.15,104,14,182,0.11833333333333333,0.18166666666666667,2000,20260930
interpolation_minus_alpha0,preference,sample_preference,projector-interp050,vision,projector-interp000,vision,overall,300,227.0,227.5,0.7566666666666667,0.7583333333333333,-0.0016666666666666668,29,29,242,-0.028333333333333332,0.023333333333333334,2000,20260931
interpolation_minus_alpha1,preference,sample_preference,projector-interp050,vision,projector-interp100,vision,overall,300,227.0,225.0,0.7566666666666667,0.75,0.006666666666666667,17,13,270,-0.01,0.025,2000,20260932
interpolation_minus_frozen,preference,mean_margin,projector-interp050,vision,frozen-base,vision,overall,300,675.2436724783132,292.0251442624345,2.250812241594377,0.9734171475414483,1.277395094052929,287,11,2,1.1435999731675552,1.4275737102620787,2000,20260933
interpolation_minus_alpha0,preference,mean_margin,projector-interp050,vision,projector-interp000,vision,overall,300,675.2436724783132,543.7104052717054,2.250812241594377,1.8123680175723516,0.4384442240220258,246,52,2,0.36860563037333094,0.5121709223676655,2000,20260934
interpolation_minus_alpha1,preference,mean_margin,projector-interp050,vision,projector-interp100,vision,overall,300,675.2436724783132,759.686394495463,2.250812241594377,2.5322879816515433,-0.28147574005716586,79,216,5,-0.40339127485262644,-0.1565229082629251,2000,20260935
interpolation_minus_frozen,preference,paired_preference,projector-interp050,vision,frozen-base,vision,color,50,34.0,11.0,0.68,0.22,0.46,24,1,25,0.32,0.6,2000,20260936
interpolation_minus_alpha0,preference,paired_preference,projector-interp050,vision,projector-interp000,vision,color,50,34.0,29.0,0.68,0.58,0.1,8,3,39,-0.02,0.22,2000,20260937
interpolation_minus_alpha1,preference,paired_preference,projector-interp050,vision,projector-interp100,vision,color,50,34.0,37.0,0.68,0.74,-0.06,4,7,39,-0.2,0.08,2000,20260938
interpolation_minus_frozen,preference,sample_preference,projector-interp050,vision,frozen-base,vision,color,50,42.0,30.5,0.84,0.61,0.23,24,1,25,0.16,0.3,2000,20260939
interpolation_minus_alpha0,preference,sample_preference,projector-interp050,vision,projector-interp000,vision,color,50,42.0,39.5,0.84,0.79,0.05,8,3,39,-0.01,0.11,2000,20260940
interpolation_minus_alpha1,preference,sample_preference,projector-interp050,vision,projector-interp100,vision,color,50,42.0,43.5,0.84,0.87,-0.03,4,7,39,-0.09,0.03,2000,20260941
interpolation_minus_frozen,preference,mean_margin,projector-interp050,vision,frozen-base,vision,color,50,141.71875046030618,30.125000536441803,2.8343750092061235,0.6025000107288361,2.2318749984772874,50,0,0,1.8393750079441815,2.6631249505421146,2000,20260942
interpolation_minus_alpha0,preference,mean_margin,projector-interp050,vision,projector-interp000,vision,color,50,141.71875046030618,102.81249975413084,2.8343750092061235,2.056249995082617,0.7781250141235069,49,1,0,0.6568750086566433,0.9075000298162922,2000,20260943
interpolation_minus_alpha1,preference,mean_margin,projector-interp050,vision,projector-interp100,vision,color,50,141.71875046030618,180.0000012210803,2.8343750092061235,3.600000024421606,-0.7656250152154825,1,49,0,-0.8806250039138831,-0.6500000125961378,2000,20260944
interpolation_minus_frozen,preference,paired_preference,projector-interp050,vision,frozen-base,vision,coordinate,50,25.0,1.0,0.5,0.02,0.48,24,0,26,0.34,0.62,2000,20260945
interpolation_minus_alpha0,preference,paired_preference,projector-interp050,vision,projector-interp000,vision,coordinate,50,25.0,22.0,0.5,0.44,0.06,5,2,43,-0.04,0.16,2000,20260946
interpolation_minus_alpha1,preference,paired_preference,projector-interp050,vision,projector-interp100,vision,coordinate,50,25.0,27.0,0.5,0.54,-0.04,1,3,46,-0.12,0.04,2000,20260947
interpolation_minus_frozen,preference,sample_preference,projector-interp050,vision,frozen-base,vision,coordinate,50,37.5,25.5,0.75,0.51,0.24,24,0,26,0.17,0.31,2000,20260948
interpolation_minus_alpha0,preference,sample_preference,projector-interp050,vision,projector-interp000,vision,coordinate,50,37.5,36.0,0.75,0.72,0.03,5,2,43,-0.02,0.08,2000,20260949
interpolation_minus_alpha1,preference,sample_preference,projector-interp050,vision,projector-interp100,vision,coordinate,50,37.5,38.5,0.75,0.77,-0.02,1,3,46,-0.06,0.02,2000,20260950
interpolation_minus_frozen,preference,mean_margin,projector-interp050,vision,frozen-base,vision,coordinate,50,58.26451966166496,3.2378735542297363,1.1652903932332992,0.06475747108459473,1.1005329221487046,50,0,0,0.8794662225246429,1.3254010233283042,2000,20260951
interpolation_minus_alpha0,preference,mean_margin,projector-interp050,vision,projector-interp000,vision,coordinate,50,58.26451966166496,35.5944567322731,1.1652903932332992,0.711889134645462,0.4534012585878372,46,4,0,0.35641304969787596,0.5486901071667671,2000,20260952
interpolation_minus_alpha1,preference,mean_margin,projector-interp050,vision,projector-interp100,vision,coordinate,50,58.26451966166496,76.88749706745148,1.1652903932332992,1.5377499413490296,-0.3724595481157303,0,50,0,-0.43311813414096834,-0.31639147698879244,2000,20260953
interpolation_minus_frozen,preference,paired_preference,projector-interp050,vision,frozen-base,vision,count,50,7.0,8.0,0.14,0.16,-0.02,3,4,43,-0.12,0.08,2000,20260954
interpolation_minus_alpha0,preference,paired_preference,projector-interp050,vision,projector-interp000,vision,count,50,7.0,21.0,0.14,0.42,-0.28,0,14,36,-0.42,-0.16,2000,20260955
interpolation_minus_alpha1,preference,paired_preference,projector-interp050,vision,projector-interp100,vision,count,50,7.0,6.0,0.14,0.12,0.02,2,1,47,-0.04,0.1,2000,20260956
interpolation_minus_frozen,preference,sample_preference,projector-interp050,vision,frozen-base,vision,count,50,26.5,28.0,0.53,0.56,-0.03,5,8,37,-0.1,0.04,2000,20260957
interpolation_minus_alpha0,preference,sample_preference,projector-interp050,vision,projector-interp000,vision,count,50,26.5,34.0,0.53,0.68,-0.15,0,14,36,-0.22,-0.09,2000,20260958
interpolation_minus_alpha1,preference,sample_preference,projector-interp050,vision,projector-interp100,vision,count,50,26.5,25.5,0.53,0.51,0.02,3,1,46,-0.02,0.06,2000,20260959
interpolation_minus_frozen,preference,mean_margin,projector-interp050,vision,frozen-base,vision,count,50,19.093749701976776,2.2187501192092896,0.3818749940395355,0.04437500238418579,0.3374999916553497,44,5,1,0.24374999225139618,0.4406249910593033,2000,20260960
interpolation_minus_alpha0,preference,mean_margin,projector-interp050,vision,projector-interp000,vision,count,50,19.093749701976776,18.281249701976776,0.3818749940395355,0.3656249940395355,0.01625,31,17,2,-0.05,0.07562499970197678,2000,20260961
interpolation_minus_alpha1,preference,mean_margin,projector-interp050,vision,projector-interp100,vision,count,50,19.093749701976776,17.562500208616257,0.3818749940395355,0.35125000417232516,0.03062498986721039,20,25,5,-0.018124999701976775,0.08374999970197677,2000,20260962
interpolation_minus_frozen,preference,paired_preference,projector-interp050,vision,frozen-base,vision,ocr,50,10.0,5.0,0.2,0.1,0.1,5,0,45,0.02,0.2,2000,20260963
interpolation_minus_alpha0,preference,paired_preference,projector-interp050,vision,projector-interp000,vision,ocr,50,10.0,9.0,0.2,0.18,0.02,3,2,45,-0.06,0.1,2000,20260964
interpolation_minus_alpha1,preference,paired_preference,projector-interp050,vision,projector-interp100,vision,ocr,50,10.0,11.0,0.2,0.22,-0.02,1,2,47,-0.08,0.04,2000,20260965
interpolation_minus_frozen,preference,sample_preference,projector-interp050,vision,frozen-base,vision,ocr,50,30.0,27.5,0.6,0.55,0.05,5,0,45,0.01,0.1,2000,20260966
interpolation_minus_alpha0,preference,sample_preference,projector-interp050,vision,projector-interp000,vision,ocr,50,30.0,29.5,0.6,0.59,0.01,3,2,45,-0.03,0.05,2000,20260967
interpolation_minus_alpha1,preference,sample_preference,projector-interp050,vision,projector-interp100,vision,ocr,50,30.0,30.5,0.6,0.61,-0.01,1,2,47,-0.05,0.02,2000,20260968
interpolation_minus_frozen,preference,mean_margin,projector-interp050,vision,frozen-base,vision,ocr,50,36.359482446170986,24.095561588378178,0.7271896489234198,0.48191123176756356,0.24527841715585624,46,3,1,0.190258551415943,0.30862482842944927,2000,20260969
interpolation_minus_alpha0,preference,mean_margin,projector-interp050,vision,projector-interp000,vision,ocr,50,36.359482446170986,30.80309904189337,0.7271896489234198,0.6160619808378673,0.11112766808555243,42,8,0,0.07438330668494816,0.1539542195002238,2000,20260970
interpolation_minus_alpha1,preference,mean_margin,projector-interp050,vision,projector-interp100,vision,ocr,50,36.359482446170986,38.66087416921343,0.7271896489234198,0.7732174833842685,-0.046027834460848835,18,32,0,-0.08900621080398563,-0.006338003158569338,2000,20260971
interpolation_minus_frozen,preference,paired_preference,projector-interp050,vision,frozen-base,vision,shape,50,32.0,28.0,0.64,0.56,0.08,9,5,36,-0.06,0.22,2000,20260972
interpolation_minus_alpha0,preference,paired_preference,projector-interp050,vision,projector-interp000,vision,shape,50,32.0,40.0,0.64,0.8,-0.16,0,8,42,-0.26,-0.06,2000,20260973
interpolation_minus_alpha1,preference,paired_preference,projector-interp050,vision,projector-interp100,vision,shape,50,32.0,24.0,0.64,0.48,0.16,8,0,42,0.06,0.26,2000,20260974
interpolation_minus_frozen,preference,sample_preference,projector-interp050,vision,frozen-base,vision,shape,50,41.0,39.0,0.82,0.78,0.04,9,5,36,-0.04,0.11,2000,20260975
interpolation_minus_alpha0,preference,sample_preference,projector-interp050,vision,projector-interp000,vision,shape,50,41.0,45.0,0.82,0.9,-0.08,0,8,42,-0.13,-0.03,2000,20260976
interpolation_minus_alpha1,preference,sample_preference,projector-interp050,vision,projector-interp100,vision,shape,50,41.0,37.0,0.82,0.74,0.08,8,0,42,0.03,0.14,2000,20260977
interpolation_minus_frozen,preference,mean_margin,projector-interp050,vision,frozen-base,vision,shape,50,304.85937476495747,225.34375235065818,6.097187495299149,4.506875047013164,1.5903124482859858,47,3,0,1.29406247676583,1.9015624486422167,2000,20260978
interpolation_minus_alpha0,preference,mean_margin,projector-interp050,vision,projector-interp000,vision,shape,50,304.85937476495747,307.96874961827416,6.097187495299149,6.159374992365483,-0.06218749706633389,28,22,0,-0.22874997007776984,0.107499978892738,2000,20260979
interpolation_minus_alpha1,preference,mean_margin,projector-interp050,vision,projector-interp100,vision,shape,50,304.85937476495747,247.32812554389238,6.097187495299149,4.946562510877848,1.1506249844213017,40,10,0,0.8262499785900581,1.4881249234953429,2000,20260980
interpolation_minus_frozen,preference,paired_preference,projector-interp050,vision,frozen-base,vision,spatial,50,50.0,13.0,1.0,0.26,0.74,37,0,13,0.6,0.86,2000,20260981
interpolation_minus_alpha0,preference,paired_preference,projector-interp050,vision,projector-interp000,vision,spatial,50,50.0,37.0,1.0,0.74,0.26,13,0,37,0.14,0.38,2000,20260982
interpolation_minus_alpha1,preference,paired_preference,projector-interp050,vision,projector-interp100,vision,spatial,50,50.0,50.0,1.0,1.0,0.0,0,0,50,0.0,0.0,2000,20260983
interpolation_minus_frozen,preference,sample_preference,projector-interp050,vision,frozen-base,vision,spatial,50,50.0,31.5,1.0,0.63,0.37,37,0,13,0.31,0.43,2000,20260984
interpolation_minus_alpha0,preference,sample_preference,projector-interp050,vision,projector-interp000,vision,spatial,50,50.0,43.5,1.0,0.87,0.13,13,0,37,0.07,0.19,2000,20260985
interpolation_minus_alpha1,preference,sample_preference,projector-interp050,vision,projector-interp100,vision,spatial,50,50.0,50.0,1.0,1.0,0.0,0,0,50,0.0,0.0,2000,20260986
interpolation_minus_frozen,preference,mean_margin,projector-interp050,vision,frozen-base,vision,spatial,50,114.94779544323683,7.004206113517284,2.2989559088647367,0.1400841222703457,2.158871786594391,50,0,0,1.8570475155860187,2.464486633092165,2000,20260987
interpolation_minus_alpha0,preference,mean_margin,projector-interp050,vision,projector-interp000,vision,spatial,50,114.94779544323683,48.250350423157215,2.2989559088647367,0.9650070084631444,1.3339489004015923,50,0,0,1.1933026143535972,1.4712074095755816,2000,20260988
interpolation_minus_alpha1,preference,mean_margin,projector-interp050,vision,projector-interp100,vision,spatial,50,114.94779544323683,199.2473962852091,2.2989559088647367,3.984947925704182,-1.6859920168394456,0,50,0,-1.8151619759848108,-1.5549900463392259,2000,20260989
interpolation_minus_frozen,preference,paired_preference,projector-interp075,vision,frozen-base,vision,overall,300,157.0,66.0,0.5233333333333333,0.22,0.30333333333333334,106,15,179,0.24,0.37,2000,20260990
interpolation_minus_alpha0,preference,paired_preference,projector-interp075,vision,projector-interp000,vision,overall,300,157.0,158.0,0.5233333333333333,0.5266666666666666,-0.0033333333333333335,39,40,221,-0.06333333333333334,0.056666666666666664,2000,20260991
interpolation_minus_alpha1,preference,paired_preference,projector-interp075,vision,projector-interp100,vision,overall,300,157.0,155.0,0.5233333333333333,0.5166666666666667,0.006666666666666667,4,2,294,-0.01,0.023333333333333334,2000,20260992
interpolation_minus_frozen,preference,sample_preference,projector-interp075,vision,frozen-base,vision,overall,300,226.5,182.0,0.755,0.6066666666666667,0.14833333333333334,108,19,173,0.115,0.18,2000,20260993
interpolation_minus_alpha0,preference,sample_preference,projector-interp075,vision,projector-interp000,vision,overall,300,226.5,227.5,0.755,0.7583333333333333,-0.0033333333333333335,39,40,221,-0.03333333333333333,0.025,2000,20260994
interpolation_minus_alpha1,preference,sample_preference,projector-interp075,vision,projector-interp100,vision,overall,300,226.5,225.0,0.755,0.75,0.005,5,2,293,-0.0033333333333333335,0.015,2000,20260995
interpolation_minus_frozen,preference,mean_margin,projector-interp075,vision,frozen-base,vision,overall,300,724.310673824894,292.0251442624345,2.4143689127496466,0.9734171475414483,1.4409517652081982,273,26,1,1.2740001735958633,1.6147040923690212,2000,20260996
interpolation_minus_alpha0,preference,mean_margin,projector-interp075,vision,projector-interp000,vision,overall,300,724.310673824894,543.7104052717054,2.4143689127496466,1.8123680175723516,0.602000895177295,238,61,1,0.47685774076198945,0.7222572083234813,2000,20260997
interpolation_minus_alpha1,preference,mean_margin,projector-interp075,vision,projector-interp100,vision,overall,300,724.310673824894,759.686394495463,2.4143689127496466,2.5322879816515433,-0.11791906890189663,89,205,6,-0.17892131008266005,-0.05611270902352407,2000,20260998
interpolation_minus_frozen,preference,paired_preference,projector-interp075,vision,frozen-base,vision,color,50,38.0,11.0,0.76,0.22,0.54,27,0,23,0.4,0.68,2000,20260999
interpolation_minus_alpha0,preference,paired_preference,projector-interp075,vision,projector-interp000,vision,color,50,38.0,29.0,0.76,0.58,0.18,13,4,33,0.02,0.34,2000,20261000
interpolation_minus_alpha1,preference,paired_preference,projector-interp075,vision,projector-interp100,vision,color,50,38.0,37.0,0.76,0.74,0.02,1,0,49,0.0,0.06,2000,20261001
interpolation_minus_frozen,preference,sample_preference,projector-interp075,vision,frozen-base,vision,color,50,44.0,30.5,0.88,0.61,0.27,27,0,23,0.2,0.34,2000,20261002
interpolation_minus_alpha0,preference,sample_preference,projector-interp075,vision,projector-interp000,vision,color,50,44.0,39.5,0.88,0.79,0.09,13,4,33,0.01,0.17,2000,20261003
interpolation_minus_alpha1,preference,sample_preference,projector-interp075,vision,projector-interp100,vision,color,50,44.0,43.5,0.88,0.87,0.01,1,0,49,0.0,0.03,2000,20261004
interpolation_minus_frozen,preference,mean_margin,projector-interp075,vision,frozen-base,vision,color,50,160.2187503936002,30.125000536441803,3.204375007872004,0.6025000107288361,2.601874997143168,50,0,0,2.184999988649506,3.038749964633025,2000,20261005
interpolation_minus_alpha0,preference,mean_margin,projector-interp075,vision,projector-interp000,vision,color,50,160.2187503936002,102.81249975413084,3.204375007872004,2.056249995082617,1.1481250127893872,49,1,0,0.9818750101770274,1.3100000395416282,2000,20261006
interpolation_minus_alpha1,preference,mean_margin,projector-interp075,vision,projector-interp100,vision,color,50,160.2187503936002,180.0000012210803,3.204375007872004,3.600000024421606,-0.39562501654960214,1,49,0,-0.462500038286671,-0.32750000108033417,2000,20261007
interpolation_minus_frozen,preference,paired_preference,projector-interp075,vision,frozen-base,vision,coordinate,50,28.0,1.0,0.56,0.02,0.54,27,0,23,0.4,0.68,2000,20261008
interpolation_minus_alpha0,preference,paired_preference,projector-interp075,vision,projector-interp000,vision,coordinate,50,28.0,22.0,0.56,0.44,0.12,8,2,40,0.0,0.24,2000,20261009
interpolation_minus_alpha1,preference,paired_preference,projector-interp075,vision,projector-interp100,vision,coordinate,50,28.0,27.0,0.56,0.54,0.02,1,0,49,0.0,0.06,2000,20261010
interpolation_minus_frozen,preference,sample_preference,projector-interp075,vision,frozen-base,vision,coordinate,50,39.0,25.5,0.78,0.51,0.27,27,0,23,0.2,0.34,2000,20261011
interpolation_minus_alpha0,preference,sample_preference,projector-interp075,vision,projector-interp000,vision,coordinate,50,39.0,36.0,0.78,0.72,0.06,8,2,40,0.0,0.12,2000,20261012
interpolation_minus_alpha1,preference,sample_preference,projector-interp075,vision,projector-interp100,vision,coordinate,50,39.0,38.5,0.78,0.77,0.01,1,0,49,0.0,0.03,2000,20261013
interpolation_minus_frozen,preference,mean_margin,projector-interp075,vision,frozen-base,vision,coordinate,50,69.90672089159489,3.2378735542297363,1.3981344178318977,0.06475747108459473,1.3333769467473031,50,0,0,1.1038484695553779,1.5708672624826432,2000,20261014
interpolation_minus_alpha0,preference,mean_margin,projector-interp075,vision,projector-interp000,vision,coordinate,50,69.90672089159489,35.5944567322731,1.3981344178318977,0.711889134645462,0.6862452831864357,50,0,0,0.571764552295208,0.8062511256337166,2000,20261015
interpolation_minus_alpha1,preference,mean_margin,projector-interp075,vision,projector-interp100,vision,coordinate,50,69.90672089159489,76.88749706745148,1.3981344178318977,1.5377499413490296,-0.1396155235171318,4,46,0,-0.16746454805135727,-0.1124035182595253,2000,20261016
interpolation_minus_frozen,preference,paired_preference,projector-interp075,vision,frozen-base,vision,count,50,7.0,8.0,0.14,0.16,-0.02,4,5,41,-0.14,0.1,2000,20261017
interpolation_minus_alpha0,preference,paired_preference,projector-interp075,vision,projector-interp000,vision,count,50,7.0,21.0,0.14,0.42,-0.28,1,15,34,-0.42,-0.14,2000,20261018
interpolation_minus_alpha1,preference,paired_preference,projector-interp075,vision,projector-interp100,vision,count,50,7.0,6.0,0.14,0.12,0.02,2,1,47,-0.04,0.1,2000,20261019
interpolation_minus_frozen,preference,sample_preference,projector-interp075,vision,frozen-base,vision,count,50,26.5,28.0,0.53,0.56,-0.03,6,9,35,-0.11,0.04,2000,20261020
interpolation_minus_alpha0,preference,sample_preference,projector-interp075,vision,projector-interp000,vision,count,50,26.5,34.0,0.53,0.68,-0.15,1,15,34,-0.23,-0.08,2000,20261021
interpolation_minus_alpha1,preference,sample_preference,projector-interp075,vision,projector-interp100,vision,count,50,26.5,25.5,0.53,0.51,0.02,3,1,46,-0.02,0.06,2000,20261022
interpolation_minus_frozen,preference,mean_margin,projector-interp075,vision,frozen-base,vision,count,50,18.406250208616257,2.2187501192092896,0.36812500417232513,0.04437500238418579,0.32375000178813934,40,9,1,0.20562499821186064,0.43999999910593035,2000,20261023
interpolation_minus_alpha0,preference,mean_margin,projector-interp075,vision,projector-interp000,vision,count,50,18.406250208616257,18.281249701976776,0.36812500417232513,0.3656249940395355,0.0025000101327896118,31,18,1,-0.0831250023841858,0.08250002473592759,2000,20261024
interpolation_minus_alpha1,preference,mean_margin,projector-interp075,vision,projector-interp100,vision,count,50,18.406250208616257,17.562500208616257,0.36812500417232513,0.35125000417232516,0.016875,24,21,5,-0.007500009834766388,0.04375000506639481,2000,20261025
interpolation_minus_frozen,preference,paired_preference,projector-interp075,vision,frozen-base,vision,ocr,50,10.0,5.0,0.2,0.1,0.1,5,0,45,0.02,0.18,2000,20261026
interpolation_minus_alpha0,preference,paired_preference,projector-interp075,vision,projector-interp000,vision,ocr,50,10.0,9.0,0.2,0.18,0.02,4,3,43,-0.08,0.12,2000,20261027
interpolation_minus_alpha1,preference,paired_preference,projector-interp075,vision,projector-interp100,vision,ocr,50,10.0,11.0,0.2,0.22,-0.02,0,1,49,-0.06,0.0,2000,20261028
interpolation_minus_frozen,preference,sample_preference,projector-interp075,vision,frozen-base,vision,ocr,50,30.0,27.5,0.6,0.55,0.05,5,0,45,0.01,0.1,2000,20261029
interpolation_minus_alpha0,preference,sample_preference,projector-interp075,vision,projector-interp000,vision,ocr,50,30.0,29.5,0.6,0.59,0.01,4,3,43,-0.04,0.06,2000,20261030
interpolation_minus_alpha1,preference,sample_preference,projector-interp075,vision,projector-interp100,vision,ocr,50,30.0,30.5,0.6,0.61,-0.01,0,1,49,-0.03,0.0,2000,20261031
interpolation_minus_frozen,preference,mean_margin,projector-interp075,vision,frozen-base,vision,ocr,50,37.749841707093374,24.095561588378178,0.7549968341418675,0.48191123176756356,0.27308560237430396,47,3,0,0.21305307953698296,0.33625822600864247,2000,20261032
interpolation_minus_alpha0,preference,mean_margin,projector-interp075,vision,projector-interp000,vision,ocr,50,37.749841707093374,30.80309904189337,0.7549968341418675,0.6160619808378673,0.13893485330400016,39,11,0,0.08190487289428706,0.2021170374098278,2000,20261033
interpolation_minus_alpha1,preference,mean_margin,projector-interp075,vision,projector-interp100,vision,ocr,50,37.749841707093374,38.66087416921343,0.7549968341418675,0.7732174833842685,-0.018220649242401105,17,32,1,-0.041652672608693424,0.004942010243733769,2000,20261034
interpolation_minus_frozen,preference,paired_preference,projector-interp075,vision,frozen-base,vision,shape,50,24.0,28.0,0.48,0.56,-0.08,6,10,34,-0.24,0.08,2000,20261035
interpolation_minus_alpha0,preference,paired_preference,projector-interp075,vision,projector-interp000,vision,shape,50,24.0,40.0,0.48,0.8,-0.32,0,16,34,-0.46,-0.2,2000,20261036
interpolation_minus_alpha1,preference,paired_preference,projector-interp075,vision,projector-interp100,vision,shape,50,24.0,24.0,0.48,0.48,0.0,0,0,50,0.0,0.0,2000,20261037
interpolation_minus_frozen,preference,sample_preference,projector-interp075,vision,frozen-base,vision,shape,50,37.0,39.0,0.74,0.78,-0.04,6,10,34,-0.12,0.04,2000,20261038
interpolation_minus_alpha0,preference,sample_preference,projector-interp075,vision,projector-interp000,vision,shape,50,37.0,45.0,0.74,0.9,-0.16,0,16,34,-0.22,-0.1,2000,20261039
interpolation_minus_alpha1,preference,sample_preference,projector-interp075,vision,projector-interp100,vision,shape,50,37.0,37.0,0.74,0.74,0.0,0,0,50,0.0,0.0,2000,20261040
interpolation_minus_frozen,preference,mean_margin,projector-interp075,vision,frozen-base,vision,shape,50,282.0781241348013,225.34375235065818,5.641562482696027,4.506875047013164,1.134687435682863,36,14,0,0.7715624237770681,1.4759374424826819,2000,20261041
interpolation_minus_alpha0,preference,mean_margin,projector-interp075,vision,projector-interp000,vision,shape,50,282.0781241348013,307.96874961827416,5.641562482696027,6.159374992365483,-0.5178125096694566,19,31,0,-0.836875004550675,-0.19937503358814865,2000,20261042
interpolation_minus_alpha1,preference,mean_margin,projector-interp075,vision,projector-interp100,vision,shape,50,282.0781241348013,247.32812554389238,5.641562482696027,4.946562510877848,0.6949999718181789,43,7,0,0.5362499759229832,0.8624999930348713,2000,20261043
interpolation_minus_frozen,preference,paired_preference,projector-interp075,vision,frozen-base,vision,spatial,50,50.0,13.0,1.0,0.26,0.74,37,0,13,0.62,0.86,2000,20261044
interpolation_minus_alpha0,preference,paired_preference,projector-interp075,vision,projector-interp000,vision,spatial,50,50.0,37.0,1.0,0.74,0.26,13,0,37,0.14,0.38,2000,20261045
interpolation_minus_alpha1,preference,paired_preference,projector-interp075,vision,projector-interp100,vision,spatial,50,50.0,50.0,1.0,1.0,0.0,0,0,50,0.0,0.0,2000,20261046
interpolation_minus_frozen,preference,sample_preference,projector-interp075,vision,frozen-base,vision,spatial,50,50.0,31.5,1.0,0.63,0.37,37,0,13,0.31,0.43,2000,20261047
interpolation_minus_alpha0,preference,sample_preference,projector-interp075,vision,projector-interp000,vision,spatial,50,50.0,43.5,1.0,0.87,0.13,13,0,37,0.07,0.19,2000,20261048
interpolation_minus_alpha1,preference,sample_preference,projector-interp075,vision,projector-interp100,vision,spatial,50,50.0,50.0,1.0,1.0,0.0,0,0,50,0.0,0.0,2000,20261049
interpolation_minus_frozen,preference,mean_margin,projector-interp075,vision,frozen-base,vision,spatial,50,155.95098648918793,7.004206113517284,3.1190197297837585,0.1400841222703457,2.978935607513413,50,0,0,2.6639665218628945,3.3089356192108244,2000,20261050
interpolation_minus_alpha0,preference,mean_margin,projector-interp075,vision,projector-interp000,vision,spatial,50,155.95098648918793,48.250350423157215,3.1190197297837585,0.9650070084631444,2.154012721320614,50,0,0,1.992521199453622,2.3337605947814883,2000,20261051
interpolation_minus_alpha1,preference,mean_margin,projector-interp075,vision,projector-interp100,vision,spatial,50,155.95098648918793,199.2473962852091,3.1190197297837585,3.984947925704182,-0.8659281959204236,0,50,0,-0.9463747314515057,-0.7883209607511525,2000,20261052
interpolation_minus_frozen,preference,paired_preference,projector-interp100,vision,frozen-base,vision,overall,300,155.0,66.0,0.5166666666666667,0.22,0.2966666666666667,105,16,179,0.23666666666666666,0.3566666666666667,2000,20261053
interpolation_minus_alpha0,preference,paired_preference,projector-interp100,vision,projector-interp000,vision,overall,300,155.0,158.0,0.5166666666666667,0.5266666666666666,-0.01,38,41,221,-0.06666666666666667,0.05,2000,20261054
interpolation_minus_frozen,preference,sample_preference,projector-interp100,vision,frozen-base,vision,overall,300,225.0,182.0,0.75,0.6066666666666667,0.14333333333333334,106,21,173,0.11,0.17833333333333334,2000,20261055
interpolation_minus_alpha0,preference,sample_preference,projector-interp100,vision,projector-interp000,vision,overall,300,225.0,227.5,0.75,0.7583333333333333,-0.008333333333333333,38,42,220,-0.03833333333333333,0.021666666666666667,2000,20261056
interpolation_minus_frozen,preference,mean_margin,projector-interp100,vision,frozen-base,vision,overall,300,759.686394495463,292.0251442624345,2.5322879816515433,0.9734171475414483,1.558870834110095,263,36,1,1.3516154336487367,1.7618980928304344,2000,20261057
interpolation_minus_alpha0,preference,mean_margin,projector-interp100,vision,projector-interp000,vision,overall,300,759.686394495463,543.7104052717054,2.5322879816515433,1.8123680175723516,0.7199199640791917,233,65,2,0.5402107830765466,0.8954541585006056,2000,20261058
interpolation_minus_frozen,preference,paired_preference,projector-interp100,vision,frozen-base,vision,color,50,37.0,11.0,0.74,0.22,0.52,26,0,24,0.38,0.66,2000,20261059
interpolation_minus_alpha0,preference,paired_preference,projector-interp100,vision,projector-interp000,vision,color,50,37.0,29.0,0.74,0.58,0.16,12,4,34,0.02,0.3,2000,20261060
interpolation_minus_frozen,preference,sample_preference,projector-interp100,vision,frozen-base,vision,color,50,43.5,30.5,0.87,0.61,0.26,26,0,24,0.19,0.33,2000,20261061
interpolation_minus_alpha0,preference,sample_preference,projector-interp100,vision,projector-interp000,vision,color,50,43.5,39.5,0.87,0.79,0.08,12,4,34,0.0,0.16,2000,20261062
interpolation_minus_frozen,preference,mean_margin,projector-interp100,vision,frozen-base,vision,color,50,180.0000012210803,30.125000536441803,3.600000024421606,0.6025000107288361,2.99750001369277,50,0,0,2.556249968158081,3.4587499780394135,2000,20261063
interpolation_minus_alpha0,preference,mean_margin,projector-interp100,vision,projector-interp000,vision,color,50,180.0000012210803,102.81249975413084,3.600000024421606,2.056249995082617,1.5437500293389894,49,1,0,1.3431250101164915,1.751875000258442,2000,20261064
interpolation_minus_frozen,preference,paired_preference,projector-interp100,vision,frozen-base,vision,coordinate,50,27.0,1.0,0.54,0.02,0.52,26,0,24,0.38,0.66,2000,20261065
interpolation_minus_alpha0,preference,paired_preference,projector-interp100,vision,projector-interp000,vision,coordinate,50,27.0,22.0,0.54,0.44,0.1,8,3,39,-0.02,0.24,2000,20261066
interpolation_minus_frozen,preference,sample_preference,projector-interp100,vision,frozen-base,vision,coordinate,50,38.5,25.5,0.77,0.51,0.26,26,0,24,0.19,0.33,2000,20261067
interpolation_minus_alpha0,preference,sample_preference,projector-interp100,vision,projector-interp000,vision,coordinate,50,38.5,36.0,0.77,0.72,0.05,8,3,39,-0.01,0.11,2000,20261068
interpolation_minus_frozen,preference,mean_margin,projector-interp100,vision,frozen-base,vision,coordinate,50,76.88749706745148,3.2378735542297363,1.5377499413490296,0.06475747108459473,1.4729924702644348,50,0,0,1.234382593035698,1.7329369404911994,2000,20261069
interpolation_minus_alpha0,preference,mean_margin,projector-interp100,vision,projector-interp000,vision,coordinate,50,76.88749706745148,35.5944567322731,1.5377499413490296,0.711889134645462,0.8258608067035675,50,0,0,0.6989933609962463,0.9684389281272888,2000,20261070
interpolation_minus_frozen,preference,paired_preference,projector-interp100,vision,frozen-base,vision,count,50,6.0,8.0,0.12,0.16,-0.04,4,6,40,-0.16,0.08,2000,20261071
interpolation_minus_alpha0,preference,paired_preference,projector-interp100,vision,projector-interp000,vision,count,50,6.0,21.0,0.12,0.42,-0.3,0,15,35,-0.44,-0.18,2000,20261072
interpolation_minus_frozen,preference,sample_preference,projector-interp100,vision,frozen-base,vision,count,50,25.5,28.0,0.51,0.56,-0.05,5,11,34,-0.13,0.03,2000,20261073
interpolation_minus_alpha0,preference,sample_preference,projector-interp100,vision,projector-interp000,vision,count,50,25.5,34.0,0.51,0.68,-0.17,0,16,34,-0.24,-0.1,2000,20261074
interpolation_minus_frozen,preference,mean_margin,projector-interp100,vision,frozen-base,vision,count,50,17.562500208616257,2.2187501192092896,0.35125000417232516,0.04437500238418579,0.30687500178813937,38,11,1,0.17062499552965163,0.44249999344348906,2000,20261075
interpolation_minus_alpha0,preference,mean_margin,projector-interp100,vision,projector-interp000,vision,count,50,17.562500208616257,18.281249701976776,0.35125000417232516,0.3656249940395355,-0.014374989867210388,30,18,2,-0.12062499076128005,0.09062502115964889,2000,20261076
interpolation_minus_frozen,preference,paired_preference,projector-interp100,vision,frozen-base,vision,ocr,50,11.0,5.0,0.22,0.1,0.12,6,0,44,0.04,0.22,2000,20261077
interpolation_minus_alpha0,preference,paired_preference,projector-interp100,vision,projector-interp000,vision,ocr,50,11.0,9.0,0.22,0.18,0.04,5,3,42,-0.08,0.16,2000,20261078
interpolation_minus_frozen,preference,sample_preference,projector-interp100,vision,frozen-base,vision,ocr,50,30.5,27.5,0.61,0.55,0.06,6,0,44,0.02,0.11,2000,20261079
interpolation_minus_alpha0,preference,sample_preference,projector-interp100,vision,projector-interp000,vision,ocr,50,30.5,29.5,0.61,0.59,0.02,5,3,42,-0.03,0.07,2000,20261080
interpolation_minus_frozen,preference,mean_margin,projector-interp100,vision,frozen-base,vision,ocr,50,38.66087416921343,24.095561588378178,0.7732174833842685,0.48191123176756356,0.29130625161670504,45,5,0,0.22071857581819807,0.35854318586985273,2000,20261081
interpolation_minus_alpha0,preference,mean_margin,projector-interp100,vision,projector-interp000,vision,ocr,50,38.66087416921343,30.80309904189337,0.7732174833842685,0.6160619808378673,0.15715550254640126,38,12,0,0.08627778114591318,0.22876098426183064,2000,20261082
interpolation_minus_frozen,preference,paired_preference,projector-interp100,vision,frozen-base,vision,shape,50,24.0,28.0,0.48,0.56,-0.08,6,10,34,-0.22,0.08,2000,20261083
interpolation_minus_alpha0,preference,paired_preference,projector-interp100,vision,projector-interp000,vision,shape,50,24.0,40.0,0.48,0.8,-0.32,0,16,34,-0.46,-0.2,2000,20261084
interpolation_minus_frozen,preference,sample_preference,projector-interp100,vision,frozen-base,vision,shape,50,37.0,39.0,0.74,0.78,-0.04,6,10,34,-0.12,0.04,2000,20261085
interpolation_minus_alpha0,preference,sample_preference,projector-interp100,vision,projector-interp000,vision,shape,50,37.0,45.0,0.74,0.9,-0.16,0,16,34,-0.23,-0.1,2000,20261086
interpolation_minus_frozen,preference,mean_margin,projector-interp100,vision,frozen-base,vision,shape,50,247.32812554389238,225.34375235065818,4.946562510877848,4.506875047013164,0.4396874638646841,30,20,0,-0.027187583837658166,0.8981249420228414,2000,20261087
interpolation_minus_alpha0,preference,mean_margin,projector-interp100,vision,projector-interp000,vision,shape,50,247.32812554389238,307.96874961827416,4.946562510877848,6.159374992365483,-1.2128124814876355,16,34,0,-1.6878124885400758,-0.7487499998044223,2000,20261088
interpolation_minus_frozen,preference,paired_preference,projector-interp100,vision,frozen-base,vision,spatial,50,50.0,13.0,1.0,0.26,0.74,37,0,13,0.62,0.86,2000,20261089
interpolation_minus_alpha0,preference,paired_preference,projector-interp100,vision,projector-interp000,vision,spatial,50,50.0,37.0,1.0,0.74,0.26,13,0,37,0.14,0.38,2000,20261090
interpolation_minus_frozen,preference,sample_preference,projector-interp100,vision,frozen-base,vision,spatial,50,50.0,31.5,1.0,0.63,0.37,37,0,13,0.31,0.43,2000,20261091
interpolation_minus_alpha0,preference,sample_preference,projector-interp100,vision,projector-interp000,vision,spatial,50,50.0,43.5,1.0,0.87,0.13,13,0,37,0.07,0.19,2000,20261092
interpolation_minus_frozen,preference,mean_margin,projector-interp100,vision,frozen-base,vision,spatial,50,199.2473962852091,7.004206113517284,3.984947925704182,0.1400841222703457,3.8448638034338365,50,0,0,3.480466127183172,4.18680689772882,2000,20261093
interpolation_minus_alpha0,preference,mean_margin,projector-interp100,vision,projector-interp000,vision,spatial,50,199.2473962852091,48.250350423157215,3.984947925704182,0.9650070084631444,3.019940917241038,50,0,0,2.815948148833704,3.2362204259599094,2000,20261094
vision_minus_shuffle,preference,paired_preference,projector-interp000,vision,projector-interp000,shuffled_image,overall,300,158.0,38.0,0.5266666666666666,0.12666666666666668,0.4,130,10,160,0.34,0.46,2000,20261095
vision_minus_shuffle,preference,sample_preference,projector-interp000,vision,projector-interp000,shuffled_image,overall,300,227.5,134.5,0.7583333333333333,0.4483333333333333,0.31,140,12,148,0.26166666666666666,0.36,2000,20261096
vision_minus_shuffle,preference,mean_margin,projector-interp000,vision,projector-interp000,shuffled_image,overall,300,543.7104052717054,-26.943934770109173,1.8123680175723516,-0.08981311590036391,1.9021811334727154,260,37,3,1.59262148598994,2.2377267323813017,2000,20261097
vision_minus_shuffle,preference,paired_preference,projector-interp000,vision,projector-interp000,shuffled_image,color,50,29.0,8.0,0.58,0.16,0.42,22,1,27,0.28,0.58,2000,20261098
vision_minus_shuffle,preference,sample_preference,projector-interp000,vision,projector-interp000,shuffled_image,color,50,39.5,23.0,0.79,0.46,0.33,25,1,24,0.22,0.44,2000,20261099
vision_minus_shuffle,preference,mean_margin,projector-interp000,vision,projector-interp000,shuffled_image,color,50,102.81249975413084,-6.218749165534973,2.056249995082617,-0.12437498331069946,2.1806249783933165,43,6,1,1.479999982714653,2.9049999739229677,2000,20261100
vision_minus_shuffle,preference,paired_preference,projector-interp000,vision,projector-interp000,shuffled_image,coordinate,50,22.0,8.0,0.44,0.16,0.28,15,1,34,0.14,0.42,2000,20261101
vision_minus_shuffle,preference,sample_preference,projector-interp000,vision,projector-interp000,shuffled_image,coordinate,50,36.0,28.0,0.72,0.56,0.16,16,1,33,0.09,0.24,2000,20261102
vision_minus_shuffle,preference,mean_margin,projector-interp000,vision,projector-interp000,shuffled_image,coordinate,50,35.5944567322731,2.739195689558983,0.711889134645462,0.05478391379117966,0.6571052208542824,43,7,0,0.47273589223623275,0.8630465018749237,2000,20261103
vision_minus_shuffle,preference,paired_preference,projector-interp000,vision,projector-interp000,shuffled_image,count,50,21.0,6.0,0.42,0.12,0.3,18,3,29,0.14,0.46,2000,20261104
vision_minus_shuffle,preference,sample_preference,projector-interp000,vision,projector-interp000,shuffled_image,count,50,34.0,23.0,0.68,0.46,0.22,24,5,21,0.11,0.33,2000,20261105
vision_minus_shuffle,preference,mean_margin,projector-interp000,vision,projector-interp000,shuffled_image,count,50,18.281249701976776,0.06249997019767761,0.3656249940395355,0.0012499994039535522,0.364374994635582,38,10,2,0.2462499940395355,0.49999998450279237,2000,20261106
vision_minus_shuffle,preference,paired_preference,projector-interp000,vision,projector-interp000,shuffled_image,ocr,50,9.0,5.0,0.18,0.1,0.08,7,3,40,-0.04,0.2,2000,20261107
vision_minus_shuffle,preference,sample_preference,projector-interp000,vision,projector-interp000,shuffled_image,ocr,50,29.5,26.5,0.59,0.53,0.06,7,3,40,-0.01,0.14,2000,20261108
vision_minus_shuffle,preference,mean_margin,projector-interp000,vision,projector-interp000,shuffled_image,ocr,50,30.80309904189337,-1.0064349662689922,0.6160619808378673,-0.020128699325379844,0.6361906801632472,40,10,0,0.4047662235895792,0.8802509072621661,2000,20261109
vision_minus_shuffle,preference,paired_preference,projector-interp000,vision,projector-interp000,shuffled_image,shape,50,40.0,11.0,0.8,0.22,0.58,31,2,17,0.42,0.74,2000,20261110
vision_minus_shuffle,preference,sample_preference,projector-interp000,vision,projector-interp000,shuffled_image,shape,50,45.0,27.5,0.9,0.55,0.35,31,2,17,0.25,0.45,2000,20261111
vision_minus_shuffle,preference,mean_margin,projector-interp000,vision,projector-interp000,shuffled_image,shape,50,307.96874961827416,13.187497662962414,6.159374992365483,0.26374995325924827,5.895625039106235,46,4,0,4.796562592729461,7.052812532982789,2000,20261112
vision_minus_shuffle,preference,paired_preference,projector-interp000,vision,projector-interp000,shuffled_image,spatial,50,37.0,0.0,0.74,0.0,0.74,37,0,13,0.62,0.86,2000,20261113
vision_minus_shuffle,preference,sample_preference,projector-interp000,vision,projector-interp000,shuffled_image,spatial,50,43.5,6.5,0.87,0.13,0.74,37,0,13,0.62,0.86,2000,20261114
vision_minus_shuffle,preference,mean_margin,projector-interp000,vision,projector-interp000,shuffled_image,spatial,50,48.250350423157215,-35.707943961024284,0.9650070084631444,-0.7141588792204857,1.67916588768363,50,0,0,1.3113185258209705,2.034860609471798,2000,20261115
vision_minus_shuffle,preference,paired_preference,projector-interp025,vision,projector-interp025,shuffled_image,overall,300,160.0,38.0,0.5333333333333333,0.12666666666666668,0.4066666666666667,133,11,156,0.3433333333333333,0.47,2000,20261116
vision_minus_shuffle,preference,sample_preference,projector-interp025,vision,projector-interp025,shuffled_image,overall,300,228.5,134.0,0.7616666666666667,0.44666666666666666,0.315,142,13,145,0.265,0.36333333333333334,2000,20261117
vision_minus_shuffle,preference,mean_margin,projector-interp025,vision,projector-interp025,shuffled_image,overall,300,614.0376850920729,-46.46250314830935,2.0467922836402432,-0.1548750104943645,2.2016672941346074,257,42,1,1.8753319732866043,2.53487491875296,2000,20261118
vision_minus_shuffle,preference,paired_preference,projector-interp025,vision,projector-interp025,shuffled_image,color,50,30.0,9.0,0.6,0.18,0.42,22,1,27,0.26,0.58,2000,20261119
vision_minus_shuffle,preference,sample_preference,projector-interp025,vision,projector-interp025,shuffled_image,color,50,40.0,23.5,0.8,0.47,0.33,25,1,24,0.23,0.45,2000,20261120
vision_minus_shuffle,preference,mean_margin,projector-interp025,vision,projector-interp025,shuffled_image,color,50,122.40624997299165,-5.6562509983778,2.448124999459833,-0.113125019967556,2.561250019427389,44,5,1,1.7881250231340529,3.3675000339001415,2000,20261121
vision_minus_shuffle,preference,paired_preference,projector-interp025,vision,projector-interp025,shuffled_image,coordinate,50,24.0,6.0,0.48,0.12,0.36,18,0,32,0.24,0.5,2000,20261122
vision_minus_shuffle,preference,sample_preference,projector-interp025,vision,projector-interp025,shuffled_image,coordinate,50,37.0,26.5,0.74,0.53,0.21,19,0,31,0.13,0.29,2000,20261123
vision_minus_shuffle,preference,mean_margin,projector-interp025,vision,projector-interp025,shuffled_image,coordinate,50,46.223488450050354,3.800978660583496,0.9244697690010071,0.07601957321166992,0.8484501957893371,40,10,0,0.6020384541153908,1.1052361288666726,2000,20261124
vision_minus_shuffle,preference,paired_preference,projector-interp025,vision,projector-interp025,shuffled_image,count,50,13.0,7.0,0.26,0.14,0.12,11,5,34,-0.04,0.26,2000,20261125
vision_minus_shuffle,preference,sample_preference,projector-interp025,vision,projector-interp025,shuffled_image,count,50,30.0,24.5,0.6,0.49,0.11,15,7,28,0.01,0.22,2000,20261126
vision_minus_shuffle,preference,mean_margin,projector-interp025,vision,projector-interp025,shuffled_image,count,50,19.374999940395355,-0.21875032782554626,0.3874999988079071,-0.004375006556510925,0.39187500536441805,37,13,0,0.2437500077486038,0.5387500190734863,2000,20261127
vision_minus_shuffle,preference,paired_preference,projector-interp025,vision,projector-interp025,shuffled_image,ocr,50,8.0,5.0,0.16,0.1,0.06,6,3,41,-0.06,0.18,2000,20261128
vision_minus_shuffle,preference,sample_preference,projector-interp025,vision,projector-interp025,shuffled_image,ocr,50,29.0,26.0,0.58,0.52,0.06,7,3,40,-0.01,0.14,2000,20261129
vision_minus_shuffle,preference,mean_margin,projector-interp025,vision,projector-interp025,shuffled_image,ocr,50,34.20308327674866,-0.8384985072272169,0.6840616655349732,-0.016769970144544337,0.7008316356795175,40,10,0,0.44791886938185926,0.9719340819177174,2000,20261130
vision_minus_shuffle,preference,paired_preference,projector-interp025,vision,projector-interp025,shuffled_image,shape,50,35.0,11.0,0.7,0.22,0.48,26,2,22,0.32,0.64,2000,20261131
vision_minus_shuffle,preference,sample_preference,projector-interp025,vision,projector-interp025,shuffled_image,shape,50,42.5,27.0,0.85,0.54,0.31,26,2,22,0.21,0.42,2000,20261132
vision_minus_shuffle,preference,mean_margin,projector-interp025,vision,projector-interp025,shuffled_image,shape,50,313.7656225380488,12.296876272652298,6.275312450760976,0.24593752545304595,6.02937492530793,46,4,0,4.876874862234108,7.27499986454146,2000,20261133
vision_minus_shuffle,preference,paired_preference,projector-interp025,vision,projector-interp025,shuffled_image,spatial,50,50.0,0.0,1.0,0.0,1.0,50,0,0,1.0,1.0,2000,20261134
vision_minus_shuffle,preference,sample_preference,projector-interp025,vision,projector-interp025,shuffled_image,spatial,50,50.0,6.5,1.0,0.13,0.87,50,0,0,0.81,0.93,2000,20261135
vision_minus_shuffle,preference,mean_margin,projector-interp025,vision,projector-interp025,shuffled_image,spatial,50,78.06424091383815,-55.846858248114586,1.561284818276763,-1.1169371649622917,2.678221983239055,50,0,0,2.1643399730324746,3.2048446508497,2000,20261136
vision_minus_shuffle,preference,paired_preference,projector-interp050,vision,projector-interp050,shuffled_image,overall,300,158.0,40.0,0.5266666666666666,0.13333333333333333,0.3933333333333333,129,11,160,0.33,0.45666666666666667,2000,20261137
vision_minus_shuffle,preference,sample_preference,projector-interp050,vision,projector-interp050,shuffled_image,overall,300,227.0,132.0,0.7566666666666667,0.44,0.31666666666666665,143,13,144,0.2683333333333333,0.3616666666666667,2000,20261138
vision_minus_shuffle,preference,mean_margin,projector-interp050,vision,projector-interp050,shuffled_image,overall,300,675.2436724783132,-67.73938657232627,2.250812241594377,-0.22579795524108756,2.476610196835465,255,44,1,2.1348196562163197,2.829858571973138,2000,20261139
vision_minus_shuffle,preference,paired_preference,projector-interp050,vision,projector-interp050,shuffled_image,color,50,34.0,12.0,0.68,0.24,0.44,25,3,22,0.26,0.6,2000,20261140
vision_minus_shuffle,preference,sample_preference,projector-interp050,vision,projector-interp050,shuffled_image,color,50,42.0,23.5,0.84,0.47,0.37,29,3,18,0.25,0.49,2000,20261141
vision_minus_shuffle,preference,mean_margin,projector-interp050,vision,projector-interp050,shuffled_image,color,50,141.71875046030618,-4.343750946223736,2.8343750092061235,-0.08687501892447472,2.9212500281305984,43,6,1,2.0999999900860713,3.8531250483728945,2000,20261142
vision_minus_shuffle,preference,paired_preference,projector-interp050,vision,projector-interp050,shuffled_image,coordinate,50,25.0,7.0,0.5,0.14,0.36,18,0,32,0.24,0.5,2000,20261143
vision_minus_shuffle,preference,sample_preference,projector-interp050,vision,projector-interp050,shuffled_image,coordinate,50,37.5,26.5,0.75,0.53,0.22,20,0,30,0.15,0.3,2000,20261144
vision_minus_shuffle,preference,mean_margin,projector-interp050,vision,projector-interp050,shuffled_image,coordinate,50,58.26451966166496,4.843880712985992,1.1652903932332992,0.09687761425971984,1.0684127789735793,42,8,0,0.7817988041043281,1.3821377584338188,2000,20261145
vision_minus_shuffle,preference,paired_preference,projector-interp050,vision,projector-interp050,shuffled_image,count,50,7.0,7.0,0.14,0.14,0.0,5,5,40,-0.12,0.12,2000,20261146
vision_minus_shuffle,preference,sample_preference,projector-interp050,vision,projector-interp050,shuffled_image,count,50,26.5,22.5,0.53,0.45,0.08,13,7,30,-0.02,0.18,2000,20261147
vision_minus_shuffle,preference,mean_margin,projector-interp050,vision,projector-interp050,shuffled_image,count,50,19.093749701976776,-0.7187499105930328,0.3818749940395355,-0.014374998211860657,0.3962499922513962,35,15,0,0.2243749839067459,0.5724999824166298,2000,20261148
vision_minus_shuffle,preference,paired_preference,projector-interp050,vision,projector-interp050,shuffled_image,ocr,50,10.0,6.0,0.2,0.12,0.08,5,1,44,-0.02,0.18,2000,20261149
vision_minus_shuffle,preference,sample_preference,projector-interp050,vision,projector-interp050,shuffled_image,ocr,50,30.0,27.0,0.6,0.54,0.06,5,1,44,0.0,0.14,2000,20261150
vision_minus_shuffle,preference,mean_margin,projector-interp050,vision,projector-interp050,shuffled_image,ocr,50,36.359482446170986,-0.9392025402614055,0.7271896489234198,-0.01878405080522811,0.745973699728648,39,11,0,0.4787267243067424,1.0605062901178994,2000,20261151
vision_minus_shuffle,preference,paired_preference,projector-interp050,vision,projector-interp050,shuffled_image,shape,50,32.0,8.0,0.64,0.16,0.48,26,2,22,0.32,0.64,2000,20261152
vision_minus_shuffle,preference,sample_preference,projector-interp050,vision,projector-interp050,shuffled_image,shape,50,41.0,26.0,0.82,0.52,0.3,26,2,22,0.2,0.4,2000,20261153
vision_minus_shuffle,preference,mean_margin,projector-interp050,vision,projector-interp050,shuffled_image,shape,50,304.85937476495747,12.578126210602932,6.097187495299149,0.25156252421205866,5.845624971087091,46,4,0,4.796875005991897,7.047499980913708,2000,20261154
vision_minus_shuffle,preference,paired_preference,projector-interp050,vision,projector-interp050,shuffled_image,spatial,50,50.0,0.0,1.0,0.0,1.0,50,0,0,1.0,1.0,2000,20261155
vision_minus_shuffle,preference,sample_preference,projector-interp050,vision,projector-interp050,shuffled_image,spatial,50,50.0,6.5,1.0,0.13,0.87,50,0,0,0.81,0.93,2000,20261156
vision_minus_shuffle,preference,mean_margin,projector-interp050,vision,projector-interp050,shuffled_image,spatial,50,114.94779544323683,-79.15969009883702,2.2989559088647367,-1.5831938019767404,3.882149710841477,50,0,0,3.2201287327706813,4.546553913131357,2000,20261157
vision_minus_shuffle,preference,paired_preference,projector-interp075,vision,projector-interp075,shuffled_image,overall,300,157.0,41.0,0.5233333333333333,0.13666666666666666,0.38666666666666666,126,10,164,0.32666666666666666,0.45,2000,20261158
vision_minus_shuffle,preference,sample_preference,projector-interp075,vision,projector-interp075,shuffled_image,overall,300,226.5,133.5,0.755,0.445,0.31,138,12,150,0.2633333333333333,0.36,2000,20261159
vision_minus_shuffle,preference,mean_margin,projector-interp075,vision,projector-interp075,shuffled_image,overall,300,724.310673824894,-82.12735287727168,2.4143689127496466,-0.27375784292423894,2.6881267556738853,256,42,2,2.324804734865037,3.0463439334147786,2000,20261160
vision_minus_shuffle,preference,paired_preference,projector-interp075,vision,projector-interp075,shuffled_image,color,50,38.0,13.0,0.76,0.26,0.5,27,2,21,0.34,0.66,2000,20261161
vision_minus_shuffle,preference,sample_preference,projector-interp075,vision,projector-interp075,shuffled_image,color,50,44.0,25.5,0.88,0.51,0.37,29,2,19,0.26,0.48,2000,20261162
vision_minus_shuffle,preference,mean_margin,projector-interp075,vision,projector-interp075,shuffled_image,color,50,160.2187503936002,-2.2500012181699276,3.204375007872004,-0.045000024363398554,3.2493750322354025,42,7,1,2.3806250182236544,4.1450000391690995,2000,20261163
vision_minus_shuffle,preference,paired_preference,projector-interp075,vision,projector-interp075,shuffled_image,coordinate,50,28.0,8.0,0.56,0.16,0.4,20,0,30,0.28,0.54,2000,20261164
vision_minus_shuffle,preference,sample_preference,projector-interp075,vision,projector-interp075,shuffled_image,coordinate,50,39.0,26.5,0.78,0.53,0.25,22,0,28,0.17,0.34,2000,20261165
vision_minus_shuffle,preference,mean_margin,projector-interp075,vision,projector-interp075,shuffled_image,coordinate,50,69.90672089159489,6.063781604170799,1.3981344178318977,0.12127563208341599,1.2768587857484817,44,6,0,0.9755862352252006,1.6003394967317581,2000,20261166
vision_minus_shuffle,preference,paired_preference,projector-interp075,vision,projector-interp075,shuffled_image,count,50,7.0,8.0,0.14,0.16,-0.02,6,7,37,-0.18,0.12,2000,20261167
vision_minus_shuffle,preference,sample_preference,projector-interp075,vision,projector-interp075,shuffled_image,count,50,26.5,23.0,0.53,0.46,0.07,14,9,27,-0.03,0.18,2000,20261168
vision_minus_shuffle,preference,mean_margin,projector-interp075,vision,projector-interp075,shuffled_image,count,50,18.406250208616257,-1.312499299645424,0.36812500417232513,-0.026249985992908478,0.3943749901652336,35,14,1,0.19874998778104783,0.6062499845027923,2000,20261169
vision_minus_shuffle,preference,paired_preference,projector-interp075,vision,projector-interp075,shuffled_image,ocr,50,10.0,5.0,0.2,0.1,0.1,5,0,45,0.02,0.18,2000,20261170
vision_minus_shuffle,preference,sample_preference,projector-interp075,vision,projector-interp075,shuffled_image,ocr,50,30.0,26.5,0.6,0.53,0.07,5,0,45,0.02,0.14,2000,20261171
vision_minus_shuffle,preference,mean_margin,projector-interp075,vision,projector-interp075,shuffled_image,ocr,50,37.749841707093374,-0.9531022866566978,0.7549968341418675,-0.019062045733133956,0.7740588798750015,38,12,0,0.48844922844568894,1.100462759517488,2000,20261172
vision_minus_shuffle,preference,paired_preference,projector-interp075,vision,projector-interp075,shuffled_image,shape,50,24.0,7.0,0.48,0.14,0.34,18,1,31,0.2,0.48,2000,20261173
vision_minus_shuffle,preference,sample_preference,projector-interp075,vision,projector-interp075,shuffled_image,shape,50,37.0,25.5,0.74,0.51,0.23,18,1,31,0.13,0.33,2000,20261174
vision_minus_shuffle,preference,mean_margin,projector-interp075,vision,projector-interp075,shuffled_image,shape,50,282.0781241348013,16.578124984633178,5.641562482696027,0.33156249969266355,5.309999983003363,47,3,0,4.325000015331898,6.317812479245476,2000,20261175
vision_minus_shuffle,preference,paired_preference,projector-interp075,vision,projector-interp075,shuffled_image,spatial,50,50.0,0.0,1.0,0.0,1.0,50,0,0,1.0,1.0,2000,20261176
vision_minus_shuffle,preference,sample_preference,projector-interp075,vision,projector-interp075,shuffled_image,spatial,50,50.0,6.5,1.0,0.13,0.87,50,0,0,0.81,0.93,2000,20261177
vision_minus_shuffle,preference,mean_margin,projector-interp075,vision,projector-interp075,shuffled_image,spatial,50,155.95098648918793,-100.2536566616036,3.1190197297837585,-2.005073133232072,5.1240928630158304,50,0,0,4.384092860929668,5.878108332008123,2000,20261178
vision_minus_shuffle,preference,paired_preference,projector-interp100,vision,projector-interp100,shuffled_image,overall,300,155.0,44.0,0.5166666666666667,0.14666666666666667,0.37,124,13,163,0.30666666666666664,0.43333333333333335,2000,20261179
vision_minus_shuffle,preference,sample_preference,projector-interp100,vision,projector-interp100,shuffled_image,overall,300,225.0,132.5,0.75,0.44166666666666665,0.30833333333333335,141,16,143,0.26,0.3566666666666667,2000,20261180
vision_minus_shuffle,preference,mean_margin,projector-interp100,vision,projector-interp100,shuffled_image,overall,300,759.686394495463,-91.41913952703084,2.5322879816515433,-0.30473046509010276,2.837018446741646,259,37,4,2.4816268321960773,3.175771337231642,2000,20261181
vision_minus_shuffle,preference,paired_preference,projector-interp100,vision,projector-interp100,shuffled_image,color,50,37.0,14.0,0.74,0.28,0.46,25,2,23,0.32,0.62,2000,20261182
vision_minus_shuffle,preference,sample_preference,projector-interp100,vision,projector-interp100,shuffled_image,color,50,43.5,25.5,0.87,0.51,0.36,28,2,20,0.25,0.47,2000,20261183
vision_minus_shuffle,preference,mean_margin,projector-interp100,vision,projector-interp100,shuffled_image,color,50,180.0000012210803,0.4999992549419403,3.600000024421606,0.009999985098838806,3.5900000393227676,43,6,1,2.641250030249357,4.510625071045943,2000,20261184
vision_minus_shuffle,preference,paired_preference,projector-interp100,vision,projector-interp100,shuffled_image,coordinate,50,27.0,8.0,0.54,0.16,0.38,19,0,31,0.24,0.52,2000,20261185
vision_minus_shuffle,preference,sample_preference,projector-interp100,vision,projector-interp100,shuffled_image,coordinate,50,38.5,26.0,0.77,0.52,0.25,22,0,28,0.17,0.33,2000,20261186
vision_minus_shuffle,preference,mean_margin,projector-interp100,vision,projector-interp100,shuffled_image,coordinate,50,76.88749706745148,5.277882695198059,1.5377499413490296,0.10555765390396118,1.4321922874450683,46,4,0,1.0953028658032418,1.8002089548110962,2000,20261187
vision_minus_shuffle,preference,paired_preference,projector-interp100,vision,projector-interp100,shuffled_image,count,50,6.0,8.0,0.12,0.16,-0.04,6,8,36,-0.18,0.1,2000,20261188
vision_minus_shuffle,preference,sample_preference,projector-interp100,vision,projector-interp100,shuffled_image,count,50,25.5,22.5,0.51,0.45,0.06,14,11,25,-0.05,0.18,2000,20261189
vision_minus_shuffle,preference,mean_margin,projector-interp100,vision,projector-interp100,shuffled_image,count,50,17.562500208616257,-1.9999999329447746,0.35125000417232516,-0.039999998658895496,0.39125000283122063,33,14,3,0.18187499523162842,0.613750006109476,2000,20261190
vision_minus_shuffle,preference,paired_preference,projector-interp100,vision,projector-interp100,shuffled_image,ocr,50,11.0,6.0,0.22,0.12,0.1,6,1,43,0.0,0.2,2000,20261191
vision_minus_shuffle,preference,sample_preference,projector-interp100,vision,projector-interp100,shuffled_image,ocr,50,30.5,26.0,0.61,0.52,0.09,8,1,41,0.02,0.17,2000,20261192
vision_minus_shuffle,preference,mean_margin,projector-interp100,vision,projector-interp100,shuffled_image,ocr,50,38.66087416921343,-0.894407089551289,0.7732174833842685,-0.01788814179102578,0.7911056251752945,40,10,0,0.5010967359996976,1.1194205632436844,2000,20261193
vision_minus_shuffle,preference,paired_preference,projector-interp100,vision,projector-interp100,shuffled_image,shape,50,24.0,8.0,0.48,0.16,0.32,18,2,30,0.18,0.48,2000,20261194
vision_minus_shuffle,preference,sample_preference,projector-interp100,vision,projector-interp100,shuffled_image,shape,50,37.0,26.0,0.74,0.52,0.22,19,2,29,0.13,0.33,2000,20261195
vision_minus_shuffle,preference,mean_margin,projector-interp100,vision,projector-interp100,shuffled_image,shape,50,247.32812554389238,20.640626314096153,4.946562510877848,0.41281252628192305,4.533749984595925,47,3,0,3.6674999354500324,5.427499995301478,2000,20261196
vision_minus_shuffle,preference,paired_preference,projector-interp100,vision,projector-interp100,shuffled_image,spatial,50,50.0,0.0,1.0,0.0,1.0,50,0,0,1.0,1.0,2000,20261197
vision_minus_shuffle,preference,sample_preference,projector-interp100,vision,projector-interp100,shuffled_image,spatial,50,50.0,6.5,1.0,0.13,0.87,50,0,0,0.81,0.93,2000,20261198
vision_minus_shuffle,preference,mean_margin,projector-interp100,vision,projector-interp100,shuffled_image,spatial,50,199.2473962852091,-114.94324076877092,3.984947925704182,-2.2988648153754183,6.2838127410796005,50,0,0,5.506734648218844,7.062140818529297,2000,20261199
interpolation_minus_frozen,generation,generation_paired,projector-interp000,vision,frozen-base,vision,overall,300,68.0,19.0,0.22666666666666666,0.06333333333333334,0.16333333333333333,51,2,247,0.12,0.20666666666666667,2000,20261200
interpolation_minus_alpha1,generation,generation_paired,projector-interp000,vision,projector-interp100,vision,overall,300,68.0,77.0,0.22666666666666666,0.25666666666666665,-0.03,21,30,249,-0.07666666666666666,0.016666666666666666,2000,20261201
interpolation_minus_frozen,generation,generation_sample,projector-interp000,vision,frozen-base,vision,overall,300,113.0,63.5,0.37666666666666665,0.21166666666666667,0.165,99,10,191,0.13166666666666665,0.19833333333333333,2000,20261202
interpolation_minus_alpha1,generation,generation_sample,projector-interp000,vision,projector-interp100,vision,overall,300,113.0,123.0,0.37666666666666665,0.41,-0.03333333333333333,42,55,203,-0.07166666666666667,0.0033333333333333335,2000,20261203
interpolation_minus_frozen,generation,prediction_flip,projector-interp000,vision,frozen-base,vision,overall,300,218.0,111.0,0.7266666666666667,0.37,0.3566666666666667,116,9,175,0.2966666666666667,0.4166666666666667,2000,20261204
interpolation_minus_alpha1,generation,prediction_flip,projector-interp000,vision,projector-interp100,vision,overall,300,218.0,239.0,0.7266666666666667,0.7966666666666666,-0.07,36,57,207,-0.13333333333333333,-0.006666666666666667,2000,20261205
interpolation_minus_frozen,generation,generation_paired,projector-interp000,vision,frozen-base,vision,color,50,7.0,0.0,0.14,0.0,0.14,7,0,43,0.06,0.24,2000,20261206
interpolation_minus_alpha1,generation,generation_paired,projector-interp000,vision,projector-interp100,vision,color,50,7.0,8.0,0.14,0.16,-0.02,6,7,37,-0.16,0.12,2000,20261207
interpolation_minus_frozen,generation,generation_sample,projector-interp000,vision,frozen-base,vision,color,50,18.5,3.0,0.37,0.06,0.31,24,0,26,0.21,0.41,2000,20261208
interpolation_minus_alpha1,generation,generation_sample,projector-interp000,vision,projector-interp100,vision,color,50,18.5,19.0,0.37,0.38,-0.01,15,13,22,-0.14,0.11,2000,20261209
interpolation_minus_frozen,generation,prediction_flip,projector-interp000,vision,frozen-base,vision,color,50,36.0,11.0,0.72,0.22,0.5,25,0,25,0.36,0.64,2000,20261210
interpolation_minus_alpha1,generation,prediction_flip,projector-interp000,vision,projector-interp100,vision,color,50,36.0,35.0,0.72,0.7,0.02,7,6,37,-0.12,0.16,2000,20261211
interpolation_minus_frozen,generation,generation_paired,projector-interp000,vision,frozen-base,vision,coordinate,50,1.0,0.0,0.02,0.0,0.02,1,0,49,0.0,0.06,2000,20261212
interpolation_minus_alpha1,generation,generation_paired,projector-interp000,vision,projector-interp100,vision,coordinate,50,1.0,12.0,0.02,0.24,-0.22,0,11,39,-0.34,-0.12,2000,20261213
interpolation_minus_frozen,generation,generation_sample,projector-interp000,vision,frozen-base,vision,coordinate,50,8.5,0.0,0.17,0.0,0.17,16,0,34,0.1,0.24,2000,20261214
interpolation_minus_alpha1,generation,generation_sample,projector-interp000,vision,projector-interp100,vision,coordinate,50,8.5,25.5,0.17,0.51,-0.34,0,28,22,-0.44,-0.25,2000,20261215
interpolation_minus_frozen,generation,prediction_flip,projector-interp000,vision,frozen-base,vision,coordinate,50,21.0,0.0,0.42,0.0,0.42,21,0,29,0.28,0.56,2000,20261216
interpolation_minus_alpha1,generation,prediction_flip,projector-interp000,vision,projector-interp100,vision,coordinate,50,21.0,44.0,0.42,0.88,-0.46,1,24,25,-0.62,-0.3,2000,20261217
interpolation_minus_frozen,generation,generation_paired,projector-interp000,vision,frozen-base,vision,count,50,1.0,0.0,0.02,0.0,0.02,1,0,49,0.0,0.06,2000,20261218
interpolation_minus_alpha1,generation,generation_paired,projector-interp000,vision,projector-interp100,vision,count,50,1.0,1.0,0.02,0.02,0.0,1,1,48,-0.06,0.06,2000,20261219
interpolation_minus_frozen,generation,generation_sample,projector-interp000,vision,frozen-base,vision,count,50,10.0,4.0,0.2,0.08,0.12,15,4,31,0.04,0.21,2000,20261220
interpolation_minus_alpha1,generation,generation_sample,projector-interp000,vision,projector-interp100,vision,count,50,10.0,5.5,0.2,0.11,0.09,11,3,36,0.01,0.17,2000,20261221
interpolation_minus_frozen,generation,prediction_flip,projector-interp000,vision,frozen-base,vision,count,50,38.0,15.0,0.76,0.3,0.46,27,4,19,0.26,0.64,2000,20261222
interpolation_minus_alpha1,generation,prediction_flip,projector-interp000,vision,projector-interp100,vision,count,50,38.0,34.0,0.76,0.68,0.08,10,6,34,-0.08,0.24,2000,20261223
interpolation_minus_frozen,generation,generation_paired,projector-interp000,vision,frozen-base,vision,ocr,50,0.0,0.0,0.0,0.0,0.0,0,0,50,0.0,0.0,2000,20261224
interpolation_minus_alpha1,generation,generation_paired,projector-interp000,vision,projector-interp100,vision,ocr,50,0.0,0.0,0.0,0.0,0.0,0,0,50,0.0,0.0,2000,20261225
interpolation_minus_frozen,generation,generation_sample,projector-interp000,vision,frozen-base,vision,ocr,50,0.0,0.0,0.0,0.0,0.0,0,0,50,0.0,0.0,2000,20261226
interpolation_minus_alpha1,generation,generation_sample,projector-interp000,vision,projector-interp100,vision,ocr,50,0.0,0.0,0.0,0.0,0.0,0,0,50,0.0,0.0,2000,20261227
interpolation_minus_frozen,generation,prediction_flip,projector-interp000,vision,frozen-base,vision,ocr,50,40.0,38.0,0.8,0.76,0.04,7,5,38,-0.1,0.18,2000,20261228
interpolation_minus_alpha1,generation,prediction_flip,projector-interp000,vision,projector-interp100,vision,ocr,50,40.0,48.0,0.8,0.96,-0.16,2,10,38,-0.28,-0.04,2000,20261229
interpolation_minus_frozen,generation,generation_paired,projector-interp000,vision,frozen-base,vision,shape,50,20.0,8.0,0.4,0.16,0.24,14,2,34,0.1,0.38,2000,20261230
interpolation_minus_alpha1,generation,generation_paired,projector-interp000,vision,projector-interp100,vision,shape,50,20.0,6.0,0.4,0.12,0.28,14,0,36,0.16,0.42,2000,20261231
interpolation_minus_frozen,generation,generation_sample,projector-interp000,vision,frozen-base,vision,shape,50,31.5,26.0,0.63,0.52,0.11,16,6,28,0.02,0.2,2000,20261232
interpolation_minus_alpha1,generation,generation_sample,projector-interp000,vision,projector-interp100,vision,shape,50,31.5,23.0,0.63,0.46,0.17,16,0,34,0.1,0.24,2000,20261233
interpolation_minus_frozen,generation,prediction_flip,projector-interp000,vision,frozen-base,vision,shape,50,44.0,36.0,0.88,0.72,0.16,8,0,42,0.06,0.28,2000,20261234
interpolation_minus_alpha1,generation,prediction_flip,projector-interp000,vision,projector-interp100,vision,shape,50,44.0,28.0,0.88,0.56,0.32,16,0,34,0.2,0.44,2000,20261235
interpolation_minus_frozen,generation,generation_paired,projector-interp000,vision,frozen-base,vision,spatial,50,39.0,11.0,0.78,0.22,0.56,28,0,22,0.42,0.7,2000,20261236
interpolation_minus_alpha1,generation,generation_paired,projector-interp000,vision,projector-interp100,vision,spatial,50,39.0,50.0,0.78,1.0,-0.22,0,11,39,-0.34,-0.12,2000,20261237
interpolation_minus_frozen,generation,generation_sample,projector-interp000,vision,frozen-base,vision,spatial,50,44.5,30.5,0.89,0.61,0.28,28,0,22,0.21,0.35,2000,20261238
interpolation_minus_alpha1,generation,generation_sample,projector-interp000,vision,projector-interp100,vision,spatial,50,44.5,50.0,0.89,1.0,-0.11,0,11,39,-0.17,-0.06,2000,20261239
interpolation_minus_frozen,generation,prediction_flip,projector-interp000,vision,frozen-base,vision,spatial,50,39.0,11.0,0.78,0.22,0.56,28,0,22,0.42,0.7,2000,20261240
interpolation_minus_alpha1,generation,prediction_flip,projector-interp000,vision,projector-interp100,vision,spatial,50,39.0,50.0,0.78,1.0,-0.22,0,11,39,-0.34,-0.12,2000,20261241
interpolation_minus_frozen,generation,generation_paired,projector-interp025,vision,frozen-base,vision,overall,300,81.0,19.0,0.27,0.06333333333333334,0.20666666666666667,62,0,238,0.16333333333333333,0.25666666666666665,2000,20261242
interpolation_minus_alpha0,generation,generation_paired,projector-interp025,vision,projector-interp000,vision,overall,300,81.0,68.0,0.27,0.22666666666666666,0.043333333333333335,19,6,275,0.01,0.07666666666666666,2000,20261243
interpolation_minus_alpha1,generation,generation_paired,projector-interp025,vision,projector-interp100,vision,overall,300,81.0,77.0,0.27,0.25666666666666665,0.013333333333333334,20,16,264,-0.023333333333333334,0.05333333333333334,2000,20261244
interpolation_minus_frozen,generation,generation_sample,projector-interp025,vision,frozen-base,vision,overall,300,124.0,63.5,0.41333333333333333,0.21166666666666667,0.20166666666666666,116,5,179,0.16833333333333333,0.235,2000,20261245
interpolation_minus_alpha0,generation,generation_sample,projector-interp025,vision,projector-interp000,vision,overall,300,124.0,113.0,0.41333333333333333,0.37666666666666665,0.03666666666666667,40,17,243,0.011666666666666667,0.06166666666666667,2000,20261246
interpolation_minus_alpha1,generation,generation_sample,projector-interp025,vision,projector-interp100,vision,overall,300,124.0,123.0,0.41333333333333333,0.41,0.0033333333333333335,44,37,219,-0.03,0.03833333333333333,2000,20261247
interpolation_minus_frozen,generation,prediction_flip,projector-interp025,vision,frozen-base,vision,overall,300,228.0,111.0,0.76,0.37,0.39,130,13,157,0.3233333333333333,0.45666666666666667,2000,20261248
interpolation_minus_alpha0,generation,prediction_flip,projector-interp025,vision,projector-interp000,vision,overall,300,228.0,218.0,0.76,0.7266666666666667,0.03333333333333333,27,17,256,-0.01,0.07666666666666666,2000,20261249
interpolation_minus_alpha1,generation,prediction_flip,projector-interp025,vision,projector-interp100,vision,overall,300,228.0,239.0,0.76,0.7966666666666666,-0.03666666666666667,28,39,233,-0.09,0.016666666666666666,2000,20261250
interpolation_minus_frozen,generation,generation_paired,projector-interp025,vision,frozen-base,vision,color,50,4.0,0.0,0.08,0.0,0.08,4,0,46,0.02,0.16,2000,20261251
interpolation_minus_alpha0,generation,generation_paired,projector-interp025,vision,projector-interp000,vision,color,50,4.0,7.0,0.08,0.14,-0.06,2,5,43,-0.16,0.04,2000,20261252
interpolation_minus_alpha1,generation,generation_paired,projector-interp025,vision,projector-interp100,vision,color,50,4.0,8.0,0.08,0.16,-0.08,2,6,42,-0.2,0.04,2000,20261253
interpolation_minus_frozen,generation,generation_sample,projector-interp025,vision,frozen-base,vision,color,50,15.5,3.0,0.31,0.06,0.25,21,0,29,0.16,0.34,2000,20261254
interpolation_minus_alpha0,generation,generation_sample,projector-interp025,vision,projector-interp000,vision,color,50,15.5,18.5,0.31,0.37,-0.06,5,9,36,-0.15,0.02,2000,20261255
interpolation_minus_alpha1,generation,generation_sample,projector-interp025,vision,projector-interp100,vision,color,50,15.5,19.0,0.31,0.38,-0.07,11,15,24,-0.19,0.04,2000,20261256
interpolation_minus_frozen,generation,prediction_flip,projector-interp025,vision,frozen-base,vision,color,50,30.0,11.0,0.6,0.22,0.38,19,0,31,0.26,0.52,2000,20261257
interpolation_minus_alpha0,generation,prediction_flip,projector-interp025,vision,projector-interp000,vision,color,50,30.0,36.0,0.6,0.72,-0.12,0,6,44,-0.22,-0.04,2000,20261258
interpolation_minus_alpha1,generation,prediction_flip,projector-interp025,vision,projector-interp100,vision,color,50,30.0,35.0,0.6,0.7,-0.1,6,11,33,-0.26,0.06,2000,20261259
interpolation_minus_frozen,generation,generation_paired,projector-interp025,vision,frozen-base,vision,coordinate,50,5.0,0.0,0.1,0.0,0.1,5,0,45,0.02,0.18,2000,20261260
interpolation_minus_alpha0,generation,generation_paired,projector-interp025,vision,projector-interp000,vision,coordinate,50,5.0,1.0,0.1,0.02,0.08,4,0,46,0.02,0.16,2000,20261261
interpolation_minus_alpha1,generation,generation_paired,projector-interp025,vision,projector-interp100,vision,coordinate,50,5.0,12.0,0.1,0.24,-0.14,2,9,39,-0.26,-0.02,2000,20261262
interpolation_minus_frozen,generation,generation_sample,projector-interp025,vision,frozen-base,vision,coordinate,50,18.0,0.0,0.36,0.0,0.36,31,0,19,0.28,0.44,2000,20261263
interpolation_minus_alpha0,generation,generation_sample,projector-interp025,vision,projector-interp000,vision,coordinate,50,18.0,8.5,0.36,0.17,0.19,18,0,32,0.12,0.27,2000,20261264
interpolation_minus_alpha1,generation,generation_sample,projector-interp025,vision,projector-interp100,vision,coordinate,50,18.0,25.5,0.36,0.51,-0.15,7,19,24,-0.26,-0.04,2000,20261265
interpolation_minus_frozen,generation,prediction_flip,projector-interp025,vision,frozen-base,vision,coordinate,50,31.0,0.0,0.62,0.0,0.62,31,0,19,0.48,0.76,2000,20261266
interpolation_minus_alpha0,generation,prediction_flip,projector-interp025,vision,projector-interp000,vision,coordinate,50,31.0,21.0,0.62,0.42,0.2,10,0,40,0.1,0.32,2000,20261267
interpolation_minus_alpha1,generation,prediction_flip,projector-interp025,vision,projector-interp100,vision,coordinate,50,31.0,44.0,0.62,0.88,-0.26,1,14,35,-0.4,-0.14,2000,20261268
interpolation_minus_frozen,generation,generation_paired,projector-interp025,vision,frozen-base,vision,count,50,0.0,0.0,0.0,0.0,0.0,0,0,50,0.0,0.0,2000,20261269
interpolation_minus_alpha0,generation,generation_paired,projector-interp025,vision,projector-interp000,vision,count,50,0.0,1.0,0.0,0.02,-0.02,0,1,49,-0.06,0.0,2000,20261270
interpolation_minus_alpha1,generation,generation_paired,projector-interp025,vision,projector-interp100,vision,count,50,0.0,1.0,0.0,0.02,-0.02,0,1,49,-0.06,0.0,2000,20261271
interpolation_minus_frozen,generation,generation_sample,projector-interp025,vision,frozen-base,vision,count,50,6.0,4.0,0.12,0.08,0.04,9,5,36,-0.03,0.12,2000,20261272
interpolation_minus_alpha0,generation,generation_sample,projector-interp025,vision,projector-interp000,vision,count,50,6.0,10.0,0.12,0.2,-0.08,0,8,42,-0.13,-0.03,2000,20261273
interpolation_minus_alpha1,generation,generation_sample,projector-interp025,vision,projector-interp100,vision,count,50,6.0,5.5,0.12,0.11,0.01,4,3,43,-0.04,0.06,2000,20261274
interpolation_minus_frozen,generation,prediction_flip,projector-interp025,vision,frozen-base,vision,count,50,34.0,15.0,0.68,0.3,0.38,25,6,19,0.18,0.58,2000,20261275
interpolation_minus_alpha0,generation,prediction_flip,projector-interp025,vision,projector-interp000,vision,count,50,34.0,38.0,0.68,0.76,-0.08,2,6,42,-0.2,0.02,2000,20261276
interpolation_minus_alpha1,generation,prediction_flip,projector-interp025,vision,projector-interp100,vision,count,50,34.0,34.0,0.68,0.68,0.0,7,7,36,-0.14,0.14,2000,20261277
interpolation_minus_frozen,generation,generation_paired,projector-interp025,vision,frozen-base,vision,ocr,50,0.0,0.0,0.0,0.0,0.0,0,0,50,0.0,0.0,2000,20261278
interpolation_minus_alpha0,generation,generation_paired,projector-interp025,vision,projector-interp000,vision,ocr,50,0.0,0.0,0.0,0.0,0.0,0,0,50,0.0,0.0,2000,20261279
interpolation_minus_alpha1,generation,generation_paired,projector-interp025,vision,projector-interp100,vision,ocr,50,0.0,0.0,0.0,0.0,0.0,0,0,50,0.0,0.0,2000,20261280
interpolation_minus_frozen,generation,generation_sample,projector-interp025,vision,frozen-base,vision,ocr,50,0.0,0.0,0.0,0.0,0.0,0,0,50,0.0,0.0,2000,20261281
interpolation_minus_alpha0,generation,generation_sample,projector-interp025,vision,projector-interp000,vision,ocr,50,0.0,0.0,0.0,0.0,0.0,0,0,50,0.0,0.0,2000,20261282
interpolation_minus_alpha1,generation,generation_sample,projector-interp025,vision,projector-interp100,vision,ocr,50,0.0,0.0,0.0,0.0,0.0,0,0,50,0.0,0.0,2000,20261283
interpolation_minus_frozen,generation,prediction_flip,projector-interp025,vision,frozen-base,vision,ocr,50,42.0,38.0,0.84,0.76,0.08,11,7,32,-0.08,0.24,2000,20261284
interpolation_minus_alpha0,generation,prediction_flip,projector-interp025,vision,projector-interp000,vision,ocr,50,42.0,40.0,0.84,0.8,0.04,4,2,44,-0.06,0.14,2000,20261285
interpolation_minus_alpha1,generation,prediction_flip,projector-interp025,vision,projector-interp100,vision,ocr,50,42.0,48.0,0.84,0.96,-0.12,1,7,42,-0.24,-0.02,2000,20261286
interpolation_minus_frozen,generation,generation_paired,projector-interp025,vision,frozen-base,vision,shape,50,22.0,8.0,0.44,0.16,0.28,14,0,36,0.16,0.42,2000,20261287
interpolation_minus_alpha0,generation,generation_paired,projector-interp025,vision,projector-interp000,vision,shape,50,22.0,20.0,0.44,0.4,0.04,2,0,48,0.0,0.1,2000,20261288
interpolation_minus_alpha1,generation,generation_paired,projector-interp025,vision,projector-interp100,vision,shape,50,22.0,6.0,0.44,0.12,0.32,16,0,34,0.2,0.46,2000,20261289
interpolation_minus_frozen,generation,generation_sample,projector-interp025,vision,frozen-base,vision,shape,50,34.5,26.0,0.69,0.52,0.17,16,0,34,0.1,0.24,2000,20261290
interpolation_minus_alpha0,generation,generation_sample,projector-interp025,vision,projector-interp000,vision,shape,50,34.5,31.5,0.69,0.63,0.06,6,0,44,0.02,0.11,2000,20261291
interpolation_minus_alpha1,generation,generation_sample,projector-interp025,vision,projector-interp100,vision,shape,50,34.5,23.0,0.69,0.46,0.23,22,0,28,0.16,0.31,2000,20261292
interpolation_minus_frozen,generation,prediction_flip,projector-interp025,vision,frozen-base,vision,shape,50,41.0,36.0,0.82,0.72,0.1,5,0,45,0.02,0.18,2000,20261293
interpolation_minus_alpha0,generation,prediction_flip,projector-interp025,vision,projector-interp000,vision,shape,50,41.0,44.0,0.82,0.88,-0.06,0,3,47,-0.14,0.0,2000,20261294
interpolation_minus_alpha1,generation,prediction_flip,projector-interp025,vision,projector-interp100,vision,shape,50,41.0,28.0,0.82,0.56,0.26,13,0,37,0.14,0.4,2000,20261295
interpolation_minus_frozen,generation,generation_paired,projector-interp025,vision,frozen-base,vision,spatial,50,50.0,11.0,1.0,0.22,0.78,39,0,11,0.66,0.9,2000,20261296
interpolation_minus_alpha0,generation,generation_paired,projector-interp025,vision,projector-interp000,vision,spatial,50,50.0,39.0,1.0,0.78,0.22,11,0,39,0.12,0.34,2000,20261297
interpolation_minus_alpha1,generation,generation_paired,projector-interp025,vision,projector-interp100,vision,spatial,50,50.0,50.0,1.0,1.0,0.0,0,0,50,0.0,0.0,2000,20261298
interpolation_minus_frozen,generation,generation_sample,projector-interp025,vision,frozen-base,vision,spatial,50,50.0,30.5,1.0,0.61,0.39,39,0,11,0.33,0.45,2000,20261299
interpolation_minus_alpha0,generation,generation_sample,projector-interp025,vision,projector-interp000,vision,spatial,50,50.0,44.5,1.0,0.89,0.11,11,0,39,0.05,0.17,2000,20261300
interpolation_minus_alpha1,generation,generation_sample,projector-interp025,vision,projector-interp100,vision,spatial,50,50.0,50.0,1.0,1.0,0.0,0,0,50,0.0,0.0,2000,20261301
interpolation_minus_frozen,generation,prediction_flip,projector-interp025,vision,frozen-base,vision,spatial,50,50.0,11.0,1.0,0.22,0.78,39,0,11,0.66,0.88,2000,20261302
interpolation_minus_alpha0,generation,prediction_flip,projector-interp025,vision,projector-interp000,vision,spatial,50,50.0,39.0,1.0,0.78,0.22,11,0,39,0.1,0.34,2000,20261303
interpolation_minus_alpha1,generation,prediction_flip,projector-interp025,vision,projector-interp100,vision,spatial,50,50.0,50.0,1.0,1.0,0.0,0,0,50,0.0,0.0,2000,20261304
interpolation_minus_frozen,generation,generation_paired,projector-interp050,vision,frozen-base,vision,overall,300,85.0,19.0,0.2833333333333333,0.06333333333333334,0.22,66,0,234,0.17,0.26666666666666666,2000,20261305
interpolation_minus_alpha0,generation,generation_paired,projector-interp050,vision,projector-interp000,vision,overall,300,85.0,68.0,0.2833333333333333,0.22666666666666666,0.056666666666666664,32,15,253,0.01,0.10333333333333333,2000,20261306
interpolation_minus_alpha1,generation,generation_paired,projector-interp050,vision,projector-interp100,vision,overall,300,85.0,77.0,0.2833333333333333,0.25666666666666665,0.02666666666666667,14,6,280,0.0,0.056666666666666664,2000,20261307
interpolation_minus_frozen,generation,generation_sample,projector-interp050,vision,frozen-base,vision,overall,300,130.5,63.5,0.435,0.21166666666666667,0.22333333333333333,118,4,178,0.18666666666666668,0.26,2000,20261308
interpolation_minus_alpha0,generation,generation_sample,projector-interp050,vision,projector-interp000,vision,overall,300,130.5,113.0,0.435,0.37666666666666665,0.058333333333333334,64,35,201,0.02,0.09833333333333333,2000,20261309
interpolation_minus_alpha1,generation,generation_sample,projector-interp050,vision,projector-interp100,vision,overall,300,130.5,123.0,0.435,0.41,0.025,28,14,258,0.0033333333333333335,0.04666666666666667,2000,20261310
interpolation_minus_frozen,generation,prediction_flip,projector-interp050,vision,frozen-base,vision,overall,300,243.0,111.0,0.81,0.37,0.44,141,9,150,0.38,0.5033333333333333,2000,20261311
interpolation_minus_alpha0,generation,prediction_flip,projector-interp050,vision,projector-interp000,vision,overall,300,243.0,218.0,0.81,0.7266666666666667,0.08333333333333333,53,28,219,0.023333333333333334,0.14,2000,20261312
interpolation_minus_alpha1,generation,prediction_flip,projector-interp050,vision,projector-interp100,vision,overall,300,243.0,239.0,0.81,0.7966666666666666,0.013333333333333334,25,21,254,-0.03,0.056666666666666664,2000,20261313
interpolation_minus_frozen,generation,generation_paired,projector-interp050,vision,frozen-base,vision,color,50,2.0,0.0,0.04,0.0,0.04,2,0,48,0.0,0.1,2000,20261314
interpolation_minus_alpha0,generation,generation_paired,projector-interp050,vision,projector-interp000,vision,color,50,2.0,7.0,0.04,0.14,-0.1,2,7,41,-0.22,0.02,2000,20261315
interpolation_minus_alpha1,generation,generation_paired,projector-interp050,vision,projector-interp100,vision,color,50,2.0,8.0,0.04,0.16,-0.12,0,6,44,-0.22,-0.04,2000,20261316
interpolation_minus_frozen,generation,generation_sample,projector-interp050,vision,frozen-base,vision,color,50,13.5,3.0,0.27,0.06,0.21,19,0,31,0.13,0.29,2000,20261317
interpolation_minus_alpha0,generation,generation_sample,projector-interp050,vision,projector-interp000,vision,color,50,13.5,18.5,0.27,0.37,-0.1,10,17,23,-0.22,0.01,2000,20261318
interpolation_minus_alpha1,generation,generation_sample,projector-interp050,vision,projector-interp100,vision,color,50,13.5,19.0,0.27,0.38,-0.11,3,14,33,-0.19,-0.03,2000,20261319
interpolation_minus_frozen,generation,prediction_flip,projector-interp050,vision,frozen-base,vision,color,50,33.0,11.0,0.66,0.22,0.44,22,0,28,0.3,0.58,2000,20261320
interpolation_minus_alpha0,generation,prediction_flip,projector-interp050,vision,projector-interp000,vision,color,50,33.0,36.0,0.66,0.72,-0.06,7,10,33,-0.22,0.1,2000,20261321
interpolation_minus_alpha1,generation,prediction_flip,projector-interp050,vision,projector-interp100,vision,color,50,33.0,35.0,0.66,0.7,-0.04,5,7,38,-0.18,0.1,2000,20261322
interpolation_minus_frozen,generation,generation_paired,projector-interp050,vision,frozen-base,vision,coordinate,50,17.0,0.0,0.34,0.0,0.34,17,0,33,0.22,0.48,2000,20261323
interpolation_minus_alpha0,generation,generation_paired,projector-interp050,vision,projector-interp000,vision,coordinate,50,17.0,1.0,0.34,0.02,0.32,16,0,34,0.2,0.46,2000,20261324
interpolation_minus_alpha1,generation,generation_paired,projector-interp050,vision,projector-interp100,vision,coordinate,50,17.0,12.0,0.34,0.24,0.1,5,0,45,0.02,0.18,2000,20261325
interpolation_minus_frozen,generation,generation_sample,projector-interp050,vision,frozen-base,vision,coordinate,50,30.5,0.0,0.61,0.0,0.61,44,0,6,0.52,0.7,2000,20261326
interpolation_minus_alpha0,generation,generation_sample,projector-interp050,vision,projector-interp000,vision,coordinate,50,30.5,8.5,0.61,0.17,0.44,34,0,16,0.35,0.54,2000,20261327
interpolation_minus_alpha1,generation,generation_sample,projector-interp050,vision,projector-interp100,vision,coordinate,50,30.5,25.5,0.61,0.51,0.1,10,0,40,0.05,0.16,2000,20261328
interpolation_minus_frozen,generation,prediction_flip,projector-interp050,vision,frozen-base,vision,coordinate,50,43.0,0.0,0.86,0.0,0.86,43,0,7,0.74,0.94,2000,20261329
interpolation_minus_alpha0,generation,prediction_flip,projector-interp050,vision,projector-interp000,vision,coordinate,50,43.0,21.0,0.86,0.42,0.44,22,0,28,0.3,0.58,2000,20261330
interpolation_minus_alpha1,generation,prediction_flip,projector-interp050,vision,projector-interp100,vision,coordinate,50,43.0,44.0,0.86,0.88,-0.02,1,2,47,-0.08,0.04,2000,20261331
interpolation_minus_frozen,generation,generation_paired,projector-interp050,vision,frozen-base,vision,count,50,1.0,0.0,0.02,0.0,0.02,1,0,49,0.0,0.06,2000,20261332
interpolation_minus_alpha0,generation,generation_paired,projector-interp050,vision,projector-interp000,vision,count,50,1.0,1.0,0.02,0.02,0.0,1,1,48,-0.06,0.06,2000,20261333
interpolation_minus_alpha1,generation,generation_paired,projector-interp050,vision,projector-interp100,vision,count,50,1.0,1.0,0.02,0.02,0.0,0,0,50,0.0,0.0,2000,20261334
interpolation_minus_frozen,generation,generation_sample,projector-interp050,vision,frozen-base,vision,count,50,6.5,4.0,0.13,0.08,0.05,9,4,37,-0.02,0.12,2000,20261335
interpolation_minus_alpha0,generation,generation_sample,projector-interp050,vision,projector-interp000,vision,count,50,6.5,10.0,0.13,0.2,-0.07,3,9,38,-0.14,0.0,2000,20261336
interpolation_minus_alpha1,generation,generation_sample,projector-interp050,vision,projector-interp100,vision,count,50,6.5,5.5,0.13,0.11,0.02,2,0,48,0.0,0.05,2000,20261337
interpolation_minus_frozen,generation,prediction_flip,projector-interp050,vision,frozen-base,vision,count,50,32.0,15.0,0.64,0.3,0.34,24,7,19,0.14,0.54,2000,20261338
interpolation_minus_alpha0,generation,prediction_flip,projector-interp050,vision,projector-interp000,vision,count,50,32.0,38.0,0.64,0.76,-0.12,4,10,36,-0.26,0.02,2000,20261339
interpolation_minus_alpha1,generation,prediction_flip,projector-interp050,vision,projector-interp100,vision,count,50,32.0,34.0,0.64,0.68,-0.04,5,7,38,-0.18,0.1,2000,20261340
interpolation_minus_frozen,generation,generation_paired,projector-interp050,vision,frozen-base,vision,ocr,50,0.0,0.0,0.0,0.0,0.0,0,0,50,0.0,0.0,2000,20261341
interpolation_minus_alpha0,generation,generation_paired,projector-interp050,vision,projector-interp000,vision,ocr,50,0.0,0.0,0.0,0.0,0.0,0,0,50,0.0,0.0,2000,20261342
interpolation_minus_alpha1,generation,generation_paired,projector-interp050,vision,projector-interp100,vision,ocr,50,0.0,0.0,0.0,0.0,0.0,0,0,50,0.0,0.0,2000,20261343
interpolation_minus_frozen,generation,generation_sample,projector-interp050,vision,frozen-base,vision,ocr,50,0.0,0.0,0.0,0.0,0.0,0,0,50,0.0,0.0,2000,20261344
interpolation_minus_alpha0,generation,generation_sample,projector-interp050,vision,projector-interp000,vision,ocr,50,0.0,0.0,0.0,0.0,0.0,0,0,50,0.0,0.0,2000,20261345
interpolation_minus_alpha1,generation,generation_sample,projector-interp050,vision,projector-interp100,vision,ocr,50,0.0,0.0,0.0,0.0,0.0,0,0,50,0.0,0.0,2000,20261346
interpolation_minus_frozen,generation,prediction_flip,projector-interp050,vision,frozen-base,vision,ocr,50,47.0,38.0,0.94,0.76,0.18,11,2,37,0.04,0.32,2000,20261347
interpolation_minus_alpha0,generation,prediction_flip,projector-interp050,vision,projector-interp000,vision,ocr,50,47.0,40.0,0.94,0.8,0.14,9,2,39,0.02,0.28,2000,20261348
interpolation_minus_alpha1,generation,prediction_flip,projector-interp050,vision,projector-interp100,vision,ocr,50,47.0,48.0,0.94,0.96,-0.02,1,2,47,-0.1,0.04,2000,20261349
interpolation_minus_frozen,generation,generation_paired,projector-interp050,vision,frozen-base,vision,shape,50,15.0,8.0,0.3,0.16,0.14,7,0,43,0.06,0.24,2000,20261350
interpolation_minus_alpha0,generation,generation_paired,projector-interp050,vision,projector-interp000,vision,shape,50,15.0,20.0,0.3,0.4,-0.1,2,7,41,-0.22,0.02,2000,20261351
interpolation_minus_alpha1,generation,generation_paired,projector-interp050,vision,projector-interp100,vision,shape,50,15.0,6.0,0.3,0.12,0.18,9,0,41,0.08,0.3,2000,20261352
interpolation_minus_frozen,generation,generation_sample,projector-interp050,vision,frozen-base,vision,shape,50,30.0,26.0,0.6,0.52,0.08,7,0,43,0.03,0.14,2000,20261353
interpolation_minus_alpha0,generation,generation_sample,projector-interp050,vision,projector-interp000,vision,shape,50,30.0,31.5,0.6,0.63,-0.03,6,9,35,-0.11,0.05,2000,20261354
interpolation_minus_alpha1,generation,generation_sample,projector-interp050,vision,projector-interp100,vision,shape,50,30.0,23.0,0.6,0.46,0.14,13,0,37,0.07,0.21,2000,20261355
interpolation_minus_frozen,generation,prediction_flip,projector-interp050,vision,frozen-base,vision,shape,50,38.0,36.0,0.76,0.72,0.04,2,0,48,0.0,0.1,2000,20261356
interpolation_minus_alpha0,generation,prediction_flip,projector-interp050,vision,projector-interp000,vision,shape,50,38.0,44.0,0.76,0.88,-0.12,0,6,44,-0.22,-0.04,2000,20261357
interpolation_minus_alpha1,generation,prediction_flip,projector-interp050,vision,projector-interp100,vision,shape,50,38.0,28.0,0.76,0.56,0.2,13,3,34,0.06,0.36,2000,20261358
interpolation_minus_frozen,generation,generation_paired,projector-interp050,vision,frozen-base,vision,spatial,50,50.0,11.0,1.0,0.22,0.78,39,0,11,0.66,0.88,2000,20261359
interpolation_minus_alpha0,generation,generation_paired,projector-interp050,vision,projector-interp000,vision,spatial,50,50.0,39.0,1.0,0.78,0.22,11,0,39,0.12,0.34,2000,20261360
interpolation_minus_alpha1,generation,generation_paired,projector-interp050,vision,projector-interp100,vision,spatial,50,50.0,50.0,1.0,1.0,0.0,0,0,50,0.0,0.0,2000,20261361
interpolation_minus_frozen,generation,generation_sample,projector-interp050,vision,frozen-base,vision,spatial,50,50.0,30.5,1.0,0.61,0.39,39,0,11,0.33,0.44,2000,20261362
interpolation_minus_alpha0,generation,generation_sample,projector-interp050,vision,projector-interp000,vision,spatial,50,50.0,44.5,1.0,0.89,0.11,11,0,39,0.06,0.17,2000,20261363
interpolation_minus_alpha1,generation,generation_sample,projector-interp050,vision,projector-interp100,vision,spatial,50,50.0,50.0,1.0,1.0,0.0,0,0,50,0.0,0.0,2000,20261364
interpolation_minus_frozen,generation,prediction_flip,projector-interp050,vision,frozen-base,vision,spatial,50,50.0,11.0,1.0,0.22,0.78,39,0,11,0.66,0.9,2000,20261365
interpolation_minus_alpha0,generation,prediction_flip,projector-interp050,vision,projector-interp000,vision,spatial,50,50.0,39.0,1.0,0.78,0.22,11,0,39,0.1,0.34,2000,20261366
interpolation_minus_alpha1,generation,prediction_flip,projector-interp050,vision,projector-interp100,vision,spatial,50,50.0,50.0,1.0,1.0,0.0,0,0,50,0.0,0.0,2000,20261367
interpolation_minus_frozen,generation,generation_paired,projector-interp075,vision,frozen-base,vision,overall,300,82.0,19.0,0.2733333333333333,0.06333333333333334,0.21,65,2,233,0.16666666666666666,0.26,2000,20261368
interpolation_minus_alpha0,generation,generation_paired,projector-interp075,vision,projector-interp000,vision,overall,300,82.0,68.0,0.2733333333333333,0.22666666666666666,0.04666666666666667,36,22,242,-0.0033333333333333335,0.09333333333333334,2000,20261369
interpolation_minus_alpha1,generation,generation_paired,projector-interp075,vision,projector-interp100,vision,overall,300,82.0,77.0,0.2733333333333333,0.25666666666666665,0.016666666666666666,7,2,291,-0.0033333333333333335,0.03666666666666667,2000,20261370
interpolation_minus_frozen,generation,generation_sample,projector-interp075,vision,frozen-base,vision,overall,300,128.5,63.5,0.42833333333333334,0.21166666666666667,0.21666666666666667,117,10,173,0.17666666666666667,0.25333333333333335,2000,20261371
interpolation_minus_alpha0,generation,generation_sample,projector-interp075,vision,projector-interp000,vision,overall,300,128.5,113.0,0.42833333333333334,0.37666666666666665,0.051666666666666666,62,41,197,0.011666666666666667,0.09166666666666666,2000,20261372
interpolation_minus_alpha1,generation,generation_sample,projector-interp075,vision,projector-interp100,vision,overall,300,128.5,123.0,0.42833333333333334,0.41,0.018333333333333333,16,5,279,0.0033333333333333335,0.03333333333333333,2000,20261373
interpolation_minus_frozen,generation,prediction_flip,projector-interp075,vision,frozen-base,vision,overall,300,244.0,111.0,0.8133333333333334,0.37,0.44333333333333336,143,10,147,0.38,0.51,2000,20261374
interpolation_minus_alpha0,generation,prediction_flip,projector-interp075,vision,projector-interp000,vision,overall,300,244.0,218.0,0.8133333333333334,0.7266666666666667,0.08666666666666667,52,26,222,0.03,0.14333333333333334,2000,20261375
interpolation_minus_alpha1,generation,prediction_flip,projector-interp075,vision,projector-interp100,vision,overall,300,244.0,239.0,0.8133333333333334,0.7966666666666666,0.016666666666666666,23,18,259,-0.023333333333333334,0.056666666666666664,2000,20261376
interpolation_minus_frozen,generation,generation_paired,projector-interp075,vision,frozen-base,vision,color,50,8.0,0.0,0.16,0.0,0.16,8,0,42,0.06,0.28,2000,20261377
interpolation_minus_alpha0,generation,generation_paired,projector-interp075,vision,projector-interp000,vision,color,50,8.0,7.0,0.16,0.14,0.02,8,7,35,-0.14,0.18,2000,20261378
interpolation_minus_alpha1,generation,generation_paired,projector-interp075,vision,projector-interp100,vision,color,50,8.0,8.0,0.16,0.16,0.0,2,2,46,-0.08,0.08,2000,20261379
interpolation_minus_frozen,generation,generation_sample,projector-interp075,vision,frozen-base,vision,color,50,19.0,3.0,0.38,0.06,0.32,26,0,24,0.23,0.42,2000,20261380
interpolation_minus_alpha0,generation,generation_sample,projector-interp075,vision,projector-interp000,vision,color,50,19.0,18.5,0.38,0.37,0.01,14,15,21,-0.11,0.13,2000,20261381
interpolation_minus_alpha1,generation,generation_sample,projector-interp075,vision,projector-interp100,vision,color,50,19.0,19.0,0.38,0.38,0.0,5,5,40,-0.06,0.06,2000,20261382
interpolation_minus_frozen,generation,prediction_flip,projector-interp075,vision,frozen-base,vision,color,50,37.0,11.0,0.74,0.22,0.52,26,0,24,0.38,0.66,2000,20261383
interpolation_minus_alpha0,generation,prediction_flip,projector-interp075,vision,projector-interp000,vision,color,50,37.0,36.0,0.74,0.72,0.02,7,6,37,-0.12,0.16,2000,20261384
interpolation_minus_alpha1,generation,prediction_flip,projector-interp075,vision,projector-interp100,vision,color,50,37.0,35.0,0.74,0.7,0.04,5,3,42,-0.06,0.16,2000,20261385
interpolation_minus_frozen,generation,generation_paired,projector-interp075,vision,frozen-base,vision,coordinate,50,17.0,0.0,0.34,0.0,0.34,17,0,33,0.22,0.46,2000,20261386
interpolation_minus_alpha0,generation,generation_paired,projector-interp075,vision,projector-interp000,vision,coordinate,50,17.0,1.0,0.34,0.02,0.32,16,0,34,0.2,0.46,2000,20261387
interpolation_minus_alpha1,generation,generation_paired,projector-interp075,vision,projector-interp100,vision,coordinate,50,17.0,12.0,0.34,0.24,0.1,5,0,45,0.02,0.18,2000,20261388
interpolation_minus_frozen,generation,generation_sample,projector-interp075,vision,frozen-base,vision,coordinate,50,30.5,0.0,0.61,0.0,0.61,44,0,6,0.52,0.7,2000,20261389
interpolation_minus_alpha0,generation,generation_sample,projector-interp075,vision,projector-interp000,vision,coordinate,50,30.5,8.5,0.61,0.17,0.44,34,0,16,0.34,0.54,2000,20261390
interpolation_minus_alpha1,generation,generation_sample,projector-interp075,vision,projector-interp100,vision,coordinate,50,30.5,25.5,0.61,0.51,0.1,10,0,40,0.05,0.16,2000,20261391
interpolation_minus_frozen,generation,prediction_flip,projector-interp075,vision,frozen-base,vision,coordinate,50,43.0,0.0,0.86,0.0,0.86,43,0,7,0.76,0.94,2000,20261392
interpolation_minus_alpha0,generation,prediction_flip,projector-interp075,vision,projector-interp000,vision,coordinate,50,43.0,21.0,0.86,0.42,0.44,22,0,28,0.3,0.58,2000,20261393
interpolation_minus_alpha1,generation,prediction_flip,projector-interp075,vision,projector-interp100,vision,coordinate,50,43.0,44.0,0.86,0.88,-0.02,1,2,47,-0.1,0.04,2000,20261394
interpolation_minus_frozen,generation,generation_paired,projector-interp075,vision,frozen-base,vision,count,50,1.0,0.0,0.02,0.0,0.02,1,0,49,0.0,0.06,2000,20261395
interpolation_minus_alpha0,generation,generation_paired,projector-interp075,vision,projector-interp000,vision,count,50,1.0,1.0,0.02,0.02,0.0,1,1,48,-0.06,0.06,2000,20261396
interpolation_minus_alpha1,generation,generation_paired,projector-interp075,vision,projector-interp100,vision,count,50,1.0,1.0,0.02,0.02,0.0,0,0,50,0.0,0.0,2000,20261397
interpolation_minus_frozen,generation,generation_sample,projector-interp075,vision,frozen-base,vision,count,50,6.0,4.0,0.12,0.08,0.04,8,4,38,-0.02,0.11,2000,20261398
interpolation_minus_alpha0,generation,generation_sample,projector-interp075,vision,projector-interp000,vision,count,50,6.0,10.0,0.12,0.2,-0.08,3,10,37,-0.15,0.0,2000,20261399
interpolation_minus_alpha1,generation,generation_sample,projector-interp075,vision,projector-interp100,vision,count,50,6.0,5.5,0.12,0.11,0.01,1,0,49,0.0,0.03,2000,20261400
interpolation_minus_frozen,generation,prediction_flip,projector-interp075,vision,frozen-base,vision,count,50,27.0,15.0,0.54,0.3,0.24,19,7,24,0.04,0.42,2000,20261401
interpolation_minus_alpha0,generation,prediction_flip,projector-interp075,vision,projector-interp000,vision,count,50,27.0,38.0,0.54,0.76,-0.22,2,13,35,-0.36,-0.08,2000,20261402
interpolation_minus_alpha1,generation,prediction_flip,projector-interp075,vision,projector-interp100,vision,count,50,27.0,34.0,0.54,0.68,-0.14,3,10,37,-0.28,0.0,2000,20261403
interpolation_minus_frozen,generation,generation_paired,projector-interp075,vision,frozen-base,vision,ocr,50,0.0,0.0,0.0,0.0,0.0,0,0,50,0.0,0.0,2000,20261404
interpolation_minus_alpha0,generation,generation_paired,projector-interp075,vision,projector-interp000,vision,ocr,50,0.0,0.0,0.0,0.0,0.0,0,0,50,0.0,0.0,2000,20261405
interpolation_minus_alpha1,generation,generation_paired,projector-interp075,vision,projector-interp100,vision,ocr,50,0.0,0.0,0.0,0.0,0.0,0,0,50,0.0,0.0,2000,20261406
interpolation_minus_frozen,generation,generation_sample,projector-interp075,vision,frozen-base,vision,ocr,50,0.0,0.0,0.0,0.0,0.0,0,0,50,0.0,0.0,2000,20261407
interpolation_minus_alpha0,generation,generation_sample,projector-interp075,vision,projector-interp000,vision,ocr,50,0.0,0.0,0.0,0.0,0.0,0,0,50,0.0,0.0,2000,20261408
interpolation_minus_alpha1,generation,generation_sample,projector-interp075,vision,projector-interp100,vision,ocr,50,0.0,0.0,0.0,0.0,0.0,0,0,50,0.0,0.0,2000,20261409
interpolation_minus_frozen,generation,prediction_flip,projector-interp075,vision,frozen-base,vision,ocr,50,50.0,38.0,1.0,0.76,0.24,12,0,38,0.12,0.36,2000,20261410
interpolation_minus_alpha0,generation,prediction_flip,projector-interp075,vision,projector-interp000,vision,ocr,50,50.0,40.0,1.0,0.8,0.2,10,0,40,0.1,0.32,2000,20261411
interpolation_minus_alpha1,generation,prediction_flip,projector-interp075,vision,projector-interp100,vision,ocr,50,50.0,48.0,1.0,0.96,0.04,2,0,48,0.0,0.1,2000,20261412
interpolation_minus_frozen,generation,generation_paired,projector-interp075,vision,frozen-base,vision,shape,50,6.0,8.0,0.12,0.16,-0.04,0,2,48,-0.1,0.0,2000,20261413
interpolation_minus_alpha0,generation,generation_paired,projector-interp075,vision,projector-interp000,vision,shape,50,6.0,20.0,0.12,0.4,-0.28,0,14,36,-0.42,-0.16,2000,20261414
interpolation_minus_alpha1,generation,generation_paired,projector-interp075,vision,projector-interp100,vision,shape,50,6.0,6.0,0.12,0.12,0.0,0,0,50,0.0,0.0,2000,20261415
interpolation_minus_frozen,generation,generation_sample,projector-interp075,vision,frozen-base,vision,shape,50,23.0,26.0,0.46,0.52,-0.06,0,6,44,-0.11,-0.02,2000,20261416
interpolation_minus_alpha0,generation,generation_sample,projector-interp075,vision,projector-interp000,vision,shape,50,23.0,31.5,0.46,0.63,-0.17,0,16,34,-0.24,-0.1,2000,20261417
interpolation_minus_alpha1,generation,generation_sample,projector-interp075,vision,projector-interp100,vision,shape,50,23.0,23.0,0.46,0.46,0.0,0,0,50,0.0,0.0,2000,20261418
interpolation_minus_frozen,generation,prediction_flip,projector-interp075,vision,frozen-base,vision,shape,50,37.0,36.0,0.74,0.72,0.02,4,3,43,-0.08,0.12,2000,20261419
interpolation_minus_alpha0,generation,prediction_flip,projector-interp075,vision,projector-interp000,vision,shape,50,37.0,44.0,0.74,0.88,-0.14,0,7,43,-0.24,-0.06,2000,20261420
interpolation_minus_alpha1,generation,prediction_flip,projector-interp075,vision,projector-interp100,vision,shape,50,37.0,28.0,0.74,0.56,0.18,12,3,35,0.04,0.32,2000,20261421
interpolation_minus_frozen,generation,generation_paired,projector-interp075,vision,frozen-base,vision,spatial,50,50.0,11.0,1.0,0.22,0.78,39,0,11,0.66,0.88,2000,20261422
interpolation_minus_alpha0,generation,generation_paired,projector-interp075,vision,projector-interp000,vision,spatial,50,50.0,39.0,1.0,0.78,0.22,11,0,39,0.12,0.34,2000,20261423
interpolation_minus_alpha1,generation,generation_paired,projector-interp075,vision,projector-interp100,vision,spatial,50,50.0,50.0,1.0,1.0,0.0,0,0,50,0.0,0.0,2000,20261424
interpolation_minus_frozen,generation,generation_sample,projector-interp075,vision,frozen-base,vision,spatial,50,50.0,30.5,1.0,0.61,0.39,39,0,11,0.33,0.44,2000,20261425
interpolation_minus_alpha0,generation,generation_sample,projector-interp075,vision,projector-interp000,vision,spatial,50,50.0,44.5,1.0,0.89,0.11,11,0,39,0.05,0.17,2000,20261426
interpolation_minus_alpha1,generation,generation_sample,projector-interp075,vision,projector-interp100,vision,spatial,50,50.0,50.0,1.0,1.0,0.0,0,0,50,0.0,0.0,2000,20261427
interpolation_minus_frozen,generation,prediction_flip,projector-interp075,vision,frozen-base,vision,spatial,50,50.0,11.0,1.0,0.22,0.78,39,0,11,0.66,0.88,2000,20261428
interpolation_minus_alpha0,generation,prediction_flip,projector-interp075,vision,projector-interp000,vision,spatial,50,50.0,39.0,1.0,0.78,0.22,11,0,39,0.12,0.34,2000,20261429
interpolation_minus_alpha1,generation,prediction_flip,projector-interp075,vision,projector-interp100,vision,spatial,50,50.0,50.0,1.0,1.0,0.0,0,0,50,0.0,0.0,2000,20261430
interpolation_minus_frozen,generation,generation_paired,projector-interp100,vision,frozen-base,vision,overall,300,77.0,19.0,0.25666666666666665,0.06333333333333334,0.19333333333333333,60,2,238,0.14666666666666667,0.24333333333333335,2000,20261431
interpolation_minus_alpha0,generation,generation_paired,projector-interp100,vision,projector-interp000,vision,overall,300,77.0,68.0,0.25666666666666665,0.22666666666666666,0.03,30,21,249,-0.016666666666666666,0.07666666666666666,2000,20261432
interpolation_minus_frozen,generation,generation_sample,projector-interp100,vision,frozen-base,vision,overall,300,123.0,63.5,0.41,0.21166666666666667,0.19833333333333333,112,13,175,0.15833333333333333,0.23666666666666666,2000,20261433
interpolation_minus_alpha0,generation,generation_sample,projector-interp100,vision,projector-interp000,vision,overall,300,123.0,113.0,0.41,0.37666666666666665,0.03333333333333333,55,42,203,-0.005,0.07166666666666667,2000,20261434
interpolation_minus_frozen,generation,prediction_flip,projector-interp100,vision,frozen-base,vision,overall,300,239.0,111.0,0.7966666666666666,0.37,0.4266666666666667,147,19,134,0.3566666666666667,0.5,2000,20261435
interpolation_minus_alpha0,generation,prediction_flip,projector-interp100,vision,projector-interp000,vision,overall,300,239.0,218.0,0.7966666666666666,0.7266666666666667,0.07,57,36,207,0.006666666666666667,0.13333333333333333,2000,20261436
interpolation_minus_frozen,generation,generation_paired,projector-interp100,vision,frozen-base,vision,color,50,8.0,0.0,0.16,0.0,0.16,8,0,42,0.06,0.26,2000,20261437
interpolation_minus_alpha0,generation,generation_paired,projector-interp100,vision,projector-interp000,vision,color,50,8.0,7.0,0.16,0.14,0.02,7,6,37,-0.12,0.16,2000,20261438
interpolation_minus_frozen,generation,generation_sample,projector-interp100,vision,frozen-base,vision,color,50,19.0,3.0,0.38,0.06,0.32,27,3,20,0.21,0.43,2000,20261439
interpolation_minus_alpha0,generation,generation_sample,projector-interp100,vision,projector-interp000,vision,color,50,19.0,18.5,0.38,0.37,0.01,13,15,22,-0.11,0.14,2000,20261440
interpolation_minus_frozen,generation,prediction_flip,projector-interp100,vision,frozen-base,vision,color,50,35.0,11.0,0.7,0.22,0.48,26,2,22,0.32,0.64,2000,20261441
interpolation_minus_alpha0,generation,prediction_flip,projector-interp100,vision,projector-interp000,vision,color,50,35.0,36.0,0.7,0.72,-0.02,6,7,37,-0.16,0.12,2000,20261442
interpolation_minus_frozen,generation,generation_paired,projector-interp100,vision,frozen-base,vision,coordinate,50,12.0,0.0,0.24,0.0,0.24,12,0,38,0.12,0.36,2000,20261443
interpolation_minus_alpha0,generation,generation_paired,projector-interp100,vision,projector-interp000,vision,coordinate,50,12.0,1.0,0.24,0.02,0.22,11,0,39,0.1,0.34,2000,20261444
interpolation_minus_frozen,generation,generation_sample,projector-interp100,vision,frozen-base,vision,coordinate,50,25.5,0.0,0.51,0.0,0.51,39,0,11,0.42,0.6,2000,20261445
interpolation_minus_alpha0,generation,generation_sample,projector-interp100,vision,projector-interp000,vision,coordinate,50,25.5,8.5,0.51,0.17,0.34,28,0,22,0.25,0.43,2000,20261446
interpolation_minus_frozen,generation,prediction_flip,projector-interp100,vision,frozen-base,vision,coordinate,50,44.0,0.0,0.88,0.0,0.88,44,0,6,0.78,0.96,2000,20261447
interpolation_minus_alpha0,generation,prediction_flip,projector-interp100,vision,projector-interp000,vision,coordinate,50,44.0,21.0,0.88,0.42,0.46,24,1,25,0.3,0.6,2000,20261448
interpolation_minus_frozen,generation,generation_paired,projector-interp100,vision,frozen-base,vision,count,50,1.0,0.0,0.02,0.0,0.02,1,0,49,0.0,0.06,2000,20261449
interpolation_minus_alpha0,generation,generation_paired,projector-interp100,vision,projector-interp000,vision,count,50,1.0,1.0,0.02,0.02,0.0,1,1,48,-0.06,0.06,2000,20261450
interpolation_minus_frozen,generation,generation_sample,projector-interp100,vision,frozen-base,vision,count,50,5.5,4.0,0.11,0.08,0.03,7,4,39,-0.03,0.1,2000,20261451
interpolation_minus_alpha0,generation,generation_sample,projector-interp100,vision,projector-interp000,vision,count,50,5.5,10.0,0.11,0.2,-0.09,3,11,36,-0.17,-0.02,2000,20261452
interpolation_minus_frozen,generation,prediction_flip,projector-interp100,vision,frozen-base,vision,count,50,34.0,15.0,0.68,0.3,0.38,23,4,23,0.2,0.54,2000,20261453
interpolation_minus_alpha0,generation,prediction_flip,projector-interp100,vision,projector-interp000,vision,count,50,34.0,38.0,0.68,0.76,-0.08,6,10,34,-0.24,0.08,2000,20261454
interpolation_minus_frozen,generation,generation_paired,projector-interp100,vision,frozen-base,vision,ocr,50,0.0,0.0,0.0,0.0,0.0,0,0,50,0.0,0.0,2000,20261455
interpolation_minus_alpha0,generation,generation_paired,projector-interp100,vision,projector-interp000,vision,ocr,50,0.0,0.0,0.0,0.0,0.0,0,0,50,0.0,0.0,2000,20261456
interpolation_minus_frozen,generation,generation_sample,projector-interp100,vision,frozen-base,vision,ocr,50,0.0,0.0,0.0,0.0,0.0,0,0,50,0.0,0.0,2000,20261457
interpolation_minus_alpha0,generation,generation_sample,projector-interp100,vision,projector-interp000,vision,ocr,50,0.0,0.0,0.0,0.0,0.0,0,0,50,0.0,0.0,2000,20261458
interpolation_minus_frozen,generation,prediction_flip,projector-interp100,vision,frozen-base,vision,ocr,50,48.0,38.0,0.96,0.76,0.2,11,1,38,0.08,0.32,2000,20261459
interpolation_minus_alpha0,generation,prediction_flip,projector-interp100,vision,projector-interp000,vision,ocr,50,48.0,40.0,0.96,0.8,0.16,10,2,38,0.04,0.3,2000,20261460
interpolation_minus_frozen,generation,generation_paired,projector-interp100,vision,frozen-base,vision,shape,50,6.0,8.0,0.12,0.16,-0.04,0,2,48,-0.1,0.0,2000,20261461
interpolation_minus_alpha0,generation,generation_paired,projector-interp100,vision,projector-interp000,vision,shape,50,6.0,20.0,0.12,0.4,-0.28,0,14,36,-0.42,-0.16,2000,20261462
interpolation_minus_frozen,generation,generation_sample,projector-interp100,vision,frozen-base,vision,shape,50,23.0,26.0,0.46,0.52,-0.06,0,6,44,-0.11,-0.02,2000,20261463
interpolation_minus_alpha0,generation,generation_sample,projector-interp100,vision,projector-interp000,vision,shape,50,23.0,31.5,0.46,0.63,-0.17,0,16,34,-0.24,-0.1,2000,20261464
interpolation_minus_frozen,generation,prediction_flip,projector-interp100,vision,frozen-base,vision,shape,50,28.0,36.0,0.56,0.72,-0.16,4,12,34,-0.3,0.0,2000,20261465
interpolation_minus_alpha0,generation,prediction_flip,projector-interp100,vision,projector-interp000,vision,shape,50,28.0,44.0,0.56,0.88,-0.32,0,16,34,-0.46,-0.18,2000,20261466
interpolation_minus_frozen,generation,generation_paired,projector-interp100,vision,frozen-base,vision,spatial,50,50.0,11.0,1.0,0.22,0.78,39,0,11,0.66,0.88,2000,20261467
interpolation_minus_alpha0,generation,generation_paired,projector-interp100,vision,projector-interp000,vision,spatial,50,50.0,39.0,1.0,0.78,0.22,11,0,39,0.1,0.34,2000,20261468
interpolation_minus_frozen,generation,generation_sample,projector-interp100,vision,frozen-base,vision,spatial,50,50.0,30.5,1.0,0.61,0.39,39,0,11,0.33,0.44,2000,20261469
interpolation_minus_alpha0,generation,generation_sample,projector-interp100,vision,projector-interp000,vision,spatial,50,50.0,44.5,1.0,0.89,0.11,11,0,39,0.06,0.17,2000,20261470
interpolation_minus_frozen,generation,prediction_flip,projector-interp100,vision,frozen-base,vision,spatial,50,50.0,11.0,1.0,0.22,0.78,39,0,11,0.66,0.88,2000,20261471
interpolation_minus_alpha0,generation,prediction_flip,projector-interp100,vision,projector-interp000,vision,spatial,50,50.0,39.0,1.0,0.78,0.22,11,0,39,0.12,0.34,2000,20261472
