family,modality,metric,checkpoint_a,condition_a,checkpoint_b,condition_b,task,denominator,sum_a,sum_b,mean_a,mean_b,mean_gap,a_only_better,b_only_better,equal,ci95_low,ci95_high,bootstrap_samples,seed
vision_minus_condition,preference,paired_preference,step-001500,vision,step-001500,background_matched_aux,overall,1200,26.0,27.0,0.021666666666666667,0.0225,-0.0008333333333333334,5,6,1189,-0.005833333333333334,0.004166666666666667,2000,20260816
vision_minus_condition,preference,paired_preference,step-001500,vision,step-001500,paired_counterfactual_image,overall,1200,26.0,53.0,0.021666666666666667,0.04416666666666667,-0.0225,26,53,1121,-0.03666666666666667,-0.0075,2000,20260817
vision_minus_condition,preference,paired_preference,step-001500,vision,step-001500,shuffled_image,overall,1200,26.0,3.0,0.021666666666666667,0.0025,0.019166666666666665,23,0,1177,0.011666666666666667,0.0275,2000,20260818
vision_minus_condition,preference,sample_preference,step-001500,vision,step-001500,background_matched_aux,overall,1200,584.5,612.0,0.4870833333333333,0.51,-0.022916666666666665,7,62,1131,-0.03,-0.016666666666666666,2000,20260819
vision_minus_condition,preference,sample_preference,step-001500,vision,step-001500,paired_counterfactual_image,overall,1200,584.5,611.5,0.4870833333333333,0.5095833333333334,-0.0225,27,54,1119,-0.03666666666666667,-0.008333333333333333,2000,20260820
vision_minus_condition,preference,sample_preference,step-001500,vision,step-001500,shuffled_image,overall,1200,584.5,592.0,0.4870833333333333,0.49333333333333335,-0.00625,32,57,1111,-0.015416666666666667,0.002916666666666667,2000,20260821
vision_minus_condition,preference,mean_margin,step-001500,vision,step-001500,background_matched_aux,overall,1200,21.224753890151074,42.956264558860234,0.017687294908459227,0.03579688713238353,-0.018109592223924303,353,702,145,-0.020437896131404808,-0.015624734658097458,2000,20260822
vision_minus_condition,preference,mean_margin,step-001500,vision,step-001500,paired_counterfactual_image,overall,1200,21.224753890151074,-21.224753890151074,0.017687294908459227,-0.017687294908459227,0.035374589816918454,600,389,211,0.024912431242683573,0.04682023461328612,2000,20260823
vision_minus_condition,preference,mean_margin,step-001500,vision,step-001500,shuffled_image,overall,1200,21.224753890151074,-9.851832545655114,0.017687294908459227,-0.008209860454712595,0.025897155363171824,633,477,90,0.01838721477275803,0.0340755064340811,2000,20260824
vision_minus_condition,preference,paired_preference,step-001500,vision,step-001500,background_matched_aux,color,200,0.0,0.0,0.0,0.0,0.0,0,0,200,0.0,0.0,2000,20260825
vision_minus_condition,preference,paired_preference,step-001500,vision,step-001500,paired_counterfactual_image,color,200,0.0,0.0,0.0,0.0,0.0,0,0,200,0.0,0.0,2000,20260826
vision_minus_condition,preference,paired_preference,step-001500,vision,step-001500,shuffled_image,color,200,0.0,0.0,0.0,0.0,0.0,0,0,200,0.0,0.0,2000,20260827
vision_minus_condition,preference,sample_preference,step-001500,vision,step-001500,background_matched_aux,color,200,98.0,98.5,0.49,0.4925,-0.0025,2,3,195,-0.015,0.0075,2000,20260828
vision_minus_condition,preference,sample_preference,step-001500,vision,step-001500,paired_counterfactual_image,color,200,98.0,98.0,0.49,0.49,0.0,1,1,198,-0.0075,0.0075,2000,20260829
vision_minus_condition,preference,sample_preference,step-001500,vision,step-001500,shuffled_image,color,200,98.0,96.5,0.49,0.4825,0.0075,7,4,189,-0.01,0.025,2000,20260830
vision_minus_condition,preference,mean_margin,step-001500,vision,step-001500,background_matched_aux,color,200,2.593750238418579,4.312500715255737,0.012968751192092896,0.021562503576278688,-0.00859375238418579,59,95,46,-0.014218755066394806,-0.0029687553644180296,2000,20260831
vision_minus_condition,preference,mean_margin,step-001500,vision,step-001500,paired_counterfactual_image,color,200,2.593750238418579,-2.593750238418579,0.012968751192092896,-0.012968751192092896,0.025937502384185792,99,28,73,0.01750000476837158,0.03406250298023224,2000,20260832
vision_minus_condition,preference,mean_margin,step-001500,vision,step-001500,shuffled_image,color,200,2.593750238418579,-0.37499988079071045,0.012968751192092896,-0.0018749994039535523,0.014843750596046448,116,54,30,0.008750001192092896,0.020937501192092894,2000,20260833
vision_minus_condition,preference,paired_preference,step-001500,vision,step-001500,background_matched_aux,coordinate,200,0.0,6.0,0.0,0.03,-0.03,0,6,194,-0.055,-0.01,2000,20260834
vision_minus_condition,preference,paired_preference,step-001500,vision,step-001500,paired_counterfactual_image,coordinate,200,0.0,0.0,0.0,0.0,0.0,0,0,200,0.0,0.0,2000,20260835
vision_minus_condition,preference,paired_preference,step-001500,vision,step-001500,shuffled_image,coordinate,200,0.0,0.0,0.0,0.0,0.0,0,0,200,0.0,0.0,2000,20260836
vision_minus_condition,preference,sample_preference,step-001500,vision,step-001500,background_matched_aux,coordinate,200,100.0,103.0,0.5,0.515,-0.015,0,6,194,-0.0275,-0.005,2000,20260837
vision_minus_condition,preference,sample_preference,step-001500,vision,step-001500,paired_counterfactual_image,coordinate,200,100.0,100.0,0.5,0.5,0.0,0,0,200,0.0,0.0,2000,20260838
vision_minus_condition,preference,sample_preference,step-001500,vision,step-001500,shuffled_image,coordinate,200,100.0,99.0,0.5,0.495,0.005,2,0,198,0.0,0.0125,2000,20260839
vision_minus_condition,preference,mean_margin,step-001500,vision,step-001500,background_matched_aux,coordinate,200,-1.2515151500701904,1.8401508331298828,-0.006257575750350952,0.009200754165649415,-0.015458329916000366,76,117,7,-0.02029358983039856,-0.010641472339630127,2000,20260840
vision_minus_condition,preference,mean_margin,step-001500,vision,step-001500,paired_counterfactual_image,coordinate,200,-1.2515151500701904,1.2515151500701904,-0.006257575750350952,0.006257575750350952,-0.012515151500701904,93,92,15,-0.01974829435348511,-0.005439870357513428,2000,20260841
vision_minus_condition,preference,mean_margin,step-001500,vision,step-001500,shuffled_image,coordinate,200,-1.2515151500701904,0.18758916854858398,-0.006257575750350952,0.00093794584274292,-0.0071955215930938725,90,100,10,-0.012583757638931275,-0.0021943402290344237,2000,20260842
vision_minus_condition,preference,paired_preference,step-001500,vision,step-001500,background_matched_aux,count,200,0.0,0.0,0.0,0.0,0.0,0,0,200,0.0,0.0,2000,20260843
vision_minus_condition,preference,paired_preference,step-001500,vision,step-001500,paired_counterfactual_image,count,200,0.0,0.0,0.0,0.0,0.0,0,0,200,0.0,0.0,2000,20260844
vision_minus_condition,preference,paired_preference,step-001500,vision,step-001500,shuffled_image,count,200,0.0,0.0,0.0,0.0,0.0,0,0,200,0.0,0.0,2000,20260845
vision_minus_condition,preference,sample_preference,step-001500,vision,step-001500,background_matched_aux,count,200,100.0,100.0,0.5,0.5,0.0,0,0,200,0.0,0.0,2000,20260846
vision_minus_condition,preference,sample_preference,step-001500,vision,step-001500,paired_counterfactual_image,count,200,100.0,100.0,0.5,0.5,0.0,0,0,200,0.0,0.0,2000,20260847
vision_minus_condition,preference,sample_preference,step-001500,vision,step-001500,shuffled_image,count,200,100.0,100.0,0.5,0.5,0.0,0,0,200,0.0,0.0,2000,20260848
vision_minus_condition,preference,mean_margin,step-001500,vision,step-001500,background_matched_aux,count,200,1.1562508046627045,0.37499940395355225,0.0057812540233135225,0.0018749970197677612,0.003906257003545761,88,57,55,0.00015625327825546264,0.007656257748603821,2000,20260849
vision_minus_condition,preference,mean_margin,step-001500,vision,step-001500,paired_counterfactual_image,count,200,1.1562508046627045,-1.1562508046627045,0.0057812540233135225,-0.0057812540233135225,0.011562508046627045,85,42,73,0.005937506556510925,0.017187512814998626,2000,20260850
vision_minus_condition,preference,mean_margin,step-001500,vision,step-001500,shuffled_image,count,200,1.1562508046627045,0.4687497019767761,0.0057812540233135225,0.0023437485098838804,0.0034375055134296417,89,65,46,-0.0004687410593032837,0.00734375849366188,2000,20260851
vision_minus_condition,preference,paired_preference,step-001500,vision,step-001500,background_matched_aux,ocr,200,0.0,0.0,0.0,0.0,0.0,0,0,200,0.0,0.0,2000,20260852
vision_minus_condition,preference,paired_preference,step-001500,vision,step-001500,paired_counterfactual_image,ocr,200,0.0,3.0,0.0,0.015,-0.015,0,3,197,-0.035,0.0,2000,20260853
vision_minus_condition,preference,paired_preference,step-001500,vision,step-001500,shuffled_image,ocr,200,0.0,0.0,0.0,0.0,0.0,0,0,200,0.0,0.0,2000,20260854
vision_minus_condition,preference,sample_preference,step-001500,vision,step-001500,background_matched_aux,ocr,200,98.5,100.0,0.4925,0.5,-0.0075,0,3,197,-0.0175,0.0,2000,20260855
vision_minus_condition,preference,sample_preference,step-001500,vision,step-001500,paired_counterfactual_image,ocr,200,98.5,101.5,0.4925,0.5075,-0.015,0,3,197,-0.035,0.0,2000,20260856
vision_minus_condition,preference,sample_preference,step-001500,vision,step-001500,shuffled_image,ocr,200,98.5,100.0,0.4925,0.5,-0.0075,0,3,197,-0.0175,0.0,2000,20260857
vision_minus_condition,preference,mean_margin,step-001500,vision,step-001500,background_matched_aux,ocr,200,0.3825317360106004,0.7976800237383179,0.001912658680053002,0.00398840011869159,-0.0020757414386385876,95,105,0,-0.006065533547174323,0.0019159928276425043,2000,20260858
vision_minus_condition,preference,mean_margin,step-001500,vision,step-001500,paired_counterfactual_image,ocr,200,0.3825317360106004,-0.3825317360106004,0.001912658680053002,-0.001912658680053002,0.003825317360106004,106,94,0,-0.007146107628231897,0.013848989781879293,2000,20260859
vision_minus_condition,preference,mean_margin,step-001500,vision,step-001500,shuffled_image,ocr,200,0.3825317360106004,-0.3103845187595915,0.001912658680053002,-0.0015519225937979575,0.0034645812738509597,103,97,0,-0.0034721467381431583,0.010790571871258016,2000,20260860
vision_minus_condition,preference,paired_preference,step-001500,vision,step-001500,background_matched_aux,shape,200,26.0,21.0,0.13,0.105,0.025,5,0,195,0.005,0.05,2000,20260861
vision_minus_condition,preference,paired_preference,step-001500,vision,step-001500,paired_counterfactual_image,shape,200,26.0,0.0,0.13,0.0,0.13,26,0,174,0.085,0.175,2000,20260862
vision_minus_condition,preference,paired_preference,step-001500,vision,step-001500,shuffled_image,shape,200,26.0,3.0,0.13,0.015,0.115,23,0,177,0.075,0.16,2000,20260863
vision_minus_condition,preference,sample_preference,step-001500,vision,step-001500,background_matched_aux,shape,200,113.0,110.5,0.565,0.5525,0.0125,5,0,195,0.0025,0.025,2000,20260864
vision_minus_condition,preference,sample_preference,step-001500,vision,step-001500,paired_counterfactual_image,shape,200,113.0,87.0,0.565,0.435,0.13,26,0,174,0.085,0.18,2000,20260865
vision_minus_condition,preference,sample_preference,step-001500,vision,step-001500,shuffled_image,shape,200,113.0,96.5,0.565,0.4825,0.0825,23,0,177,0.0525,0.1175,2000,20260866
vision_minus_condition,preference,mean_margin,step-001500,vision,step-001500,background_matched_aux,shape,200,26.593745529651642,34.28124451637268,0.1329687276482582,0.17140622258186342,-0.038437494933605196,35,128,37,-0.04734374493360519,-0.029843744337558747,2000,20260867
vision_minus_condition,preference,mean_margin,step-001500,vision,step-001500,paired_counterfactual_image,shape,200,26.593745529651642,-26.593745529651642,0.1329687276482582,-0.1329687276482582,0.2659374552965164,167,33,0,0.21718747556209564,0.3121874392032623,2000,20260868
vision_minus_condition,preference,mean_margin,step-001500,vision,step-001500,shuffled_image,shape,200,26.593745529651642,-4.906249463558197,0.1329687276482582,-0.024531247317790984,0.1574999749660492,135,61,4,0.11781247735023498,0.19874997168779374,2000,20260869
vision_minus_condition,preference,paired_preference,step-001500,vision,step-001500,background_matched_aux,spatial,200,0.0,0.0,0.0,0.0,0.0,0,0,200,0.0,0.0,2000,20260870
vision_minus_condition,preference,paired_preference,step-001500,vision,step-001500,paired_counterfactual_image,spatial,200,0.0,50.0,0.0,0.25,-0.25,0,50,150,-0.31,-0.195,2000,20260871
vision_minus_condition,preference,paired_preference,step-001500,vision,step-001500,shuffled_image,spatial,200,0.0,0.0,0.0,0.0,0.0,0,0,200,0.0,0.0,2000,20260872
vision_minus_condition,preference,sample_preference,step-001500,vision,step-001500,background_matched_aux,spatial,200,75.0,100.0,0.375,0.5,-0.125,0,50,150,-0.155,-0.0975,2000,20260873
vision_minus_condition,preference,sample_preference,step-001500,vision,step-001500,paired_counterfactual_image,spatial,200,75.0,125.0,0.375,0.625,-0.25,0,50,150,-0.31,-0.19,2000,20260874
vision_minus_condition,preference,sample_preference,step-001500,vision,step-001500,shuffled_image,spatial,200,75.0,100.0,0.375,0.5,-0.125,0,50,150,-0.155,-0.0975,2000,20260875
vision_minus_condition,preference,mean_margin,step-001500,vision,step-001500,background_matched_aux,spatial,200,-8.250009268522263,1.3496890664100647,-0.04125004634261131,0.0067484453320503235,-0.047998491674661636,0,200,0,-0.051188825368881224,-0.04451812826097012,2000,20260876
vision_minus_condition,preference,mean_margin,step-001500,vision,step-001500,paired_counterfactual_image,spatial,200,-8.250009268522263,8.250009268522263,-0.04125004634261131,0.04125004634261131,-0.08250009268522263,50,100,50,-0.09817508727312088,-0.06597510114312172,2000,20260877
vision_minus_condition,preference,mean_margin,step-001500,vision,step-001500,shuffled_image,spatial,200,-8.250009268522263,-4.916537553071976,-0.04125004634261131,-0.02458268776535988,-0.016667358577251434,100,100,0,-0.02322964757680893,-0.009167569130659104,2000,20260878
vision_minus_condition,preference,paired_preference,balanced-projector-step25,vision,balanced-projector-step25,background_matched_aux,overall,1200,21.0,4.0,0.0175,0.0033333333333333335,0.014166666666666666,19,2,1179,0.006666666666666667,0.021666666666666667,2000,20260879
vision_minus_condition,preference,paired_preference,balanced-projector-step25,vision,balanced-projector-step25,paired_counterfactual_image,overall,1200,21.0,3.0,0.0175,0.0025,0.015,21,3,1176,0.0075,0.023333333333333334,2000,20260880
vision_minus_condition,preference,paired_preference,balanced-projector-step25,vision,balanced-projector-step25,shuffled_image,overall,1200,21.0,8.0,0.0175,0.006666666666666667,0.010833333333333334,19,6,1175,0.0025,0.019166666666666665,2000,20260881
checkpoint_minus_baseline,preference,paired_preference,balanced-projector-step25,vision,step-001500,vision,overall,1200,21.0,26.0,0.0175,0.021666666666666667,-0.004166666666666667,21,26,1153,-0.015,0.006666666666666667,2000,20260882
vision_minus_condition,preference,sample_preference,balanced-projector-step25,vision,balanced-projector-step25,background_matched_aux,overall,1200,602.5,592.5,0.5020833333333333,0.49375,0.008333333333333333,30,10,1160,0.0033333333333333335,0.013333333333333334,2000,20260883
vision_minus_condition,preference,sample_preference,balanced-projector-step25,vision,balanced-projector-step25,paired_counterfactual_image,overall,1200,602.5,549.5,0.5020833333333333,0.4579166666666667,0.04416666666666667,93,5,1102,0.034166666666666665,0.055,2000,20260884
vision_minus_condition,preference,sample_preference,balanced-projector-step25,vision,balanced-projector-step25,shuffled_image,overall,1200,602.5,564.0,0.5020833333333333,0.47,0.03208333333333333,91,14,1095,0.02375,0.04041666666666666,2000,20260885
checkpoint_minus_baseline,preference,sample_preference,balanced-projector-step25,vision,step-001500,vision,overall,1200,602.5,584.5,0.5020833333333333,0.4870833333333333,0.015,78,42,1080,0.00625,0.024166666666666666,2000,20260886
vision_minus_condition,preference,mean_margin,balanced-projector-step25,vision,balanced-projector-step25,background_matched_aux,overall,1200,81.42948366162322,41.22598371434779,0.06785790305135268,0.03435498642862316,0.033502916622729535,725,376,99,0.02803974140092495,0.039518417718391576,2000,20260887
vision_minus_condition,preference,mean_margin,balanced-projector-step25,vision,balanced-projector-step25,paired_counterfactual_image,overall,1200,81.42948366162322,-81.42948366162322,0.06785790305135268,-0.06785790305135268,0.13571580610270537,712,335,153,0.11422620636106484,0.1582836177614,2000,20260888
vision_minus_condition,preference,mean_margin,balanced-projector-step25,vision,balanced-projector-step25,shuffled_image,overall,1200,81.42948366162322,6.094281791647273,0.06785790305135268,0.00507856815970606,0.06277933489164664,706,405,89,0.04802162762979667,0.07865967429216418,2000,20260889
checkpoint_minus_baseline,preference,mean_margin,balanced-projector-step25,vision,step-001500,vision,overall,1200,81.42948366162322,21.224753890151074,0.06785790305135268,0.017687294908459227,0.050170608142893466,707,399,94,0.03784777877657187,0.06241848606119554,2000,20260890
vision_minus_condition,preference,paired_preference,balanced-projector-step25,vision,balanced-projector-step25,background_matched_aux,color,200,5.0,1.0,0.025,0.005,0.02,5,1,194,0.0,0.045,2000,20260891
vision_minus_condition,preference,paired_preference,balanced-projector-step25,vision,balanced-projector-step25,paired_counterfactual_image,color,200,5.0,0.0,0.025,0.0,0.025,5,0,195,0.005,0.045,2000,20260892
vision_minus_condition,preference,paired_preference,balanced-projector-step25,vision,balanced-projector-step25,shuffled_image,color,200,5.0,2.0,0.025,0.01,0.015,5,2,193,-0.01,0.045,2000,20260893
checkpoint_minus_baseline,preference,paired_preference,balanced-projector-step25,vision,step-001500,vision,color,200,5.0,0.0,0.025,0.0,0.025,5,0,195,0.005,0.05,2000,20260894
vision_minus_condition,preference,sample_preference,balanced-projector-step25,vision,balanced-projector-step25,background_matched_aux,color,200,102.5,100.5,0.5125,0.5025,0.01,5,1,194,0.0,0.0225,2000,20260895
vision_minus_condition,preference,sample_preference,balanced-projector-step25,vision,balanced-projector-step25,paired_counterfactual_image,color,200,102.5,93.5,0.5125,0.4675,0.045,13,0,187,0.0225,0.07,2000,20260896
vision_minus_condition,preference,sample_preference,balanced-projector-step25,vision,balanced-projector-step25,shuffled_image,color,200,102.5,98.0,0.5125,0.49,0.0225,11,2,187,0.005,0.04,2000,20260897
checkpoint_minus_baseline,preference,sample_preference,balanced-projector-step25,vision,step-001500,vision,color,200,102.5,98.0,0.5125,0.49,0.0225,9,0,191,0.01,0.0375,2000,20260898
vision_minus_condition,preference,mean_margin,balanced-projector-step25,vision,balanced-projector-step25,background_matched_aux,color,200,2.781250238418579,3.9999942779541016,0.013906251192092895,0.01999997138977051,-0.0060937201976776125,101,82,17,-0.013124968409538269,0.00031252861022949217,2000,20260899
vision_minus_condition,preference,mean_margin,balanced-projector-step25,vision,balanced-projector-step25,paired_counterfactual_image,color,200,2.781250238418579,-2.781250238418579,0.013906251192092895,-0.013906251192092895,0.02781250238418579,94,55,51,0.01343749463558197,0.04375000774860382,2000,20260900
vision_minus_condition,preference,mean_margin,balanced-projector-step25,vision,balanced-projector-step25,shuffled_image,color,200,2.781250238418579,0.40624988079071045,0.013906251192092895,0.002031249403953552,0.011875001788139343,107,79,14,0.0014062514901161194,0.022499999701976775,2000,20260901
checkpoint_minus_baseline,preference,mean_margin,balanced-projector-step25,vision,step-001500,vision,color,200,2.781250238418579,2.593750238418579,0.013906251192092895,0.012968751192092896,0.0009375,91,83,26,-0.005781257748603821,0.007968752980232238,2000,20260902
vision_minus_condition,preference,paired_preference,balanced-projector-step25,vision,balanced-projector-step25,background_matched_aux,coordinate,200,13.0,0.0,0.065,0.0,0.065,13,0,187,0.035,0.1,2000,20260903
vision_minus_condition,preference,paired_preference,balanced-projector-step25,vision,balanced-projector-step25,paired_counterfactual_image,coordinate,200,13.0,0.0,0.065,0.0,0.065,13,0,187,0.03,0.1,2000,20260904
vision_minus_condition,preference,paired_preference,balanced-projector-step25,vision,balanced-projector-step25,shuffled_image,coordinate,200,13.0,2.0,0.065,0.01,0.055,11,0,189,0.025,0.09,2000,20260905
checkpoint_minus_baseline,preference,paired_preference,balanced-projector-step25,vision,step-001500,vision,coordinate,200,13.0,0.0,0.065,0.0,0.065,13,0,187,0.03,0.1,2000,20260906
vision_minus_condition,preference,sample_preference,balanced-projector-step25,vision,balanced-projector-step25,background_matched_aux,coordinate,200,106.5,100.0,0.5325,0.5,0.0325,13,0,187,0.0175,0.05,2000,20260907
vision_minus_condition,preference,sample_preference,balanced-projector-step25,vision,balanced-projector-step25,paired_counterfactual_image,coordinate,200,106.5,93.5,0.5325,0.4675,0.065,13,0,187,0.035,0.105,2000,20260908
vision_minus_condition,preference,sample_preference,balanced-projector-step25,vision,balanced-projector-step25,shuffled_image,coordinate,200,106.5,100.5,0.5325,0.5025,0.03,11,0,189,0.015,0.05,2000,20260909
checkpoint_minus_baseline,preference,sample_preference,balanced-projector-step25,vision,step-001500,vision,coordinate,200,106.5,100.0,0.5325,0.5,0.0325,13,0,187,0.0175,0.05,2000,20260910
vision_minus_condition,preference,mean_margin,balanced-projector-step25,vision,balanced-projector-step25,background_matched_aux,coordinate,200,2.556442975997925,-1.1618036031723022,0.012782214879989625,-0.005809018015861511,0.018591232895851136,160,33,7,0.01519149124622345,0.021943588852882386,2000,20260911
vision_minus_condition,preference,mean_margin,balanced-projector-step25,vision,balanced-projector-step25,paired_counterfactual_image,coordinate,200,2.556442975997925,-2.556442975997925,0.012782214879989625,-0.012782214879989625,0.02556442975997925,135,49,16,0.014325933456420898,0.03686155796051025,2000,20260912
vision_minus_condition,preference,mean_margin,balanced-projector-step25,vision,balanced-projector-step25,shuffled_image,coordinate,200,2.556442975997925,0.5600699186325073,0.012782214879989625,0.0028003495931625366,0.009981865286827088,124,62,14,0.0016117101907730102,0.018345214128494262,2000,20260913
checkpoint_minus_baseline,preference,mean_margin,balanced-projector-step25,vision,step-001500,vision,coordinate,200,2.556442975997925,-1.2515151500701904,0.012782214879989625,-0.006257575750350952,0.019039790630340576,134,55,11,0.014309189319610595,0.02352532625198364,2000,20260914
vision_minus_condition,preference,paired_preference,balanced-projector-step25,vision,balanced-projector-step25,background_matched_aux,count,200,0.0,0.0,0.0,0.0,0.0,0,0,200,0.0,0.0,2000,20260915
vision_minus_condition,preference,paired_preference,balanced-projector-step25,vision,balanced-projector-step25,paired_counterfactual_image,count,200,0.0,0.0,0.0,0.0,0.0,0,0,200,0.0,0.0,2000,20260916
vision_minus_condition,preference,paired_preference,balanced-projector-step25,vision,balanced-projector-step25,shuffled_image,count,200,0.0,1.0,0.0,0.005,-0.005,0,1,199,-0.015,0.0,2000,20260917
checkpoint_minus_baseline,preference,paired_preference,balanced-projector-step25,vision,step-001500,vision,count,200,0.0,0.0,0.0,0.0,0.0,0,0,200,0.0,0.0,2000,20260918
vision_minus_condition,preference,sample_preference,balanced-projector-step25,vision,balanced-projector-step25,background_matched_aux,count,200,93.5,90.5,0.4675,0.4525,0.015,11,5,184,-0.005,0.035,2000,20260919
vision_minus_condition,preference,sample_preference,balanced-projector-step25,vision,balanced-projector-step25,paired_counterfactual_image,count,200,93.5,87.5,0.4675,0.4375,0.03,14,2,184,0.0125,0.05,2000,20260920
vision_minus_condition,preference,sample_preference,balanced-projector-step25,vision,balanced-projector-step25,shuffled_image,count,200,93.5,89.0,0.4675,0.445,0.0225,16,7,177,0.0,0.0475,2000,20260921
checkpoint_minus_baseline,preference,sample_preference,balanced-projector-step25,vision,step-001500,vision,count,200,93.5,100.0,0.4675,0.5,-0.0325,0,13,187,-0.05,-0.0175,2000,20260922
vision_minus_condition,preference,mean_margin,balanced-projector-step25,vision,balanced-projector-step25,background_matched_aux,count,200,1.2500004768371582,1.3125000596046448,0.006250002384185791,0.006562500298023224,-0.0003124979138374329,64,61,75,-0.004531246572732925,0.003906254321336746,2000,20260923
vision_minus_condition,preference,mean_margin,balanced-projector-step25,vision,balanced-projector-step25,paired_counterfactual_image,count,200,1.2500004768371582,-1.2500004768371582,0.006250002384185791,-0.006250002384185791,0.012500004768371582,77,37,86,0.006250005662441254,0.018750004172325134,2000,20260924
vision_minus_condition,preference,mean_margin,balanced-projector-step25,vision,balanced-projector-step25,shuffled_image,count,200,1.2500004768371582,0.1562502384185791,0.006250002384185791,0.0007812511920928955,0.005468751192092895,83,57,60,0.0010937507450580596,0.009843752086162567,2000,20260925
checkpoint_minus_baseline,preference,mean_margin,balanced-projector-step25,vision,step-001500,vision,count,200,1.2500004768371582,1.1562508046627045,0.006250002384185791,0.0057812540233135225,0.00046874836087226865,75,68,57,-0.0034375019371509553,0.004374995827674866,2000,20260926
vision_minus_condition,preference,paired_preference,balanced-projector-step25,vision,balanced-projector-step25,background_matched_aux,ocr,200,3.0,3.0,0.015,0.015,0.0,1,1,198,-0.015,0.015,2000,20260927
vision_minus_condition,preference,paired_preference,balanced-projector-step25,vision,balanced-projector-step25,paired_counterfactual_image,ocr,200,3.0,3.0,0.015,0.015,0.0,3,3,194,-0.025,0.025,2000,20260928
vision_minus_condition,preference,paired_preference,balanced-projector-step25,vision,balanced-projector-step25,shuffled_image,ocr,200,3.0,3.0,0.015,0.015,0.0,3,3,194,-0.025,0.025,2000,20260929
checkpoint_minus_baseline,preference,paired_preference,balanced-projector-step25,vision,step-001500,vision,ocr,200,3.0,0.0,0.015,0.0,0.015,3,0,197,0.0,0.035,2000,20260930
vision_minus_condition,preference,sample_preference,balanced-projector-step25,vision,balanced-projector-step25,background_matched_aux,ocr,200,100.0,101.5,0.5,0.5075,-0.0075,1,4,195,-0.02,0.0025,2000,20260931
vision_minus_condition,preference,sample_preference,balanced-projector-step25,vision,balanced-projector-step25,paired_counterfactual_image,ocr,200,100.0,100.0,0.5,0.5,0.0,3,3,194,-0.025,0.025,2000,20260932
vision_minus_condition,preference,sample_preference,balanced-projector-step25,vision,balanced-projector-step25,shuffled_image,ocr,200,100.0,101.5,0.5,0.5075,-0.0075,3,5,192,-0.025,0.0075,2000,20260933
checkpoint_minus_baseline,preference,sample_preference,balanced-projector-step25,vision,step-001500,vision,ocr,200,100.0,98.5,0.5,0.4925,0.0075,6,3,191,-0.0075,0.0225,2000,20260934
vision_minus_condition,preference,mean_margin,balanced-projector-step25,vision,balanced-projector-step25,background_matched_aux,ocr,200,3.0593264943077463,3.4339404605683783,0.015296632471538731,0.017169702302841892,-0.0018730698313031602,97,103,0,-0.006401800831158924,0.00279461173216503,2000,20260935
vision_minus_condition,preference,mean_margin,balanced-projector-step25,vision,balanced-projector-step25,paired_counterfactual_image,ocr,200,3.0593264943077463,-3.0593264943077463,0.015296632471538731,-0.015296632471538731,0.030593264943077462,118,82,0,0.017346160218829253,0.045096270300093166,2000,20260936
vision_minus_condition,preference,mean_margin,balanced-projector-step25,vision,balanced-projector-step25,shuffled_image,ocr,200,3.0593264943077463,0.21451960404713644,0.015296632471538731,0.0010725980202356822,0.014224034451303049,109,91,0,0.004633161039579506,0.024176731291271403,2000,20260937
checkpoint_minus_baseline,preference,mean_margin,balanced-projector-step25,vision,step-001500,vision,ocr,200,3.0593264943077463,0.3825317360106004,0.015296632471538731,0.001912658680053002,0.01338397379148573,119,81,0,0.005734224444343928,0.0215005180495126,2000,20260938
vision_minus_condition,preference,paired_preference,balanced-projector-step25,vision,balanced-projector-step25,background_matched_aux,shape,200,0.0,0.0,0.0,0.0,0.0,0,0,200,0.0,0.0,2000,20260939
vision_minus_condition,preference,paired_preference,balanced-projector-step25,vision,balanced-projector-step25,paired_counterfactual_image,shape,200,0.0,0.0,0.0,0.0,0.0,0,0,200,0.0,0.0,2000,20260940
vision_minus_condition,preference,paired_preference,balanced-projector-step25,vision,balanced-projector-step25,shuffled_image,shape,200,0.0,0.0,0.0,0.0,0.0,0,0,200,0.0,0.0,2000,20260941
checkpoint_minus_baseline,preference,paired_preference,balanced-projector-step25,vision,step-001500,vision,shape,200,0.0,26.0,0.0,0.13,-0.13,0,26,174,-0.18,-0.085,2000,20260942
vision_minus_condition,preference,sample_preference,balanced-projector-step25,vision,balanced-projector-step25,background_matched_aux,shape,200,100.0,100.0,0.5,0.5,0.0,0,0,200,0.0,0.0,2000,20260943
vision_minus_condition,preference,sample_preference,balanced-projector-step25,vision,balanced-projector-step25,paired_counterfactual_image,shape,200,100.0,100.0,0.5,0.5,0.0,0,0,200,0.0,0.0,2000,20260944
vision_minus_condition,preference,sample_preference,balanced-projector-step25,vision,balanced-projector-step25,shuffled_image,shape,200,100.0,100.0,0.5,0.5,0.0,0,0,200,0.0,0.0,2000,20260945
checkpoint_minus_baseline,preference,sample_preference,balanced-projector-step25,vision,step-001500,vision,shape,200,100.0,113.0,0.5,0.565,-0.065,0,26,174,-0.09,-0.0425,2000,20260946
vision_minus_condition,preference,mean_margin,balanced-projector-step25,vision,balanced-projector-step25,background_matched_aux,shape,200,60.531250819563866,35.343756541609764,0.3026562540978193,0.17671878270804883,0.12593747138977052,153,47,0,0.09906247235834599,0.15328122057020666,2000,20260947
vision_minus_condition,preference,mean_margin,balanced-projector-step25,vision,balanced-projector-step25,paired_counterfactual_image,shape,200,60.531250819563866,-60.531250819563866,0.3026562540978193,-0.3026562540978193,0.6053125081956386,138,62,0,0.49375001549720765,0.7128125084936618,2000,20260948
vision_minus_condition,preference,mean_margin,balanced-projector-step25,vision,balanced-projector-step25,shuffled_image,shape,200,60.531250819563866,13.7187490016222,0.3026562540978193,0.068593745008111,0.23406250908970833,133,66,1,0.15078126296401023,0.3221875113248825,2000,20260949
checkpoint_minus_baseline,preference,mean_margin,balanced-projector-step25,vision,step-001500,vision,shape,200,60.531250819563866,26.593745529651642,0.3026562540978193,0.1329687276482582,0.16968752644956112,138,62,0,0.1009375275671482,0.23578127592802048,2000,20260950
vision_minus_condition,preference,paired_preference,balanced-projector-step25,vision,balanced-projector-step25,background_matched_aux,spatial,200,0.0,0.0,0.0,0.0,0.0,0,0,200,0.0,0.0,2000,20260951
vision_minus_condition,preference,paired_preference,balanced-projector-step25,vision,balanced-projector-step25,paired_counterfactual_image,spatial,200,0.0,0.0,0.0,0.0,0.0,0,0,200,0.0,0.0,2000,20260952
vision_minus_condition,preference,paired_preference,balanced-projector-step25,vision,balanced-projector-step25,shuffled_image,spatial,200,0.0,0.0,0.0,0.0,0.0,0,0,200,0.0,0.0,2000,20260953
checkpoint_minus_baseline,preference,paired_preference,balanced-projector-step25,vision,step-001500,vision,spatial,200,0.0,0.0,0.0,0.0,0.0,0,0,200,0.0,0.0,2000,20260954
vision_minus_condition,preference,sample_preference,balanced-projector-step25,vision,balanced-projector-step25,background_matched_aux,spatial,200,100.0,100.0,0.5,0.5,0.0,0,0,200,0.0,0.0,2000,20260955
vision_minus_condition,preference,sample_preference,balanced-projector-step25,vision,balanced-projector-step25,paired_counterfactual_image,spatial,200,100.0,75.0,0.5,0.375,0.125,50,0,150,0.095,0.155,2000,20260956
vision_minus_condition,preference,sample_preference,balanced-projector-step25,vision,balanced-projector-step25,shuffled_image,spatial,200,100.0,75.0,0.5,0.375,0.125,50,0,150,0.095,0.155,2000,20260957
checkpoint_minus_baseline,preference,sample_preference,balanced-projector-step25,vision,step-001500,vision,spatial,200,100.0,75.0,0.5,0.375,0.125,50,0,150,0.0975,0.155,2000,20260958
vision_minus_condition,preference,mean_margin,balanced-projector-step25,vision,balanced-projector-step25,background_matched_aux,spatial,200,11.251212656497955,-1.7024040222167969,0.05625606328248978,-0.008512020111083984,0.06476808339357376,150,50,0,0.05365416832268238,0.07534772172570228,2000,20260959
vision_minus_condition,preference,mean_margin,balanced-projector-step25,vision,balanced-projector-step25,paired_counterfactual_image,spatial,200,11.251212656497955,-11.251212656497955,0.05625606328248978,-0.05625606328248978,0.11251212656497955,150,50,0,0.09988664165139198,0.125012127161026,2000,20260960
vision_minus_condition,preference,mean_margin,balanced-projector-step25,vision,balanced-projector-step25,shuffled_image,spatial,200,11.251212656497955,-8.961556851863861,0.05625606328248978,-0.044807784259319305,0.10106384754180908,150,50,0,0.0851263464987278,0.11621012598276138,2000,20260961
checkpoint_minus_baseline,preference,mean_margin,balanced-projector-step25,vision,step-001500,vision,spatial,200,11.251212656497955,-8.250009268522263,0.05625606328248978,-0.04125004634261131,0.09750610962510109,150,50,0,0.0856190986186266,0.11018037438392639,2000,20260962
vision_minus_condition,preference,paired_preference,balanced-projector-step50,vision,balanced-projector-step50,background_matched_aux,overall,1200,104.0,95.0,0.08666666666666667,0.07916666666666666,0.0075,25,16,1159,-0.0033333333333333335,0.018333333333333333,2000,20260963
vision_minus_condition,preference,paired_preference,balanced-projector-step50,vision,balanced-projector-step50,paired_counterfactual_image,overall,1200,104.0,0.0,0.08666666666666667,0.0,0.08666666666666667,104,0,1096,0.07166666666666667,0.10333333333333333,2000,20260964
vision_minus_condition,preference,paired_preference,balanced-projector-step50,vision,balanced-projector-step50,shuffled_image,overall,1200,104.0,19.0,0.08666666666666667,0.015833333333333335,0.07083333333333333,91,6,1103,0.05583333333333333,0.08666666666666667,2000,20260965
checkpoint_minus_baseline,preference,paired_preference,balanced-projector-step50,vision,step-001500,vision,overall,1200,104.0,26.0,0.08666666666666667,0.021666666666666667,0.065,104,26,1070,0.04666666666666667,0.08333333333333333,2000,20260966
vision_minus_condition,preference,sample_preference,balanced-projector-step50,vision,balanced-projector-step50,background_matched_aux,overall,1200,646.0,637.0,0.5383333333333333,0.5308333333333334,0.0075,39,21,1140,0.0008333333333333334,0.014166666666666666,2000,20260967
vision_minus_condition,preference,sample_preference,balanced-projector-step50,vision,balanced-projector-step50,paired_counterfactual_image,overall,1200,646.0,495.0,0.5383333333333333,0.4125,0.12583333333333332,200,2,998,0.11,0.14375,2000,20260968
vision_minus_condition,preference,sample_preference,balanced-projector-step50,vision,balanced-projector-step50,shuffled_image,overall,1200,646.0,573.5,0.5383333333333333,0.47791666666666666,0.06041666666666667,130,13,1057,0.04875,0.0725,2000,20260969
checkpoint_minus_baseline,preference,sample_preference,balanced-projector-step50,vision,step-001500,vision,overall,1200,646.0,584.5,0.5383333333333333,0.4870833333333333,0.05125,161,38,1001,0.04,0.0625,2000,20260970
vision_minus_condition,preference,mean_margin,balanced-projector-step50,vision,balanced-projector-step50,background_matched_aux,overall,1200,266.0640597774869,258.9620951902299,0.22172004981457238,0.21580174599185825,0.005918303822714182,523,495,182,-0.0027138043748480916,0.014815090352166736,2000,20260971
vision_minus_condition,preference,mean_margin,balanced-projector-step50,vision,balanced-projector-step50,paired_counterfactual_image,overall,1200,266.0640597774869,-266.0640597774869,0.22172004981457238,-0.22172004981457238,0.44344009962914477,777,271,152,0.3884058782483141,0.5030390879395935,2000,20260972
vision_minus_condition,preference,mean_margin,balanced-projector-step50,vision,balanced-projector-step50,shuffled_image,overall,1200,266.0640597774869,-12.732803019100709,0.22172004981457238,-0.010610669182583925,0.23233071899715635,790,280,130,0.1982345919560582,0.26753397898784,2000,20260973
checkpoint_minus_baseline,preference,mean_margin,balanced-projector-step50,vision,step-001500,vision,overall,1200,266.0640597774869,21.224753890151074,0.22172004981457238,0.017687294908459227,0.2040327549061132,830,299,71,0.18026639284205342,0.22852401625045707,2000,20260974
vision_minus_condition,preference,paired_preference,balanced-projector-step50,vision,balanced-projector-step50,background_matched_aux,color,200,13.0,22.0,0.065,0.11,-0.045,5,14,181,-0.09,-0.005,2000,20260975
vision_minus_condition,preference,paired_preference,balanced-projector-step50,vision,balanced-projector-step50,paired_counterfactual_image,color,200,13.0,0.0,0.065,0.0,0.065,13,0,187,0.03,0.1,2000,20260976
vision_minus_condition,preference,paired_preference,balanced-projector-step50,vision,balanced-projector-step50,shuffled_image,color,200,13.0,3.0,0.065,0.015,0.05,11,1,188,0.015,0.085,2000,20260977
checkpoint_minus_baseline,preference,paired_preference,balanced-projector-step50,vision,step-001500,vision,color,200,13.0,0.0,0.065,0.0,0.065,13,0,187,0.035,0.1,2000,20260978
vision_minus_condition,preference,sample_preference,balanced-projector-step50,vision,balanced-projector-step50,background_matched_aux,color,200,106.5,111.0,0.5325,0.555,-0.0225,5,14,181,-0.045,-0.0025,2000,20260979
vision_minus_condition,preference,sample_preference,balanced-projector-step50,vision,balanced-projector-step50,paired_counterfactual_image,color,200,106.5,84.0,0.5325,0.42,0.1125,32,0,168,0.0775,0.1525,2000,20260980
vision_minus_condition,preference,sample_preference,balanced-projector-step50,vision,balanced-projector-step50,shuffled_image,color,200,106.5,93.5,0.5325,0.4675,0.065,24,1,175,0.04,0.095,2000,20260981
checkpoint_minus_baseline,preference,sample_preference,balanced-projector-step50,vision,step-001500,vision,color,200,106.5,98.0,0.5325,0.49,0.0425,17,0,183,0.025,0.0625,2000,20260982
vision_minus_condition,preference,mean_margin,balanced-projector-step50,vision,balanced-projector-step50,background_matched_aux,color,200,19.406246066093445,24.718749821186066,0.09703123033046722,0.12359374910593032,-0.026562518775463104,43,114,43,-0.033593767285346986,-0.01968752145767212,2000,20260983
vision_minus_condition,preference,mean_margin,balanced-projector-step50,vision,balanced-projector-step50,paired_counterfactual_image,color,200,19.406246066093445,-19.406246066093445,0.09703123033046722,-0.09703123033046722,0.19406246066093444,152,37,11,0.16343745708465576,0.22718746781349183,2000,20260984
vision_minus_condition,preference,mean_margin,balanced-projector-step50,vision,balanced-projector-step50,shuffled_image,color,200,19.406246066093445,-1.1874999403953552,0.09703123033046722,-0.005937499701976776,0.102968730032444,131,51,18,0.08109372228384018,0.1257812362909317,2000,20260985
checkpoint_minus_baseline,preference,mean_margin,balanced-projector-step50,vision,step-001500,vision,color,200,19.406246066093445,2.593750238418579,0.09703123033046722,0.012968751192092896,0.08406247913837434,146,39,15,0.06781248211860656,0.09968747913837434,2000,20260986
vision_minus_condition,preference,paired_preference,balanced-projector-step50,vision,balanced-projector-step50,background_matched_aux,coordinate,200,0.0,0.0,0.0,0.0,0.0,0,0,200,0.0,0.0,2000,20260987
vision_minus_condition,preference,paired_preference,balanced-projector-step50,vision,balanced-projector-step50,paired_counterfactual_image,coordinate,200,0.0,0.0,0.0,0.0,0.0,0,0,200,0.0,0.0,2000,20260988
vision_minus_condition,preference,paired_preference,balanced-projector-step50,vision,balanced-projector-step50,shuffled_image,coordinate,200,0.0,0.0,0.0,0.0,0.0,0,0,200,0.0,0.0,2000,20260989
checkpoint_minus_baseline,preference,paired_preference,balanced-projector-step50,vision,step-001500,vision,coordinate,200,0.0,0.0,0.0,0.0,0.0,0,0,200,0.0,0.0,2000,20260990
vision_minus_condition,preference,sample_preference,balanced-projector-step50,vision,balanced-projector-step50,background_matched_aux,coordinate,200,100.0,99.0,0.5,0.495,0.005,2,0,198,0.0,0.0125,2000,20260991
vision_minus_condition,preference,sample_preference,balanced-projector-step50,vision,balanced-projector-step50,paired_counterfactual_image,coordinate,200,100.0,99.0,0.5,0.495,0.005,2,0,198,0.0,0.0125,2000,20260992
vision_minus_condition,preference,sample_preference,balanced-projector-step50,vision,balanced-projector-step50,shuffled_image,coordinate,200,100.0,99.0,0.5,0.495,0.005,2,0,198,0.0,0.0125,2000,20260993
checkpoint_minus_baseline,preference,sample_preference,balanced-projector-step50,vision,step-001500,vision,coordinate,200,100.0,100.0,0.5,0.5,0.0,0,0,200,0.0,0.0,2000,20260994
vision_minus_condition,preference,mean_margin,balanced-projector-step50,vision,balanced-projector-step50,background_matched_aux,coordinate,200,-1.2615976333618164,-2.3053576946258545,-0.006307988166809082,-0.011526788473129273,0.005218800306320191,112,84,4,0.00047461837530136106,0.010139484107494354,2000,20260995
vision_minus_condition,preference,mean_margin,balanced-projector-step50,vision,balanced-projector-step50,paired_counterfactual_image,coordinate,200,-1.2615976333618164,1.2615976333618164,-0.006307988166809082,0.006307988166809082,-0.012615976333618164,108,88,4,-0.02597657561302185,0.00015009164810180663,2000,20260996
vision_minus_condition,preference,mean_margin,balanced-projector-step50,vision,balanced-projector-step50,shuffled_image,coordinate,200,-1.2615976333618164,0.08631616830825806,-0.006307988166809082,0.0004315808415412903,-0.006739569008350372,106,90,4,-0.016930190324783326,0.004133111536502838,2000,20260997
checkpoint_minus_baseline,preference,mean_margin,balanced-projector-step50,vision,step-001500,vision,coordinate,200,-1.2615976333618164,-1.2515151500701904,-0.006307988166809082,-0.006257575750350952,-5.041241645812988e-05,119,77,4,-0.005712860822677612,0.005409386456012726,2000,20260998
vision_minus_condition,preference,paired_preference,balanced-projector-step50,vision,balanced-projector-step50,background_matched_aux,count,200,0.0,0.0,0.0,0.0,0.0,0,0,200,0.0,0.0,2000,20260999
vision_minus_condition,preference,paired_preference,balanced-projector-step50,vision,balanced-projector-step50,paired_counterfactual_image,count,200,0.0,0.0,0.0,0.0,0.0,0,0,200,0.0,0.0,2000,20261000
vision_minus_condition,preference,paired_preference,balanced-projector-step50,vision,balanced-projector-step50,shuffled_image,count,200,0.0,0.0,0.0,0.0,0.0,0,0,200,0.0,0.0,2000,20261001
checkpoint_minus_baseline,preference,paired_preference,balanced-projector-step50,vision,step-001500,vision,count,200,0.0,0.0,0.0,0.0,0.0,0,0,200,0.0,0.0,2000,20261002
vision_minus_condition,preference,sample_preference,balanced-projector-step50,vision,balanced-projector-step50,background_matched_aux,count,200,94.0,90.5,0.47,0.4525,0.0175,12,5,183,0.0,0.0375,2000,20261003
vision_minus_condition,preference,sample_preference,balanced-projector-step50,vision,balanced-projector-step50,paired_counterfactual_image,count,200,94.0,87.0,0.47,0.435,0.035,16,2,182,0.015,0.055,2000,20261004
vision_minus_condition,preference,sample_preference,balanced-projector-step50,vision,balanced-projector-step50,shuffled_image,count,200,94.0,90.5,0.47,0.4525,0.0175,14,7,179,-0.005,0.04,2000,20261005
checkpoint_minus_baseline,preference,sample_preference,balanced-projector-step50,vision,step-001500,vision,count,200,94.0,100.0,0.47,0.5,-0.03,0,12,188,-0.0475,-0.015,2000,20261006
vision_minus_condition,preference,mean_margin,balanced-projector-step50,vision,balanced-projector-step50,background_matched_aux,count,200,2.2187503278255463,1.6250002682209015,0.01109375163912773,0.008125001341104507,0.0029687502980232238,60,55,85,-0.0006249992549419403,0.006718748658895493,2000,20261007
vision_minus_condition,preference,mean_margin,balanced-projector-step50,vision,balanced-projector-step50,paired_counterfactual_image,count,200,2.2187503278255463,-2.2187503278255463,0.01109375163912773,-0.01109375163912773,0.02218750327825546,89,25,86,0.01687500238418579,0.02750000238418579,2000,20261008
vision_minus_condition,preference,mean_margin,balanced-projector-step50,vision,balanced-projector-step50,shuffled_image,count,200,2.2187503278255463,-0.12500029802322388,0.01109375163912773,-0.0006250014901161194,0.01171875312924385,103,41,56,0.007812501192092895,0.01562500238418579,2000,20261009
checkpoint_minus_baseline,preference,mean_margin,balanced-projector-step50,vision,step-001500,vision,count,200,2.2187503278255463,1.1562508046627045,0.01109375163912773,0.0057812540233135225,0.005312497615814209,89,59,52,0.001718742698431015,0.009062497913837432,2000,20261010
vision_minus_condition,preference,paired_preference,balanced-projector-step50,vision,balanced-projector-step50,background_matched_aux,ocr,200,4.0,5.0,0.02,0.025,-0.005,1,2,197,-0.025,0.01,2000,20261011
vision_minus_condition,preference,paired_preference,balanced-projector-step50,vision,balanced-projector-step50,paired_counterfactual_image,ocr,200,4.0,0.0,0.02,0.0,0.02,4,0,196,0.005,0.04,2000,20261012
vision_minus_condition,preference,paired_preference,balanced-projector-step50,vision,balanced-projector-step50,shuffled_image,ocr,200,4.0,2.0,0.02,0.01,0.01,3,1,196,-0.01,0.03,2000,20261013
checkpoint_minus_baseline,preference,paired_preference,balanced-projector-step50,vision,step-001500,vision,ocr,200,4.0,0.0,0.02,0.0,0.02,4,0,196,0.005,0.04,2000,20261014
vision_minus_condition,preference,sample_preference,balanced-projector-step50,vision,balanced-projector-step50,background_matched_aux,ocr,200,102.0,102.5,0.51,0.5125,-0.0025,1,2,197,-0.01,0.005,2000,20261015
vision_minus_condition,preference,sample_preference,balanced-projector-step50,vision,balanced-projector-step50,paired_counterfactual_image,ocr,200,102.0,98.0,0.51,0.49,0.02,4,0,196,0.005,0.04,2000,20261016
vision_minus_condition,preference,sample_preference,balanced-projector-step50,vision,balanced-projector-step50,shuffled_image,ocr,200,102.0,100.0,0.51,0.5,0.01,5,1,194,0.0,0.0225,2000,20261017
checkpoint_minus_baseline,preference,sample_preference,balanced-projector-step50,vision,step-001500,vision,ocr,200,102.0,98.5,0.51,0.4925,0.0175,7,0,193,0.005,0.03,2000,20261018
vision_minus_condition,preference,mean_margin,balanced-projector-step50,vision,balanced-projector-step50,background_matched_aux,ocr,200,5.771639509428111,5.976009536924815,0.028858197547140554,0.029880047684624076,-0.0010218501374835225,97,103,0,-0.0045829817056656065,0.0025440725428717203,2000,20261019
vision_minus_condition,preference,mean_margin,balanced-projector-step50,vision,balanced-projector-step50,paired_counterfactual_image,ocr,200,5.771639509428111,-5.771639509428111,0.028858197547140554,-0.028858197547140554,0.05771639509428111,128,71,1,0.041932223092941916,0.07343143582344049,2000,20261020
vision_minus_condition,preference,mean_margin,balanced-projector-step50,vision,balanced-projector-step50,shuffled_image,ocr,200,5.771639509428111,0.3364843629655401,0.028858197547140554,0.0016824218148277005,0.02717577573231285,122,77,1,0.017845388514654982,0.03717814200265064,2000,20261021
checkpoint_minus_baseline,preference,mean_margin,balanced-projector-step50,vision,step-001500,vision,ocr,200,5.771639509428111,0.3825317360106004,0.028858197547140554,0.001912658680053002,0.026945538867087553,126,74,0,0.018176133751869154,0.03669903301057357,2000,20261022
vision_minus_condition,preference,paired_preference,balanced-projector-step50,vision,balanced-projector-step50,background_matched_aux,shape,200,87.0,68.0,0.435,0.34,0.095,19,0,181,0.06,0.135,2000,20261023
vision_minus_condition,preference,paired_preference,balanced-projector-step50,vision,balanced-projector-step50,paired_counterfactual_image,shape,200,87.0,0.0,0.435,0.0,0.435,87,0,113,0.365,0.505,2000,20261024
vision_minus_condition,preference,paired_preference,balanced-projector-step50,vision,balanced-projector-step50,shuffled_image,shape,200,87.0,14.0,0.435,0.07,0.365,77,4,119,0.29,0.435,2000,20261025
checkpoint_minus_baseline,preference,paired_preference,balanced-projector-step50,vision,step-001500,vision,shape,200,87.0,26.0,0.435,0.13,0.305,87,26,87,0.21,0.4,2000,20261026
vision_minus_condition,preference,sample_preference,balanced-projector-step50,vision,balanced-projector-step50,background_matched_aux,shape,200,143.5,134.0,0.7175,0.67,0.0475,19,0,181,0.0275,0.0675,2000,20261027
vision_minus_condition,preference,sample_preference,balanced-projector-step50,vision,balanced-projector-step50,paired_counterfactual_image,shape,200,143.5,52.0,0.7175,0.26,0.4575,96,0,104,0.39,0.5225,2000,20261028
vision_minus_condition,preference,sample_preference,balanced-projector-step50,vision,balanced-projector-step50,shuffled_image,shape,200,143.5,90.5,0.7175,0.4525,0.265,85,4,111,0.215,0.315,2000,20261029
checkpoint_minus_baseline,preference,sample_preference,balanced-projector-step50,vision,step-001500,vision,shape,200,143.5,113.0,0.7175,0.565,0.1525,87,26,87,0.1025,0.2025,2000,20261030
vision_minus_condition,preference,mean_margin,balanced-projector-step50,vision,balanced-projector-step50,background_matched_aux,shape,200,233.7187480032444,228.09374794363976,1.168593740016222,1.1404687397181987,0.028125000298023225,111,89,0,-0.022968748509883882,0.07984375260770321,2000,20261031
vision_minus_condition,preference,mean_margin,balanced-projector-step50,vision,balanced-projector-step50,paired_counterfactual_image,shape,200,233.7187480032444,-233.7187480032444,1.168593740016222,-1.168593740016222,2.337187480032444,200,0,0,2.168124988526106,2.511874972358346,2000,20261032
vision_minus_condition,preference,mean_margin,balanced-projector-step50,vision,balanced-projector-step50,shuffled_image,shape,200,233.7187480032444,-6.125001005828381,1.168593740016222,-0.030625005029141904,1.199218745045364,178,21,1,1.0529687553271652,1.3574999891221524,2000,20261033
checkpoint_minus_baseline,preference,mean_margin,balanced-projector-step50,vision,step-001500,vision,shape,200,233.7187480032444,26.593745529651642,1.168593740016222,0.1329687276482582,1.0356250123679638,200,0,0,0.9648437648639083,1.1084375179558992,2000,20261034
vision_minus_condition,preference,paired_preference,balanced-projector-step50,vision,balanced-projector-step50,background_matched_aux,spatial,200,0.0,0.0,0.0,0.0,0.0,0,0,200,0.0,0.0,2000,20261035
vision_minus_condition,preference,paired_preference,balanced-projector-step50,vision,balanced-projector-step50,paired_counterfactual_image,spatial,200,0.0,0.0,0.0,0.0,0.0,0,0,200,0.0,0.0,2000,20261036
vision_minus_condition,preference,paired_preference,balanced-projector-step50,vision,balanced-projector-step50,shuffled_image,spatial,200,0.0,0.0,0.0,0.0,0.0,0,0,200,0.0,0.0,2000,20261037
checkpoint_minus_baseline,preference,paired_preference,balanced-projector-step50,vision,step-001500,vision,spatial,200,0.0,0.0,0.0,0.0,0.0,0,0,200,0.0,0.0,2000,20261038
vision_minus_condition,preference,sample_preference,balanced-projector-step50,vision,balanced-projector-step50,background_matched_aux,spatial,200,100.0,100.0,0.5,0.5,0.0,0,0,200,0.0,0.0,2000,20261039
vision_minus_condition,preference,sample_preference,balanced-projector-step50,vision,balanced-projector-step50,paired_counterfactual_image,spatial,200,100.0,75.0,0.5,0.375,0.125,50,0,150,0.095,0.155,2000,20261040
vision_minus_condition,preference,sample_preference,balanced-projector-step50,vision,balanced-projector-step50,shuffled_image,spatial,200,100.0,100.0,0.5,0.5,0.0,0,0,200,0.0,0.0,2000,20261041
checkpoint_minus_baseline,preference,sample_preference,balanced-projector-step50,vision,step-001500,vision,spatial,200,100.0,75.0,0.5,0.375,0.125,50,0,150,0.095,0.155,2000,20261042
vision_minus_condition,preference,mean_margin,balanced-projector-step50,vision,balanced-projector-step50,background_matched_aux,spatial,200,6.210273504257202,0.8539453148841858,0.03105136752128601,0.004269726574420929,0.026781640946865082,100,50,50,0.0218698650598526,0.03191654995083809,2000,20261043
vision_minus_condition,preference,mean_margin,balanced-projector-step50,vision,balanced-projector-step50,paired_counterfactual_image,spatial,200,6.210273504257202,-6.210273504257202,0.03105136752128601,-0.03105136752128601,0.06210273504257202,100,50,50,0.053336840271949765,0.07146979093551636,2000,20261044
vision_minus_condition,preference,mean_margin,balanced-projector-step50,vision,balanced-projector-step50,shuffled_image,spatial,200,6.210273504257202,-5.718102306127548,0.03105136752128601,-0.02859051153063774,0.05964187905192375,150,0,50,0.05350620277225971,0.06560606762766838,2000,20261045
checkpoint_minus_baseline,preference,mean_margin,balanced-projector-step50,vision,step-001500,vision,spatial,200,6.210273504257202,-8.250009268522263,0.03105136752128601,-0.04125004634261131,0.07230141386389732,150,50,0,0.06363669522106648,0.08108260385692119,2000,20261046
vision_minus_condition,preference,paired_preference,balanced-projector-step100,vision,balanced-projector-step100,background_matched_aux,overall,1200,269.0,200.0,0.22416666666666665,0.16666666666666666,0.0575,110,41,1049,0.0375,0.07666666666666666,2000,20261047
vision_minus_condition,preference,paired_preference,balanced-projector-step100,vision,balanced-projector-step100,paired_counterfactual_image,overall,1200,269.0,1.0,0.22416666666666665,0.0008333333333333334,0.22333333333333333,269,1,930,0.2,0.24583333333333332,2000,20261048
vision_minus_condition,preference,paired_preference,balanced-projector-step100,vision,balanced-projector-step100,shuffled_image,overall,1200,269.0,72.0,0.22416666666666665,0.06,0.16416666666666666,231,34,935,0.14083333333333334,0.19,2000,20261049
checkpoint_minus_baseline,preference,paired_preference,balanced-projector-step100,vision,step-001500,vision,overall,1200,269.0,26.0,0.22416666666666665,0.021666666666666667,0.2025,269,26,905,0.17666666666666667,0.22916666666666666,2000,20261050
vision_minus_condition,preference,sample_preference,balanced-projector-step100,vision,balanced-projector-step100,background_matched_aux,overall,1200,727.0,685.5,0.6058333333333333,0.57125,0.034583333333333334,127,44,1029,0.024166666666666666,0.04583333333333333,2000,20261051
vision_minus_condition,preference,sample_preference,balanced-projector-step100,vision,balanced-projector-step100,paired_counterfactual_image,overall,1200,727.0,446.0,0.6058333333333333,0.37166666666666665,0.23416666666666666,305,11,884,0.21041666666666667,0.2575,2000,20261052
vision_minus_condition,preference,sample_preference,balanced-projector-step100,vision,balanced-projector-step100,shuffled_image,overall,1200,727.0,542.5,0.6058333333333333,0.45208333333333334,0.15375,302,46,852,0.135,0.17291666666666666,2000,20261053
checkpoint_minus_baseline,preference,sample_preference,balanced-projector-step100,vision,step-001500,vision,overall,1200,727.0,584.5,0.6058333333333333,0.4870833333333333,0.11875,324,41,835,0.105,0.1325,2000,20261054
vision_minus_condition,preference,mean_margin,balanced-projector-step100,vision,balanced-projector-step100,background_matched_aux,overall,1200,1144.4697406688972,1148.5168881261632,0.9537247838907477,0.9570974067718027,-0.0033726228810551134,510,640,50,-0.024022353406921625,0.017312801029887942,2000,20261055
vision_minus_condition,preference,mean_margin,balanced-projector-step100,vision,balanced-projector-step100,paired_counterfactual_image,overall,1200,1144.4697406688972,-1144.4697406688972,0.9537247838907477,-0.9537247838907477,1.9074495677814953,1026,135,39,1.707675712541958,2.1067996562950255,2000,20261056
vision_minus_condition,preference,mean_margin,balanced-projector-step100,vision,balanced-projector-step100,shuffled_image,overall,1200,1144.4697406688972,-95.49083716691959,0.9537247838907477,-0.07957569763909966,1.0333004815298474,913,264,23,0.9082086797812953,1.1727094048916376,2000,20261057
checkpoint_minus_baseline,preference,mean_margin,balanced-projector-step100,vision,step-001500,vision,overall,1200,1144.4697406688972,21.224753890151074,0.9537247838907477,0.017687294908459227,0.9360374889822884,983,206,11,0.8371640846785897,1.0336091418062143,2000,20261058
vision_minus_condition,preference,paired_preference,balanced-projector-step100,vision,balanced-projector-step100,background_matched_aux,color,200,46.0,76.0,0.23,0.38,-0.15,4,34,162,-0.205,-0.095,2000,20261059
vision_minus_condition,preference,paired_preference,balanced-projector-step100,vision,balanced-projector-step100,paired_counterfactual_image,color,200,46.0,0.0,0.23,0.0,0.23,46,0,154,0.17,0.29,2000,20261060
vision_minus_condition,preference,paired_preference,balanced-projector-step100,vision,balanced-projector-step100,shuffled_image,color,200,46.0,19.0,0.23,0.095,0.135,40,13,147,0.065,0.205,2000,20261061
checkpoint_minus_baseline,preference,paired_preference,balanced-projector-step100,vision,step-001500,vision,color,200,46.0,0.0,0.23,0.0,0.23,46,0,154,0.175,0.29,2000,20261062
vision_minus_condition,preference,sample_preference,balanced-projector-step100,vision,balanced-projector-step100,background_matched_aux,color,200,123.0,138.0,0.615,0.69,-0.075,4,34,162,-0.105,-0.0475,2000,20261063
vision_minus_condition,preference,sample_preference,balanced-projector-step100,vision,balanced-projector-step100,paired_counterfactual_image,color,200,123.0,72.0,0.615,0.36,0.255,56,0,144,0.2,0.315,2000,20261064
vision_minus_condition,preference,sample_preference,balanced-projector-step100,vision,balanced-projector-step100,shuffled_image,color,200,123.0,91.0,0.615,0.455,0.16,66,13,121,0.11,0.2075,2000,20261065
checkpoint_minus_baseline,preference,sample_preference,balanced-projector-step100,vision,step-001500,vision,color,200,123.0,98.0,0.615,0.49,0.125,49,0,151,0.095,0.155,2000,20261066
vision_minus_condition,preference,mean_margin,balanced-projector-step100,vision,balanced-projector-step100,background_matched_aux,color,200,126.78125369548798,162.6250023841858,0.6339062684774399,0.813125011920929,-0.17921874344348906,62,137,1,-0.22953122466802597,-0.13046875327825547,2000,20261067
vision_minus_condition,preference,mean_margin,balanced-projector-step100,vision,balanced-projector-step100,paired_counterfactual_image,color,200,126.78125369548798,-126.78125369548798,0.6339062684774399,-0.6339062684774399,1.2678125369548798,182,12,6,1.0690625143051147,1.4703125542402267,2000,20261068
vision_minus_condition,preference,mean_margin,balanced-projector-step100,vision,balanced-projector-step100,shuffled_image,color,200,126.78125369548798,-2.1249991059303284,0.6339062684774399,-0.010624995529651642,0.6445312640070915,159,34,7,0.4968750068545342,0.7935937711596489,2000,20261069
checkpoint_minus_baseline,preference,mean_margin,balanced-projector-step100,vision,step-001500,vision,color,200,126.78125369548798,2.593750238418579,0.6339062684774399,0.012968751192092896,0.620937517285347,186,14,0,0.5226562720537186,0.7173437690734863,2000,20261070
vision_minus_condition,preference,paired_preference,balanced-projector-step100,vision,balanced-projector-step100,background_matched_aux,coordinate,200,11.0,0.0,0.055,0.0,0.055,11,0,189,0.025,0.09,2000,20261071
vision_minus_condition,preference,paired_preference,balanced-projector-step100,vision,balanced-projector-step100,paired_counterfactual_image,coordinate,200,11.0,0.0,0.055,0.0,0.055,11,0,189,0.025,0.09,2000,20261072
vision_minus_condition,preference,paired_preference,balanced-projector-step100,vision,balanced-projector-step100,shuffled_image,coordinate,200,11.0,0.0,0.055,0.0,0.055,11,0,189,0.025,0.09,2000,20261073
checkpoint_minus_baseline,preference,paired_preference,balanced-projector-step100,vision,step-001500,vision,coordinate,200,11.0,0.0,0.055,0.0,0.055,11,0,189,0.025,0.09,2000,20261074
vision_minus_condition,preference,sample_preference,balanced-projector-step100,vision,balanced-projector-step100,background_matched_aux,coordinate,200,105.5,100.0,0.5275,0.5,0.0275,11,0,189,0.0125,0.045,2000,20261075
vision_minus_condition,preference,sample_preference,balanced-projector-step100,vision,balanced-projector-step100,paired_counterfactual_image,coordinate,200,105.5,94.5,0.5275,0.4725,0.055,11,0,189,0.025,0.09,2000,20261076
vision_minus_condition,preference,sample_preference,balanced-projector-step100,vision,balanced-projector-step100,shuffled_image,coordinate,200,105.5,97.5,0.5275,0.4875,0.04,13,0,187,0.02,0.065,2000,20261077
checkpoint_minus_baseline,preference,sample_preference,balanced-projector-step100,vision,step-001500,vision,coordinate,200,105.5,100.0,0.5275,0.5,0.0275,11,0,189,0.0125,0.045,2000,20261078
vision_minus_condition,preference,mean_margin,balanced-projector-step100,vision,balanced-projector-step100,background_matched_aux,coordinate,200,13.514987170696259,12.720978438854218,0.06757493585348129,0.06360489219427108,0.003970043659210205,76,113,11,-0.0028364935517311094,0.010461385846138,2000,20261079
vision_minus_condition,preference,mean_margin,balanced-projector-step100,vision,balanced-projector-step100,paired_counterfactual_image,coordinate,200,13.514987170696259,-13.514987170696259,0.06757493585348129,-0.06757493585348129,0.13514987170696258,161,39,0,0.11515671908855438,0.15456047236919404,2000,20261080
vision_minus_condition,preference,mean_margin,balanced-projector-step100,vision,balanced-projector-step100,shuffled_image,coordinate,200,13.514987170696259,0.48159104585647583,0.06757493585348129,0.0024079552292823794,0.06516698062419891,152,44,4,0.051514438688755035,0.07884159296751023,2000,20261081
checkpoint_minus_baseline,preference,mean_margin,balanced-projector-step100,vision,step-001500,vision,coordinate,200,13.514987170696259,-1.2515151500701904,0.06757493585348129,-0.006257575750350952,0.07383251160383225,158,42,0,0.06451628684997558,0.08266557604074479,2000,20261082
vision_minus_condition,preference,paired_preference,balanced-projector-step100,vision,balanced-projector-step100,background_matched_aux,count,200,23.0,17.0,0.115,0.085,0.03,8,2,190,0.0,0.06,2000,20261083
vision_minus_condition,preference,paired_preference,balanced-projector-step100,vision,balanced-projector-step100,paired_counterfactual_image,count,200,23.0,1.0,0.115,0.005,0.11,23,1,176,0.07,0.16,2000,20261084
vision_minus_condition,preference,paired_preference,balanced-projector-step100,vision,balanced-projector-step100,shuffled_image,count,200,23.0,12.0,0.115,0.06,0.055,19,8,173,0.005,0.105,2000,20261085
checkpoint_minus_baseline,preference,paired_preference,balanced-projector-step100,vision,step-001500,vision,count,200,23.0,0.0,0.115,0.0,0.115,23,0,177,0.075,0.16,2000,20261086
vision_minus_condition,preference,sample_preference,balanced-projector-step100,vision,balanced-projector-step100,background_matched_aux,count,200,104.0,95.0,0.52,0.475,0.045,23,5,172,0.02,0.0725,2000,20261087
vision_minus_condition,preference,sample_preference,balanced-projector-step100,vision,balanced-projector-step100,paired_counterfactual_image,count,200,104.0,77.0,0.52,0.385,0.135,43,11,146,0.085,0.1875,2000,20261088
vision_minus_condition,preference,sample_preference,balanced-projector-step100,vision,balanced-projector-step100,shuffled_image,count,200,104.0,87.0,0.52,0.435,0.085,47,20,133,0.0425,0.13,2000,20261089
checkpoint_minus_baseline,preference,sample_preference,balanced-projector-step100,vision,step-001500,vision,count,200,104.0,100.0,0.52,0.5,0.02,23,15,162,-0.01,0.05,2000,20261090
vision_minus_condition,preference,mean_margin,balanced-projector-step100,vision,balanced-projector-step100,background_matched_aux,count,200,7.2187501192092896,7.7187493443489075,0.03609375059604645,0.03859374672174454,-0.0024999961256980895,81,82,37,-0.007187498062849045,0.002187504321336746,2000,20261091
vision_minus_condition,preference,mean_margin,balanced-projector-step100,vision,balanced-projector-step100,paired_counterfactual_image,count,200,7.2187501192092896,-7.2187501192092896,0.03609375059604645,-0.03609375059604645,0.0721875011920929,116,51,33,0.037812498211860654,0.10500000089406968,2000,20261092
vision_minus_condition,preference,mean_margin,balanced-projector-step100,vision,balanced-projector-step100,shuffled_image,count,200,7.2187501192092896,-1.9687500894069672,0.03609375059604645,-0.009843750447034836,0.04593750104308128,117,71,12,0.025468753576278688,0.06578124910593033,2000,20261093
checkpoint_minus_baseline,preference,mean_margin,balanced-projector-step100,vision,step-001500,vision,count,200,7.2187501192092896,1.1562508046627045,0.03609375059604645,0.0057812540233135225,0.030312496572732925,121,68,11,0.0132812437415123,0.04718749269843101,2000,20261094
vision_minus_condition,preference,paired_preference,balanced-projector-step100,vision,balanced-projector-step100,background_matched_aux,ocr,200,27.0,28.0,0.135,0.14,-0.005,4,5,191,-0.035,0.025,2000,20261095
vision_minus_condition,preference,paired_preference,balanced-projector-step100,vision,balanced-projector-step100,paired_counterfactual_image,ocr,200,27.0,0.0,0.135,0.0,0.135,27,0,173,0.09,0.185,2000,20261096
vision_minus_condition,preference,paired_preference,balanced-projector-step100,vision,balanced-projector-step100,shuffled_image,ocr,200,27.0,10.0,0.135,0.05,0.085,22,5,173,0.04,0.14,2000,20261097
checkpoint_minus_baseline,preference,paired_preference,balanced-projector-step100,vision,step-001500,vision,ocr,200,27.0,0.0,0.135,0.0,0.135,27,0,173,0.085,0.185,2000,20261098
vision_minus_condition,preference,sample_preference,balanced-projector-step100,vision,balanced-projector-step100,background_matched_aux,ocr,200,113.5,113.0,0.5675,0.565,0.0025,6,5,189,-0.015,0.02,2000,20261099
vision_minus_condition,preference,sample_preference,balanced-projector-step100,vision,balanced-projector-step100,paired_counterfactual_image,ocr,200,113.5,86.5,0.5675,0.4325,0.135,27,0,173,0.09,0.18,2000,20261100
vision_minus_condition,preference,sample_preference,balanced-projector-step100,vision,balanced-projector-step100,shuffled_image,ocr,200,113.5,97.0,0.5675,0.485,0.0825,28,5,167,0.0475,0.12,2000,20261101
checkpoint_minus_baseline,preference,sample_preference,balanced-projector-step100,vision,step-001500,vision,ocr,200,113.5,98.5,0.5675,0.4925,0.075,29,0,171,0.05,0.1025,2000,20261102
vision_minus_condition,preference,mean_margin,balanced-projector-step100,vision,balanced-projector-step100,background_matched_aux,ocr,200,81.32784403732845,82.56160527410961,0.4066392201866422,0.41280802637054803,-0.006168806183905818,88,111,1,-0.015174671445574064,0.0034760036525272107,2000,20261103
vision_minus_condition,preference,mean_margin,balanced-projector-step100,vision,balanced-projector-step100,paired_counterfactual_image,ocr,200,81.32784403732845,-81.32784403732845,0.4066392201866422,-0.4066392201866422,0.8132784403732845,167,33,0,0.6812614237580981,0.9480840336141132,2000,20261104
vision_minus_condition,preference,mean_margin,balanced-projector-step100,vision,balanced-projector-step100,shuffled_image,ocr,200,81.32784403732845,4.722755831763857,0.4066392201866422,0.023613779158819286,0.383025441027823,150,50,0,0.30007866217976525,0.47017875820114496,2000,20261105
checkpoint_minus_baseline,preference,mean_margin,balanced-projector-step100,vision,step-001500,vision,ocr,200,81.32784403732845,0.3825317360106004,0.4066392201866422,0.001912658680053002,0.40472656150658926,168,32,0,0.3390471556640807,0.47110357094378696,2000,20261106
vision_minus_condition,preference,paired_preference,balanced-projector-step100,vision,balanced-projector-step100,background_matched_aux,shape,200,112.0,79.0,0.56,0.395,0.165,33,0,167,0.115,0.215,2000,20261107
vision_minus_condition,preference,paired_preference,balanced-projector-step100,vision,balanced-projector-step100,paired_counterfactual_image,shape,200,112.0,0.0,0.56,0.0,0.56,112,0,88,0.495,0.625,2000,20261108
vision_minus_condition,preference,paired_preference,balanced-projector-step100,vision,balanced-projector-step100,shuffled_image,shape,200,112.0,31.0,0.56,0.155,0.405,89,8,103,0.325,0.48,2000,20261109
checkpoint_minus_baseline,preference,paired_preference,balanced-projector-step100,vision,step-001500,vision,shape,200,112.0,26.0,0.56,0.13,0.43,112,26,62,0.33,0.525,2000,20261110
vision_minus_condition,preference,sample_preference,balanced-projector-step100,vision,balanced-projector-step100,background_matched_aux,shape,200,156.0,139.5,0.78,0.6975,0.0825,33,0,167,0.0575,0.11,2000,20261111
vision_minus_condition,preference,sample_preference,balanced-projector-step100,vision,balanced-projector-step100,paired_counterfactual_image,shape,200,156.0,41.0,0.78,0.205,0.575,118,0,82,0.505,0.6425,2000,20261112
vision_minus_condition,preference,sample_preference,balanced-projector-step100,vision,balanced-projector-step100,shuffled_image,shape,200,156.0,95.0,0.78,0.475,0.305,98,8,94,0.25,0.36,2000,20261113
checkpoint_minus_baseline,preference,sample_preference,balanced-projector-step100,vision,step-001500,vision,shape,200,156.0,113.0,0.78,0.565,0.215,112,26,62,0.1625,0.265,2000,20261114
vision_minus_condition,preference,mean_margin,balanced-projector-step100,vision,balanced-projector-step100,background_matched_aux,shape,200,887.484380017966,859.9999990612268,4.43742190008983,4.299999995306134,0.13742190478369593,103,97,0,0.031796915782615544,0.2445312860701233,2000,20261115
vision_minus_condition,preference,mean_margin,balanced-projector-step100,vision,balanced-projector-step100,paired_counterfactual_image,shape,200,887.484380017966,-887.484380017966,4.43742190008983,-4.43742190008983,8.87484380017966,200,0,0,8.357500057276338,9.420156293660403,2000,20261116
vision_minus_condition,preference,mean_margin,balanced-projector-step100,vision,balanced-projector-step100,shuffled_image,shape,200,887.484380017966,-73.7187527641654,4.43742190008983,-0.368593763820827,4.8060156639106575,185,15,0,4.277500037336722,5.326250047776848,2000,20261117
checkpoint_minus_baseline,preference,mean_margin,balanced-projector-step100,vision,step-001500,vision,shape,200,887.484380017966,26.593745529651642,4.43742190008983,0.1329687276482582,4.304453172441572,200,0,0,4.064765666536987,4.547343792365864,2000,20261118
vision_minus_condition,preference,paired_preference,balanced-projector-step100,vision,balanced-projector-step100,background_matched_aux,spatial,200,50.0,0.0,0.25,0.0,0.25,50,0,150,0.195,0.31,2000,20261119
vision_minus_condition,preference,paired_preference,balanced-projector-step100,vision,balanced-projector-step100,paired_counterfactual_image,spatial,200,50.0,0.0,0.25,0.0,0.25,50,0,150,0.19,0.315,2000,20261120
vision_minus_condition,preference,paired_preference,balanced-projector-step100,vision,balanced-projector-step100,shuffled_image,spatial,200,50.0,0.0,0.25,0.0,0.25,50,0,150,0.19,0.31,2000,20261121
checkpoint_minus_baseline,preference,paired_preference,balanced-projector-step100,vision,step-001500,vision,spatial,200,50.0,0.0,0.25,0.0,0.25,50,0,150,0.19,0.31,2000,20261122
vision_minus_condition,preference,sample_preference,balanced-projector-step100,vision,balanced-projector-step100,background_matched_aux,spatial,200,125.0,100.0,0.625,0.5,0.125,50,0,150,0.0975,0.1575,2000,20261123
vision_minus_condition,preference,sample_preference,balanced-projector-step100,vision,balanced-projector-step100,paired_counterfactual_image,spatial,200,125.0,75.0,0.625,0.375,0.25,50,0,150,0.195,0.31,2000,20261124
vision_minus_condition,preference,sample_preference,balanced-projector-step100,vision,balanced-projector-step100,shuffled_image,spatial,200,125.0,75.0,0.625,0.375,0.25,50,0,150,0.19,0.31,2000,20261125
checkpoint_minus_baseline,preference,sample_preference,balanced-projector-step100,vision,step-001500,vision,spatial,200,125.0,75.0,0.625,0.375,0.25,100,0,100,0.215,0.285,2000,20261126
vision_minus_condition,preference,mean_margin,balanced-projector-step100,vision,balanced-projector-step100,background_matched_aux,spatial,200,28.142525628209114,22.89055362343788,0.14071262814104557,0.11445276811718941,0.026259860023856163,100,100,0,0.021099529415369033,0.031107690818607807,2000,20261127
vision_minus_condition,preference,mean_margin,balanced-projector-step100,vision,balanced-projector-step100,paired_counterfactual_image,spatial,200,28.142525628209114,-28.142525628209114,0.14071262814104557,-0.14071262814104557,0.28142525628209114,200,0,0,0.25270330138504504,0.31453623689711097,2000,20261128
vision_minus_condition,preference,mean_margin,balanced-projector-step100,vision,balanced-projector-step100,shuffled_image,spatial,200,28.142525628209114,-22.88268208503723,0.14071262814104557,-0.11441341042518616,0.2551260385662317,150,50,0,0.22053118325769902,0.2897208931297064,2000,20261129
checkpoint_minus_baseline,preference,mean_margin,balanced-projector-step100,vision,step-001500,vision,spatial,200,28.142525628209114,-8.250009268522263,0.14071262814104557,-0.04125004634261131,0.18196267448365688,150,50,0,0.15855696640908717,0.204371668510139,2000,20261130
vision_minus_condition,generation,generation_paired,step-001500,vision,step-001500,background_matched_aux,overall,300,0.0,0.0,0.0,0.0,0.0,0,0,300,0.0,0.0,2000,20261131
vision_minus_condition,generation,generation_paired,step-001500,vision,step-001500,blind,overall,300,0.0,0.0,0.0,0.0,0.0,0,0,300,0.0,0.0,2000,20261132
vision_minus_condition,generation,generation_paired,step-001500,vision,step-001500,paired_counterfactual_image,overall,300,0.0,0.0,0.0,0.0,0.0,0,0,300,0.0,0.0,2000,20261133
vision_minus_condition,generation,generation_paired,step-001500,vision,step-001500,shuffled_image,overall,300,0.0,0.0,0.0,0.0,0.0,0,0,300,0.0,0.0,2000,20261134
vision_minus_condition,generation,generation_sample,step-001500,vision,step-001500,background_matched_aux,overall,300,40.5,44.0,0.135,0.14666666666666667,-0.011666666666666667,12,19,269,-0.03,0.006666666666666667,2000,20261135
vision_minus_condition,generation,generation_sample,step-001500,vision,step-001500,blind,overall,300,40.5,0.0,0.135,0.0,0.135,81,0,219,0.11,0.16166666666666665,2000,20261136
vision_minus_condition,generation,generation_sample,step-001500,vision,step-001500,paired_counterfactual_image,overall,300,40.5,40.5,0.135,0.135,0.0,0,0,300,0.0,0.0,2000,20261137
vision_minus_condition,generation,generation_sample,step-001500,vision,step-001500,shuffled_image,overall,300,40.5,44.0,0.135,0.14666666666666667,-0.011666666666666667,8,15,277,-0.028333333333333332,0.005,2000,20261138
vision_minus_condition,generation,prediction_flip,step-001500,vision,step-001500,background_matched_aux,overall,300,82.0,51.0,0.2733333333333333,0.17,0.10333333333333333,53,22,225,0.04666666666666667,0.16,2000,20261139
vision_minus_condition,generation,prediction_flip,step-001500,vision,step-001500,blind,overall,300,82.0,0.0,0.2733333333333333,0.0,0.2733333333333333,82,0,218,0.22666666666666666,0.32666666666666666,2000,20261140
vision_minus_condition,generation,prediction_flip,step-001500,vision,step-001500,paired_counterfactual_image,overall,300,82.0,82.0,0.2733333333333333,0.2733333333333333,0.0,0,0,300,0.0,0.0,2000,20261141
vision_minus_condition,generation,prediction_flip,step-001500,vision,step-001500,shuffled_image,overall,300,82.0,57.0,0.2733333333333333,0.19,0.08333333333333333,54,29,217,0.023333333333333334,0.14333333333333334,2000,20261142
vision_minus_condition,generation,generation_paired,step-001500,vision,step-001500,background_matched_aux,color,50,0.0,0.0,0.0,0.0,0.0,0,0,50,0.0,0.0,2000,20261143
vision_minus_condition,generation,generation_paired,step-001500,vision,step-001500,blind,color,50,0.0,0.0,0.0,0.0,0.0,0,0,50,0.0,0.0,2000,20261144
vision_minus_condition,generation,generation_paired,step-001500,vision,step-001500,paired_counterfactual_image,color,50,0.0,0.0,0.0,0.0,0.0,0,0,50,0.0,0.0,2000,20261145
vision_minus_condition,generation,generation_paired,step-001500,vision,step-001500,shuffled_image,color,50,0.0,0.0,0.0,0.0,0.0,0,0,50,0.0,0.0,2000,20261146
vision_minus_condition,generation,generation_sample,step-001500,vision,step-001500,background_matched_aux,color,50,11.0,9.0,0.22,0.18,0.04,12,8,30,-0.05,0.12,2000,20261147
vision_minus_condition,generation,generation_sample,step-001500,vision,step-001500,blind,color,50,11.0,0.0,0.22,0.0,0.22,22,0,28,0.15,0.29,2000,20261148
vision_minus_condition,generation,generation_sample,step-001500,vision,step-001500,paired_counterfactual_image,color,50,11.0,11.0,0.22,0.22,0.0,0,0,50,0.0,0.0,2000,20261149
vision_minus_condition,generation,generation_sample,step-001500,vision,step-001500,shuffled_image,color,50,11.0,9.0,0.22,0.18,0.04,8,4,38,-0.02,0.11,2000,20261150
vision_minus_condition,generation,prediction_flip,step-001500,vision,step-001500,background_matched_aux,color,50,20.0,3.0,0.4,0.06,0.34,20,3,27,0.18,0.5,2000,20261151
vision_minus_condition,generation,prediction_flip,step-001500,vision,step-001500,blind,color,50,20.0,0.0,0.4,0.0,0.4,20,0,30,0.26,0.52,2000,20261152
vision_minus_condition,generation,prediction_flip,step-001500,vision,step-001500,paired_counterfactual_image,color,50,20.0,20.0,0.4,0.4,0.0,0,0,50,0.0,0.0,2000,20261153
vision_minus_condition,generation,prediction_flip,step-001500,vision,step-001500,shuffled_image,color,50,20.0,17.0,0.4,0.34,0.06,13,10,27,-0.12,0.26,2000,20261154
vision_minus_condition,generation,generation_paired,step-001500,vision,step-001500,background_matched_aux,coordinate,50,0.0,0.0,0.0,0.0,0.0,0,0,50,0.0,0.0,2000,20261155
vision_minus_condition,generation,generation_paired,step-001500,vision,step-001500,blind,coordinate,50,0.0,0.0,0.0,0.0,0.0,0,0,50,0.0,0.0,2000,20261156
vision_minus_condition,generation,generation_paired,step-001500,vision,step-001500,paired_counterfactual_image,coordinate,50,0.0,0.0,0.0,0.0,0.0,0,0,50,0.0,0.0,2000,20261157
vision_minus_condition,generation,generation_paired,step-001500,vision,step-001500,shuffled_image,coordinate,50,0.0,0.0,0.0,0.0,0.0,0,0,50,0.0,0.0,2000,20261158
vision_minus_condition,generation,generation_sample,step-001500,vision,step-001500,background_matched_aux,coordinate,50,0.0,0.0,0.0,0.0,0.0,0,0,50,0.0,0.0,2000,20261159
vision_minus_condition,generation,generation_sample,step-001500,vision,step-001500,blind,coordinate,50,0.0,0.0,0.0,0.0,0.0,0,0,50,0.0,0.0,2000,20261160
vision_minus_condition,generation,generation_sample,step-001500,vision,step-001500,paired_counterfactual_image,coordinate,50,0.0,0.0,0.0,0.0,0.0,0,0,50,0.0,0.0,2000,20261161
vision_minus_condition,generation,generation_sample,step-001500,vision,step-001500,shuffled_image,coordinate,50,0.0,0.0,0.0,0.0,0.0,0,0,50,0.0,0.0,2000,20261162
vision_minus_condition,generation,prediction_flip,step-001500,vision,step-001500,background_matched_aux,coordinate,50,26.0,28.0,0.52,0.56,-0.04,11,13,26,-0.24,0.16,2000,20261163
vision_minus_condition,generation,prediction_flip,step-001500,vision,step-001500,blind,coordinate,50,26.0,0.0,0.52,0.0,0.52,26,0,24,0.38,0.66,2000,20261164
vision_minus_condition,generation,prediction_flip,step-001500,vision,step-001500,paired_counterfactual_image,coordinate,50,26.0,26.0,0.52,0.52,0.0,0,0,50,0.0,0.0,2000,20261165
vision_minus_condition,generation,prediction_flip,step-001500,vision,step-001500,shuffled_image,coordinate,50,26.0,21.0,0.52,0.42,0.1,14,9,27,-0.1,0.3,2000,20261166
vision_minus_condition,generation,generation_paired,step-001500,vision,step-001500,background_matched_aux,count,50,0.0,0.0,0.0,0.0,0.0,0,0,50,0.0,0.0,2000,20261167
vision_minus_condition,generation,generation_paired,step-001500,vision,step-001500,blind,count,50,0.0,0.0,0.0,0.0,0.0,0,0,50,0.0,0.0,2000,20261168
vision_minus_condition,generation,generation_paired,step-001500,vision,step-001500,paired_counterfactual_image,count,50,0.0,0.0,0.0,0.0,0.0,0,0,50,0.0,0.0,2000,20261169
vision_minus_condition,generation,generation_paired,step-001500,vision,step-001500,shuffled_image,count,50,0.0,0.0,0.0,0.0,0.0,0,0,50,0.0,0.0,2000,20261170
vision_minus_condition,generation,generation_sample,step-001500,vision,step-001500,background_matched_aux,count,50,5.5,5.5,0.11,0.11,0.0,0,0,50,0.0,0.0,2000,20261171
vision_minus_condition,generation,generation_sample,step-001500,vision,step-001500,blind,count,50,5.5,0.0,0.11,0.0,0.11,11,0,39,0.06,0.17,2000,20261172
vision_minus_condition,generation,generation_sample,step-001500,vision,step-001500,paired_counterfactual_image,count,50,5.5,5.5,0.11,0.11,0.0,0,0,50,0.0,0.0,2000,20261173
vision_minus_condition,generation,generation_sample,step-001500,vision,step-001500,shuffled_image,count,50,5.5,5.5,0.11,0.11,0.0,0,0,50,0.0,0.0,2000,20261174
vision_minus_condition,generation,prediction_flip,step-001500,vision,step-001500,background_matched_aux,count,50,0.0,0.0,0.0,0.0,0.0,0,0,50,0.0,0.0,2000,20261175
vision_minus_condition,generation,prediction_flip,step-001500,vision,step-001500,blind,count,50,0.0,0.0,0.0,0.0,0.0,0,0,50,0.0,0.0,2000,20261176
vision_minus_condition,generation,prediction_flip,step-001500,vision,step-001500,paired_counterfactual_image,count,50,0.0,0.0,0.0,0.0,0.0,0,0,50,0.0,0.0,2000,20261177
vision_minus_condition,generation,prediction_flip,step-001500,vision,step-001500,shuffled_image,count,50,0.0,0.0,0.0,0.0,0.0,0,0,50,0.0,0.0,2000,20261178
vision_minus_condition,generation,generation_paired,step-001500,vision,step-001500,background_matched_aux,ocr,50,0.0,0.0,0.0,0.0,0.0,0,0,50,0.0,0.0,2000,20261179
vision_minus_condition,generation,generation_paired,step-001500,vision,step-001500,blind,ocr,50,0.0,0.0,0.0,0.0,0.0,0,0,50,0.0,0.0,2000,20261180
vision_minus_condition,generation,generation_paired,step-001500,vision,step-001500,paired_counterfactual_image,ocr,50,0.0,0.0,0.0,0.0,0.0,0,0,50,0.0,0.0,2000,20261181
vision_minus_condition,generation,generation_paired,step-001500,vision,step-001500,shuffled_image,ocr,50,0.0,0.0,0.0,0.0,0.0,0,0,50,0.0,0.0,2000,20261182
vision_minus_condition,generation,generation_sample,step-001500,vision,step-001500,background_matched_aux,ocr,50,0.0,0.0,0.0,0.0,0.0,0,0,50,0.0,0.0,2000,20261183
vision_minus_condition,generation,generation_sample,step-001500,vision,step-001500,blind,ocr,50,0.0,0.0,0.0,0.0,0.0,0,0,50,0.0,0.0,2000,20261184
vision_minus_condition,generation,generation_sample,step-001500,vision,step-001500,paired_counterfactual_image,ocr,50,0.0,0.0,0.0,0.0,0.0,0,0,50,0.0,0.0,2000,20261185
vision_minus_condition,generation,generation_sample,step-001500,vision,step-001500,shuffled_image,ocr,50,0.0,0.0,0.0,0.0,0.0,0,0,50,0.0,0.0,2000,20261186
vision_minus_condition,generation,prediction_flip,step-001500,vision,step-001500,background_matched_aux,ocr,50,25.0,20.0,0.5,0.4,0.1,11,6,33,-0.06,0.26,2000,20261187
vision_minus_condition,generation,prediction_flip,step-001500,vision,step-001500,blind,ocr,50,25.0,0.0,0.5,0.0,0.5,25,0,25,0.36,0.64,2000,20261188
vision_minus_condition,generation,prediction_flip,step-001500,vision,step-001500,paired_counterfactual_image,ocr,50,25.0,25.0,0.5,0.5,0.0,0,0,50,0.0,0.0,2000,20261189
vision_minus_condition,generation,prediction_flip,step-001500,vision,step-001500,shuffled_image,ocr,50,25.0,19.0,0.5,0.38,0.12,16,10,24,-0.08,0.32,2000,20261190
vision_minus_condition,generation,generation_paired,step-001500,vision,step-001500,background_matched_aux,shape,50,0.0,0.0,0.0,0.0,0.0,0,0,50,0.0,0.0,2000,20261191
vision_minus_condition,generation,generation_paired,step-001500,vision,step-001500,blind,shape,50,0.0,0.0,0.0,0.0,0.0,0,0,50,0.0,0.0,2000,20261192
vision_minus_condition,generation,generation_paired,step-001500,vision,step-001500,paired_counterfactual_image,shape,50,0.0,0.0,0.0,0.0,0.0,0,0,50,0.0,0.0,2000,20261193
vision_minus_condition,generation,generation_paired,step-001500,vision,step-001500,shuffled_image,shape,50,0.0,0.0,0.0,0.0,0.0,0,0,50,0.0,0.0,2000,20261194
vision_minus_condition,generation,generation_sample,step-001500,vision,step-001500,background_matched_aux,shape,50,13.0,13.0,0.26,0.26,0.0,0,0,50,0.0,0.0,2000,20261195
vision_minus_condition,generation,generation_sample,step-001500,vision,step-001500,blind,shape,50,13.0,0.0,0.26,0.0,0.26,26,0,24,0.19,0.33,2000,20261196
vision_minus_condition,generation,generation_sample,step-001500,vision,step-001500,paired_counterfactual_image,shape,50,13.0,13.0,0.26,0.26,0.0,0,0,50,0.0,0.0,2000,20261197
vision_minus_condition,generation,generation_sample,step-001500,vision,step-001500,shuffled_image,shape,50,13.0,13.0,0.26,0.26,0.0,0,0,50,0.0,0.0,2000,20261198
vision_minus_condition,generation,prediction_flip,step-001500,vision,step-001500,background_matched_aux,shape,50,0.0,0.0,0.0,0.0,0.0,0,0,50,0.0,0.0,2000,20261199
vision_minus_condition,generation,prediction_flip,step-001500,vision,step-001500,blind,shape,50,0.0,0.0,0.0,0.0,0.0,0,0,50,0.0,0.0,2000,20261200
vision_minus_condition,generation,prediction_flip,step-001500,vision,step-001500,paired_counterfactual_image,shape,50,0.0,0.0,0.0,0.0,0.0,0,0,50,0.0,0.0,2000,20261201
vision_minus_condition,generation,prediction_flip,step-001500,vision,step-001500,shuffled_image,shape,50,0.0,0.0,0.0,0.0,0.0,0,0,50,0.0,0.0,2000,20261202
vision_minus_condition,generation,generation_paired,step-001500,vision,step-001500,background_matched_aux,spatial,50,0.0,0.0,0.0,0.0,0.0,0,0,50,0.0,0.0,2000,20261203
vision_minus_condition,generation,generation_paired,step-001500,vision,step-001500,blind,spatial,50,0.0,0.0,0.0,0.0,0.0,0,0,50,0.0,0.0,2000,20261204
vision_minus_condition,generation,generation_paired,step-001500,vision,step-001500,paired_counterfactual_image,spatial,50,0.0,0.0,0.0,0.0,0.0,0,0,50,0.0,0.0,2000,20261205
vision_minus_condition,generation,generation_paired,step-001500,vision,step-001500,shuffled_image,spatial,50,0.0,0.0,0.0,0.0,0.0,0,0,50,0.0,0.0,2000,20261206
vision_minus_condition,generation,generation_sample,step-001500,vision,step-001500,background_matched_aux,spatial,50,11.0,16.5,0.22,0.33,-0.11,0,11,39,-0.17,-0.06,2000,20261207
vision_minus_condition,generation,generation_sample,step-001500,vision,step-001500,blind,spatial,50,11.0,0.0,0.22,0.0,0.22,22,0,28,0.15,0.29,2000,20261208
vision_minus_condition,generation,generation_sample,step-001500,vision,step-001500,paired_counterfactual_image,spatial,50,11.0,11.0,0.22,0.22,0.0,0,0,50,0.0,0.0,2000,20261209
vision_minus_condition,generation,generation_sample,step-001500,vision,step-001500,shuffled_image,spatial,50,11.0,16.5,0.22,0.33,-0.11,0,11,39,-0.17,-0.05,2000,20261210
vision_minus_condition,generation,prediction_flip,step-001500,vision,step-001500,background_matched_aux,spatial,50,11.0,0.0,0.22,0.0,0.22,11,0,39,0.1,0.34,2000,20261211
vision_minus_condition,generation,prediction_flip,step-001500,vision,step-001500,blind,spatial,50,11.0,0.0,0.22,0.0,0.22,11,0,39,0.12,0.34,2000,20261212
vision_minus_condition,generation,prediction_flip,step-001500,vision,step-001500,paired_counterfactual_image,spatial,50,11.0,11.0,0.22,0.22,0.0,0,0,50,0.0,0.0,2000,20261213
vision_minus_condition,generation,prediction_flip,step-001500,vision,step-001500,shuffled_image,spatial,50,11.0,0.0,0.22,0.0,0.22,11,0,39,0.12,0.34,2000,20261214
vision_minus_condition,generation,generation_paired,balanced-projector-step25,vision,balanced-projector-step25,background_matched_aux,overall,300,0.0,0.0,0.0,0.0,0.0,0,0,300,0.0,0.0,2000,20261215
vision_minus_condition,generation,generation_paired,balanced-projector-step25,vision,balanced-projector-step25,blind,overall,300,0.0,0.0,0.0,0.0,0.0,0,0,300,0.0,0.0,2000,20261216
vision_minus_condition,generation,generation_paired,balanced-projector-step25,vision,balanced-projector-step25,paired_counterfactual_image,overall,300,0.0,0.0,0.0,0.0,0.0,0,0,300,0.0,0.0,2000,20261217
vision_minus_condition,generation,generation_paired,balanced-projector-step25,vision,balanced-projector-step25,shuffled_image,overall,300,0.0,0.0,0.0,0.0,0.0,0,0,300,0.0,0.0,2000,20261218
checkpoint_minus_baseline,generation,generation_paired,balanced-projector-step25,vision,step-001500,vision,overall,300,0.0,0.0,0.0,0.0,0.0,0,0,300,0.0,0.0,2000,20261219
vision_minus_condition,generation,generation_sample,balanced-projector-step25,vision,balanced-projector-step25,background_matched_aux,overall,300,41.5,41.5,0.13833333333333334,0.13833333333333334,0.0,0,0,300,0.0,0.0,2000,20261220
vision_minus_condition,generation,generation_sample,balanced-projector-step25,vision,balanced-projector-step25,blind,overall,300,41.5,0.0,0.13833333333333334,0.0,0.13833333333333334,83,0,217,0.11166666666666666,0.165,2000,20261221
vision_minus_condition,generation,generation_sample,balanced-projector-step25,vision,balanced-projector-step25,paired_counterfactual_image,overall,300,41.5,41.5,0.13833333333333334,0.13833333333333334,0.0,0,0,300,0.0,0.0,2000,20261222
vision_minus_condition,generation,generation_sample,balanced-projector-step25,vision,balanced-projector-step25,shuffled_image,overall,300,41.5,41.5,0.13833333333333334,0.13833333333333334,0.0,0,0,300,0.0,0.0,2000,20261223
checkpoint_minus_baseline,generation,generation_sample,balanced-projector-step25,vision,step-001500,vision,overall,300,41.5,40.5,0.13833333333333334,0.135,0.0033333333333333335,14,12,274,-0.013333333333333334,0.02,2000,20261224
vision_minus_condition,generation,prediction_flip,balanced-projector-step25,vision,balanced-projector-step25,background_matched_aux,overall,300,3.0,0.0,0.01,0.0,0.01,3,0,297,0.0,0.023333333333333334,2000,20261225
vision_minus_condition,generation,prediction_flip,balanced-projector-step25,vision,balanced-projector-step25,blind,overall,300,3.0,0.0,0.01,0.0,0.01,3,0,297,0.0,0.023333333333333334,2000,20261226
vision_minus_condition,generation,prediction_flip,balanced-projector-step25,vision,balanced-projector-step25,paired_counterfactual_image,overall,300,3.0,3.0,0.01,0.01,0.0,0,0,300,0.0,0.0,2000,20261227
vision_minus_condition,generation,prediction_flip,balanced-projector-step25,vision,balanced-projector-step25,shuffled_image,overall,300,3.0,6.0,0.01,0.02,-0.01,3,6,291,-0.03,0.01,2000,20261228
checkpoint_minus_baseline,generation,prediction_flip,balanced-projector-step25,vision,step-001500,vision,overall,300,3.0,82.0,0.01,0.2733333333333333,-0.2633333333333333,0,79,221,-0.31333333333333335,-0.21333333333333335,2000,20261229
vision_minus_condition,generation,generation_paired,balanced-projector-step25,vision,balanced-projector-step25,background_matched_aux,color,50,0.0,0.0,0.0,0.0,0.0,0,0,50,0.0,0.0,2000,20261230
vision_minus_condition,generation,generation_paired,balanced-projector-step25,vision,balanced-projector-step25,blind,color,50,0.0,0.0,0.0,0.0,0.0,0,0,50,0.0,0.0,2000,20261231
vision_minus_condition,generation,generation_paired,balanced-projector-step25,vision,balanced-projector-step25,paired_counterfactual_image,color,50,0.0,0.0,0.0,0.0,0.0,0,0,50,0.0,0.0,2000,20261232
vision_minus_condition,generation,generation_paired,balanced-projector-step25,vision,balanced-projector-step25,shuffled_image,color,50,0.0,0.0,0.0,0.0,0.0,0,0,50,0.0,0.0,2000,20261233
checkpoint_minus_baseline,generation,generation_paired,balanced-projector-step25,vision,step-001500,vision,color,50,0.0,0.0,0.0,0.0,0.0,0,0,50,0.0,0.0,2000,20261234
vision_minus_condition,generation,generation_sample,balanced-projector-step25,vision,balanced-projector-step25,background_matched_aux,color,50,6.5,6.5,0.13,0.13,0.0,0,0,50,0.0,0.0,2000,20261235
vision_minus_condition,generation,generation_sample,balanced-projector-step25,vision,balanced-projector-step25,blind,color,50,6.5,0.0,0.13,0.0,0.13,13,0,37,0.07,0.19,2000,20261236
vision_minus_condition,generation,generation_sample,balanced-projector-step25,vision,balanced-projector-step25,paired_counterfactual_image,color,50,6.5,6.5,0.13,0.13,0.0,0,0,50,0.0,0.0,2000,20261237
vision_minus_condition,generation,generation_sample,balanced-projector-step25,vision,balanced-projector-step25,shuffled_image,color,50,6.5,6.5,0.13,0.13,0.0,0,0,50,0.0,0.0,2000,20261238
checkpoint_minus_baseline,generation,generation_sample,balanced-projector-step25,vision,step-001500,vision,color,50,6.5,11.0,0.13,0.22,-0.09,3,12,35,-0.16,-0.02,2000,20261239
vision_minus_condition,generation,prediction_flip,balanced-projector-step25,vision,balanced-projector-step25,background_matched_aux,color,50,3.0,0.0,0.06,0.0,0.06,3,0,47,0.0,0.14,2000,20261240
vision_minus_condition,generation,prediction_flip,balanced-projector-step25,vision,balanced-projector-step25,blind,color,50,3.0,0.0,0.06,0.0,0.06,3,0,47,0.0,0.14,2000,20261241
vision_minus_condition,generation,prediction_flip,balanced-projector-step25,vision,balanced-projector-step25,paired_counterfactual_image,color,50,3.0,3.0,0.06,0.06,0.0,0,0,50,0.0,0.0,2000,20261242
vision_minus_condition,generation,prediction_flip,balanced-projector-step25,vision,balanced-projector-step25,shuffled_image,color,50,3.0,4.0,0.06,0.08,-0.02,3,4,43,-0.12,0.08,2000,20261243
checkpoint_minus_baseline,generation,prediction_flip,balanced-projector-step25,vision,step-001500,vision,color,50,3.0,20.0,0.06,0.4,-0.34,0,17,33,-0.46,-0.22,2000,20261244
vision_minus_condition,generation,generation_paired,balanced-projector-step25,vision,balanced-projector-step25,background_matched_aux,coordinate,50,0.0,0.0,0.0,0.0,0.0,0,0,50,0.0,0.0,2000,20261245
vision_minus_condition,generation,generation_paired,balanced-projector-step25,vision,balanced-projector-step25,blind,coordinate,50,0.0,0.0,0.0,0.0,0.0,0,0,50,0.0,0.0,2000,20261246
vision_minus_condition,generation,generation_paired,balanced-projector-step25,vision,balanced-projector-step25,paired_counterfactual_image,coordinate,50,0.0,0.0,0.0,0.0,0.0,0,0,50,0.0,0.0,2000,20261247
vision_minus_condition,generation,generation_paired,balanced-projector-step25,vision,balanced-projector-step25,shuffled_image,coordinate,50,0.0,0.0,0.0,0.0,0.0,0,0,50,0.0,0.0,2000,20261248
checkpoint_minus_baseline,generation,generation_paired,balanced-projector-step25,vision,step-001500,vision,coordinate,50,0.0,0.0,0.0,0.0,0.0,0,0,50,0.0,0.0,2000,20261249
vision_minus_condition,generation,generation_sample,balanced-projector-step25,vision,balanced-projector-step25,background_matched_aux,coordinate,50,0.0,0.0,0.0,0.0,0.0,0,0,50,0.0,0.0,2000,20261250
vision_minus_condition,generation,generation_sample,balanced-projector-step25,vision,balanced-projector-step25,blind,coordinate,50,0.0,0.0,0.0,0.0,0.0,0,0,50,0.0,0.0,2000,20261251
vision_minus_condition,generation,generation_sample,balanced-projector-step25,vision,balanced-projector-step25,paired_counterfactual_image,coordinate,50,0.0,0.0,0.0,0.0,0.0,0,0,50,0.0,0.0,2000,20261252
vision_minus_condition,generation,generation_sample,balanced-projector-step25,vision,balanced-projector-step25,shuffled_image,coordinate,50,0.0,0.0,0.0,0.0,0.0,0,0,50,0.0,0.0,2000,20261253
checkpoint_minus_baseline,generation,generation_sample,balanced-projector-step25,vision,step-001500,vision,coordinate,50,0.0,0.0,0.0,0.0,0.0,0,0,50,0.0,0.0,2000,20261254
vision_minus_condition,generation,prediction_flip,balanced-projector-step25,vision,balanced-projector-step25,background_matched_aux,coordinate,50,0.0,0.0,0.0,0.0,0.0,0,0,50,0.0,0.0,2000,20261255
vision_minus_condition,generation,prediction_flip,balanced-projector-step25,vision,balanced-projector-step25,blind,coordinate,50,0.0,0.0,0.0,0.0,0.0,0,0,50,0.0,0.0,2000,20261256
vision_minus_condition,generation,prediction_flip,balanced-projector-step25,vision,balanced-projector-step25,paired_counterfactual_image,coordinate,50,0.0,0.0,0.0,0.0,0.0,0,0,50,0.0,0.0,2000,20261257
vision_minus_condition,generation,prediction_flip,balanced-projector-step25,vision,balanced-projector-step25,shuffled_image,coordinate,50,0.0,0.0,0.0,0.0,0.0,0,0,50,0.0,0.0,2000,20261258
checkpoint_minus_baseline,generation,prediction_flip,balanced-projector-step25,vision,step-001500,vision,coordinate,50,0.0,26.0,0.0,0.52,-0.52,0,26,24,-0.66,-0.38,2000,20261259
vision_minus_condition,generation,generation_paired,balanced-projector-step25,vision,balanced-projector-step25,background_matched_aux,count,50,0.0,0.0,0.0,0.0,0.0,0,0,50,0.0,0.0,2000,20261260
vision_minus_condition,generation,generation_paired,balanced-projector-step25,vision,balanced-projector-step25,blind,count,50,0.0,0.0,0.0,0.0,0.0,0,0,50,0.0,0.0,2000,20261261
vision_minus_condition,generation,generation_paired,balanced-projector-step25,vision,balanced-projector-step25,paired_counterfactual_image,count,50,0.0,0.0,0.0,0.0,0.0,0,0,50,0.0,0.0,2000,20261262
vision_minus_condition,generation,generation_paired,balanced-projector-step25,vision,balanced-projector-step25,shuffled_image,count,50,0.0,0.0,0.0,0.0,0.0,0,0,50,0.0,0.0,2000,20261263
checkpoint_minus_baseline,generation,generation_paired,balanced-projector-step25,vision,step-001500,vision,count,50,0.0,0.0,0.0,0.0,0.0,0,0,50,0.0,0.0,2000,20261264
vision_minus_condition,generation,generation_sample,balanced-projector-step25,vision,balanced-projector-step25,background_matched_aux,count,50,5.5,5.5,0.11,0.11,0.0,0,0,50,0.0,0.0,2000,20261265
vision_minus_condition,generation,generation_sample,balanced-projector-step25,vision,balanced-projector-step25,blind,count,50,5.5,0.0,0.11,0.0,0.11,11,0,39,0.05,0.17,2000,20261266
vision_minus_condition,generation,generation_sample,balanced-projector-step25,vision,balanced-projector-step25,paired_counterfactual_image,count,50,5.5,5.5,0.11,0.11,0.0,0,0,50,0.0,0.0,2000,20261267
vision_minus_condition,generation,generation_sample,balanced-projector-step25,vision,balanced-projector-step25,shuffled_image,count,50,5.5,5.5,0.11,0.11,0.0,0,0,50,0.0,0.0,2000,20261268
checkpoint_minus_baseline,generation,generation_sample,balanced-projector-step25,vision,step-001500,vision,count,50,5.5,5.5,0.11,0.11,0.0,0,0,50,0.0,0.0,2000,20261269
vision_minus_condition,generation,prediction_flip,balanced-projector-step25,vision,balanced-projector-step25,background_matched_aux,count,50,0.0,0.0,0.0,0.0,0.0,0,0,50,0.0,0.0,2000,20261270
vision_minus_condition,generation,prediction_flip,balanced-projector-step25,vision,balanced-projector-step25,blind,count,50,0.0,0.0,0.0,0.0,0.0,0,0,50,0.0,0.0,2000,20261271
vision_minus_condition,generation,prediction_flip,balanced-projector-step25,vision,balanced-projector-step25,paired_counterfactual_image,count,50,0.0,0.0,0.0,0.0,0.0,0,0,50,0.0,0.0,2000,20261272
vision_minus_condition,generation,prediction_flip,balanced-projector-step25,vision,balanced-projector-step25,shuffled_image,count,50,0.0,0.0,0.0,0.0,0.0,0,0,50,0.0,0.0,2000,20261273
checkpoint_minus_baseline,generation,prediction_flip,balanced-projector-step25,vision,step-001500,vision,count,50,0.0,0.0,0.0,0.0,0.0,0,0,50,0.0,0.0,2000,20261274
vision_minus_condition,generation,generation_paired,balanced-projector-step25,vision,balanced-projector-step25,background_matched_aux,ocr,50,0.0,0.0,0.0,0.0,0.0,0,0,50,0.0,0.0,2000,20261275
vision_minus_condition,generation,generation_paired,balanced-projector-step25,vision,balanced-projector-step25,blind,ocr,50,0.0,0.0,0.0,0.0,0.0,0,0,50,0.0,0.0,2000,20261276
vision_minus_condition,generation,generation_paired,balanced-projector-step25,vision,balanced-projector-step25,paired_counterfactual_image,ocr,50,0.0,0.0,0.0,0.0,0.0,0,0,50,0.0,0.0,2000,20261277
vision_minus_condition,generation,generation_paired,balanced-projector-step25,vision,balanced-projector-step25,shuffled_image,ocr,50,0.0,0.0,0.0,0.0,0.0,0,0,50,0.0,0.0,2000,20261278
checkpoint_minus_baseline,generation,generation_paired,balanced-projector-step25,vision,step-001500,vision,ocr,50,0.0,0.0,0.0,0.0,0.0,0,0,50,0.0,0.0,2000,20261279
vision_minus_condition,generation,generation_sample,balanced-projector-step25,vision,balanced-projector-step25,background_matched_aux,ocr,50,0.0,0.0,0.0,0.0,0.0,0,0,50,0.0,0.0,2000,20261280
vision_minus_condition,generation,generation_sample,balanced-projector-step25,vision,balanced-projector-step25,blind,ocr,50,0.0,0.0,0.0,0.0,0.0,0,0,50,0.0,0.0,2000,20261281
vision_minus_condition,generation,generation_sample,balanced-projector-step25,vision,balanced-projector-step25,paired_counterfactual_image,ocr,50,0.0,0.0,0.0,0.0,0.0,0,0,50,0.0,0.0,2000,20261282
vision_minus_condition,generation,generation_sample,balanced-projector-step25,vision,balanced-projector-step25,shuffled_image,ocr,50,0.0,0.0,0.0,0.0,0.0,0,0,50,0.0,0.0,2000,20261283
checkpoint_minus_baseline,generation,generation_sample,balanced-projector-step25,vision,step-001500,vision,ocr,50,0.0,0.0,0.0,0.0,0.0,0,0,50,0.0,0.0,2000,20261284
vision_minus_condition,generation,prediction_flip,balanced-projector-step25,vision,balanced-projector-step25,background_matched_aux,ocr,50,0.0,0.0,0.0,0.0,0.0,0,0,50,0.0,0.0,2000,20261285
vision_minus_condition,generation,prediction_flip,balanced-projector-step25,vision,balanced-projector-step25,blind,ocr,50,0.0,0.0,0.0,0.0,0.0,0,0,50,0.0,0.0,2000,20261286
vision_minus_condition,generation,prediction_flip,balanced-projector-step25,vision,balanced-projector-step25,paired_counterfactual_image,ocr,50,0.0,0.0,0.0,0.0,0.0,0,0,50,0.0,0.0,2000,20261287
vision_minus_condition,generation,prediction_flip,balanced-projector-step25,vision,balanced-projector-step25,shuffled_image,ocr,50,0.0,2.0,0.0,0.04,-0.04,0,2,48,-0.1,0.0,2000,20261288
checkpoint_minus_baseline,generation,prediction_flip,balanced-projector-step25,vision,step-001500,vision,ocr,50,0.0,25.0,0.0,0.5,-0.5,0,25,25,-0.64,-0.36,2000,20261289
vision_minus_condition,generation,generation_paired,balanced-projector-step25,vision,balanced-projector-step25,background_matched_aux,shape,50,0.0,0.0,0.0,0.0,0.0,0,0,50,0.0,0.0,2000,20261290
vision_minus_condition,generation,generation_paired,balanced-projector-step25,vision,balanced-projector-step25,blind,shape,50,0.0,0.0,0.0,0.0,0.0,0,0,50,0.0,0.0,2000,20261291
vision_minus_condition,generation,generation_paired,balanced-projector-step25,vision,balanced-projector-step25,paired_counterfactual_image,shape,50,0.0,0.0,0.0,0.0,0.0,0,0,50,0.0,0.0,2000,20261292
vision_minus_condition,generation,generation_paired,balanced-projector-step25,vision,balanced-projector-step25,shuffled_image,shape,50,0.0,0.0,0.0,0.0,0.0,0,0,50,0.0,0.0,2000,20261293
checkpoint_minus_baseline,generation,generation_paired,balanced-projector-step25,vision,step-001500,vision,shape,50,0.0,0.0,0.0,0.0,0.0,0,0,50,0.0,0.0,2000,20261294
vision_minus_condition,generation,generation_sample,balanced-projector-step25,vision,balanced-projector-step25,background_matched_aux,shape,50,13.0,13.0,0.26,0.26,0.0,0,0,50,0.0,0.0,2000,20261295
vision_minus_condition,generation,generation_sample,balanced-projector-step25,vision,balanced-projector-step25,blind,shape,50,13.0,0.0,0.26,0.0,0.26,26,0,24,0.19,0.33,2000,20261296
vision_minus_condition,generation,generation_sample,balanced-projector-step25,vision,balanced-projector-step25,paired_counterfactual_image,shape,50,13.0,13.0,0.26,0.26,0.0,0,0,50,0.0,0.0,2000,20261297
vision_minus_condition,generation,generation_sample,balanced-projector-step25,vision,balanced-projector-step25,shuffled_image,shape,50,13.0,13.0,0.26,0.26,0.0,0,0,50,0.0,0.0,2000,20261298
checkpoint_minus_baseline,generation,generation_sample,balanced-projector-step25,vision,step-001500,vision,shape,50,13.0,13.0,0.26,0.26,0.0,0,0,50,0.0,0.0,2000,20261299
vision_minus_condition,generation,prediction_flip,balanced-projector-step25,vision,balanced-projector-step25,background_matched_aux,shape,50,0.0,0.0,0.0,0.0,0.0,0,0,50,0.0,0.0,2000,20261300
vision_minus_condition,generation,prediction_flip,balanced-projector-step25,vision,balanced-projector-step25,blind,shape,50,0.0,0.0,0.0,0.0,0.0,0,0,50,0.0,0.0,2000,20261301
vision_minus_condition,generation,prediction_flip,balanced-projector-step25,vision,balanced-projector-step25,paired_counterfactual_image,shape,50,0.0,0.0,0.0,0.0,0.0,0,0,50,0.0,0.0,2000,20261302
vision_minus_condition,generation,prediction_flip,balanced-projector-step25,vision,balanced-projector-step25,shuffled_image,shape,50,0.0,0.0,0.0,0.0,0.0,0,0,50,0.0,0.0,2000,20261303
checkpoint_minus_baseline,generation,prediction_flip,balanced-projector-step25,vision,step-001500,vision,shape,50,0.0,0.0,0.0,0.0,0.0,0,0,50,0.0,0.0,2000,20261304
vision_minus_condition,generation,generation_paired,balanced-projector-step25,vision,balanced-projector-step25,background_matched_aux,spatial,50,0.0,0.0,0.0,0.0,0.0,0,0,50,0.0,0.0,2000,20261305
vision_minus_condition,generation,generation_paired,balanced-projector-step25,vision,balanced-projector-step25,blind,spatial,50,0.0,0.0,0.0,0.0,0.0,0,0,50,0.0,0.0,2000,20261306
vision_minus_condition,generation,generation_paired,balanced-projector-step25,vision,balanced-projector-step25,paired_counterfactual_image,spatial,50,0.0,0.0,0.0,0.0,0.0,0,0,50,0.0,0.0,2000,20261307
vision_minus_condition,generation,generation_paired,balanced-projector-step25,vision,balanced-projector-step25,shuffled_image,spatial,50,0.0,0.0,0.0,0.0,0.0,0,0,50,0.0,0.0,2000,20261308
checkpoint_minus_baseline,generation,generation_paired,balanced-projector-step25,vision,step-001500,vision,spatial,50,0.0,0.0,0.0,0.0,0.0,0,0,50,0.0,0.0,2000,20261309
vision_minus_condition,generation,generation_sample,balanced-projector-step25,vision,balanced-projector-step25,background_matched_aux,spatial,50,16.5,16.5,0.33,0.33,0.0,0,0,50,0.0,0.0,2000,20261310
vision_minus_condition,generation,generation_sample,balanced-projector-step25,vision,balanced-projector-step25,blind,spatial,50,16.5,0.0,0.33,0.0,0.33,33,0,17,0.26,0.39,2000,20261311
vision_minus_condition,generation,generation_sample,balanced-projector-step25,vision,balanced-projector-step25,paired_counterfactual_image,spatial,50,16.5,16.5,0.33,0.33,0.0,0,0,50,0.0,0.0,2000,20261312
vision_minus_condition,generation,generation_sample,balanced-projector-step25,vision,balanced-projector-step25,shuffled_image,spatial,50,16.5,16.5,0.33,0.33,0.0,0,0,50,0.0,0.0,2000,20261313
checkpoint_minus_baseline,generation,generation_sample,balanced-projector-step25,vision,step-001500,vision,spatial,50,16.5,11.0,0.33,0.22,0.11,11,0,39,0.06,0.17,2000,20261314
vision_minus_condition,generation,prediction_flip,balanced-projector-step25,vision,balanced-projector-step25,background_matched_aux,spatial,50,0.0,0.0,0.0,0.0,0.0,0,0,50,0.0,0.0,2000,20261315
vision_minus_condition,generation,prediction_flip,balanced-projector-step25,vision,balanced-projector-step25,blind,spatial,50,0.0,0.0,0.0,0.0,0.0,0,0,50,0.0,0.0,2000,20261316
vision_minus_condition,generation,prediction_flip,balanced-projector-step25,vision,balanced-projector-step25,paired_counterfactual_image,spatial,50,0.0,0.0,0.0,0.0,0.0,0,0,50,0.0,0.0,2000,20261317
vision_minus_condition,generation,prediction_flip,balanced-projector-step25,vision,balanced-projector-step25,shuffled_image,spatial,50,0.0,0.0,0.0,0.0,0.0,0,0,50,0.0,0.0,2000,20261318
checkpoint_minus_baseline,generation,prediction_flip,balanced-projector-step25,vision,step-001500,vision,spatial,50,0.0,11.0,0.0,0.22,-0.22,0,11,39,-0.34,-0.1,2000,20261319
vision_minus_condition,generation,generation_paired,balanced-projector-step50,vision,balanced-projector-step50,background_matched_aux,overall,300,10.0,15.0,0.03333333333333333,0.05,-0.016666666666666666,6,11,283,-0.04666666666666667,0.01,2000,20261320
vision_minus_condition,generation,generation_paired,balanced-projector-step50,vision,balanced-projector-step50,blind,overall,300,10.0,0.0,0.03333333333333333,0.0,0.03333333333333333,10,0,290,0.013333333333333334,0.056666666666666664,2000,20261321
vision_minus_condition,generation,generation_paired,balanced-projector-step50,vision,balanced-projector-step50,paired_counterfactual_image,overall,300,10.0,10.0,0.03333333333333333,0.03333333333333333,0.0,0,0,300,0.0,0.0,2000,20261322
vision_minus_condition,generation,generation_paired,balanced-projector-step50,vision,balanced-projector-step50,shuffled_image,overall,300,10.0,12.0,0.03333333333333333,0.04,-0.006666666666666667,9,11,280,-0.03666666666666667,0.023333333333333334,2000,20261323
checkpoint_minus_baseline,generation,generation_paired,balanced-projector-step50,vision,step-001500,vision,overall,300,10.0,0.0,0.03333333333333333,0.0,0.03333333333333333,10,0,290,0.013333333333333334,0.05333333333333334,2000,20261324
vision_minus_condition,generation,generation_sample,balanced-projector-step50,vision,balanced-projector-step50,background_matched_aux,overall,300,67.5,62.5,0.225,0.20833333333333334,0.016666666666666666,21,11,268,0.0,0.035,2000,20261325
vision_minus_condition,generation,generation_sample,balanced-projector-step50,vision,balanced-projector-step50,blind,overall,300,67.5,0.0,0.225,0.0,0.225,125,0,175,0.19333333333333333,0.25666666666666665,2000,20261326
vision_minus_condition,generation,generation_sample,balanced-projector-step50,vision,balanced-projector-step50,paired_counterfactual_image,overall,300,67.5,67.5,0.225,0.225,0.0,0,0,300,0.0,0.0,2000,20261327
vision_minus_condition,generation,generation_sample,balanced-projector-step50,vision,balanced-projector-step50,shuffled_image,overall,300,67.5,53.0,0.225,0.17666666666666667,0.04833333333333333,36,12,252,0.023333333333333334,0.07666666666666666,2000,20261328
checkpoint_minus_baseline,generation,generation_sample,balanced-projector-step50,vision,step-001500,vision,overall,300,67.5,40.5,0.225,0.135,0.09,65,11,224,0.06333333333333334,0.11833333333333333,2000,20261329
vision_minus_condition,generation,prediction_flip,balanced-projector-step50,vision,balanced-projector-step50,background_matched_aux,overall,300,40.0,52.0,0.13333333333333333,0.17333333333333334,-0.04,8,20,272,-0.07666666666666666,-0.006666666666666667,2000,20261330
vision_minus_condition,generation,prediction_flip,balanced-projector-step50,vision,balanced-projector-step50,blind,overall,300,40.0,0.0,0.13333333333333333,0.0,0.13333333333333333,40,0,260,0.09666666666666666,0.17,2000,20261331
vision_minus_condition,generation,prediction_flip,balanced-projector-step50,vision,balanced-projector-step50,paired_counterfactual_image,overall,300,40.0,40.0,0.13333333333333333,0.13333333333333333,0.0,0,0,300,0.0,0.0,2000,20261332
vision_minus_condition,generation,prediction_flip,balanced-projector-step50,vision,balanced-projector-step50,shuffled_image,overall,300,40.0,48.0,0.13333333333333333,0.16,-0.02666666666666667,23,31,246,-0.07666666666666666,0.02,2000,20261333
checkpoint_minus_baseline,generation,prediction_flip,balanced-projector-step50,vision,step-001500,vision,overall,300,40.0,82.0,0.13333333333333333,0.2733333333333333,-0.14,38,80,182,-0.21,-0.07,2000,20261334
vision_minus_condition,generation,generation_paired,balanced-projector-step50,vision,balanced-projector-step50,background_matched_aux,color,50,2.0,2.0,0.04,0.04,0.0,0,0,50,0.0,0.0,2000,20261335
vision_minus_condition,generation,generation_paired,balanced-projector-step50,vision,balanced-projector-step50,blind,color,50,2.0,0.0,0.04,0.0,0.04,2,0,48,0.0,0.1,2000,20261336
vision_minus_condition,generation,generation_paired,balanced-projector-step50,vision,balanced-projector-step50,paired_counterfactual_image,color,50,2.0,2.0,0.04,0.04,0.0,0,0,50,0.0,0.0,2000,20261337
vision_minus_condition,generation,generation_paired,balanced-projector-step50,vision,balanced-projector-step50,shuffled_image,color,50,2.0,1.0,0.04,0.02,0.02,1,0,49,0.0,0.06,2000,20261338
checkpoint_minus_baseline,generation,generation_paired,balanced-projector-step50,vision,step-001500,vision,color,50,2.0,0.0,0.04,0.0,0.04,2,0,48,0.0,0.1,2000,20261339
vision_minus_condition,generation,generation_sample,balanced-projector-step50,vision,balanced-projector-step50,background_matched_aux,color,50,11.0,11.0,0.22,0.22,0.0,0,0,50,0.0,0.0,2000,20261340
vision_minus_condition,generation,generation_sample,balanced-projector-step50,vision,balanced-projector-step50,blind,color,50,11.0,0.0,0.22,0.0,0.22,20,0,30,0.14,0.3,2000,20261341
vision_minus_condition,generation,generation_sample,balanced-projector-step50,vision,balanced-projector-step50,paired_counterfactual_image,color,50,11.0,11.0,0.22,0.22,0.0,0,0,50,0.0,0.0,2000,20261342
vision_minus_condition,generation,generation_sample,balanced-projector-step50,vision,balanced-projector-step50,shuffled_image,color,50,11.0,6.0,0.22,0.12,0.1,10,1,39,0.03,0.17,2000,20261343
checkpoint_minus_baseline,generation,generation_sample,balanced-projector-step50,vision,step-001500,vision,color,50,11.0,11.0,0.22,0.22,0.0,11,11,28,-0.09,0.09,2000,20261344
vision_minus_condition,generation,prediction_flip,balanced-projector-step50,vision,balanced-projector-step50,background_matched_aux,color,50,14.0,15.0,0.28,0.3,-0.02,8,9,33,-0.18,0.16,2000,20261345
vision_minus_condition,generation,prediction_flip,balanced-projector-step50,vision,balanced-projector-step50,blind,color,50,14.0,0.0,0.28,0.0,0.28,14,0,36,0.16,0.42,2000,20261346
vision_minus_condition,generation,prediction_flip,balanced-projector-step50,vision,balanced-projector-step50,paired_counterfactual_image,color,50,14.0,14.0,0.28,0.28,0.0,0,0,50,0.0,0.0,2000,20261347
vision_minus_condition,generation,prediction_flip,balanced-projector-step50,vision,balanced-projector-step50,shuffled_image,color,50,14.0,15.0,0.28,0.3,-0.02,9,10,31,-0.18,0.16,2000,20261348
checkpoint_minus_baseline,generation,prediction_flip,balanced-projector-step50,vision,step-001500,vision,color,50,14.0,20.0,0.28,0.4,-0.12,12,18,20,-0.32,0.08,2000,20261349
vision_minus_condition,generation,generation_paired,balanced-projector-step50,vision,balanced-projector-step50,background_matched_aux,coordinate,50,0.0,0.0,0.0,0.0,0.0,0,0,50,0.0,0.0,2000,20261350
vision_minus_condition,generation,generation_paired,balanced-projector-step50,vision,balanced-projector-step50,blind,coordinate,50,0.0,0.0,0.0,0.0,0.0,0,0,50,0.0,0.0,2000,20261351
vision_minus_condition,generation,generation_paired,balanced-projector-step50,vision,balanced-projector-step50,paired_counterfactual_image,coordinate,50,0.0,0.0,0.0,0.0,0.0,0,0,50,0.0,0.0,2000,20261352
vision_minus_condition,generation,generation_paired,balanced-projector-step50,vision,balanced-projector-step50,shuffled_image,coordinate,50,0.0,0.0,0.0,0.0,0.0,0,0,50,0.0,0.0,2000,20261353
checkpoint_minus_baseline,generation,generation_paired,balanced-projector-step50,vision,step-001500,vision,coordinate,50,0.0,0.0,0.0,0.0,0.0,0,0,50,0.0,0.0,2000,20261354
vision_minus_condition,generation,generation_sample,balanced-projector-step50,vision,balanced-projector-step50,background_matched_aux,coordinate,50,0.0,0.0,0.0,0.0,0.0,0,0,50,0.0,0.0,2000,20261355
vision_minus_condition,generation,generation_sample,balanced-projector-step50,vision,balanced-projector-step50,blind,coordinate,50,0.0,0.0,0.0,0.0,0.0,0,0,50,0.0,0.0,2000,20261356
vision_minus_condition,generation,generation_sample,balanced-projector-step50,vision,balanced-projector-step50,paired_counterfactual_image,coordinate,50,0.0,0.0,0.0,0.0,0.0,0,0,50,0.0,0.0,2000,20261357
vision_minus_condition,generation,generation_sample,balanced-projector-step50,vision,balanced-projector-step50,shuffled_image,coordinate,50,0.0,0.0,0.0,0.0,0.0,0,0,50,0.0,0.0,2000,20261358
checkpoint_minus_baseline,generation,generation_sample,balanced-projector-step50,vision,step-001500,vision,coordinate,50,0.0,0.0,0.0,0.0,0.0,0,0,50,0.0,0.0,2000,20261359
vision_minus_condition,generation,prediction_flip,balanced-projector-step50,vision,balanced-projector-step50,background_matched_aux,coordinate,50,0.0,0.0,0.0,0.0,0.0,0,0,50,0.0,0.0,2000,20261360
vision_minus_condition,generation,prediction_flip,balanced-projector-step50,vision,balanced-projector-step50,blind,coordinate,50,0.0,0.0,0.0,0.0,0.0,0,0,50,0.0,0.0,2000,20261361
vision_minus_condition,generation,prediction_flip,balanced-projector-step50,vision,balanced-projector-step50,paired_counterfactual_image,coordinate,50,0.0,0.0,0.0,0.0,0.0,0,0,50,0.0,0.0,2000,20261362
vision_minus_condition,generation,prediction_flip,balanced-projector-step50,vision,balanced-projector-step50,shuffled_image,coordinate,50,0.0,0.0,0.0,0.0,0.0,0,0,50,0.0,0.0,2000,20261363
checkpoint_minus_baseline,generation,prediction_flip,balanced-projector-step50,vision,step-001500,vision,coordinate,50,0.0,26.0,0.0,0.52,-0.52,0,26,24,-0.66,-0.38,2000,20261364
vision_minus_condition,generation,generation_paired,balanced-projector-step50,vision,balanced-projector-step50,background_matched_aux,count,50,0.0,0.0,0.0,0.0,0.0,0,0,50,0.0,0.0,2000,20261365
vision_minus_condition,generation,generation_paired,balanced-projector-step50,vision,balanced-projector-step50,blind,count,50,0.0,0.0,0.0,0.0,0.0,0,0,50,0.0,0.0,2000,20261366
vision_minus_condition,generation,generation_paired,balanced-projector-step50,vision,balanced-projector-step50,paired_counterfactual_image,count,50,0.0,0.0,0.0,0.0,0.0,0,0,50,0.0,0.0,2000,20261367
vision_minus_condition,generation,generation_paired,balanced-projector-step50,vision,balanced-projector-step50,shuffled_image,count,50,0.0,0.0,0.0,0.0,0.0,0,0,50,0.0,0.0,2000,20261368
checkpoint_minus_baseline,generation,generation_paired,balanced-projector-step50,vision,step-001500,vision,count,50,0.0,0.0,0.0,0.0,0.0,0,0,50,0.0,0.0,2000,20261369
vision_minus_condition,generation,generation_sample,balanced-projector-step50,vision,balanced-projector-step50,background_matched_aux,count,50,5.5,5.5,0.11,0.11,0.0,0,0,50,0.0,0.0,2000,20261370
vision_minus_condition,generation,generation_sample,balanced-projector-step50,vision,balanced-projector-step50,blind,count,50,5.5,0.0,0.11,0.0,0.11,11,0,39,0.06,0.17,2000,20261371
vision_minus_condition,generation,generation_sample,balanced-projector-step50,vision,balanced-projector-step50,paired_counterfactual_image,count,50,5.5,5.5,0.11,0.11,0.0,0,0,50,0.0,0.0,2000,20261372
vision_minus_condition,generation,generation_sample,balanced-projector-step50,vision,balanced-projector-step50,shuffled_image,count,50,5.5,5.5,0.11,0.11,0.0,0,0,50,0.0,0.0,2000,20261373
checkpoint_minus_baseline,generation,generation_sample,balanced-projector-step50,vision,step-001500,vision,count,50,5.5,5.5,0.11,0.11,0.0,0,0,50,0.0,0.0,2000,20261374
vision_minus_condition,generation,prediction_flip,balanced-projector-step50,vision,balanced-projector-step50,background_matched_aux,count,50,0.0,0.0,0.0,0.0,0.0,0,0,50,0.0,0.0,2000,20261375
vision_minus_condition,generation,prediction_flip,balanced-projector-step50,vision,balanced-projector-step50,blind,count,50,0.0,0.0,0.0,0.0,0.0,0,0,50,0.0,0.0,2000,20261376
vision_minus_condition,generation,prediction_flip,balanced-projector-step50,vision,balanced-projector-step50,paired_counterfactual_image,count,50,0.0,0.0,0.0,0.0,0.0,0,0,50,0.0,0.0,2000,20261377
vision_minus_condition,generation,prediction_flip,balanced-projector-step50,vision,balanced-projector-step50,shuffled_image,count,50,0.0,0.0,0.0,0.0,0.0,0,0,50,0.0,0.0,2000,20261378
checkpoint_minus_baseline,generation,prediction_flip,balanced-projector-step50,vision,step-001500,vision,count,50,0.0,0.0,0.0,0.0,0.0,0,0,50,0.0,0.0,2000,20261379
vision_minus_condition,generation,generation_paired,balanced-projector-step50,vision,balanced-projector-step50,background_matched_aux,ocr,50,0.0,0.0,0.0,0.0,0.0,0,0,50,0.0,0.0,2000,20261380
vision_minus_condition,generation,generation_paired,balanced-projector-step50,vision,balanced-projector-step50,blind,ocr,50,0.0,0.0,0.0,0.0,0.0,0,0,50,0.0,0.0,2000,20261381
vision_minus_condition,generation,generation_paired,balanced-projector-step50,vision,balanced-projector-step50,paired_counterfactual_image,ocr,50,0.0,0.0,0.0,0.0,0.0,0,0,50,0.0,0.0,2000,20261382
vision_minus_condition,generation,generation_paired,balanced-projector-step50,vision,balanced-projector-step50,shuffled_image,ocr,50,0.0,0.0,0.0,0.0,0.0,0,0,50,0.0,0.0,2000,20261383
checkpoint_minus_baseline,generation,generation_paired,balanced-projector-step50,vision,step-001500,vision,ocr,50,0.0,0.0,0.0,0.0,0.0,0,0,50,0.0,0.0,2000,20261384
vision_minus_condition,generation,generation_sample,balanced-projector-step50,vision,balanced-projector-step50,background_matched_aux,ocr,50,0.0,0.0,0.0,0.0,0.0,0,0,50,0.0,0.0,2000,20261385
vision_minus_condition,generation,generation_sample,balanced-projector-step50,vision,balanced-projector-step50,blind,ocr,50,0.0,0.0,0.0,0.0,0.0,0,0,50,0.0,0.0,2000,20261386
vision_minus_condition,generation,generation_sample,balanced-projector-step50,vision,balanced-projector-step50,paired_counterfactual_image,ocr,50,0.0,0.0,0.0,0.0,0.0,0,0,50,0.0,0.0,2000,20261387
vision_minus_condition,generation,generation_sample,balanced-projector-step50,vision,balanced-projector-step50,shuffled_image,ocr,50,0.0,0.0,0.0,0.0,0.0,0,0,50,0.0,0.0,2000,20261388
checkpoint_minus_baseline,generation,generation_sample,balanced-projector-step50,vision,step-001500,vision,ocr,50,0.0,0.0,0.0,0.0,0.0,0,0,50,0.0,0.0,2000,20261389
vision_minus_condition,generation,prediction_flip,balanced-projector-step50,vision,balanced-projector-step50,background_matched_aux,ocr,50,0.0,0.0,0.0,0.0,0.0,0,0,50,0.0,0.0,2000,20261390
vision_minus_condition,generation,prediction_flip,balanced-projector-step50,vision,balanced-projector-step50,blind,ocr,50,0.0,0.0,0.0,0.0,0.0,0,0,50,0.0,0.0,2000,20261391
vision_minus_condition,generation,prediction_flip,balanced-projector-step50,vision,balanced-projector-step50,paired_counterfactual_image,ocr,50,0.0,0.0,0.0,0.0,0.0,0,0,50,0.0,0.0,2000,20261392
vision_minus_condition,generation,prediction_flip,balanced-projector-step50,vision,balanced-projector-step50,shuffled_image,ocr,50,0.0,0.0,0.0,0.0,0.0,0,0,50,0.0,0.0,2000,20261393
checkpoint_minus_baseline,generation,prediction_flip,balanced-projector-step50,vision,step-001500,vision,ocr,50,0.0,25.0,0.0,0.5,-0.5,0,25,25,-0.64,-0.36,2000,20261394
vision_minus_condition,generation,generation_paired,balanced-projector-step50,vision,balanced-projector-step50,background_matched_aux,shape,50,8.0,2.0,0.16,0.04,0.12,6,0,44,0.04,0.22,2000,20261395
vision_minus_condition,generation,generation_paired,balanced-projector-step50,vision,balanced-projector-step50,blind,shape,50,8.0,0.0,0.16,0.0,0.16,8,0,42,0.06,0.28,2000,20261396
vision_minus_condition,generation,generation_paired,balanced-projector-step50,vision,balanced-projector-step50,paired_counterfactual_image,shape,50,8.0,8.0,0.16,0.16,0.0,0,0,50,0.0,0.0,2000,20261397
vision_minus_condition,generation,generation_paired,balanced-projector-step50,vision,balanced-projector-step50,shuffled_image,shape,50,8.0,0.0,0.16,0.0,0.16,8,0,42,0.06,0.28,2000,20261398
checkpoint_minus_baseline,generation,generation_paired,balanced-projector-step50,vision,step-001500,vision,shape,50,8.0,0.0,0.16,0.0,0.16,8,0,42,0.06,0.28,2000,20261399
vision_minus_condition,generation,generation_sample,balanced-projector-step50,vision,balanced-projector-step50,background_matched_aux,shape,50,26.0,15.5,0.52,0.31,0.21,21,0,29,0.14,0.28,2000,20261400
vision_minus_condition,generation,generation_sample,balanced-projector-step50,vision,balanced-projector-step50,blind,shape,50,26.0,0.0,0.52,0.0,0.52,44,0,6,0.44,0.59,2000,20261401
vision_minus_condition,generation,generation_sample,balanced-projector-step50,vision,balanced-projector-step50,paired_counterfactual_image,shape,50,26.0,26.0,0.52,0.52,0.0,0,0,50,0.0,0.0,2000,20261402
vision_minus_condition,generation,generation_sample,balanced-projector-step50,vision,balanced-projector-step50,shuffled_image,shape,50,26.0,11.0,0.52,0.22,0.3,26,0,24,0.21,0.39,2000,20261403
checkpoint_minus_baseline,generation,generation_sample,balanced-projector-step50,vision,step-001500,vision,shape,50,26.0,13.0,0.52,0.26,0.26,26,0,24,0.19,0.33,2000,20261404
vision_minus_condition,generation,prediction_flip,balanced-projector-step50,vision,balanced-projector-step50,background_matched_aux,shape,50,26.0,26.0,0.52,0.52,0.0,0,0,50,0.0,0.0,2000,20261405
vision_minus_condition,generation,prediction_flip,balanced-projector-step50,vision,balanced-projector-step50,blind,shape,50,26.0,0.0,0.52,0.0,0.52,26,0,24,0.38,0.64,2000,20261406
vision_minus_condition,generation,prediction_flip,balanced-projector-step50,vision,balanced-projector-step50,paired_counterfactual_image,shape,50,26.0,26.0,0.52,0.52,0.0,0,0,50,0.0,0.0,2000,20261407
vision_minus_condition,generation,prediction_flip,balanced-projector-step50,vision,balanced-projector-step50,shuffled_image,shape,50,26.0,22.0,0.52,0.44,0.08,14,10,26,-0.12,0.26,2000,20261408
checkpoint_minus_baseline,generation,prediction_flip,balanced-projector-step50,vision,step-001500,vision,shape,50,26.0,0.0,0.52,0.0,0.52,26,0,24,0.38,0.66,2000,20261409
vision_minus_condition,generation,generation_paired,balanced-projector-step50,vision,balanced-projector-step50,background_matched_aux,spatial,50,0.0,11.0,0.0,0.22,-0.22,0,11,39,-0.34,-0.1,2000,20261410
vision_minus_condition,generation,generation_paired,balanced-projector-step50,vision,balanced-projector-step50,blind,spatial,50,0.0,0.0,0.0,0.0,0.0,0,0,50,0.0,0.0,2000,20261411
vision_minus_condition,generation,generation_paired,balanced-projector-step50,vision,balanced-projector-step50,paired_counterfactual_image,spatial,50,0.0,0.0,0.0,0.0,0.0,0,0,50,0.0,0.0,2000,20261412
vision_minus_condition,generation,generation_paired,balanced-projector-step50,vision,balanced-projector-step50,shuffled_image,spatial,50,0.0,11.0,0.0,0.22,-0.22,0,11,39,-0.34,-0.1,2000,20261413
checkpoint_minus_baseline,generation,generation_paired,balanced-projector-step50,vision,step-001500,vision,spatial,50,0.0,0.0,0.0,0.0,0.0,0,0,50,0.0,0.0,2000,20261414
vision_minus_condition,generation,generation_sample,balanced-projector-step50,vision,balanced-projector-step50,background_matched_aux,spatial,50,25.0,30.5,0.5,0.61,-0.11,0,11,39,-0.17,-0.06,2000,20261415
vision_minus_condition,generation,generation_sample,balanced-projector-step50,vision,balanced-projector-step50,blind,spatial,50,25.0,0.0,0.5,0.0,0.5,50,0,0,0.5,0.5,2000,20261416
vision_minus_condition,generation,generation_sample,balanced-projector-step50,vision,balanced-projector-step50,paired_counterfactual_image,spatial,50,25.0,25.0,0.5,0.5,0.0,0,0,50,0.0,0.0,2000,20261417
vision_minus_condition,generation,generation_sample,balanced-projector-step50,vision,balanced-projector-step50,shuffled_image,spatial,50,25.0,30.5,0.5,0.61,-0.11,0,11,39,-0.17,-0.05,2000,20261418
checkpoint_minus_baseline,generation,generation_sample,balanced-projector-step50,vision,step-001500,vision,spatial,50,25.0,11.0,0.5,0.22,0.28,28,0,22,0.21,0.35,2000,20261419
vision_minus_condition,generation,prediction_flip,balanced-projector-step50,vision,balanced-projector-step50,background_matched_aux,spatial,50,0.0,11.0,0.0,0.22,-0.22,0,11,39,-0.34,-0.1,2000,20261420
vision_minus_condition,generation,prediction_flip,balanced-projector-step50,vision,balanced-projector-step50,blind,spatial,50,0.0,0.0,0.0,0.0,0.0,0,0,50,0.0,0.0,2000,20261421
vision_minus_condition,generation,prediction_flip,balanced-projector-step50,vision,balanced-projector-step50,paired_counterfactual_image,spatial,50,0.0,0.0,0.0,0.0,0.0,0,0,50,0.0,0.0,2000,20261422
vision_minus_condition,generation,prediction_flip,balanced-projector-step50,vision,balanced-projector-step50,shuffled_image,spatial,50,0.0,11.0,0.0,0.22,-0.22,0,11,39,-0.34,-0.12,2000,20261423
checkpoint_minus_baseline,generation,prediction_flip,balanced-projector-step50,vision,step-001500,vision,spatial,50,0.0,11.0,0.0,0.22,-0.22,0,11,39,-0.34,-0.12,2000,20261424
vision_minus_condition,generation,generation_paired,balanced-projector-step100,vision,balanced-projector-step100,background_matched_aux,overall,300,19.0,10.0,0.06333333333333334,0.03333333333333333,0.03,11,2,287,0.01,0.05333333333333334,2000,20261425
vision_minus_condition,generation,generation_paired,balanced-projector-step100,vision,balanced-projector-step100,blind,overall,300,19.0,0.0,0.06333333333333334,0.0,0.06333333333333334,19,0,281,0.03666666666666667,0.09,2000,20261426
vision_minus_condition,generation,generation_paired,balanced-projector-step100,vision,balanced-projector-step100,paired_counterfactual_image,overall,300,19.0,19.0,0.06333333333333334,0.06333333333333334,0.0,0,0,300,0.0,0.0,2000,20261427
vision_minus_condition,generation,generation_paired,balanced-projector-step100,vision,balanced-projector-step100,shuffled_image,overall,300,19.0,2.0,0.06333333333333334,0.006666666666666667,0.056666666666666664,18,1,281,0.03,0.08666666666666667,2000,20261428
checkpoint_minus_baseline,generation,generation_paired,balanced-projector-step100,vision,step-001500,vision,overall,300,19.0,0.0,0.06333333333333334,0.0,0.06333333333333334,19,0,281,0.03666666666666667,0.09333333333333334,2000,20261429
vision_minus_condition,generation,generation_sample,balanced-projector-step100,vision,balanced-projector-step100,background_matched_aux,overall,300,63.5,61.5,0.21166666666666667,0.205,0.006666666666666667,18,12,270,-0.015,0.02666666666666667,2000,20261430
vision_minus_condition,generation,generation_sample,balanced-projector-step100,vision,balanced-projector-step100,blind,overall,300,63.5,0.0,0.21166666666666667,0.0,0.21166666666666667,108,0,192,0.17833333333333334,0.24666666666666667,2000,20261431
vision_minus_condition,generation,generation_sample,balanced-projector-step100,vision,balanced-projector-step100,paired_counterfactual_image,overall,300,63.5,63.5,0.21166666666666667,0.21166666666666667,0.0,0,0,300,0.0,0.0,2000,20261432
vision_minus_condition,generation,generation_sample,balanced-projector-step100,vision,balanced-projector-step100,shuffled_image,overall,300,63.5,36.0,0.21166666666666667,0.12,0.09166666666666666,46,5,249,0.06166666666666667,0.12166666666666667,2000,20261433
checkpoint_minus_baseline,generation,generation_sample,balanced-projector-step100,vision,step-001500,vision,overall,300,63.5,40.5,0.21166666666666667,0.135,0.07666666666666666,66,20,214,0.04833333333333333,0.105,2000,20261434
vision_minus_condition,generation,prediction_flip,balanced-projector-step100,vision,balanced-projector-step100,background_matched_aux,overall,300,111.0,129.0,0.37,0.43,-0.06,18,36,246,-0.10666666666666667,-0.013333333333333334,2000,20261435
vision_minus_condition,generation,prediction_flip,balanced-projector-step100,vision,balanced-projector-step100,blind,overall,300,111.0,0.0,0.37,0.0,0.37,111,0,189,0.31666666666666665,0.42333333333333334,2000,20261436
vision_minus_condition,generation,prediction_flip,balanced-projector-step100,vision,balanced-projector-step100,paired_counterfactual_image,overall,300,111.0,111.0,0.37,0.37,0.0,0,0,300,0.0,0.0,2000,20261437
vision_minus_condition,generation,prediction_flip,balanced-projector-step100,vision,balanced-projector-step100,shuffled_image,overall,300,111.0,108.0,0.37,0.36,0.01,44,41,215,-0.05333333333333334,0.07,2000,20261438
checkpoint_minus_baseline,generation,prediction_flip,balanced-projector-step100,vision,step-001500,vision,overall,300,111.0,82.0,0.37,0.2733333333333333,0.09666666666666666,88,59,153,0.02,0.17666666666666667,2000,20261439
vision_minus_condition,generation,generation_paired,balanced-projector-step100,vision,balanced-projector-step100,background_matched_aux,color,50,0.0,2.0,0.0,0.04,-0.04,0,2,48,-0.1,0.0,2000,20261440
vision_minus_condition,generation,generation_paired,balanced-projector-step100,vision,balanced-projector-step100,blind,color,50,0.0,0.0,0.0,0.0,0.0,0,0,50,0.0,0.0,2000,20261441
vision_minus_condition,generation,generation_paired,balanced-projector-step100,vision,balanced-projector-step100,paired_counterfactual_image,color,50,0.0,0.0,0.0,0.0,0.0,0,0,50,0.0,0.0,2000,20261442
vision_minus_condition,generation,generation_paired,balanced-projector-step100,vision,balanced-projector-step100,shuffled_image,color,50,0.0,1.0,0.0,0.02,-0.02,0,1,49,-0.06,0.0,2000,20261443
checkpoint_minus_baseline,generation,generation_paired,balanced-projector-step100,vision,step-001500,vision,color,50,0.0,0.0,0.0,0.0,0.0,0,0,50,0.0,0.0,2000,20261444
vision_minus_condition,generation,generation_sample,balanced-projector-step100,vision,balanced-projector-step100,background_matched_aux,color,50,3.0,9.5,0.06,0.19,-0.13,0,11,39,-0.21,-0.06,2000,20261445
vision_minus_condition,generation,generation_sample,balanced-projector-step100,vision,balanced-projector-step100,blind,color,50,3.0,0.0,0.06,0.0,0.06,6,0,44,0.02,0.11,2000,20261446
vision_minus_condition,generation,generation_sample,balanced-projector-step100,vision,balanced-projector-step100,paired_counterfactual_image,color,50,3.0,3.0,0.06,0.06,0.0,0,0,50,0.0,0.0,2000,20261447
vision_minus_condition,generation,generation_sample,balanced-projector-step100,vision,balanced-projector-step100,shuffled_image,color,50,3.0,2.0,0.06,0.04,0.02,6,3,41,-0.05,0.08,2000,20261448
checkpoint_minus_baseline,generation,generation_sample,balanced-projector-step100,vision,step-001500,vision,color,50,3.0,11.0,0.06,0.22,-0.16,1,17,32,-0.23,-0.09,2000,20261449
vision_minus_condition,generation,prediction_flip,balanced-projector-step100,vision,balanced-projector-step100,background_matched_aux,color,50,11.0,28.0,0.22,0.56,-0.34,3,20,27,-0.5,-0.16,2000,20261450
vision_minus_condition,generation,prediction_flip,balanced-projector-step100,vision,balanced-projector-step100,blind,color,50,11.0,0.0,0.22,0.0,0.22,11,0,39,0.1,0.34,2000,20261451
vision_minus_condition,generation,prediction_flip,balanced-projector-step100,vision,balanced-projector-step100,paired_counterfactual_image,color,50,11.0,11.0,0.22,0.22,0.0,0,0,50,0.0,0.0,2000,20261452
vision_minus_condition,generation,prediction_flip,balanced-projector-step100,vision,balanced-projector-step100,shuffled_image,color,50,11.0,8.0,0.22,0.16,0.06,10,7,33,-0.1,0.22,2000,20261453
checkpoint_minus_baseline,generation,prediction_flip,balanced-projector-step100,vision,step-001500,vision,color,50,11.0,20.0,0.22,0.4,-0.18,6,15,29,-0.34,0.0,2000,20261454
vision_minus_condition,generation,generation_paired,balanced-projector-step100,vision,balanced-projector-step100,background_matched_aux,coordinate,50,0.0,0.0,0.0,0.0,0.0,0,0,50,0.0,0.0,2000,20261455
vision_minus_condition,generation,generation_paired,balanced-projector-step100,vision,balanced-projector-step100,blind,coordinate,50,0.0,0.0,0.0,0.0,0.0,0,0,50,0.0,0.0,2000,20261456
vision_minus_condition,generation,generation_paired,balanced-projector-step100,vision,balanced-projector-step100,paired_counterfactual_image,coordinate,50,0.0,0.0,0.0,0.0,0.0,0,0,50,0.0,0.0,2000,20261457
vision_minus_condition,generation,generation_paired,balanced-projector-step100,vision,balanced-projector-step100,shuffled_image,coordinate,50,0.0,0.0,0.0,0.0,0.0,0,0,50,0.0,0.0,2000,20261458
checkpoint_minus_baseline,generation,generation_paired,balanced-projector-step100,vision,step-001500,vision,coordinate,50,0.0,0.0,0.0,0.0,0.0,0,0,50,0.0,0.0,2000,20261459
vision_minus_condition,generation,generation_sample,balanced-projector-step100,vision,balanced-projector-step100,background_matched_aux,coordinate,50,0.0,0.0,0.0,0.0,0.0,0,0,50,0.0,0.0,2000,20261460
vision_minus_condition,generation,generation_sample,balanced-projector-step100,vision,balanced-projector-step100,blind,coordinate,50,0.0,0.0,0.0,0.0,0.0,0,0,50,0.0,0.0,2000,20261461
vision_minus_condition,generation,generation_sample,balanced-projector-step100,vision,balanced-projector-step100,paired_counterfactual_image,coordinate,50,0.0,0.0,0.0,0.0,0.0,0,0,50,0.0,0.0,2000,20261462
vision_minus_condition,generation,generation_sample,balanced-projector-step100,vision,balanced-projector-step100,shuffled_image,coordinate,50,0.0,0.0,0.0,0.0,0.0,0,0,50,0.0,0.0,2000,20261463
checkpoint_minus_baseline,generation,generation_sample,balanced-projector-step100,vision,step-001500,vision,coordinate,50,0.0,0.0,0.0,0.0,0.0,0,0,50,0.0,0.0,2000,20261464
vision_minus_condition,generation,prediction_flip,balanced-projector-step100,vision,balanced-projector-step100,background_matched_aux,coordinate,50,0.0,0.0,0.0,0.0,0.0,0,0,50,0.0,0.0,2000,20261465
vision_minus_condition,generation,prediction_flip,balanced-projector-step100,vision,balanced-projector-step100,blind,coordinate,50,0.0,0.0,0.0,0.0,0.0,0,0,50,0.0,0.0,2000,20261466
vision_minus_condition,generation,prediction_flip,balanced-projector-step100,vision,balanced-projector-step100,paired_counterfactual_image,coordinate,50,0.0,0.0,0.0,0.0,0.0,0,0,50,0.0,0.0,2000,20261467
vision_minus_condition,generation,prediction_flip,balanced-projector-step100,vision,balanced-projector-step100,shuffled_image,coordinate,50,0.0,0.0,0.0,0.0,0.0,0,0,50,0.0,0.0,2000,20261468
checkpoint_minus_baseline,generation,prediction_flip,balanced-projector-step100,vision,step-001500,vision,coordinate,50,0.0,26.0,0.0,0.52,-0.52,0,26,24,-0.66,-0.38,2000,20261469
vision_minus_condition,generation,generation_paired,balanced-projector-step100,vision,balanced-projector-step100,background_matched_aux,count,50,0.0,0.0,0.0,0.0,0.0,0,0,50,0.0,0.0,2000,20261470
vision_minus_condition,generation,generation_paired,balanced-projector-step100,vision,balanced-projector-step100,blind,count,50,0.0,0.0,0.0,0.0,0.0,0,0,50,0.0,0.0,2000,20261471
vision_minus_condition,generation,generation_paired,balanced-projector-step100,vision,balanced-projector-step100,paired_counterfactual_image,count,50,0.0,0.0,0.0,0.0,0.0,0,0,50,0.0,0.0,2000,20261472
vision_minus_condition,generation,generation_paired,balanced-projector-step100,vision,balanced-projector-step100,shuffled_image,count,50,0.0,0.0,0.0,0.0,0.0,0,0,50,0.0,0.0,2000,20261473
checkpoint_minus_baseline,generation,generation_paired,balanced-projector-step100,vision,step-001500,vision,count,50,0.0,0.0,0.0,0.0,0.0,0,0,50,0.0,0.0,2000,20261474
vision_minus_condition,generation,generation_sample,balanced-projector-step100,vision,balanced-projector-step100,background_matched_aux,count,50,4.0,1.0,0.08,0.02,0.06,7,1,42,0.01,0.12,2000,20261475
vision_minus_condition,generation,generation_sample,balanced-projector-step100,vision,balanced-projector-step100,blind,count,50,4.0,0.0,0.08,0.0,0.08,8,0,42,0.03,0.13,2000,20261476
vision_minus_condition,generation,generation_sample,balanced-projector-step100,vision,balanced-projector-step100,paired_counterfactual_image,count,50,4.0,4.0,0.08,0.08,0.0,0,0,50,0.0,0.0,2000,20261477
vision_minus_condition,generation,generation_sample,balanced-projector-step100,vision,balanced-projector-step100,shuffled_image,count,50,4.0,4.0,0.08,0.08,0.0,2,2,46,-0.04,0.04,2000,20261478
checkpoint_minus_baseline,generation,generation_sample,balanced-projector-step100,vision,step-001500,vision,count,50,4.0,5.5,0.08,0.11,-0.03,0,3,47,-0.07,0.0,2000,20261479
vision_minus_condition,generation,prediction_flip,balanced-projector-step100,vision,balanced-projector-step100,background_matched_aux,count,50,15.0,19.0,0.3,0.38,-0.08,3,7,40,-0.2,0.04,2000,20261480
vision_minus_condition,generation,prediction_flip,balanced-projector-step100,vision,balanced-projector-step100,blind,count,50,15.0,0.0,0.3,0.0,0.3,15,0,35,0.18,0.42,2000,20261481
vision_minus_condition,generation,prediction_flip,balanced-projector-step100,vision,balanced-projector-step100,paired_counterfactual_image,count,50,15.0,15.0,0.3,0.3,0.0,0,0,50,0.0,0.0,2000,20261482
vision_minus_condition,generation,prediction_flip,balanced-projector-step100,vision,balanced-projector-step100,shuffled_image,count,50,15.0,20.0,0.3,0.4,-0.1,9,14,27,-0.28,0.1,2000,20261483
checkpoint_minus_baseline,generation,prediction_flip,balanced-projector-step100,vision,step-001500,vision,count,50,15.0,0.0,0.3,0.0,0.3,15,0,35,0.18,0.42,2000,20261484
vision_minus_condition,generation,generation_paired,balanced-projector-step100,vision,balanced-projector-step100,background_matched_aux,ocr,50,0.0,0.0,0.0,0.0,0.0,0,0,50,0.0,0.0,2000,20261485
vision_minus_condition,generation,generation_paired,balanced-projector-step100,vision,balanced-projector-step100,blind,ocr,50,0.0,0.0,0.0,0.0,0.0,0,0,50,0.0,0.0,2000,20261486
vision_minus_condition,generation,generation_paired,balanced-projector-step100,vision,balanced-projector-step100,paired_counterfactual_image,ocr,50,0.0,0.0,0.0,0.0,0.0,0,0,50,0.0,0.0,2000,20261487
vision_minus_condition,generation,generation_paired,balanced-projector-step100,vision,balanced-projector-step100,shuffled_image,ocr,50,0.0,0.0,0.0,0.0,0.0,0,0,50,0.0,0.0,2000,20261488
checkpoint_minus_baseline,generation,generation_paired,balanced-projector-step100,vision,step-001500,vision,ocr,50,0.0,0.0,0.0,0.0,0.0,0,0,50,0.0,0.0,2000,20261489
vision_minus_condition,generation,generation_sample,balanced-projector-step100,vision,balanced-projector-step100,background_matched_aux,ocr,50,0.0,0.0,0.0,0.0,0.0,0,0,50,0.0,0.0,2000,20261490
vision_minus_condition,generation,generation_sample,balanced-projector-step100,vision,balanced-projector-step100,blind,ocr,50,0.0,0.0,0.0,0.0,0.0,0,0,50,0.0,0.0,2000,20261491
vision_minus_condition,generation,generation_sample,balanced-projector-step100,vision,balanced-projector-step100,paired_counterfactual_image,ocr,50,0.0,0.0,0.0,0.0,0.0,0,0,50,0.0,0.0,2000,20261492
vision_minus_condition,generation,generation_sample,balanced-projector-step100,vision,balanced-projector-step100,shuffled_image,ocr,50,0.0,0.0,0.0,0.0,0.0,0,0,50,0.0,0.0,2000,20261493
checkpoint_minus_baseline,generation,generation_sample,balanced-projector-step100,vision,step-001500,vision,ocr,50,0.0,0.0,0.0,0.0,0.0,0,0,50,0.0,0.0,2000,20261494
vision_minus_condition,generation,prediction_flip,balanced-projector-step100,vision,balanced-projector-step100,background_matched_aux,ocr,50,38.0,45.0,0.76,0.9,-0.14,1,8,41,-0.26,-0.04,2000,20261495
vision_minus_condition,generation,prediction_flip,balanced-projector-step100,vision,balanced-projector-step100,blind,ocr,50,38.0,0.0,0.76,0.0,0.76,38,0,12,0.64,0.88,2000,20261496
vision_minus_condition,generation,prediction_flip,balanced-projector-step100,vision,balanced-projector-step100,paired_counterfactual_image,ocr,50,38.0,38.0,0.76,0.76,0.0,0,0,50,0.0,0.0,2000,20261497
vision_minus_condition,generation,prediction_flip,balanced-projector-step100,vision,balanced-projector-step100,shuffled_image,ocr,50,38.0,39.0,0.76,0.78,-0.02,11,12,27,-0.2,0.18,2000,20261498
checkpoint_minus_baseline,generation,prediction_flip,balanced-projector-step100,vision,step-001500,vision,ocr,50,38.0,25.0,0.76,0.5,0.26,20,7,23,0.06,0.44,2000,20261499
vision_minus_condition,generation,generation_paired,balanced-projector-step100,vision,balanced-projector-step100,background_matched_aux,shape,50,8.0,8.0,0.16,0.16,0.0,0,0,50,0.0,0.0,2000,20261500
vision_minus_condition,generation,generation_paired,balanced-projector-step100,vision,balanced-projector-step100,blind,shape,50,8.0,0.0,0.16,0.0,0.16,8,0,42,0.06,0.28,2000,20261501
vision_minus_condition,generation,generation_paired,balanced-projector-step100,vision,balanced-projector-step100,paired_counterfactual_image,shape,50,8.0,8.0,0.16,0.16,0.0,0,0,50,0.0,0.0,2000,20261502
vision_minus_condition,generation,generation_paired,balanced-projector-step100,vision,balanced-projector-step100,shuffled_image,shape,50,8.0,1.0,0.16,0.02,0.14,7,0,43,0.06,0.24,2000,20261503
checkpoint_minus_baseline,generation,generation_paired,balanced-projector-step100,vision,step-001500,vision,shape,50,8.0,0.0,0.16,0.0,0.16,8,0,42,0.08,0.28,2000,20261504
vision_minus_condition,generation,generation_sample,balanced-projector-step100,vision,balanced-projector-step100,background_matched_aux,shape,50,26.0,26.0,0.52,0.52,0.0,0,0,50,0.0,0.0,2000,20261505
vision_minus_condition,generation,generation_sample,balanced-projector-step100,vision,balanced-projector-step100,blind,shape,50,26.0,0.0,0.52,0.0,0.52,44,0,6,0.45,0.59,2000,20261506
vision_minus_condition,generation,generation_sample,balanced-projector-step100,vision,balanced-projector-step100,paired_counterfactual_image,shape,50,26.0,26.0,0.52,0.52,0.0,0,0,50,0.0,0.0,2000,20261507
vision_minus_condition,generation,generation_sample,balanced-projector-step100,vision,balanced-projector-step100,shuffled_image,shape,50,26.0,10.5,0.52,0.21,0.31,27,0,23,0.22,0.4,2000,20261508
checkpoint_minus_baseline,generation,generation_sample,balanced-projector-step100,vision,step-001500,vision,shape,50,26.0,13.0,0.52,0.26,0.26,26,0,24,0.19,0.33,2000,20261509
vision_minus_condition,generation,prediction_flip,balanced-projector-step100,vision,balanced-projector-step100,background_matched_aux,shape,50,36.0,37.0,0.72,0.74,-0.02,0,1,49,-0.06,0.0,2000,20261510
vision_minus_condition,generation,prediction_flip,balanced-projector-step100,vision,balanced-projector-step100,blind,shape,50,36.0,0.0,0.72,0.0,0.72,36,0,14,0.6,0.84,2000,20261511
vision_minus_condition,generation,prediction_flip,balanced-projector-step100,vision,balanced-projector-step100,paired_counterfactual_image,shape,50,36.0,36.0,0.72,0.72,0.0,0,0,50,0.0,0.0,2000,20261512
vision_minus_condition,generation,prediction_flip,balanced-projector-step100,vision,balanced-projector-step100,shuffled_image,shape,50,36.0,30.0,0.72,0.6,0.12,14,8,28,-0.06,0.3,2000,20261513
checkpoint_minus_baseline,generation,prediction_flip,balanced-projector-step100,vision,step-001500,vision,shape,50,36.0,0.0,0.72,0.0,0.72,36,0,14,0.6,0.84,2000,20261514
vision_minus_condition,generation,generation_paired,balanced-projector-step100,vision,balanced-projector-step100,background_matched_aux,spatial,50,11.0,0.0,0.22,0.0,0.22,11,0,39,0.12,0.34,2000,20261515
vision_minus_condition,generation,generation_paired,balanced-projector-step100,vision,balanced-projector-step100,blind,spatial,50,11.0,0.0,0.22,0.0,0.22,11,0,39,0.1,0.34,2000,20261516
vision_minus_condition,generation,generation_paired,balanced-projector-step100,vision,balanced-projector-step100,paired_counterfactual_image,spatial,50,11.0,11.0,0.22,0.22,0.0,0,0,50,0.0,0.0,2000,20261517
vision_minus_condition,generation,generation_paired,balanced-projector-step100,vision,balanced-projector-step100,shuffled_image,spatial,50,11.0,0.0,0.22,0.0,0.22,11,0,39,0.1,0.34,2000,20261518
checkpoint_minus_baseline,generation,generation_paired,balanced-projector-step100,vision,step-001500,vision,spatial,50,11.0,0.0,0.22,0.0,0.22,11,0,39,0.12,0.34,2000,20261519
vision_minus_condition,generation,generation_sample,balanced-projector-step100,vision,balanced-projector-step100,background_matched_aux,spatial,50,30.5,25.0,0.61,0.5,0.11,11,0,39,0.05,0.17,2000,20261520
vision_minus_condition,generation,generation_sample,balanced-projector-step100,vision,balanced-projector-step100,blind,spatial,50,30.5,0.0,0.61,0.0,0.61,50,0,0,0.55,0.67,2000,20261521
vision_minus_condition,generation,generation_sample,balanced-projector-step100,vision,balanced-projector-step100,paired_counterfactual_image,spatial,50,30.5,30.5,0.61,0.61,0.0,0,0,50,0.0,0.0,2000,20261522
vision_minus_condition,generation,generation_sample,balanced-projector-step100,vision,balanced-projector-step100,shuffled_image,spatial,50,30.5,19.5,0.61,0.39,0.22,11,0,39,0.1,0.34,2000,20261523
checkpoint_minus_baseline,generation,generation_sample,balanced-projector-step100,vision,step-001500,vision,spatial,50,30.5,11.0,0.61,0.22,0.39,39,0,11,0.33,0.44,2000,20261524
vision_minus_condition,generation,prediction_flip,balanced-projector-step100,vision,balanced-projector-step100,background_matched_aux,spatial,50,11.0,0.0,0.22,0.0,0.22,11,0,39,0.12,0.34,2000,20261525
vision_minus_condition,generation,prediction_flip,balanced-projector-step100,vision,balanced-projector-step100,blind,spatial,50,11.0,0.0,0.22,0.0,0.22,11,0,39,0.1,0.34,2000,20261526
vision_minus_condition,generation,prediction_flip,balanced-projector-step100,vision,balanced-projector-step100,paired_counterfactual_image,spatial,50,11.0,11.0,0.22,0.22,0.0,0,0,50,0.0,0.0,2000,20261527
vision_minus_condition,generation,prediction_flip,balanced-projector-step100,vision,balanced-projector-step100,shuffled_image,spatial,50,11.0,11.0,0.22,0.22,0.0,0,0,50,0.0,0.0,2000,20261528
checkpoint_minus_baseline,generation,prediction_flip,balanced-projector-step100,vision,step-001500,vision,spatial,50,11.0,11.0,0.22,0.22,0.0,11,11,28,-0.18,0.18,2000,20261529
