family,modality,metric,checkpoint_a,condition_a,checkpoint_b,condition_b,task,denominator,sum_a,sum_b,mean_a,mean_b,mean_gap,a_only_better,b_only_better,equal,ci95_low,ci95_high,bootstrap_samples,seed
vision_minus_condition,preference,paired_preference,step-000000,vision,step-000000,background_matched_aux,overall,1200,34.0,23.0,0.028333333333333332,0.019166666666666665,0.009166666666666667,23,12,1165,-0.0008333333333333334,0.019166666666666665,2000,20260816
vision_minus_condition,preference,paired_preference,step-000000,vision,step-000000,paired_counterfactual_image,overall,1200,34.0,19.0,0.028333333333333332,0.015833333333333335,0.0125,34,19,1147,0.0008333333333333334,0.024166666666666666,2000,20260817
vision_minus_condition,preference,paired_preference,step-000000,vision,step-000000,shuffled_image,overall,1200,34.0,26.0,0.028333333333333332,0.021666666666666667,0.006666666666666667,30,22,1148,-0.005,0.018333333333333333,2000,20260818
checkpoint_minus_baseline,preference,paired_preference,step-000000,vision,step-001500,vision,overall,1200,34.0,26.0,0.028333333333333332,0.021666666666666667,0.006666666666666667,34,26,1140,-0.005833333333333334,0.020833333333333332,2000,20260819
vision_minus_condition,preference,sample_preference,step-000000,vision,step-000000,background_matched_aux,overall,1200,601.5,586.0,0.50125,0.48833333333333334,0.012916666666666667,54,22,1124,0.00625,0.02,2000,20260820
vision_minus_condition,preference,sample_preference,step-000000,vision,step-000000,paired_counterfactual_image,overall,1200,601.5,589.5,0.50125,0.49125,0.01,36,27,1137,-0.0020833333333333333,0.022083333333333333,2000,20260821
vision_minus_condition,preference,sample_preference,step-000000,vision,step-000000,shuffled_image,overall,1200,601.5,595.5,0.50125,0.49625,0.005,52,39,1109,-0.004583333333333333,0.014166666666666666,2000,20260822
checkpoint_minus_baseline,preference,sample_preference,step-000000,vision,step-001500,vision,overall,1200,601.5,584.5,0.50125,0.4870833333333333,0.014166666666666666,91,57,1052,0.004166666666666667,0.024166666666666666,2000,20260823
vision_minus_condition,preference,mean_margin,step-000000,vision,step-000000,background_matched_aux,overall,1200,14.806000967252825,-19.629151350543616,0.012338334139377355,-0.016357626125453013,0.028695960264830365,633,533,34,0.013242987022986485,0.04261573651196464,2000,20260824
vision_minus_condition,preference,mean_margin,step-000000,vision,step-000000,paired_counterfactual_image,overall,1200,14.806000967252825,-14.806000967252825,0.012338334139377355,-0.012338334139377355,0.02467666827875471,544,596,60,-0.0014358729975564037,0.051094507104820684,2000,20260825
vision_minus_condition,preference,mean_margin,step-000000,vision,step-000000,shuffled_image,overall,1200,14.806000967252825,9.884428853648046,0.012338334139377355,0.008237024044706704,0.0041013100946706476,613,537,50,-0.014714566519809145,0.02287812257049576,2000,20260826
checkpoint_minus_baseline,preference,mean_margin,step-000000,vision,step-001500,vision,overall,1200,14.806000967252825,21.224753890151074,0.012338334139377355,0.017687294908459227,-0.0053489607690818735,527,591,82,-0.01967025536097705,0.009139353181043313,2000,20260827
vision_minus_condition,preference,paired_preference,step-000000,vision,step-000000,background_matched_aux,color,200,3.0,7.0,0.015,0.035,-0.02,0,4,196,-0.04,-0.005,2000,20260828
vision_minus_condition,preference,paired_preference,step-000000,vision,step-000000,paired_counterfactual_image,color,200,3.0,14.0,0.015,0.07,-0.055,3,14,183,-0.1,-0.015,2000,20260829
vision_minus_condition,preference,paired_preference,step-000000,vision,step-000000,shuffled_image,color,200,3.0,8.0,0.015,0.04,-0.025,3,8,189,-0.06,0.005,2000,20260830
checkpoint_minus_baseline,preference,paired_preference,step-000000,vision,step-001500,vision,color,200,3.0,0.0,0.015,0.0,0.015,3,0,197,0.0,0.035,2000,20260831
vision_minus_condition,preference,sample_preference,step-000000,vision,step-000000,background_matched_aux,color,200,94.5,92.0,0.4725,0.46,0.0125,12,7,181,-0.01,0.0325,2000,20260832
vision_minus_condition,preference,sample_preference,step-000000,vision,step-000000,paired_counterfactual_image,color,200,94.5,105.5,0.4725,0.5275,-0.055,3,14,183,-0.095,-0.015,2000,20260833
vision_minus_condition,preference,sample_preference,step-000000,vision,step-000000,shuffled_image,color,200,94.5,98.5,0.4725,0.4925,-0.02,12,16,172,-0.055,0.0125,2000,20260834
checkpoint_minus_baseline,preference,sample_preference,step-000000,vision,step-001500,vision,color,200,94.5,98.0,0.4725,0.49,-0.0175,7,14,179,-0.04,0.005,2000,20260835
vision_minus_condition,preference,mean_margin,step-000000,vision,step-000000,background_matched_aux,color,200,-10.687490940093994,-13.703123569488525,-0.05343745470046997,-0.06851561784744263,0.015078163146972657,94,104,2,-0.01218747854232788,0.043046904802322386,2000,20260836
vision_minus_condition,preference,mean_margin,step-000000,vision,step-000000,paired_counterfactual_image,color,200,-10.687490940093994,10.687490940093994,-0.05343745470046997,0.05343745470046997,-0.10687490940093994,78,115,7,-0.16124989986419677,-0.0515624737739563,2000,20260837
vision_minus_condition,preference,mean_margin,step-000000,vision,step-000000,shuffled_image,color,200,-10.687490940093994,-3.187500476837158,-0.05343745470046997,-0.01593750238418579,-0.03749995231628418,94,101,5,-0.08007807612419128,0.0025000405311584473,2000,20260838
checkpoint_minus_baseline,preference,mean_margin,step-000000,vision,step-001500,vision,color,200,-10.687490940093994,2.593750238418579,-0.05343745470046997,0.012968751192092896,-0.06640620589256287,73,117,10,-0.09632806450128556,-0.03898434549570084,2000,20260839
vision_minus_condition,preference,paired_preference,step-000000,vision,step-000000,background_matched_aux,coordinate,200,14.0,6.0,0.07,0.03,0.04,8,0,192,0.015,0.07,2000,20260840
vision_minus_condition,preference,paired_preference,step-000000,vision,step-000000,paired_counterfactual_image,coordinate,200,14.0,0.0,0.07,0.0,0.07,14,0,186,0.035,0.11,2000,20260841
vision_minus_condition,preference,paired_preference,step-000000,vision,step-000000,shuffled_image,coordinate,200,14.0,6.0,0.07,0.03,0.04,12,4,184,0.0,0.08,2000,20260842
checkpoint_minus_baseline,preference,paired_preference,step-000000,vision,step-001500,vision,coordinate,200,14.0,0.0,0.07,0.0,0.07,14,0,186,0.035,0.105,2000,20260843
vision_minus_condition,preference,sample_preference,step-000000,vision,step-000000,background_matched_aux,coordinate,200,107.0,99.5,0.535,0.4975,0.0375,15,0,185,0.0225,0.055,2000,20260844
vision_minus_condition,preference,sample_preference,step-000000,vision,step-000000,paired_counterfactual_image,coordinate,200,107.0,93.0,0.535,0.465,0.07,14,0,186,0.035,0.11,2000,20260845
vision_minus_condition,preference,sample_preference,step-000000,vision,step-000000,shuffled_image,coordinate,200,107.0,100.5,0.535,0.5025,0.0325,14,4,182,0.0075,0.0575,2000,20260846
checkpoint_minus_baseline,preference,sample_preference,step-000000,vision,step-001500,vision,coordinate,200,107.0,100.0,0.535,0.5,0.035,14,0,186,0.0175,0.055,2000,20260847
vision_minus_condition,preference,mean_margin,step-000000,vision,step-000000,background_matched_aux,coordinate,200,-5.453078031539917,9.054414987564087,-0.027265390157699586,0.045272074937820435,-0.07253746509552002,54,146,0,-0.09462507367134095,-0.052135393619537354,2000,20260848
vision_minus_condition,preference,mean_margin,step-000000,vision,step-000000,paired_counterfactual_image,coordinate,200,-5.453078031539917,5.453078031539917,-0.027265390157699586,0.027265390157699586,-0.05453078031539917,79,121,0,-0.10646422386169434,-0.0008673214912414551,2000,20260849
vision_minus_condition,preference,mean_margin,step-000000,vision,step-000000,shuffled_image,coordinate,200,-5.453078031539917,-1.8588438034057617,-0.027265390157699586,-0.009294219017028808,-0.017971171140670775,87,109,4,-0.05533317089080811,0.017883487939834596,2000,20260850
checkpoint_minus_baseline,preference,mean_margin,step-000000,vision,step-001500,vision,coordinate,200,-5.453078031539917,-1.2515151500701904,-0.027265390157699586,-0.006257575750350952,-0.021007814407348634,72,123,5,-0.04898415923118591,0.00746904730796814,2000,20260851
vision_minus_condition,preference,paired_preference,step-000000,vision,step-000000,background_matched_aux,count,200,0.0,1.0,0.0,0.005,-0.005,0,1,199,-0.015,0.0,2000,20260852
vision_minus_condition,preference,paired_preference,step-000000,vision,step-000000,paired_counterfactual_image,count,200,0.0,0.0,0.0,0.0,0.0,0,0,200,0.0,0.0,2000,20260853
vision_minus_condition,preference,paired_preference,step-000000,vision,step-000000,shuffled_image,count,200,0.0,3.0,0.0,0.015,-0.015,0,3,197,-0.035,0.0,2000,20260854
checkpoint_minus_baseline,preference,paired_preference,step-000000,vision,step-001500,vision,count,200,0.0,0.0,0.0,0.0,0.0,0,0,200,0.0,0.0,2000,20260855
vision_minus_condition,preference,sample_preference,step-000000,vision,step-000000,background_matched_aux,count,200,94.0,91.5,0.47,0.4575,0.0125,10,5,185,-0.0075,0.03,2000,20260856
vision_minus_condition,preference,sample_preference,step-000000,vision,step-000000,paired_counterfactual_image,count,200,94.0,97.0,0.47,0.485,-0.015,2,8,190,-0.03,0.0,2000,20260857
vision_minus_condition,preference,sample_preference,step-000000,vision,step-000000,shuffled_image,count,200,94.0,96.5,0.47,0.4825,-0.0125,7,11,182,-0.035,0.0075,2000,20260858
checkpoint_minus_baseline,preference,sample_preference,step-000000,vision,step-001500,vision,count,200,94.0,100.0,0.47,0.5,-0.03,0,12,188,-0.0475,-0.015,2000,20260859
vision_minus_condition,preference,mean_margin,step-000000,vision,step-000000,background_matched_aux,count,200,2.5312494039535522,5.375000536441803,0.012656247019767761,0.026875002682209014,-0.014218755662441254,76,92,32,-0.023281257450580597,-0.005156256556510926,2000,20260860
vision_minus_condition,preference,mean_margin,step-000000,vision,step-000000,paired_counterfactual_image,count,200,2.5312494039535522,-2.5312494039535522,0.012656247019767761,-0.012656247019767761,0.025312494039535522,93,54,53,0.009374990463256835,0.041874990463256836,2000,20260861
vision_minus_condition,preference,mean_margin,step-000000,vision,step-000000,shuffled_image,count,200,2.5312494039535522,0.34374934434890747,0.012656247019767761,0.0017187467217445373,0.010937500298023223,94,69,37,0.0001562538743019104,0.022343753576278685,2000,20260862
checkpoint_minus_baseline,preference,mean_margin,step-000000,vision,step-001500,vision,count,200,2.5312494039535522,1.1562508046627045,0.012656247019767761,0.0057812540233135225,0.0068749929964542385,81,82,37,-0.0010937592387199402,0.015156243145465851,2000,20260863
vision_minus_condition,preference,paired_preference,step-000000,vision,step-000000,background_matched_aux,ocr,200,6.0,9.0,0.03,0.045,-0.015,4,7,189,-0.045,0.015,2000,20260864
vision_minus_condition,preference,paired_preference,step-000000,vision,step-000000,paired_counterfactual_image,ocr,200,6.0,5.0,0.03,0.025,0.005,6,5,189,-0.03,0.04,2000,20260865
vision_minus_condition,preference,paired_preference,step-000000,vision,step-000000,shuffled_image,ocr,200,6.0,4.0,0.03,0.02,0.01,5,3,192,-0.02,0.04,2000,20260866
checkpoint_minus_baseline,preference,paired_preference,step-000000,vision,step-001500,vision,ocr,200,6.0,0.0,0.03,0.0,0.03,6,0,194,0.01,0.055,2000,20260867
vision_minus_condition,preference,sample_preference,step-000000,vision,step-000000,background_matched_aux,ocr,200,100.5,103.0,0.5025,0.515,-0.0125,6,10,184,-0.035,0.0075,2000,20260868
vision_minus_condition,preference,sample_preference,step-000000,vision,step-000000,paired_counterfactual_image,ocr,200,100.5,99.5,0.5025,0.4975,0.005,6,5,189,-0.03,0.035,2000,20260869
vision_minus_condition,preference,sample_preference,step-000000,vision,step-000000,shuffled_image,ocr,200,100.5,99.0,0.5025,0.495,0.0075,7,4,189,-0.0125,0.0275,2000,20260870
checkpoint_minus_baseline,preference,sample_preference,step-000000,vision,step-001500,vision,ocr,200,100.5,98.5,0.5025,0.4925,0.01,9,5,186,-0.0075,0.0275,2000,20260871
vision_minus_condition,preference,mean_margin,step-000000,vision,step-000000,background_matched_aux,ocr,200,6.636624474752519,8.4448499021076,0.0331831223737626,0.042224249510538006,-0.009041127136775408,102,98,0,-0.058409788404192184,0.04142062288238891,2000,20260872
vision_minus_condition,preference,mean_margin,step-000000,vision,step-000000,paired_counterfactual_image,ocr,200,6.636624474752519,-6.636624474752519,0.0331831223737626,-0.0331831223737626,0.0663662447475252,94,106,0,-0.024707370689936968,0.16312998238063997,2000,20260873
vision_minus_condition,preference,mean_margin,step-000000,vision,step-000000,shuffled_image,ocr,200,6.636624474752519,5.301003033774237,0.0331831223737626,0.026505015168871188,0.006678107204891409,92,108,0,-0.05869332186381019,0.06655341814813168,2000,20260874
checkpoint_minus_baseline,preference,mean_margin,step-000000,vision,step-001500,vision,ocr,200,6.636624474752519,0.3825317360106004,0.0331831223737626,0.001912658680053002,0.031270463693709595,97,103,0,-0.013448022728874545,0.07755584250177659,2000,20260875
vision_minus_condition,preference,paired_preference,step-000000,vision,step-000000,background_matched_aux,shape,200,11.0,0.0,0.055,0.0,0.055,11,0,189,0.025,0.09,2000,20260876
vision_minus_condition,preference,paired_preference,step-000000,vision,step-000000,paired_counterfactual_image,shape,200,11.0,0.0,0.055,0.0,0.055,11,0,189,0.03,0.09,2000,20260877
vision_minus_condition,preference,paired_preference,step-000000,vision,step-000000,shuffled_image,shape,200,11.0,5.0,0.055,0.025,0.03,10,4,186,-0.005,0.07,2000,20260878
checkpoint_minus_baseline,preference,paired_preference,step-000000,vision,step-001500,vision,shape,200,11.0,26.0,0.055,0.13,-0.075,11,26,163,-0.135,-0.02,2000,20260879
vision_minus_condition,preference,sample_preference,step-000000,vision,step-000000,background_matched_aux,shape,200,105.5,100.0,0.5275,0.5,0.0275,11,0,189,0.0125,0.045,2000,20260880
vision_minus_condition,preference,sample_preference,step-000000,vision,step-000000,paired_counterfactual_image,shape,200,105.5,94.5,0.5275,0.4725,0.055,11,0,189,0.025,0.09,2000,20260881
vision_minus_condition,preference,sample_preference,step-000000,vision,step-000000,shuffled_image,shape,200,105.5,101.0,0.5275,0.505,0.0225,12,4,184,0.0025,0.045,2000,20260882
checkpoint_minus_baseline,preference,sample_preference,step-000000,vision,step-001500,vision,shape,200,105.5,113.0,0.5275,0.565,-0.0375,11,26,163,-0.0675,-0.0075,2000,20260883
vision_minus_condition,preference,mean_margin,step-000000,vision,step-000000,background_matched_aux,shape,200,-4.29686975479126,-21.921881437301636,-0.0214843487739563,-0.10960940718650818,0.08812505841255187,107,93,0,0.03242194175720215,0.14375004649162293,2000,20260884
vision_minus_condition,preference,mean_margin,step-000000,vision,step-000000,paired_counterfactual_image,shape,200,-4.29686975479126,4.29686975479126,-0.0214843487739563,0.0214843487739563,-0.0429686975479126,100,100,0,-0.10874993324279786,0.027968792915344237,2000,20260885
vision_minus_condition,preference,mean_margin,step-000000,vision,step-000000,shuffled_image,shape,200,-4.29686975479126,-0.6093754768371582,-0.0214843487739563,-0.003046877384185791,-0.018437471389770508,96,100,4,-0.07820309281349182,0.039296891689300534,2000,20260886
checkpoint_minus_baseline,preference,mean_margin,step-000000,vision,step-001500,vision,shape,200,-4.29686975479126,26.593745529651642,-0.0214843487739563,0.1329687276482582,-0.1544530764222145,54,116,30,-0.19593744426965715,-0.11343745172023773,2000,20260887
vision_minus_condition,preference,paired_preference,step-000000,vision,step-000000,background_matched_aux,spatial,200,0.0,0.0,0.0,0.0,0.0,0,0,200,0.0,0.0,2000,20260888
vision_minus_condition,preference,paired_preference,step-000000,vision,step-000000,paired_counterfactual_image,spatial,200,0.0,0.0,0.0,0.0,0.0,0,0,200,0.0,0.0,2000,20260889
vision_minus_condition,preference,paired_preference,step-000000,vision,step-000000,shuffled_image,spatial,200,0.0,0.0,0.0,0.0,0.0,0,0,200,0.0,0.0,2000,20260890
checkpoint_minus_baseline,preference,paired_preference,step-000000,vision,step-001500,vision,spatial,200,0.0,0.0,0.0,0.0,0.0,0,0,200,0.0,0.0,2000,20260891
vision_minus_condition,preference,sample_preference,step-000000,vision,step-000000,background_matched_aux,spatial,200,100.0,100.0,0.5,0.5,0.0,0,0,200,0.0,0.0,2000,20260892
vision_minus_condition,preference,sample_preference,step-000000,vision,step-000000,paired_counterfactual_image,spatial,200,100.0,100.0,0.5,0.5,0.0,0,0,200,0.0,0.0,2000,20260893
vision_minus_condition,preference,sample_preference,step-000000,vision,step-000000,shuffled_image,spatial,200,100.0,100.0,0.5,0.5,0.0,0,0,200,0.0,0.0,2000,20260894
checkpoint_minus_baseline,preference,sample_preference,step-000000,vision,step-001500,vision,spatial,200,100.0,75.0,0.5,0.375,0.125,50,0,150,0.0975,0.155,2000,20260895
vision_minus_condition,preference,mean_margin,step-000000,vision,step-000000,background_matched_aux,spatial,200,26.075565814971924,-6.878411769866943,0.13037782907485962,-0.03439205884933472,0.16476988792419434,200,0,0,0.1476389718055725,0.18167381525039672,2000,20260896
vision_minus_condition,preference,mean_margin,step-000000,vision,step-000000,paired_counterfactual_image,spatial,200,26.075565814971924,-26.075565814971924,0.13037782907485962,-0.13037782907485962,0.26075565814971924,100,100,0,0.21403906345367432,0.3075696396827698,2000,20260897
vision_minus_condition,preference,mean_margin,step-000000,vision,step-000000,shuffled_image,spatial,200,26.075565814971924,9.89539623260498,0.13037782907485962,0.0494769811630249,0.08090084791183472,150,50,0,0.03985229730606079,0.12091116666793823,2000,20260898
checkpoint_minus_baseline,preference,mean_margin,step-000000,vision,step-001500,vision,spatial,200,26.075565814971924,-8.250009268522263,0.13037782907485962,-0.04125004634261131,0.17162787541747093,150,50,0,0.14767714440822602,0.19636479929089545,2000,20260899
vision_minus_condition,preference,paired_preference,step-001500,vision,step-001500,background_matched_aux,overall,1200,26.0,27.0,0.021666666666666667,0.0225,-0.0008333333333333334,5,6,1189,-0.006666666666666667,0.004166666666666667,2000,20260900
vision_minus_condition,preference,paired_preference,step-001500,vision,step-001500,paired_counterfactual_image,overall,1200,26.0,53.0,0.021666666666666667,0.04416666666666667,-0.0225,26,53,1121,-0.0375,-0.008333333333333333,2000,20260901
vision_minus_condition,preference,paired_preference,step-001500,vision,step-001500,shuffled_image,overall,1200,26.0,3.0,0.021666666666666667,0.0025,0.019166666666666665,23,0,1177,0.011666666666666667,0.0275,2000,20260902
vision_minus_condition,preference,sample_preference,step-001500,vision,step-001500,background_matched_aux,overall,1200,584.5,612.0,0.4870833333333333,0.51,-0.022916666666666665,7,62,1131,-0.029583333333333333,-0.01625,2000,20260903
vision_minus_condition,preference,sample_preference,step-001500,vision,step-001500,paired_counterfactual_image,overall,1200,584.5,611.5,0.4870833333333333,0.5095833333333334,-0.0225,27,54,1119,-0.0375,-0.00875,2000,20260904
vision_minus_condition,preference,sample_preference,step-001500,vision,step-001500,shuffled_image,overall,1200,584.5,592.0,0.4870833333333333,0.49333333333333335,-0.00625,32,57,1111,-0.015,0.002916666666666667,2000,20260905
vision_minus_condition,preference,mean_margin,step-001500,vision,step-001500,background_matched_aux,overall,1200,21.224753890151074,42.956264558860234,0.017687294908459227,0.03579688713238353,-0.018109592223924303,353,702,145,-0.02063009321736911,-0.015763332043020495,2000,20260906
vision_minus_condition,preference,mean_margin,step-001500,vision,step-001500,paired_counterfactual_image,overall,1200,21.224753890151074,-21.224753890151074,0.017687294908459227,-0.017687294908459227,0.035374589816918454,600,389,211,0.024790560165094955,0.046200191113683925,2000,20260907
vision_minus_condition,preference,mean_margin,step-001500,vision,step-001500,shuffled_image,overall,1200,21.224753890151074,-9.851832545655114,0.017687294908459227,-0.008209860454712595,0.025897155363171824,633,477,90,0.01851696167318595,0.03413933078921031,2000,20260908
vision_minus_condition,preference,paired_preference,step-001500,vision,step-001500,background_matched_aux,color,200,0.0,0.0,0.0,0.0,0.0,0,0,200,0.0,0.0,2000,20260909
vision_minus_condition,preference,paired_preference,step-001500,vision,step-001500,paired_counterfactual_image,color,200,0.0,0.0,0.0,0.0,0.0,0,0,200,0.0,0.0,2000,20260910
vision_minus_condition,preference,paired_preference,step-001500,vision,step-001500,shuffled_image,color,200,0.0,0.0,0.0,0.0,0.0,0,0,200,0.0,0.0,2000,20260911
vision_minus_condition,preference,sample_preference,step-001500,vision,step-001500,background_matched_aux,color,200,98.0,98.5,0.49,0.4925,-0.0025,2,3,195,-0.015,0.0075,2000,20260912
vision_minus_condition,preference,sample_preference,step-001500,vision,step-001500,paired_counterfactual_image,color,200,98.0,98.0,0.49,0.49,0.0,1,1,198,-0.0075,0.0075,2000,20260913
vision_minus_condition,preference,sample_preference,step-001500,vision,step-001500,shuffled_image,color,200,98.0,96.5,0.49,0.4825,0.0075,7,4,189,-0.0075,0.0225,2000,20260914
vision_minus_condition,preference,mean_margin,step-001500,vision,step-001500,background_matched_aux,color,200,2.593750238418579,4.312500715255737,0.012968751192092896,0.021562503576278688,-0.00859375238418579,59,95,46,-0.014218753278255463,-0.0029687535762786864,2000,20260915
vision_minus_condition,preference,mean_margin,step-001500,vision,step-001500,paired_counterfactual_image,color,200,2.593750238418579,-2.593750238418579,0.012968751192092896,-0.012968751192092896,0.025937502384185792,99,28,73,0.017812505960464478,0.03343750417232513,2000,20260916
vision_minus_condition,preference,mean_margin,step-001500,vision,step-001500,shuffled_image,color,200,2.593750238418579,-0.37499988079071045,0.012968751192092896,-0.0018749994039535523,0.014843750596046448,116,54,30,0.008593749701976777,0.021250002086162567,2000,20260917
vision_minus_condition,preference,paired_preference,step-001500,vision,step-001500,background_matched_aux,coordinate,200,0.0,6.0,0.0,0.03,-0.03,0,6,194,-0.055,-0.01,2000,20260918
vision_minus_condition,preference,paired_preference,step-001500,vision,step-001500,paired_counterfactual_image,coordinate,200,0.0,0.0,0.0,0.0,0.0,0,0,200,0.0,0.0,2000,20260919
vision_minus_condition,preference,paired_preference,step-001500,vision,step-001500,shuffled_image,coordinate,200,0.0,0.0,0.0,0.0,0.0,0,0,200,0.0,0.0,2000,20260920
vision_minus_condition,preference,sample_preference,step-001500,vision,step-001500,background_matched_aux,coordinate,200,100.0,103.0,0.5,0.515,-0.015,0,6,194,-0.0275,-0.005,2000,20260921
vision_minus_condition,preference,sample_preference,step-001500,vision,step-001500,paired_counterfactual_image,coordinate,200,100.0,100.0,0.5,0.5,0.0,0,0,200,0.0,0.0,2000,20260922
vision_minus_condition,preference,sample_preference,step-001500,vision,step-001500,shuffled_image,coordinate,200,100.0,99.0,0.5,0.495,0.005,2,0,198,0.0,0.0125,2000,20260923
vision_minus_condition,preference,mean_margin,step-001500,vision,step-001500,background_matched_aux,coordinate,200,-1.2515151500701904,1.8401508331298828,-0.006257575750350952,0.009200754165649415,-0.015458329916000366,76,117,7,-0.02035830020904541,-0.01033716917037964,2000,20260924
vision_minus_condition,preference,mean_margin,step-001500,vision,step-001500,paired_counterfactual_image,coordinate,200,-1.2515151500701904,1.2515151500701904,-0.006257575750350952,0.006257575750350952,-0.012515151500701904,93,92,15,-0.019796373844146727,-0.005534646511077881,2000,20260925
vision_minus_condition,preference,mean_margin,step-001500,vision,step-001500,shuffled_image,coordinate,200,-1.2515151500701904,0.18758916854858398,-0.006257575750350952,0.00093794584274292,-0.0071955215930938725,90,100,10,-0.012398394346237183,-0.0017293941974639892,2000,20260926
vision_minus_condition,preference,paired_preference,step-001500,vision,step-001500,background_matched_aux,count,200,0.0,0.0,0.0,0.0,0.0,0,0,200,0.0,0.0,2000,20260927
vision_minus_condition,preference,paired_preference,step-001500,vision,step-001500,paired_counterfactual_image,count,200,0.0,0.0,0.0,0.0,0.0,0,0,200,0.0,0.0,2000,20260928
vision_minus_condition,preference,paired_preference,step-001500,vision,step-001500,shuffled_image,count,200,0.0,0.0,0.0,0.0,0.0,0,0,200,0.0,0.0,2000,20260929
vision_minus_condition,preference,sample_preference,step-001500,vision,step-001500,background_matched_aux,count,200,100.0,100.0,0.5,0.5,0.0,0,0,200,0.0,0.0,2000,20260930
vision_minus_condition,preference,sample_preference,step-001500,vision,step-001500,paired_counterfactual_image,count,200,100.0,100.0,0.5,0.5,0.0,0,0,200,0.0,0.0,2000,20260931
vision_minus_condition,preference,sample_preference,step-001500,vision,step-001500,shuffled_image,count,200,100.0,100.0,0.5,0.5,0.0,0,0,200,0.0,0.0,2000,20260932
vision_minus_condition,preference,mean_margin,step-001500,vision,step-001500,background_matched_aux,count,200,1.1562508046627045,0.37499940395355225,0.0057812540233135225,0.0018749970197677612,0.003906257003545761,88,57,55,1.0281801223754882e-08,0.007812501192092895,2000,20260933
vision_minus_condition,preference,mean_margin,step-001500,vision,step-001500,paired_counterfactual_image,count,200,1.1562508046627045,-1.1562508046627045,0.0057812540233135225,-0.0057812540233135225,0.011562508046627045,85,42,73,0.005937513709068298,0.017187503874301912,2000,20260934
vision_minus_condition,preference,mean_margin,step-001500,vision,step-001500,shuffled_image,count,200,1.1562508046627045,0.4687497019767761,0.0057812540233135225,0.0023437485098838804,0.0034375055134296417,89,65,46,-0.0006249906122684479,0.007187510579824447,2000,20260935
vision_minus_condition,preference,paired_preference,step-001500,vision,step-001500,background_matched_aux,ocr,200,0.0,0.0,0.0,0.0,0.0,0,0,200,0.0,0.0,2000,20260936
vision_minus_condition,preference,paired_preference,step-001500,vision,step-001500,paired_counterfactual_image,ocr,200,0.0,3.0,0.0,0.015,-0.015,0,3,197,-0.035,0.0,2000,20260937
vision_minus_condition,preference,paired_preference,step-001500,vision,step-001500,shuffled_image,ocr,200,0.0,0.0,0.0,0.0,0.0,0,0,200,0.0,0.0,2000,20260938
vision_minus_condition,preference,sample_preference,step-001500,vision,step-001500,background_matched_aux,ocr,200,98.5,100.0,0.4925,0.5,-0.0075,0,3,197,-0.0175,0.0,2000,20260939
vision_minus_condition,preference,sample_preference,step-001500,vision,step-001500,paired_counterfactual_image,ocr,200,98.5,101.5,0.4925,0.5075,-0.015,0,3,197,-0.035,0.0,2000,20260940
vision_minus_condition,preference,sample_preference,step-001500,vision,step-001500,shuffled_image,ocr,200,98.5,100.0,0.4925,0.5,-0.0075,0,3,197,-0.0175,0.0,2000,20260941
vision_minus_condition,preference,mean_margin,step-001500,vision,step-001500,background_matched_aux,ocr,200,0.3825317360106004,0.7976800237383179,0.001912658680053002,0.00398840011869159,-0.0020757414386385876,95,105,0,-0.005936753420602696,0.0016861680916377241,2000,20260942
vision_minus_condition,preference,mean_margin,step-001500,vision,step-001500,paired_counterfactual_image,ocr,200,0.3825317360106004,-0.3825317360106004,0.001912658680053002,-0.001912658680053002,0.003825317360106004,106,94,0,-0.0070020292827061344,0.013628516719454815,2000,20260943
vision_minus_condition,preference,mean_margin,step-001500,vision,step-001500,shuffled_image,ocr,200,0.3825317360106004,-0.3103845187595915,0.001912658680053002,-0.0015519225937979575,0.0034645812738509597,103,97,0,-0.004067869345347069,0.010220485641842792,2000,20260944
vision_minus_condition,preference,paired_preference,step-001500,vision,step-001500,background_matched_aux,shape,200,26.0,21.0,0.13,0.105,0.025,5,0,195,0.005,0.05,2000,20260945
vision_minus_condition,preference,paired_preference,step-001500,vision,step-001500,paired_counterfactual_image,shape,200,26.0,0.0,0.13,0.0,0.13,26,0,174,0.085,0.18,2000,20260946
vision_minus_condition,preference,paired_preference,step-001500,vision,step-001500,shuffled_image,shape,200,26.0,3.0,0.13,0.015,0.115,23,0,177,0.075,0.16,2000,20260947
vision_minus_condition,preference,sample_preference,step-001500,vision,step-001500,background_matched_aux,shape,200,113.0,110.5,0.565,0.5525,0.0125,5,0,195,0.0025,0.025,2000,20260948
vision_minus_condition,preference,sample_preference,step-001500,vision,step-001500,paired_counterfactual_image,shape,200,113.0,87.0,0.565,0.435,0.13,26,0,174,0.085,0.18,2000,20260949
vision_minus_condition,preference,sample_preference,step-001500,vision,step-001500,shuffled_image,shape,200,113.0,96.5,0.565,0.4825,0.0825,23,0,177,0.05,0.12,2000,20260950
vision_minus_condition,preference,mean_margin,step-001500,vision,step-001500,background_matched_aux,shape,200,26.593745529651642,34.28124451637268,0.1329687276482582,0.17140622258186342,-0.038437494933605196,35,128,37,-0.047031235992908475,-0.029531242847442626,2000,20260951
vision_minus_condition,preference,mean_margin,step-001500,vision,step-001500,paired_counterfactual_image,shape,200,26.593745529651642,-26.593745529651642,0.1329687276482582,-0.1329687276482582,0.2659374552965164,167,33,0,0.2206249588727951,0.3137499564886093,2000,20260952
vision_minus_condition,preference,mean_margin,step-001500,vision,step-001500,shuffled_image,shape,200,26.593745529651642,-4.906249463558197,0.1329687276482582,-0.024531247317790984,0.1574999749660492,135,61,4,0.11687498182058334,0.1967187210917473,2000,20260953
vision_minus_condition,preference,paired_preference,step-001500,vision,step-001500,background_matched_aux,spatial,200,0.0,0.0,0.0,0.0,0.0,0,0,200,0.0,0.0,2000,20260954
vision_minus_condition,preference,paired_preference,step-001500,vision,step-001500,paired_counterfactual_image,spatial,200,0.0,50.0,0.0,0.25,-0.25,0,50,150,-0.315,-0.19,2000,20260955
vision_minus_condition,preference,paired_preference,step-001500,vision,step-001500,shuffled_image,spatial,200,0.0,0.0,0.0,0.0,0.0,0,0,200,0.0,0.0,2000,20260956
vision_minus_condition,preference,sample_preference,step-001500,vision,step-001500,background_matched_aux,spatial,200,75.0,100.0,0.375,0.5,-0.125,0,50,150,-0.155,-0.095,2000,20260957
vision_minus_condition,preference,sample_preference,step-001500,vision,step-001500,paired_counterfactual_image,spatial,200,75.0,125.0,0.375,0.625,-0.25,0,50,150,-0.31,-0.195,2000,20260958
vision_minus_condition,preference,sample_preference,step-001500,vision,step-001500,shuffled_image,spatial,200,75.0,100.0,0.375,0.5,-0.125,0,50,150,-0.155,-0.095,2000,20260959
vision_minus_condition,preference,mean_margin,step-001500,vision,step-001500,background_matched_aux,spatial,200,-8.250009268522263,1.3496890664100647,-0.04125004634261131,0.0067484453320503235,-0.047998491674661636,0,200,0,-0.051188824772834776,-0.044228098690509796,2000,20260960
vision_minus_condition,preference,mean_margin,step-001500,vision,step-001500,paired_counterfactual_image,spatial,200,-8.250009268522263,8.250009268522263,-0.04125004634261131,0.04125004634261131,-0.08250009268522263,50,100,50,-0.09942508548498154,-0.06552510365843772,2000,20260961
vision_minus_condition,preference,mean_margin,step-001500,vision,step-001500,shuffled_image,spatial,200,-8.250009268522263,-4.916537553071976,-0.04125004634261131,-0.02458268776535988,-0.016667358577251434,100,100,0,-0.023667233437299727,-0.010084221959114075,2000,20260962
vision_minus_condition,preference,paired_preference,shape-projector-step50,vision,shape-projector-step50,background_matched_aux,overall,1200,206.0,187.0,0.17166666666666666,0.15583333333333332,0.015833333333333335,25,6,1169,0.006666666666666667,0.025,2000,20260963
vision_minus_condition,preference,paired_preference,shape-projector-step50,vision,shape-projector-step50,paired_counterfactual_image,overall,1200,206.0,11.0,0.17166666666666666,0.009166666666666667,0.1625,206,11,983,0.14,0.185,2000,20260964
vision_minus_condition,preference,paired_preference,shape-projector-step50,vision,shape-projector-step50,shuffled_image,overall,1200,206.0,43.0,0.17166666666666666,0.035833333333333335,0.13583333333333333,170,7,1023,0.11583333333333333,0.15583333333333332,2000,20260965
checkpoint_minus_baseline,preference,paired_preference,shape-projector-step50,vision,step-001500,vision,overall,1200,206.0,26.0,0.17166666666666666,0.021666666666666667,0.15,180,0,1020,0.13,0.17166666666666666,2000,20260966
vision_minus_condition,preference,sample_preference,shape-projector-step50,vision,shape-projector-step50,background_matched_aux,overall,1200,696.0,689.5,0.58,0.5745833333333333,0.005416666666666667,29,16,1155,0.0,0.010416666666666666,2000,20260967
vision_minus_condition,preference,sample_preference,shape-projector-step50,vision,shape-projector-step50,paired_counterfactual_image,overall,1200,696.0,498.5,0.58,0.41541666666666666,0.16458333333333333,212,12,976,0.1425,0.18833333333333332,2000,20260968
vision_minus_condition,preference,sample_preference,shape-projector-step50,vision,shape-projector-step50,shuffled_image,overall,1200,696.0,586.0,0.58,0.48833333333333334,0.09166666666666666,196,19,985,0.07666666666666666,0.10625,2000,20260969
checkpoint_minus_baseline,preference,sample_preference,shape-projector-step50,vision,step-001500,vision,overall,1200,696.0,584.5,0.58,0.4870833333333333,0.09291666666666666,237,14,949,0.08166666666666667,0.10583333333333333,2000,20260970
vision_minus_condition,preference,mean_margin,shape-projector-step50,vision,shape-projector-step50,background_matched_aux,overall,1200,2050.969541169254,1722.8410830681296,1.7091412843077118,1.4357009025567746,0.273440381750937,620,551,29,0.22067338102778034,0.33184570512836925,2000,20260971
vision_minus_condition,preference,mean_margin,shape-projector-step50,vision,shape-projector-step50,paired_counterfactual_image,overall,1200,2050.969541169254,-2050.969541169254,1.7091412843077118,-1.7091412843077118,3.4182825686154237,648,510,42,2.974107282811261,3.881935379476074,2000,20260972
vision_minus_condition,preference,mean_margin,shape-projector-step50,vision,shape-projector-step50,shuffled_image,overall,1200,2050.969541169254,-127.59532656791244,1.7091412843077118,-0.10632943880659369,1.8154707231143055,689,487,24,1.5475961650032748,2.0900725083668887,2000,20260973
checkpoint_minus_baseline,preference,mean_margin,shape-projector-step50,vision,step-001500,vision,overall,1200,2050.969541169254,21.224753890151074,1.7091412843077118,0.017687294908459227,1.6914539893992524,669,498,33,1.4716914679749609,1.9093924263472677,2000,20260974
vision_minus_condition,preference,paired_preference,shape-projector-step50,vision,shape-projector-step50,background_matched_aux,color,200,2.0,0.0,0.01,0.0,0.01,2,0,198,0.0,0.025,2000,20260975
vision_minus_condition,preference,paired_preference,shape-projector-step50,vision,shape-projector-step50,paired_counterfactual_image,color,200,2.0,6.0,0.01,0.03,-0.02,2,6,192,-0.05,0.005,2000,20260976
vision_minus_condition,preference,paired_preference,shape-projector-step50,vision,shape-projector-step50,shuffled_image,color,200,2.0,5.0,0.01,0.025,-0.015,2,5,193,-0.04,0.01,2000,20260977
checkpoint_minus_baseline,preference,paired_preference,shape-projector-step50,vision,step-001500,vision,color,200,2.0,0.0,0.01,0.0,0.01,2,0,198,0.0,0.025,2000,20260978
vision_minus_condition,preference,sample_preference,shape-projector-step50,vision,shape-projector-step50,background_matched_aux,color,200,98.0,98.0,0.49,0.49,0.0,3,3,194,-0.0125,0.0125,2000,20260979
vision_minus_condition,preference,sample_preference,shape-projector-step50,vision,shape-projector-step50,paired_counterfactual_image,color,200,98.0,102.0,0.49,0.51,-0.02,2,6,192,-0.05,0.01,2000,20260980
vision_minus_condition,preference,sample_preference,shape-projector-step50,vision,shape-projector-step50,shuffled_image,color,200,98.0,100.0,0.49,0.5,-0.01,7,9,184,-0.035,0.0125,2000,20260981
checkpoint_minus_baseline,preference,sample_preference,shape-projector-step50,vision,step-001500,vision,color,200,98.0,98.0,0.49,0.49,0.0,6,6,188,-0.0175,0.0175,2000,20260982
vision_minus_condition,preference,mean_margin,shape-projector-step50,vision,shape-projector-step50,background_matched_aux,color,200,30.687498848885298,23.999999102205038,0.1534374942444265,0.11999999551102519,0.0334374987334013,89,110,1,0.0012500070035457612,0.06874999621883035,2000,20260983
vision_minus_condition,preference,mean_margin,shape-projector-step50,vision,shape-projector-step50,paired_counterfactual_image,color,200,30.687498848885298,-30.687498848885298,0.1534374942444265,-0.1534374942444265,0.306874988488853,131,65,4,0.19874999821186065,0.42624999038875105,2000,20260984
vision_minus_condition,preference,mean_margin,shape-projector-step50,vision,shape-projector-step50,shuffled_image,color,200,30.687498848885298,7.374997653067112,0.1534374942444265,0.036874988265335557,0.11656250597909093,115,83,2,0.030937513913959266,0.20265625884756447,2000,20260985
checkpoint_minus_baseline,preference,mean_margin,shape-projector-step50,vision,step-001500,vision,color,200,30.687498848885298,2.593750238418579,0.1534374942444265,0.012968751192092896,0.1404687430523336,122,77,1,0.08499999614432455,0.19609373919665812,2000,20260986
vision_minus_condition,preference,paired_preference,shape-projector-step50,vision,shape-projector-step50,background_matched_aux,coordinate,200,0.0,0.0,0.0,0.0,0.0,0,0,200,0.0,0.0,2000,20260987
vision_minus_condition,preference,paired_preference,shape-projector-step50,vision,shape-projector-step50,paired_counterfactual_image,coordinate,200,0.0,0.0,0.0,0.0,0.0,0,0,200,0.0,0.0,2000,20260988
vision_minus_condition,preference,paired_preference,shape-projector-step50,vision,shape-projector-step50,shuffled_image,coordinate,200,0.0,0.0,0.0,0.0,0.0,0,0,200,0.0,0.0,2000,20260989
checkpoint_minus_baseline,preference,paired_preference,shape-projector-step50,vision,step-001500,vision,coordinate,200,0.0,0.0,0.0,0.0,0.0,0,0,200,0.0,0.0,2000,20260990
vision_minus_condition,preference,sample_preference,shape-projector-step50,vision,shape-projector-step50,background_matched_aux,coordinate,200,100.0,100.0,0.5,0.5,0.0,0,0,200,0.0,0.0,2000,20260991
vision_minus_condition,preference,sample_preference,shape-projector-step50,vision,shape-projector-step50,paired_counterfactual_image,coordinate,200,100.0,99.0,0.5,0.495,0.005,2,0,198,0.0,0.0125,2000,20260992
vision_minus_condition,preference,sample_preference,shape-projector-step50,vision,shape-projector-step50,shuffled_image,coordinate,200,100.0,99.5,0.5,0.4975,0.0025,1,0,199,0.0,0.0075,2000,20260993
checkpoint_minus_baseline,preference,sample_preference,shape-projector-step50,vision,step-001500,vision,coordinate,200,100.0,100.0,0.5,0.5,0.0,0,0,200,0.0,0.0,2000,20260994
vision_minus_condition,preference,mean_margin,shape-projector-step50,vision,shape-projector-step50,background_matched_aux,coordinate,200,-10.377352714538574,-4.45849871635437,-0.05188676357269287,-0.02229249358177185,-0.029594269990921022,94,104,2,-0.04092837929725647,-0.017793774604797363,2000,20260995
vision_minus_condition,preference,mean_margin,shape-projector-step50,vision,shape-projector-step50,paired_counterfactual_image,coordinate,200,-10.377352714538574,10.377352714538574,-0.05188676357269287,0.05188676357269287,-0.10377352714538574,84,116,0,-0.1257616686820984,-0.08138790369033813,2000,20260996
vision_minus_condition,preference,mean_margin,shape-projector-step50,vision,shape-projector-step50,shuffled_image,coordinate,200,-10.377352714538574,1.0050511360168457,-0.05188676357269287,0.005025255680084229,-0.0569120192527771,75,121,4,-0.0724911630153656,-0.04108837962150574,2000,20260997
checkpoint_minus_baseline,preference,mean_margin,shape-projector-step50,vision,step-001500,vision,coordinate,200,-10.377352714538574,-1.2515151500701904,-0.05188676357269287,-0.006257575750350952,-0.04562918782234192,59,134,7,-0.055075105428695675,-0.036775983572006225,2000,20260998
vision_minus_condition,preference,paired_preference,shape-projector-step50,vision,shape-projector-step50,background_matched_aux,count,200,1.0,4.0,0.005,0.02,-0.015,1,4,195,-0.035,0.005,2000,20260999
vision_minus_condition,preference,paired_preference,shape-projector-step50,vision,shape-projector-step50,paired_counterfactual_image,count,200,1.0,2.0,0.005,0.01,-0.005,1,2,197,-0.02,0.01,2000,20261000
vision_minus_condition,preference,paired_preference,shape-projector-step50,vision,shape-projector-step50,shuffled_image,count,200,1.0,2.0,0.005,0.01,-0.005,1,2,197,-0.025,0.01,2000,20261001
checkpoint_minus_baseline,preference,paired_preference,shape-projector-step50,vision,step-001500,vision,count,200,1.0,0.0,0.005,0.0,0.005,1,0,199,0.0,0.015,2000,20261002
vision_minus_condition,preference,sample_preference,shape-projector-step50,vision,shape-projector-step50,background_matched_aux,count,200,98.0,100.5,0.49,0.5025,-0.0125,3,8,189,-0.03,0.0025,2000,20261003
vision_minus_condition,preference,sample_preference,shape-projector-step50,vision,shape-projector-step50,paired_counterfactual_image,count,200,98.0,97.5,0.49,0.4875,0.0025,5,3,192,-0.02,0.025,2000,20261004
vision_minus_condition,preference,sample_preference,shape-projector-step50,vision,shape-projector-step50,shuffled_image,count,200,98.0,93.0,0.49,0.465,0.025,17,7,176,0.0025,0.05,2000,20261005
checkpoint_minus_baseline,preference,sample_preference,shape-projector-step50,vision,step-001500,vision,count,200,98.0,100.0,0.49,0.5,-0.01,1,5,194,-0.0225,0.0,2000,20261006
vision_minus_condition,preference,mean_margin,shape-projector-step50,vision,shape-projector-step50,background_matched_aux,count,200,0.9375009089708328,6.1250007674098015,0.004687504544854164,0.030625003837049008,-0.025937499292194844,77,97,26,-0.039218746870756147,-0.013281241357326508,2000,20261007
vision_minus_condition,preference,mean_margin,shape-projector-step50,vision,shape-projector-step50,paired_counterfactual_image,count,200,0.9375009089708328,-0.9375009089708328,0.004687504544854164,-0.004687504544854164,0.009375009089708328,95,67,38,-0.020624985992908476,0.037500009313225745,2000,20261008
vision_minus_condition,preference,mean_margin,shape-projector-step50,vision,shape-projector-step50,shuffled_image,count,200,0.9375009089708328,-2.6249997168779373,0.004687504544854164,-0.013124998584389687,0.017812503129243852,103,79,18,-0.001718742586672306,0.03609375391155481,2000,20261009
checkpoint_minus_baseline,preference,mean_margin,shape-projector-step50,vision,step-001500,vision,count,200,0.9375009089708328,1.1562508046627045,0.004687504544854164,0.0057812540233135225,-0.0010937494784593583,96,79,25,-0.01625000059604645,0.013593751341104507,2000,20261010
vision_minus_condition,preference,paired_preference,shape-projector-step50,vision,shape-projector-step50,background_matched_aux,ocr,200,3.0,2.0,0.015,0.01,0.005,3,2,195,-0.015,0.025,2000,20261011
vision_minus_condition,preference,paired_preference,shape-projector-step50,vision,shape-projector-step50,paired_counterfactual_image,ocr,200,3.0,3.0,0.015,0.015,0.0,3,3,194,-0.025,0.025,2000,20261012
vision_minus_condition,preference,paired_preference,shape-projector-step50,vision,shape-projector-step50,shuffled_image,ocr,200,3.0,0.0,0.015,0.0,0.015,3,0,197,0.0,0.035,2000,20261013
checkpoint_minus_baseline,preference,paired_preference,shape-projector-step50,vision,step-001500,vision,ocr,200,3.0,0.0,0.015,0.0,0.015,3,0,197,0.0,0.035,2000,20261014
vision_minus_condition,preference,sample_preference,shape-projector-step50,vision,shape-projector-step50,background_matched_aux,ocr,200,100.0,100.5,0.5,0.5025,-0.0025,4,5,191,-0.0175,0.0125,2000,20261015
vision_minus_condition,preference,sample_preference,shape-projector-step50,vision,shape-projector-step50,paired_counterfactual_image,ocr,200,100.0,100.0,0.5,0.5,0.0,3,3,194,-0.025,0.025,2000,20261016
vision_minus_condition,preference,sample_preference,shape-projector-step50,vision,shape-projector-step50,shuffled_image,ocr,200,100.0,98.0,0.5,0.49,0.01,7,3,190,-0.005,0.0275,2000,20261017
checkpoint_minus_baseline,preference,sample_preference,shape-projector-step50,vision,step-001500,vision,ocr,200,100.0,98.5,0.5,0.4925,0.0075,6,3,191,-0.005,0.0225,2000,20261018
vision_minus_condition,preference,mean_margin,shape-projector-step50,vision,shape-projector-step50,background_matched_aux,ocr,200,-7.752264193126133,-5.195072330747326,-0.03876132096563067,-0.02597536165373663,-0.012785959311894031,92,108,0,-0.03073332877386183,0.003895083438782476,2000,20261019
vision_minus_condition,preference,mean_margin,shape-projector-step50,vision,shape-projector-step50,paired_counterfactual_image,ocr,200,-7.752264193126133,7.752264193126133,-0.03876132096563067,0.03876132096563067,-0.07752264193126134,88,112,0,-0.12953904229118707,-0.028299158550444122,2000,20261020
vision_minus_condition,preference,mean_margin,shape-projector-step50,vision,shape-projector-step50,shuffled_image,ocr,200,-7.752264193126133,-4.882475255784538,-0.03876132096563067,-0.02441237627892269,-0.014348944686707976,101,99,0,-0.05027237162135892,0.017400537036714164,2000,20261021
checkpoint_minus_baseline,preference,mean_margin,shape-projector-step50,vision,step-001500,vision,ocr,200,-7.752264193126133,0.3825317360106004,-0.03876132096563067,0.001912658680053002,-0.040673979645683665,92,108,0,-0.0670590462684632,-0.014869946320851639,2000,20261022
vision_minus_condition,preference,paired_preference,shape-projector-step50,vision,shape-projector-step50,background_matched_aux,shape,200,200.0,181.0,1.0,0.905,0.095,19,0,181,0.055,0.135,2000,20261023
vision_minus_condition,preference,paired_preference,shape-projector-step50,vision,shape-projector-step50,paired_counterfactual_image,shape,200,200.0,0.0,1.0,0.0,1.0,200,0,0,1.0,1.0,2000,20261024
vision_minus_condition,preference,paired_preference,shape-projector-step50,vision,shape-projector-step50,shuffled_image,shape,200,200.0,36.0,1.0,0.18,0.82,164,0,36,0.765,0.875,2000,20261025
checkpoint_minus_baseline,preference,paired_preference,shape-projector-step50,vision,step-001500,vision,shape,200,200.0,26.0,1.0,0.13,0.87,174,0,26,0.82,0.915,2000,20261026
vision_minus_condition,preference,sample_preference,shape-projector-step50,vision,shape-projector-step50,background_matched_aux,shape,200,200.0,190.5,1.0,0.9525,0.0475,19,0,181,0.0275,0.07,2000,20261027
vision_minus_condition,preference,sample_preference,shape-projector-step50,vision,shape-projector-step50,paired_counterfactual_image,shape,200,200.0,0.0,1.0,0.0,1.0,200,0,0,1.0,1.0,2000,20261028
vision_minus_condition,preference,sample_preference,shape-projector-step50,vision,shape-projector-step50,shuffled_image,shape,200,200.0,95.5,1.0,0.4775,0.5225,164,0,36,0.48,0.5675,2000,20261029
checkpoint_minus_baseline,preference,sample_preference,shape-projector-step50,vision,step-001500,vision,shape,200,200.0,113.0,1.0,0.565,0.435,174,0,26,0.41,0.4575,2000,20261030
vision_minus_condition,preference,mean_margin,shape-projector-step50,vision,shape-projector-step50,background_matched_aux,shape,200,2042.1562380857067,1701.9999980257708,10.210781190428534,8.509999990128854,1.7007812002996798,168,32,0,1.469218697307515,1.9390624605488846,2000,20261031
vision_minus_condition,preference,mean_margin,shape-projector-step50,vision,shape-projector-step50,paired_counterfactual_image,shape,200,2042.1562380857067,-2042.1562380857067,10.210781190428534,-10.210781190428534,20.42156238085707,200,0,0,19.68593738890835,21.098437407421297,2000,20261032
vision_minus_condition,preference,mean_margin,shape-projector-step50,vision,shape-projector-step50,shuffled_image,shape,200,2042.1562380857067,-77.18750157777686,10.210781190428534,-0.38593750788888426,10.596718698317417,195,5,0,9.726249973587691,11.559531159404724,2000,20261033
checkpoint_minus_baseline,preference,mean_margin,shape-projector-step50,vision,step-001500,vision,shape,200,2042.1562380857067,26.593745529651642,10.210781190428534,0.1329687276482582,10.077812462780276,200,0,0,9.732187453695515,10.420781223313533,2000,20261034
vision_minus_condition,preference,paired_preference,shape-projector-step50,vision,shape-projector-step50,background_matched_aux,spatial,200,0.0,0.0,0.0,0.0,0.0,0,0,200,0.0,0.0,2000,20261035
vision_minus_condition,preference,paired_preference,shape-projector-step50,vision,shape-projector-step50,paired_counterfactual_image,spatial,200,0.0,0.0,0.0,0.0,0.0,0,0,200,0.0,0.0,2000,20261036
vision_minus_condition,preference,paired_preference,shape-projector-step50,vision,shape-projector-step50,shuffled_image,spatial,200,0.0,0.0,0.0,0.0,0.0,0,0,200,0.0,0.0,2000,20261037
checkpoint_minus_baseline,preference,paired_preference,shape-projector-step50,vision,step-001500,vision,spatial,200,0.0,0.0,0.0,0.0,0.0,0,0,200,0.0,0.0,2000,20261038
vision_minus_condition,preference,sample_preference,shape-projector-step50,vision,shape-projector-step50,background_matched_aux,spatial,200,100.0,100.0,0.5,0.5,0.0,0,0,200,0.0,0.0,2000,20261039
vision_minus_condition,preference,sample_preference,shape-projector-step50,vision,shape-projector-step50,paired_counterfactual_image,spatial,200,100.0,100.0,0.5,0.5,0.0,0,0,200,0.0,0.0,2000,20261040
vision_minus_condition,preference,sample_preference,shape-projector-step50,vision,shape-projector-step50,shuffled_image,spatial,200,100.0,100.0,0.5,0.5,0.0,0,0,200,0.0,0.0,2000,20261041
checkpoint_minus_baseline,preference,sample_preference,shape-projector-step50,vision,step-001500,vision,spatial,200,100.0,75.0,0.5,0.375,0.125,50,0,150,0.095,0.155,2000,20261042
vision_minus_condition,preference,mean_margin,shape-projector-step50,vision,shape-projector-step50,background_matched_aux,spatial,200,-4.682079766644165,0.3696562198456377,-0.023410398833220825,0.0018482810992281884,-0.025258679932449013,100,100,0,-0.049029820481082426,-0.0012220342876389622,2000,20261043
vision_minus_condition,preference,mean_margin,shape-projector-step50,vision,shape-projector-step50,paired_counterfactual_image,spatial,200,-4.682079766644165,4.682079766644165,-0.023410398833220825,0.023410398833220825,-0.04682079766644165,50,150,0,-0.06963872518274002,-0.024616983622545375,2000,20261044
vision_minus_condition,preference,mean_margin,shape-projector-step50,vision,shape-projector-step50,shuffled_image,spatial,200,-4.682079766644165,-51.28039880655706,-0.023410398833220825,-0.2564019940327853,0.23299159519956447,100,100,0,0.16358075154421386,0.3017057458718773,2000,20261045
checkpoint_minus_baseline,preference,mean_margin,shape-projector-step50,vision,step-001500,vision,spatial,200,-4.682079766644165,-8.250009268522263,-0.023410398833220825,-0.04125004634261131,0.01783964750939049,100,100,0,0.0040034977567847815,0.03150105000066105,2000,20261046
vision_minus_condition,generation,generation_paired,step-000000,vision,step-000000,background_matched_aux,overall,300,0.0,0.0,0.0,0.0,0.0,0,0,300,0.0,0.0,2000,20261047
vision_minus_condition,generation,generation_paired,step-000000,vision,step-000000,blind,overall,300,0.0,0.0,0.0,0.0,0.0,0,0,300,0.0,0.0,2000,20261048
vision_minus_condition,generation,generation_paired,step-000000,vision,step-000000,paired_counterfactual_image,overall,300,0.0,0.0,0.0,0.0,0.0,0,0,300,0.0,0.0,2000,20261049
vision_minus_condition,generation,generation_paired,step-000000,vision,step-000000,shuffled_image,overall,300,0.0,0.0,0.0,0.0,0.0,0,0,300,0.0,0.0,2000,20261050
checkpoint_minus_baseline,generation,generation_paired,step-000000,vision,step-001500,vision,overall,300,0.0,0.0,0.0,0.0,0.0,0,0,300,0.0,0.0,2000,20261051
vision_minus_condition,generation,generation_sample,step-000000,vision,step-000000,background_matched_aux,overall,300,0.0,0.0,0.0,0.0,0.0,0,0,300,0.0,0.0,2000,20261052
vision_minus_condition,generation,generation_sample,step-000000,vision,step-000000,blind,overall,300,0.0,0.0,0.0,0.0,0.0,0,0,300,0.0,0.0,2000,20261053
vision_minus_condition,generation,generation_sample,step-000000,vision,step-000000,paired_counterfactual_image,overall,300,0.0,0.0,0.0,0.0,0.0,0,0,300,0.0,0.0,2000,20261054
vision_minus_condition,generation,generation_sample,step-000000,vision,step-000000,shuffled_image,overall,300,0.0,0.0,0.0,0.0,0.0,0,0,300,0.0,0.0,2000,20261055
checkpoint_minus_baseline,generation,generation_sample,step-000000,vision,step-001500,vision,overall,300,0.0,40.5,0.0,0.135,-0.135,0,81,219,-0.16,-0.11,2000,20261056
vision_minus_condition,generation,prediction_flip,step-000000,vision,step-000000,background_matched_aux,overall,300,147.0,112.0,0.49,0.37333333333333335,0.11666666666666667,68,33,199,0.05333333333333334,0.18333333333333332,2000,20261057
vision_minus_condition,generation,prediction_flip,step-000000,vision,step-000000,blind,overall,300,147.0,0.0,0.49,0.0,0.49,147,0,153,0.43,0.5433333333333333,2000,20261058
vision_minus_condition,generation,prediction_flip,step-000000,vision,step-000000,paired_counterfactual_image,overall,300,147.0,147.0,0.49,0.49,0.0,0,0,300,0.0,0.0,2000,20261059
vision_minus_condition,generation,prediction_flip,step-000000,vision,step-000000,shuffled_image,overall,300,147.0,151.0,0.49,0.5033333333333333,-0.013333333333333334,32,36,232,-0.06333333333333334,0.03666666666666667,2000,20261060
checkpoint_minus_baseline,generation,prediction_flip,step-000000,vision,step-001500,vision,overall,300,147.0,82.0,0.49,0.2733333333333333,0.21666666666666667,111,46,143,0.14,0.29333333333333333,2000,20261061
vision_minus_condition,generation,generation_paired,step-000000,vision,step-000000,background_matched_aux,color,50,0.0,0.0,0.0,0.0,0.0,0,0,50,0.0,0.0,2000,20261062
vision_minus_condition,generation,generation_paired,step-000000,vision,step-000000,blind,color,50,0.0,0.0,0.0,0.0,0.0,0,0,50,0.0,0.0,2000,20261063
vision_minus_condition,generation,generation_paired,step-000000,vision,step-000000,paired_counterfactual_image,color,50,0.0,0.0,0.0,0.0,0.0,0,0,50,0.0,0.0,2000,20261064
vision_minus_condition,generation,generation_paired,step-000000,vision,step-000000,shuffled_image,color,50,0.0,0.0,0.0,0.0,0.0,0,0,50,0.0,0.0,2000,20261065
checkpoint_minus_baseline,generation,generation_paired,step-000000,vision,step-001500,vision,color,50,0.0,0.0,0.0,0.0,0.0,0,0,50,0.0,0.0,2000,20261066
vision_minus_condition,generation,generation_sample,step-000000,vision,step-000000,background_matched_aux,color,50,0.0,0.0,0.0,0.0,0.0,0,0,50,0.0,0.0,2000,20261067
vision_minus_condition,generation,generation_sample,step-000000,vision,step-000000,blind,color,50,0.0,0.0,0.0,0.0,0.0,0,0,50,0.0,0.0,2000,20261068
vision_minus_condition,generation,generation_sample,step-000000,vision,step-000000,paired_counterfactual_image,color,50,0.0,0.0,0.0,0.0,0.0,0,0,50,0.0,0.0,2000,20261069
vision_minus_condition,generation,generation_sample,step-000000,vision,step-000000,shuffled_image,color,50,0.0,0.0,0.0,0.0,0.0,0,0,50,0.0,0.0,2000,20261070
checkpoint_minus_baseline,generation,generation_sample,step-000000,vision,step-001500,vision,color,50,0.0,11.0,0.0,0.22,-0.22,0,22,28,-0.29,-0.15,2000,20261071
vision_minus_condition,generation,prediction_flip,step-000000,vision,step-000000,background_matched_aux,color,50,33.0,14.0,0.66,0.28,0.38,25,6,19,0.2,0.56,2000,20261072
vision_minus_condition,generation,prediction_flip,step-000000,vision,step-000000,blind,color,50,33.0,0.0,0.66,0.0,0.66,33,0,17,0.52,0.8,2000,20261073
vision_minus_condition,generation,prediction_flip,step-000000,vision,step-000000,paired_counterfactual_image,color,50,33.0,33.0,0.66,0.66,0.0,0,0,50,0.0,0.0,2000,20261074
vision_minus_condition,generation,prediction_flip,step-000000,vision,step-000000,shuffled_image,color,50,33.0,33.0,0.66,0.66,0.0,10,10,30,-0.18,0.16,2000,20261075
checkpoint_minus_baseline,generation,prediction_flip,step-000000,vision,step-001500,vision,color,50,33.0,20.0,0.66,0.4,0.26,17,4,29,0.1,0.42,2000,20261076
vision_minus_condition,generation,generation_paired,step-000000,vision,step-000000,background_matched_aux,coordinate,50,0.0,0.0,0.0,0.0,0.0,0,0,50,0.0,0.0,2000,20261077
vision_minus_condition,generation,generation_paired,step-000000,vision,step-000000,blind,coordinate,50,0.0,0.0,0.0,0.0,0.0,0,0,50,0.0,0.0,2000,20261078
vision_minus_condition,generation,generation_paired,step-000000,vision,step-000000,paired_counterfactual_image,coordinate,50,0.0,0.0,0.0,0.0,0.0,0,0,50,0.0,0.0,2000,20261079
vision_minus_condition,generation,generation_paired,step-000000,vision,step-000000,shuffled_image,coordinate,50,0.0,0.0,0.0,0.0,0.0,0,0,50,0.0,0.0,2000,20261080
checkpoint_minus_baseline,generation,generation_paired,step-000000,vision,step-001500,vision,coordinate,50,0.0,0.0,0.0,0.0,0.0,0,0,50,0.0,0.0,2000,20261081
vision_minus_condition,generation,generation_sample,step-000000,vision,step-000000,background_matched_aux,coordinate,50,0.0,0.0,0.0,0.0,0.0,0,0,50,0.0,0.0,2000,20261082
vision_minus_condition,generation,generation_sample,step-000000,vision,step-000000,blind,coordinate,50,0.0,0.0,0.0,0.0,0.0,0,0,50,0.0,0.0,2000,20261083
vision_minus_condition,generation,generation_sample,step-000000,vision,step-000000,paired_counterfactual_image,coordinate,50,0.0,0.0,0.0,0.0,0.0,0,0,50,0.0,0.0,2000,20261084
vision_minus_condition,generation,generation_sample,step-000000,vision,step-000000,shuffled_image,coordinate,50,0.0,0.0,0.0,0.0,0.0,0,0,50,0.0,0.0,2000,20261085
checkpoint_minus_baseline,generation,generation_sample,step-000000,vision,step-001500,vision,coordinate,50,0.0,0.0,0.0,0.0,0.0,0,0,50,0.0,0.0,2000,20261086
vision_minus_condition,generation,prediction_flip,step-000000,vision,step-000000,background_matched_aux,coordinate,50,0.0,0.0,0.0,0.0,0.0,0,0,50,0.0,0.0,2000,20261087
vision_minus_condition,generation,prediction_flip,step-000000,vision,step-000000,blind,coordinate,50,0.0,0.0,0.0,0.0,0.0,0,0,50,0.0,0.0,2000,20261088
vision_minus_condition,generation,prediction_flip,step-000000,vision,step-000000,paired_counterfactual_image,coordinate,50,0.0,0.0,0.0,0.0,0.0,0,0,50,0.0,0.0,2000,20261089
vision_minus_condition,generation,prediction_flip,step-000000,vision,step-000000,shuffled_image,coordinate,50,0.0,0.0,0.0,0.0,0.0,0,0,50,0.0,0.0,2000,20261090
checkpoint_minus_baseline,generation,prediction_flip,step-000000,vision,step-001500,vision,coordinate,50,0.0,26.0,0.0,0.52,-0.52,0,26,24,-0.66,-0.38,2000,20261091
vision_minus_condition,generation,generation_paired,step-000000,vision,step-000000,background_matched_aux,count,50,0.0,0.0,0.0,0.0,0.0,0,0,50,0.0,0.0,2000,20261092
vision_minus_condition,generation,generation_paired,step-000000,vision,step-000000,blind,count,50,0.0,0.0,0.0,0.0,0.0,0,0,50,0.0,0.0,2000,20261093
vision_minus_condition,generation,generation_paired,step-000000,vision,step-000000,paired_counterfactual_image,count,50,0.0,0.0,0.0,0.0,0.0,0,0,50,0.0,0.0,2000,20261094
vision_minus_condition,generation,generation_paired,step-000000,vision,step-000000,shuffled_image,count,50,0.0,0.0,0.0,0.0,0.0,0,0,50,0.0,0.0,2000,20261095
checkpoint_minus_baseline,generation,generation_paired,step-000000,vision,step-001500,vision,count,50,0.0,0.0,0.0,0.0,0.0,0,0,50,0.0,0.0,2000,20261096
vision_minus_condition,generation,generation_sample,step-000000,vision,step-000000,background_matched_aux,count,50,0.0,0.0,0.0,0.0,0.0,0,0,50,0.0,0.0,2000,20261097
vision_minus_condition,generation,generation_sample,step-000000,vision,step-000000,blind,count,50,0.0,0.0,0.0,0.0,0.0,0,0,50,0.0,0.0,2000,20261098
vision_minus_condition,generation,generation_sample,step-000000,vision,step-000000,paired_counterfactual_image,count,50,0.0,0.0,0.0,0.0,0.0,0,0,50,0.0,0.0,2000,20261099
vision_minus_condition,generation,generation_sample,step-000000,vision,step-000000,shuffled_image,count,50,0.0,0.0,0.0,0.0,0.0,0,0,50,0.0,0.0,2000,20261100
checkpoint_minus_baseline,generation,generation_sample,step-000000,vision,step-001500,vision,count,50,0.0,5.5,0.0,0.11,-0.11,0,11,39,-0.17,-0.06,2000,20261101
vision_minus_condition,generation,prediction_flip,step-000000,vision,step-000000,background_matched_aux,count,50,33.0,34.0,0.66,0.68,-0.02,11,12,27,-0.22,0.16,2000,20261102
vision_minus_condition,generation,prediction_flip,step-000000,vision,step-000000,blind,count,50,33.0,0.0,0.66,0.0,0.66,33,0,17,0.52,0.8,2000,20261103
vision_minus_condition,generation,prediction_flip,step-000000,vision,step-000000,paired_counterfactual_image,count,50,33.0,33.0,0.66,0.66,0.0,0,0,50,0.0,0.0,2000,20261104
vision_minus_condition,generation,prediction_flip,step-000000,vision,step-000000,shuffled_image,count,50,33.0,36.0,0.66,0.72,-0.06,10,13,27,-0.24,0.12,2000,20261105
checkpoint_minus_baseline,generation,prediction_flip,step-000000,vision,step-001500,vision,count,50,33.0,0.0,0.66,0.0,0.66,33,0,17,0.54,0.8,2000,20261106
vision_minus_condition,generation,generation_paired,step-000000,vision,step-000000,background_matched_aux,ocr,50,0.0,0.0,0.0,0.0,0.0,0,0,50,0.0,0.0,2000,20261107
vision_minus_condition,generation,generation_paired,step-000000,vision,step-000000,blind,ocr,50,0.0,0.0,0.0,0.0,0.0,0,0,50,0.0,0.0,2000,20261108
vision_minus_condition,generation,generation_paired,step-000000,vision,step-000000,paired_counterfactual_image,ocr,50,0.0,0.0,0.0,0.0,0.0,0,0,50,0.0,0.0,2000,20261109
vision_minus_condition,generation,generation_paired,step-000000,vision,step-000000,shuffled_image,ocr,50,0.0,0.0,0.0,0.0,0.0,0,0,50,0.0,0.0,2000,20261110
checkpoint_minus_baseline,generation,generation_paired,step-000000,vision,step-001500,vision,ocr,50,0.0,0.0,0.0,0.0,0.0,0,0,50,0.0,0.0,2000,20261111
vision_minus_condition,generation,generation_sample,step-000000,vision,step-000000,background_matched_aux,ocr,50,0.0,0.0,0.0,0.0,0.0,0,0,50,0.0,0.0,2000,20261112
vision_minus_condition,generation,generation_sample,step-000000,vision,step-000000,blind,ocr,50,0.0,0.0,0.0,0.0,0.0,0,0,50,0.0,0.0,2000,20261113
vision_minus_condition,generation,generation_sample,step-000000,vision,step-000000,paired_counterfactual_image,ocr,50,0.0,0.0,0.0,0.0,0.0,0,0,50,0.0,0.0,2000,20261114
vision_minus_condition,generation,generation_sample,step-000000,vision,step-000000,shuffled_image,ocr,50,0.0,0.0,0.0,0.0,0.0,0,0,50,0.0,0.0,2000,20261115
checkpoint_minus_baseline,generation,generation_sample,step-000000,vision,step-001500,vision,ocr,50,0.0,0.0,0.0,0.0,0.0,0,0,50,0.0,0.0,2000,20261116
vision_minus_condition,generation,prediction_flip,step-000000,vision,step-000000,background_matched_aux,ocr,50,35.0,37.0,0.7,0.74,-0.04,10,12,28,-0.22,0.14,2000,20261117
vision_minus_condition,generation,prediction_flip,step-000000,vision,step-000000,blind,ocr,50,35.0,0.0,0.7,0.0,0.7,35,0,15,0.58,0.82,2000,20261118
vision_minus_condition,generation,prediction_flip,step-000000,vision,step-000000,paired_counterfactual_image,ocr,50,35.0,35.0,0.7,0.7,0.0,0,0,50,0.0,0.0,2000,20261119
vision_minus_condition,generation,prediction_flip,step-000000,vision,step-000000,shuffled_image,ocr,50,35.0,37.0,0.7,0.74,-0.04,7,9,34,-0.2,0.12,2000,20261120
checkpoint_minus_baseline,generation,prediction_flip,step-000000,vision,step-001500,vision,ocr,50,35.0,25.0,0.7,0.5,0.2,15,5,30,0.04,0.36,2000,20261121
vision_minus_condition,generation,generation_paired,step-000000,vision,step-000000,background_matched_aux,shape,50,0.0,0.0,0.0,0.0,0.0,0,0,50,0.0,0.0,2000,20261122
vision_minus_condition,generation,generation_paired,step-000000,vision,step-000000,blind,shape,50,0.0,0.0,0.0,0.0,0.0,0,0,50,0.0,0.0,2000,20261123
vision_minus_condition,generation,generation_paired,step-000000,vision,step-000000,paired_counterfactual_image,shape,50,0.0,0.0,0.0,0.0,0.0,0,0,50,0.0,0.0,2000,20261124
vision_minus_condition,generation,generation_paired,step-000000,vision,step-000000,shuffled_image,shape,50,0.0,0.0,0.0,0.0,0.0,0,0,50,0.0,0.0,2000,20261125
checkpoint_minus_baseline,generation,generation_paired,step-000000,vision,step-001500,vision,shape,50,0.0,0.0,0.0,0.0,0.0,0,0,50,0.0,0.0,2000,20261126
vision_minus_condition,generation,generation_sample,step-000000,vision,step-000000,background_matched_aux,shape,50,0.0,0.0,0.0,0.0,0.0,0,0,50,0.0,0.0,2000,20261127
vision_minus_condition,generation,generation_sample,step-000000,vision,step-000000,blind,shape,50,0.0,0.0,0.0,0.0,0.0,0,0,50,0.0,0.0,2000,20261128
vision_minus_condition,generation,generation_sample,step-000000,vision,step-000000,paired_counterfactual_image,shape,50,0.0,0.0,0.0,0.0,0.0,0,0,50,0.0,0.0,2000,20261129
vision_minus_condition,generation,generation_sample,step-000000,vision,step-000000,shuffled_image,shape,50,0.0,0.0,0.0,0.0,0.0,0,0,50,0.0,0.0,2000,20261130
checkpoint_minus_baseline,generation,generation_sample,step-000000,vision,step-001500,vision,shape,50,0.0,13.0,0.0,0.26,-0.26,0,26,24,-0.33,-0.19,2000,20261131
vision_minus_condition,generation,prediction_flip,step-000000,vision,step-000000,background_matched_aux,shape,50,46.0,27.0,0.92,0.54,0.38,22,3,25,0.22,0.54,2000,20261132
vision_minus_condition,generation,prediction_flip,step-000000,vision,step-000000,blind,shape,50,46.0,0.0,0.92,0.0,0.92,46,0,4,0.84,0.98,2000,20261133
vision_minus_condition,generation,prediction_flip,step-000000,vision,step-000000,paired_counterfactual_image,shape,50,46.0,46.0,0.92,0.92,0.0,0,0,50,0.0,0.0,2000,20261134
vision_minus_condition,generation,prediction_flip,step-000000,vision,step-000000,shuffled_image,shape,50,46.0,45.0,0.92,0.9,0.02,5,4,41,-0.1,0.14,2000,20261135
checkpoint_minus_baseline,generation,prediction_flip,step-000000,vision,step-001500,vision,shape,50,46.0,0.0,0.92,0.0,0.92,46,0,4,0.84,0.98,2000,20261136
vision_minus_condition,generation,generation_paired,step-000000,vision,step-000000,background_matched_aux,spatial,50,0.0,0.0,0.0,0.0,0.0,0,0,50,0.0,0.0,2000,20261137
vision_minus_condition,generation,generation_paired,step-000000,vision,step-000000,blind,spatial,50,0.0,0.0,0.0,0.0,0.0,0,0,50,0.0,0.0,2000,20261138
vision_minus_condition,generation,generation_paired,step-000000,vision,step-000000,paired_counterfactual_image,spatial,50,0.0,0.0,0.0,0.0,0.0,0,0,50,0.0,0.0,2000,20261139
vision_minus_condition,generation,generation_paired,step-000000,vision,step-000000,shuffled_image,spatial,50,0.0,0.0,0.0,0.0,0.0,0,0,50,0.0,0.0,2000,20261140
checkpoint_minus_baseline,generation,generation_paired,step-000000,vision,step-001500,vision,spatial,50,0.0,0.0,0.0,0.0,0.0,0,0,50,0.0,0.0,2000,20261141
vision_minus_condition,generation,generation_sample,step-000000,vision,step-000000,background_matched_aux,spatial,50,0.0,0.0,0.0,0.0,0.0,0,0,50,0.0,0.0,2000,20261142
vision_minus_condition,generation,generation_sample,step-000000,vision,step-000000,blind,spatial,50,0.0,0.0,0.0,0.0,0.0,0,0,50,0.0,0.0,2000,20261143
vision_minus_condition,generation,generation_sample,step-000000,vision,step-000000,paired_counterfactual_image,spatial,50,0.0,0.0,0.0,0.0,0.0,0,0,50,0.0,0.0,2000,20261144
vision_minus_condition,generation,generation_sample,step-000000,vision,step-000000,shuffled_image,spatial,50,0.0,0.0,0.0,0.0,0.0,0,0,50,0.0,0.0,2000,20261145
checkpoint_minus_baseline,generation,generation_sample,step-000000,vision,step-001500,vision,spatial,50,0.0,11.0,0.0,0.22,-0.22,0,22,28,-0.29,-0.15,2000,20261146
vision_minus_condition,generation,prediction_flip,step-000000,vision,step-000000,background_matched_aux,spatial,50,0.0,0.0,0.0,0.0,0.0,0,0,50,0.0,0.0,2000,20261147
vision_minus_condition,generation,prediction_flip,step-000000,vision,step-000000,blind,spatial,50,0.0,0.0,0.0,0.0,0.0,0,0,50,0.0,0.0,2000,20261148
vision_minus_condition,generation,prediction_flip,step-000000,vision,step-000000,paired_counterfactual_image,spatial,50,0.0,0.0,0.0,0.0,0.0,0,0,50,0.0,0.0,2000,20261149
vision_minus_condition,generation,prediction_flip,step-000000,vision,step-000000,shuffled_image,spatial,50,0.0,0.0,0.0,0.0,0.0,0,0,50,0.0,0.0,2000,20261150
checkpoint_minus_baseline,generation,prediction_flip,step-000000,vision,step-001500,vision,spatial,50,0.0,11.0,0.0,0.22,-0.22,0,11,39,-0.34,-0.12,2000,20261151
vision_minus_condition,generation,generation_paired,step-001500,vision,step-001500,background_matched_aux,overall,300,0.0,0.0,0.0,0.0,0.0,0,0,300,0.0,0.0,2000,20261152
vision_minus_condition,generation,generation_paired,step-001500,vision,step-001500,blind,overall,300,0.0,0.0,0.0,0.0,0.0,0,0,300,0.0,0.0,2000,20261153
vision_minus_condition,generation,generation_paired,step-001500,vision,step-001500,paired_counterfactual_image,overall,300,0.0,0.0,0.0,0.0,0.0,0,0,300,0.0,0.0,2000,20261154
vision_minus_condition,generation,generation_paired,step-001500,vision,step-001500,shuffled_image,overall,300,0.0,0.0,0.0,0.0,0.0,0,0,300,0.0,0.0,2000,20261155
vision_minus_condition,generation,generation_sample,step-001500,vision,step-001500,background_matched_aux,overall,300,40.5,44.0,0.135,0.14666666666666667,-0.011666666666666667,12,19,269,-0.03,0.006666666666666667,2000,20261156
vision_minus_condition,generation,generation_sample,step-001500,vision,step-001500,blind,overall,300,40.5,0.0,0.135,0.0,0.135,81,0,219,0.11166666666666666,0.16,2000,20261157
vision_minus_condition,generation,generation_sample,step-001500,vision,step-001500,paired_counterfactual_image,overall,300,40.5,40.5,0.135,0.135,0.0,0,0,300,0.0,0.0,2000,20261158
vision_minus_condition,generation,generation_sample,step-001500,vision,step-001500,shuffled_image,overall,300,40.5,44.0,0.135,0.14666666666666667,-0.011666666666666667,8,15,277,-0.028333333333333332,0.0033333333333333335,2000,20261159
vision_minus_condition,generation,prediction_flip,step-001500,vision,step-001500,background_matched_aux,overall,300,82.0,51.0,0.2733333333333333,0.17,0.10333333333333333,53,22,225,0.05,0.15666666666666668,2000,20261160
vision_minus_condition,generation,prediction_flip,step-001500,vision,step-001500,blind,overall,300,82.0,0.0,0.2733333333333333,0.0,0.2733333333333333,82,0,218,0.22333333333333333,0.32666666666666666,2000,20261161
vision_minus_condition,generation,prediction_flip,step-001500,vision,step-001500,paired_counterfactual_image,overall,300,82.0,82.0,0.2733333333333333,0.2733333333333333,0.0,0,0,300,0.0,0.0,2000,20261162
vision_minus_condition,generation,prediction_flip,step-001500,vision,step-001500,shuffled_image,overall,300,82.0,57.0,0.2733333333333333,0.19,0.08333333333333333,54,29,217,0.023333333333333334,0.14,2000,20261163
vision_minus_condition,generation,generation_paired,step-001500,vision,step-001500,background_matched_aux,color,50,0.0,0.0,0.0,0.0,0.0,0,0,50,0.0,0.0,2000,20261164
vision_minus_condition,generation,generation_paired,step-001500,vision,step-001500,blind,color,50,0.0,0.0,0.0,0.0,0.0,0,0,50,0.0,0.0,2000,20261165
vision_minus_condition,generation,generation_paired,step-001500,vision,step-001500,paired_counterfactual_image,color,50,0.0,0.0,0.0,0.0,0.0,0,0,50,0.0,0.0,2000,20261166
vision_minus_condition,generation,generation_paired,step-001500,vision,step-001500,shuffled_image,color,50,0.0,0.0,0.0,0.0,0.0,0,0,50,0.0,0.0,2000,20261167
vision_minus_condition,generation,generation_sample,step-001500,vision,step-001500,background_matched_aux,color,50,11.0,9.0,0.22,0.18,0.04,12,8,30,-0.05,0.13,2000,20261168
vision_minus_condition,generation,generation_sample,step-001500,vision,step-001500,blind,color,50,11.0,0.0,0.22,0.0,0.22,22,0,28,0.15,0.29,2000,20261169
vision_minus_condition,generation,generation_sample,step-001500,vision,step-001500,paired_counterfactual_image,color,50,11.0,11.0,0.22,0.22,0.0,0,0,50,0.0,0.0,2000,20261170
vision_minus_condition,generation,generation_sample,step-001500,vision,step-001500,shuffled_image,color,50,11.0,9.0,0.22,0.18,0.04,8,4,38,-0.03,0.11,2000,20261171
vision_minus_condition,generation,prediction_flip,step-001500,vision,step-001500,background_matched_aux,color,50,20.0,3.0,0.4,0.06,0.34,20,3,27,0.18,0.5,2000,20261172
vision_minus_condition,generation,prediction_flip,step-001500,vision,step-001500,blind,color,50,20.0,0.0,0.4,0.0,0.4,20,0,30,0.28,0.54,2000,20261173
vision_minus_condition,generation,prediction_flip,step-001500,vision,step-001500,paired_counterfactual_image,color,50,20.0,20.0,0.4,0.4,0.0,0,0,50,0.0,0.0,2000,20261174
vision_minus_condition,generation,prediction_flip,step-001500,vision,step-001500,shuffled_image,color,50,20.0,17.0,0.4,0.34,0.06,13,10,27,-0.12,0.24,2000,20261175
vision_minus_condition,generation,generation_paired,step-001500,vision,step-001500,background_matched_aux,coordinate,50,0.0,0.0,0.0,0.0,0.0,0,0,50,0.0,0.0,2000,20261176
vision_minus_condition,generation,generation_paired,step-001500,vision,step-001500,blind,coordinate,50,0.0,0.0,0.0,0.0,0.0,0,0,50,0.0,0.0,2000,20261177
vision_minus_condition,generation,generation_paired,step-001500,vision,step-001500,paired_counterfactual_image,coordinate,50,0.0,0.0,0.0,0.0,0.0,0,0,50,0.0,0.0,2000,20261178
vision_minus_condition,generation,generation_paired,step-001500,vision,step-001500,shuffled_image,coordinate,50,0.0,0.0,0.0,0.0,0.0,0,0,50,0.0,0.0,2000,20261179
vision_minus_condition,generation,generation_sample,step-001500,vision,step-001500,background_matched_aux,coordinate,50,0.0,0.0,0.0,0.0,0.0,0,0,50,0.0,0.0,2000,20261180
vision_minus_condition,generation,generation_sample,step-001500,vision,step-001500,blind,coordinate,50,0.0,0.0,0.0,0.0,0.0,0,0,50,0.0,0.0,2000,20261181
vision_minus_condition,generation,generation_sample,step-001500,vision,step-001500,paired_counterfactual_image,coordinate,50,0.0,0.0,0.0,0.0,0.0,0,0,50,0.0,0.0,2000,20261182
vision_minus_condition,generation,generation_sample,step-001500,vision,step-001500,shuffled_image,coordinate,50,0.0,0.0,0.0,0.0,0.0,0,0,50,0.0,0.0,2000,20261183
vision_minus_condition,generation,prediction_flip,step-001500,vision,step-001500,background_matched_aux,coordinate,50,26.0,28.0,0.52,0.56,-0.04,11,13,26,-0.24,0.16,2000,20261184
vision_minus_condition,generation,prediction_flip,step-001500,vision,step-001500,blind,coordinate,50,26.0,0.0,0.52,0.0,0.52,26,0,24,0.38,0.66,2000,20261185
vision_minus_condition,generation,prediction_flip,step-001500,vision,step-001500,paired_counterfactual_image,coordinate,50,26.0,26.0,0.52,0.52,0.0,0,0,50,0.0,0.0,2000,20261186
vision_minus_condition,generation,prediction_flip,step-001500,vision,step-001500,shuffled_image,coordinate,50,26.0,21.0,0.52,0.42,0.1,14,9,27,-0.08,0.28,2000,20261187
vision_minus_condition,generation,generation_paired,step-001500,vision,step-001500,background_matched_aux,count,50,0.0,0.0,0.0,0.0,0.0,0,0,50,0.0,0.0,2000,20261188
vision_minus_condition,generation,generation_paired,step-001500,vision,step-001500,blind,count,50,0.0,0.0,0.0,0.0,0.0,0,0,50,0.0,0.0,2000,20261189
vision_minus_condition,generation,generation_paired,step-001500,vision,step-001500,paired_counterfactual_image,count,50,0.0,0.0,0.0,0.0,0.0,0,0,50,0.0,0.0,2000,20261190
vision_minus_condition,generation,generation_paired,step-001500,vision,step-001500,shuffled_image,count,50,0.0,0.0,0.0,0.0,0.0,0,0,50,0.0,0.0,2000,20261191
vision_minus_condition,generation,generation_sample,step-001500,vision,step-001500,background_matched_aux,count,50,5.5,5.5,0.11,0.11,0.0,0,0,50,0.0,0.0,2000,20261192
vision_minus_condition,generation,generation_sample,step-001500,vision,step-001500,blind,count,50,5.5,0.0,0.11,0.0,0.11,11,0,39,0.06,0.17,2000,20261193
vision_minus_condition,generation,generation_sample,step-001500,vision,step-001500,paired_counterfactual_image,count,50,5.5,5.5,0.11,0.11,0.0,0,0,50,0.0,0.0,2000,20261194
vision_minus_condition,generation,generation_sample,step-001500,vision,step-001500,shuffled_image,count,50,5.5,5.5,0.11,0.11,0.0,0,0,50,0.0,0.0,2000,20261195
vision_minus_condition,generation,prediction_flip,step-001500,vision,step-001500,background_matched_aux,count,50,0.0,0.0,0.0,0.0,0.0,0,0,50,0.0,0.0,2000,20261196
vision_minus_condition,generation,prediction_flip,step-001500,vision,step-001500,blind,count,50,0.0,0.0,0.0,0.0,0.0,0,0,50,0.0,0.0,2000,20261197
vision_minus_condition,generation,prediction_flip,step-001500,vision,step-001500,paired_counterfactual_image,count,50,0.0,0.0,0.0,0.0,0.0,0,0,50,0.0,0.0,2000,20261198
vision_minus_condition,generation,prediction_flip,step-001500,vision,step-001500,shuffled_image,count,50,0.0,0.0,0.0,0.0,0.0,0,0,50,0.0,0.0,2000,20261199
vision_minus_condition,generation,generation_paired,step-001500,vision,step-001500,background_matched_aux,ocr,50,0.0,0.0,0.0,0.0,0.0,0,0,50,0.0,0.0,2000,20261200
vision_minus_condition,generation,generation_paired,step-001500,vision,step-001500,blind,ocr,50,0.0,0.0,0.0,0.0,0.0,0,0,50,0.0,0.0,2000,20261201
vision_minus_condition,generation,generation_paired,step-001500,vision,step-001500,paired_counterfactual_image,ocr,50,0.0,0.0,0.0,0.0,0.0,0,0,50,0.0,0.0,2000,20261202
vision_minus_condition,generation,generation_paired,step-001500,vision,step-001500,shuffled_image,ocr,50,0.0,0.0,0.0,0.0,0.0,0,0,50,0.0,0.0,2000,20261203
vision_minus_condition,generation,generation_sample,step-001500,vision,step-001500,background_matched_aux,ocr,50,0.0,0.0,0.0,0.0,0.0,0,0,50,0.0,0.0,2000,20261204
vision_minus_condition,generation,generation_sample,step-001500,vision,step-001500,blind,ocr,50,0.0,0.0,0.0,0.0,0.0,0,0,50,0.0,0.0,2000,20261205
vision_minus_condition,generation,generation_sample,step-001500,vision,step-001500,paired_counterfactual_image,ocr,50,0.0,0.0,0.0,0.0,0.0,0,0,50,0.0,0.0,2000,20261206
vision_minus_condition,generation,generation_sample,step-001500,vision,step-001500,shuffled_image,ocr,50,0.0,0.0,0.0,0.0,0.0,0,0,50,0.0,0.0,2000,20261207
vision_minus_condition,generation,prediction_flip,step-001500,vision,step-001500,background_matched_aux,ocr,50,25.0,20.0,0.5,0.4,0.1,11,6,33,-0.06,0.26,2000,20261208
vision_minus_condition,generation,prediction_flip,step-001500,vision,step-001500,blind,ocr,50,25.0,0.0,0.5,0.0,0.5,25,0,25,0.36,0.64,2000,20261209
vision_minus_condition,generation,prediction_flip,step-001500,vision,step-001500,paired_counterfactual_image,ocr,50,25.0,25.0,0.5,0.5,0.0,0,0,50,0.0,0.0,2000,20261210
vision_minus_condition,generation,prediction_flip,step-001500,vision,step-001500,shuffled_image,ocr,50,25.0,19.0,0.5,0.38,0.12,16,10,24,-0.08,0.3,2000,20261211
vision_minus_condition,generation,generation_paired,step-001500,vision,step-001500,background_matched_aux,shape,50,0.0,0.0,0.0,0.0,0.0,0,0,50,0.0,0.0,2000,20261212
vision_minus_condition,generation,generation_paired,step-001500,vision,step-001500,blind,shape,50,0.0,0.0,0.0,0.0,0.0,0,0,50,0.0,0.0,2000,20261213
vision_minus_condition,generation,generation_paired,step-001500,vision,step-001500,paired_counterfactual_image,shape,50,0.0,0.0,0.0,0.0,0.0,0,0,50,0.0,0.0,2000,20261214
vision_minus_condition,generation,generation_paired,step-001500,vision,step-001500,shuffled_image,shape,50,0.0,0.0,0.0,0.0,0.0,0,0,50,0.0,0.0,2000,20261215
vision_minus_condition,generation,generation_sample,step-001500,vision,step-001500,background_matched_aux,shape,50,13.0,13.0,0.26,0.26,0.0,0,0,50,0.0,0.0,2000,20261216
vision_minus_condition,generation,generation_sample,step-001500,vision,step-001500,blind,shape,50,13.0,0.0,0.26,0.0,0.26,26,0,24,0.19,0.33,2000,20261217
vision_minus_condition,generation,generation_sample,step-001500,vision,step-001500,paired_counterfactual_image,shape,50,13.0,13.0,0.26,0.26,0.0,0,0,50,0.0,0.0,2000,20261218
vision_minus_condition,generation,generation_sample,step-001500,vision,step-001500,shuffled_image,shape,50,13.0,13.0,0.26,0.26,0.0,0,0,50,0.0,0.0,2000,20261219
vision_minus_condition,generation,prediction_flip,step-001500,vision,step-001500,background_matched_aux,shape,50,0.0,0.0,0.0,0.0,0.0,0,0,50,0.0,0.0,2000,20261220
vision_minus_condition,generation,prediction_flip,step-001500,vision,step-001500,blind,shape,50,0.0,0.0,0.0,0.0,0.0,0,0,50,0.0,0.0,2000,20261221
vision_minus_condition,generation,prediction_flip,step-001500,vision,step-001500,paired_counterfactual_image,shape,50,0.0,0.0,0.0,0.0,0.0,0,0,50,0.0,0.0,2000,20261222
vision_minus_condition,generation,prediction_flip,step-001500,vision,step-001500,shuffled_image,shape,50,0.0,0.0,0.0,0.0,0.0,0,0,50,0.0,0.0,2000,20261223
vision_minus_condition,generation,generation_paired,step-001500,vision,step-001500,background_matched_aux,spatial,50,0.0,0.0,0.0,0.0,0.0,0,0,50,0.0,0.0,2000,20261224
vision_minus_condition,generation,generation_paired,step-001500,vision,step-001500,blind,spatial,50,0.0,0.0,0.0,0.0,0.0,0,0,50,0.0,0.0,2000,20261225
vision_minus_condition,generation,generation_paired,step-001500,vision,step-001500,paired_counterfactual_image,spatial,50,0.0,0.0,0.0,0.0,0.0,0,0,50,0.0,0.0,2000,20261226
vision_minus_condition,generation,generation_paired,step-001500,vision,step-001500,shuffled_image,spatial,50,0.0,0.0,0.0,0.0,0.0,0,0,50,0.0,0.0,2000,20261227
vision_minus_condition,generation,generation_sample,step-001500,vision,step-001500,background_matched_aux,spatial,50,11.0,16.5,0.22,0.33,-0.11,0,11,39,-0.17,-0.06,2000,20261228
vision_minus_condition,generation,generation_sample,step-001500,vision,step-001500,blind,spatial,50,11.0,0.0,0.22,0.0,0.22,22,0,28,0.15,0.29,2000,20261229
vision_minus_condition,generation,generation_sample,step-001500,vision,step-001500,paired_counterfactual_image,spatial,50,11.0,11.0,0.22,0.22,0.0,0,0,50,0.0,0.0,2000,20261230
vision_minus_condition,generation,generation_sample,step-001500,vision,step-001500,shuffled_image,spatial,50,11.0,16.5,0.22,0.33,-0.11,0,11,39,-0.17,-0.05,2000,20261231
vision_minus_condition,generation,prediction_flip,step-001500,vision,step-001500,background_matched_aux,spatial,50,11.0,0.0,0.22,0.0,0.22,11,0,39,0.12,0.34,2000,20261232
vision_minus_condition,generation,prediction_flip,step-001500,vision,step-001500,blind,spatial,50,11.0,0.0,0.22,0.0,0.22,11,0,39,0.1,0.34,2000,20261233
vision_minus_condition,generation,prediction_flip,step-001500,vision,step-001500,paired_counterfactual_image,spatial,50,11.0,11.0,0.22,0.22,0.0,0,0,50,0.0,0.0,2000,20261234
vision_minus_condition,generation,prediction_flip,step-001500,vision,step-001500,shuffled_image,spatial,50,11.0,0.0,0.22,0.0,0.22,11,0,39,0.12,0.34,2000,20261235
vision_minus_condition,generation,generation_paired,shape-projector-step50,vision,shape-projector-step50,background_matched_aux,overall,300,50.0,45.0,0.16666666666666666,0.15,0.016666666666666666,5,0,295,0.0033333333333333335,0.03333333333333333,2000,20261236
vision_minus_condition,generation,generation_paired,shape-projector-step50,vision,shape-projector-step50,blind,overall,300,50.0,0.0,0.16666666666666666,0.0,0.16666666666666666,50,0,250,0.12666666666666668,0.21,2000,20261237
vision_minus_condition,generation,generation_paired,shape-projector-step50,vision,shape-projector-step50,paired_counterfactual_image,overall,300,50.0,50.0,0.16666666666666666,0.16666666666666666,0.0,0,0,300,0.0,0.0,2000,20261238
vision_minus_condition,generation,generation_paired,shape-projector-step50,vision,shape-projector-step50,shuffled_image,overall,300,50.0,1.0,0.16666666666666666,0.0033333333333333335,0.16333333333333333,49,0,251,0.12333333333333334,0.20666666666666667,2000,20261239
checkpoint_minus_baseline,generation,generation_paired,shape-projector-step50,vision,step-001500,vision,overall,300,50.0,0.0,0.16666666666666666,0.0,0.16666666666666666,50,0,250,0.12666666666666668,0.21,2000,20261240
vision_minus_condition,generation,generation_sample,shape-projector-step50,vision,shape-projector-step50,background_matched_aux,overall,300,80.5,78.0,0.2683333333333333,0.26,0.008333333333333333,5,0,295,0.0016666666666666668,0.016666666666666666,2000,20261241
vision_minus_condition,generation,generation_sample,shape-projector-step50,vision,shape-projector-step50,blind,overall,300,80.5,0.0,0.2683333333333333,0.0,0.2683333333333333,111,0,189,0.225,0.31333333333333335,2000,20261242
vision_minus_condition,generation,generation_sample,shape-projector-step50,vision,shape-projector-step50,paired_counterfactual_image,overall,300,80.5,80.5,0.2683333333333333,0.2683333333333333,0.0,0,0,300,0.0,0.0,2000,20261243
vision_minus_condition,generation,generation_sample,shape-projector-step50,vision,shape-projector-step50,shuffled_image,overall,300,80.5,36.5,0.2683333333333333,0.12166666666666667,0.14666666666666667,55,0,245,0.10833333333333334,0.185,2000,20261244
checkpoint_minus_baseline,generation,generation_sample,shape-projector-step50,vision,step-001500,vision,overall,300,80.5,40.5,0.2683333333333333,0.135,0.13333333333333333,74,18,208,0.095,0.17333333333333334,2000,20261245
vision_minus_condition,generation,prediction_flip,shape-projector-step50,vision,shape-projector-step50,background_matched_aux,overall,300,79.0,60.0,0.2633333333333333,0.2,0.06333333333333334,27,8,265,0.023333333333333334,0.1,2000,20261246
vision_minus_condition,generation,prediction_flip,shape-projector-step50,vision,shape-projector-step50,blind,overall,300,79.0,0.0,0.2633333333333333,0.0,0.2633333333333333,79,0,221,0.21333333333333335,0.31333333333333335,2000,20261247
vision_minus_condition,generation,prediction_flip,shape-projector-step50,vision,shape-projector-step50,paired_counterfactual_image,overall,300,79.0,79.0,0.2633333333333333,0.2633333333333333,0.0,0,0,300,0.0,0.0,2000,20261248
vision_minus_condition,generation,prediction_flip,shape-projector-step50,vision,shape-projector-step50,shuffled_image,overall,300,79.0,46.0,0.2633333333333333,0.15333333333333332,0.11,39,6,255,0.07,0.15,2000,20261249
checkpoint_minus_baseline,generation,prediction_flip,shape-projector-step50,vision,step-001500,vision,overall,300,79.0,82.0,0.2633333333333333,0.2733333333333333,-0.01,79,82,139,-0.09666666666666666,0.07666666666666666,2000,20261250
vision_minus_condition,generation,generation_paired,shape-projector-step50,vision,shape-projector-step50,background_matched_aux,color,50,0.0,0.0,0.0,0.0,0.0,0,0,50,0.0,0.0,2000,20261251
vision_minus_condition,generation,generation_paired,shape-projector-step50,vision,shape-projector-step50,blind,color,50,0.0,0.0,0.0,0.0,0.0,0,0,50,0.0,0.0,2000,20261252
vision_minus_condition,generation,generation_paired,shape-projector-step50,vision,shape-projector-step50,paired_counterfactual_image,color,50,0.0,0.0,0.0,0.0,0.0,0,0,50,0.0,0.0,2000,20261253
vision_minus_condition,generation,generation_paired,shape-projector-step50,vision,shape-projector-step50,shuffled_image,color,50,0.0,0.0,0.0,0.0,0.0,0,0,50,0.0,0.0,2000,20261254
checkpoint_minus_baseline,generation,generation_paired,shape-projector-step50,vision,step-001500,vision,color,50,0.0,0.0,0.0,0.0,0.0,0,0,50,0.0,0.0,2000,20261255
vision_minus_condition,generation,generation_sample,shape-projector-step50,vision,shape-projector-step50,background_matched_aux,color,50,8.5,8.5,0.17,0.17,0.0,0,0,50,0.0,0.0,2000,20261256
vision_minus_condition,generation,generation_sample,shape-projector-step50,vision,shape-projector-step50,blind,color,50,8.5,0.0,0.17,0.0,0.17,17,0,33,0.1,0.24,2000,20261257
vision_minus_condition,generation,generation_sample,shape-projector-step50,vision,shape-projector-step50,paired_counterfactual_image,color,50,8.5,8.5,0.17,0.17,0.0,0,0,50,0.0,0.0,2000,20261258
vision_minus_condition,generation,generation_sample,shape-projector-step50,vision,shape-projector-step50,shuffled_image,color,50,8.5,8.5,0.17,0.17,0.0,0,0,50,0.0,0.0,2000,20261259
checkpoint_minus_baseline,generation,generation_sample,shape-projector-step50,vision,step-001500,vision,color,50,8.5,11.0,0.17,0.22,-0.05,13,18,19,-0.16,0.05,2000,20261260
vision_minus_condition,generation,prediction_flip,shape-projector-step50,vision,shape-projector-step50,background_matched_aux,color,50,0.0,0.0,0.0,0.0,0.0,0,0,50,0.0,0.0,2000,20261261
vision_minus_condition,generation,prediction_flip,shape-projector-step50,vision,shape-projector-step50,blind,color,50,0.0,0.0,0.0,0.0,0.0,0,0,50,0.0,0.0,2000,20261262
vision_minus_condition,generation,prediction_flip,shape-projector-step50,vision,shape-projector-step50,paired_counterfactual_image,color,50,0.0,0.0,0.0,0.0,0.0,0,0,50,0.0,0.0,2000,20261263
vision_minus_condition,generation,prediction_flip,shape-projector-step50,vision,shape-projector-step50,shuffled_image,color,50,0.0,0.0,0.0,0.0,0.0,0,0,50,0.0,0.0,2000,20261264
checkpoint_minus_baseline,generation,prediction_flip,shape-projector-step50,vision,step-001500,vision,color,50,0.0,20.0,0.0,0.4,-0.4,0,20,30,-0.54,-0.26,2000,20261265
vision_minus_condition,generation,generation_paired,shape-projector-step50,vision,shape-projector-step50,background_matched_aux,coordinate,50,0.0,0.0,0.0,0.0,0.0,0,0,50,0.0,0.0,2000,20261266
vision_minus_condition,generation,generation_paired,shape-projector-step50,vision,shape-projector-step50,blind,coordinate,50,0.0,0.0,0.0,0.0,0.0,0,0,50,0.0,0.0,2000,20261267
vision_minus_condition,generation,generation_paired,shape-projector-step50,vision,shape-projector-step50,paired_counterfactual_image,coordinate,50,0.0,0.0,0.0,0.0,0.0,0,0,50,0.0,0.0,2000,20261268
vision_minus_condition,generation,generation_paired,shape-projector-step50,vision,shape-projector-step50,shuffled_image,coordinate,50,0.0,0.0,0.0,0.0,0.0,0,0,50,0.0,0.0,2000,20261269
checkpoint_minus_baseline,generation,generation_paired,shape-projector-step50,vision,step-001500,vision,coordinate,50,0.0,0.0,0.0,0.0,0.0,0,0,50,0.0,0.0,2000,20261270
vision_minus_condition,generation,generation_sample,shape-projector-step50,vision,shape-projector-step50,background_matched_aux,coordinate,50,0.0,0.0,0.0,0.0,0.0,0,0,50,0.0,0.0,2000,20261271
vision_minus_condition,generation,generation_sample,shape-projector-step50,vision,shape-projector-step50,blind,coordinate,50,0.0,0.0,0.0,0.0,0.0,0,0,50,0.0,0.0,2000,20261272
vision_minus_condition,generation,generation_sample,shape-projector-step50,vision,shape-projector-step50,paired_counterfactual_image,coordinate,50,0.0,0.0,0.0,0.0,0.0,0,0,50,0.0,0.0,2000,20261273
vision_minus_condition,generation,generation_sample,shape-projector-step50,vision,shape-projector-step50,shuffled_image,coordinate,50,0.0,0.0,0.0,0.0,0.0,0,0,50,0.0,0.0,2000,20261274
checkpoint_minus_baseline,generation,generation_sample,shape-projector-step50,vision,step-001500,vision,coordinate,50,0.0,0.0,0.0,0.0,0.0,0,0,50,0.0,0.0,2000,20261275
vision_minus_condition,generation,prediction_flip,shape-projector-step50,vision,shape-projector-step50,background_matched_aux,coordinate,50,0.0,0.0,0.0,0.0,0.0,0,0,50,0.0,0.0,2000,20261276
vision_minus_condition,generation,prediction_flip,shape-projector-step50,vision,shape-projector-step50,blind,coordinate,50,0.0,0.0,0.0,0.0,0.0,0,0,50,0.0,0.0,2000,20261277
vision_minus_condition,generation,prediction_flip,shape-projector-step50,vision,shape-projector-step50,paired_counterfactual_image,coordinate,50,0.0,0.0,0.0,0.0,0.0,0,0,50,0.0,0.0,2000,20261278
vision_minus_condition,generation,prediction_flip,shape-projector-step50,vision,shape-projector-step50,shuffled_image,coordinate,50,0.0,0.0,0.0,0.0,0.0,0,0,50,0.0,0.0,2000,20261279
checkpoint_minus_baseline,generation,prediction_flip,shape-projector-step50,vision,step-001500,vision,coordinate,50,0.0,26.0,0.0,0.52,-0.52,0,26,24,-0.66,-0.38,2000,20261280
vision_minus_condition,generation,generation_paired,shape-projector-step50,vision,shape-projector-step50,background_matched_aux,count,50,0.0,0.0,0.0,0.0,0.0,0,0,50,0.0,0.0,2000,20261281
vision_minus_condition,generation,generation_paired,shape-projector-step50,vision,shape-projector-step50,blind,count,50,0.0,0.0,0.0,0.0,0.0,0,0,50,0.0,0.0,2000,20261282
vision_minus_condition,generation,generation_paired,shape-projector-step50,vision,shape-projector-step50,paired_counterfactual_image,count,50,0.0,0.0,0.0,0.0,0.0,0,0,50,0.0,0.0,2000,20261283
vision_minus_condition,generation,generation_paired,shape-projector-step50,vision,shape-projector-step50,shuffled_image,count,50,0.0,0.0,0.0,0.0,0.0,0,0,50,0.0,0.0,2000,20261284
checkpoint_minus_baseline,generation,generation_paired,shape-projector-step50,vision,step-001500,vision,count,50,0.0,0.0,0.0,0.0,0.0,0,0,50,0.0,0.0,2000,20261285
vision_minus_condition,generation,generation_sample,shape-projector-step50,vision,shape-projector-step50,background_matched_aux,count,50,5.5,5.5,0.11,0.11,0.0,0,0,50,0.0,0.0,2000,20261286
vision_minus_condition,generation,generation_sample,shape-projector-step50,vision,shape-projector-step50,blind,count,50,5.5,0.0,0.11,0.0,0.11,11,0,39,0.06,0.17,2000,20261287
vision_minus_condition,generation,generation_sample,shape-projector-step50,vision,shape-projector-step50,paired_counterfactual_image,count,50,5.5,5.5,0.11,0.11,0.0,0,0,50,0.0,0.0,2000,20261288
vision_minus_condition,generation,generation_sample,shape-projector-step50,vision,shape-projector-step50,shuffled_image,count,50,5.5,2.5,0.11,0.05,0.06,6,0,44,0.02,0.11,2000,20261289
checkpoint_minus_baseline,generation,generation_sample,shape-projector-step50,vision,step-001500,vision,count,50,5.5,5.5,0.11,0.11,0.0,0,0,50,0.0,0.0,2000,20261290
vision_minus_condition,generation,prediction_flip,shape-projector-step50,vision,shape-projector-step50,background_matched_aux,count,50,8.0,12.0,0.16,0.24,-0.08,4,8,38,-0.22,0.06,2000,20261291
vision_minus_condition,generation,prediction_flip,shape-projector-step50,vision,shape-projector-step50,blind,count,50,8.0,0.0,0.16,0.0,0.16,8,0,42,0.06,0.26,2000,20261292
vision_minus_condition,generation,prediction_flip,shape-projector-step50,vision,shape-projector-step50,paired_counterfactual_image,count,50,8.0,8.0,0.16,0.16,0.0,0,0,50,0.0,0.0,2000,20261293
vision_minus_condition,generation,prediction_flip,shape-projector-step50,vision,shape-projector-step50,shuffled_image,count,50,8.0,7.0,0.16,0.14,0.02,6,5,39,-0.1,0.14,2000,20261294
checkpoint_minus_baseline,generation,prediction_flip,shape-projector-step50,vision,step-001500,vision,count,50,8.0,0.0,0.16,0.0,0.16,8,0,42,0.06,0.26,2000,20261295
vision_minus_condition,generation,generation_paired,shape-projector-step50,vision,shape-projector-step50,background_matched_aux,ocr,50,0.0,0.0,0.0,0.0,0.0,0,0,50,0.0,0.0,2000,20261296
vision_minus_condition,generation,generation_paired,shape-projector-step50,vision,shape-projector-step50,blind,ocr,50,0.0,0.0,0.0,0.0,0.0,0,0,50,0.0,0.0,2000,20261297
vision_minus_condition,generation,generation_paired,shape-projector-step50,vision,shape-projector-step50,paired_counterfactual_image,ocr,50,0.0,0.0,0.0,0.0,0.0,0,0,50,0.0,0.0,2000,20261298
vision_minus_condition,generation,generation_paired,shape-projector-step50,vision,shape-projector-step50,shuffled_image,ocr,50,0.0,0.0,0.0,0.0,0.0,0,0,50,0.0,0.0,2000,20261299
checkpoint_minus_baseline,generation,generation_paired,shape-projector-step50,vision,step-001500,vision,ocr,50,0.0,0.0,0.0,0.0,0.0,0,0,50,0.0,0.0,2000,20261300
vision_minus_condition,generation,generation_sample,shape-projector-step50,vision,shape-projector-step50,background_matched_aux,ocr,50,0.0,0.0,0.0,0.0,0.0,0,0,50,0.0,0.0,2000,20261301
vision_minus_condition,generation,generation_sample,shape-projector-step50,vision,shape-projector-step50,blind,ocr,50,0.0,0.0,0.0,0.0,0.0,0,0,50,0.0,0.0,2000,20261302
vision_minus_condition,generation,generation_sample,shape-projector-step50,vision,shape-projector-step50,paired_counterfactual_image,ocr,50,0.0,0.0,0.0,0.0,0.0,0,0,50,0.0,0.0,2000,20261303
vision_minus_condition,generation,generation_sample,shape-projector-step50,vision,shape-projector-step50,shuffled_image,ocr,50,0.0,0.0,0.0,0.0,0.0,0,0,50,0.0,0.0,2000,20261304
checkpoint_minus_baseline,generation,generation_sample,shape-projector-step50,vision,step-001500,vision,ocr,50,0.0,0.0,0.0,0.0,0.0,0,0,50,0.0,0.0,2000,20261305
vision_minus_condition,generation,prediction_flip,shape-projector-step50,vision,shape-projector-step50,background_matched_aux,ocr,50,4.0,0.0,0.08,0.0,0.08,4,0,46,0.02,0.16,2000,20261306
vision_minus_condition,generation,prediction_flip,shape-projector-step50,vision,shape-projector-step50,blind,ocr,50,4.0,0.0,0.08,0.0,0.08,4,0,46,0.02,0.16,2000,20261307
vision_minus_condition,generation,prediction_flip,shape-projector-step50,vision,shape-projector-step50,paired_counterfactual_image,ocr,50,4.0,4.0,0.08,0.08,0.0,0,0,50,0.0,0.0,2000,20261308
vision_minus_condition,generation,prediction_flip,shape-projector-step50,vision,shape-projector-step50,shuffled_image,ocr,50,4.0,1.0,0.08,0.02,0.06,4,1,45,-0.02,0.14,2000,20261309
checkpoint_minus_baseline,generation,prediction_flip,shape-projector-step50,vision,step-001500,vision,ocr,50,4.0,25.0,0.08,0.5,-0.42,4,25,21,-0.58,-0.24,2000,20261310
vision_minus_condition,generation,generation_paired,shape-projector-step50,vision,shape-projector-step50,background_matched_aux,shape,50,50.0,45.0,1.0,0.9,0.1,5,0,45,0.02,0.18,2000,20261311
vision_minus_condition,generation,generation_paired,shape-projector-step50,vision,shape-projector-step50,blind,shape,50,50.0,0.0,1.0,0.0,1.0,50,0,0,1.0,1.0,2000,20261312
vision_minus_condition,generation,generation_paired,shape-projector-step50,vision,shape-projector-step50,paired_counterfactual_image,shape,50,50.0,50.0,1.0,1.0,0.0,0,0,50,0.0,0.0,2000,20261313
vision_minus_condition,generation,generation_paired,shape-projector-step50,vision,shape-projector-step50,shuffled_image,shape,50,50.0,1.0,1.0,0.02,0.98,49,0,1,0.94,1.0,2000,20261314
checkpoint_minus_baseline,generation,generation_paired,shape-projector-step50,vision,step-001500,vision,shape,50,50.0,0.0,1.0,0.0,1.0,50,0,0,1.0,1.0,2000,20261315
vision_minus_condition,generation,generation_sample,shape-projector-step50,vision,shape-projector-step50,background_matched_aux,shape,50,50.0,47.5,1.0,0.95,0.05,5,0,45,0.01,0.1,2000,20261316
vision_minus_condition,generation,generation_sample,shape-projector-step50,vision,shape-projector-step50,blind,shape,50,50.0,0.0,1.0,0.0,1.0,50,0,0,1.0,1.0,2000,20261317
vision_minus_condition,generation,generation_sample,shape-projector-step50,vision,shape-projector-step50,paired_counterfactual_image,shape,50,50.0,50.0,1.0,1.0,0.0,0,0,50,0.0,0.0,2000,20261318
vision_minus_condition,generation,generation_sample,shape-projector-step50,vision,shape-projector-step50,shuffled_image,shape,50,50.0,9.0,1.0,0.18,0.82,49,0,1,0.75,0.89,2000,20261319
checkpoint_minus_baseline,generation,generation_sample,shape-projector-step50,vision,step-001500,vision,shape,50,50.0,13.0,1.0,0.26,0.74,50,0,0,0.67,0.81,2000,20261320
vision_minus_condition,generation,prediction_flip,shape-projector-step50,vision,shape-projector-step50,background_matched_aux,shape,50,50.0,48.0,1.0,0.96,0.04,2,0,48,0.0,0.1,2000,20261321
vision_minus_condition,generation,prediction_flip,shape-projector-step50,vision,shape-projector-step50,blind,shape,50,50.0,0.0,1.0,0.0,1.0,50,0,0,1.0,1.0,2000,20261322
vision_minus_condition,generation,prediction_flip,shape-projector-step50,vision,shape-projector-step50,paired_counterfactual_image,shape,50,50.0,50.0,1.0,1.0,0.0,0,0,50,0.0,0.0,2000,20261323
vision_minus_condition,generation,prediction_flip,shape-projector-step50,vision,shape-projector-step50,shuffled_image,shape,50,50.0,38.0,1.0,0.76,0.24,12,0,38,0.12,0.36,2000,20261324
checkpoint_minus_baseline,generation,prediction_flip,shape-projector-step50,vision,step-001500,vision,shape,50,50.0,0.0,1.0,0.0,1.0,50,0,0,1.0,1.0,2000,20261325
vision_minus_condition,generation,generation_paired,shape-projector-step50,vision,shape-projector-step50,background_matched_aux,spatial,50,0.0,0.0,0.0,0.0,0.0,0,0,50,0.0,0.0,2000,20261326
vision_minus_condition,generation,generation_paired,shape-projector-step50,vision,shape-projector-step50,blind,spatial,50,0.0,0.0,0.0,0.0,0.0,0,0,50,0.0,0.0,2000,20261327
vision_minus_condition,generation,generation_paired,shape-projector-step50,vision,shape-projector-step50,paired_counterfactual_image,spatial,50,0.0,0.0,0.0,0.0,0.0,0,0,50,0.0,0.0,2000,20261328
vision_minus_condition,generation,generation_paired,shape-projector-step50,vision,shape-projector-step50,shuffled_image,spatial,50,0.0,0.0,0.0,0.0,0.0,0,0,50,0.0,0.0,2000,20261329
checkpoint_minus_baseline,generation,generation_paired,shape-projector-step50,vision,step-001500,vision,spatial,50,0.0,0.0,0.0,0.0,0.0,0,0,50,0.0,0.0,2000,20261330
vision_minus_condition,generation,generation_sample,shape-projector-step50,vision,shape-projector-step50,background_matched_aux,spatial,50,16.5,16.5,0.33,0.33,0.0,0,0,50,0.0,0.0,2000,20261331
vision_minus_condition,generation,generation_sample,shape-projector-step50,vision,shape-projector-step50,blind,spatial,50,16.5,0.0,0.33,0.0,0.33,33,0,17,0.26,0.39,2000,20261332
vision_minus_condition,generation,generation_sample,shape-projector-step50,vision,shape-projector-step50,paired_counterfactual_image,spatial,50,16.5,16.5,0.33,0.33,0.0,0,0,50,0.0,0.0,2000,20261333
vision_minus_condition,generation,generation_sample,shape-projector-step50,vision,shape-projector-step50,shuffled_image,spatial,50,16.5,16.5,0.33,0.33,0.0,0,0,50,0.0,0.0,2000,20261334
checkpoint_minus_baseline,generation,generation_sample,shape-projector-step50,vision,step-001500,vision,spatial,50,16.5,11.0,0.33,0.22,0.11,11,0,39,0.06,0.17,2000,20261335
vision_minus_condition,generation,prediction_flip,shape-projector-step50,vision,shape-projector-step50,background_matched_aux,spatial,50,17.0,0.0,0.34,0.0,0.34,17,0,33,0.22,0.48,2000,20261336
vision_minus_condition,generation,prediction_flip,shape-projector-step50,vision,shape-projector-step50,blind,spatial,50,17.0,0.0,0.34,0.0,0.34,17,0,33,0.22,0.48,2000,20261337
vision_minus_condition,generation,prediction_flip,shape-projector-step50,vision,shape-projector-step50,paired_counterfactual_image,spatial,50,17.0,17.0,0.34,0.34,0.0,0,0,50,0.0,0.0,2000,20261338
vision_minus_condition,generation,prediction_flip,shape-projector-step50,vision,shape-projector-step50,shuffled_image,spatial,50,17.0,0.0,0.34,0.0,0.34,17,0,33,0.22,0.46,2000,20261339
checkpoint_minus_baseline,generation,prediction_flip,shape-projector-step50,vision,step-001500,vision,spatial,50,17.0,11.0,0.34,0.22,0.12,17,11,22,-0.08,0.32,2000,20261340
